# head - exported from blender/silhouette.blend by tools/blender_export.py
o head
v 0.00335 0.30936 -0.18630
v -0.00066 0.30118 -0.08053
v -0.00378 0.28639 -0.05865
v -0.00415 0.27137 -0.04122
v -0.00445 0.25397 -0.02493
v -0.00467 0.23451 -0.01006
v -0.00488 0.18364 0.01761
v -0.00475 0.13470 0.03455
v -0.00457 0.09924 0.04410
v -0.00431 0.06452 0.05096
v -0.00397 0.03113 0.05503
v -0.00357 -0.00033 0.05623
v -0.00310 -0.02931 0.05454
v -0.00063 -0.11413 0.01667
v -0.02359 0.18265 0.01493
v -0.00217 -0.07226 0.04492
v -0.00008 -0.08582 0.03918
v 0.00058 0.31745 -0.16099
v -0.00650 0.31582 -0.11966
v -0.00775 0.31191 -0.10558
v -0.01540 0.30350 -0.08875
v -0.02056 0.27115 -0.04443
v -0.02205 0.25386 -0.02831
v -0.02316 0.23451 -0.01354
v -0.02387 0.21342 -0.00037
v -0.02356 0.13151 0.03243
v -0.02264 0.09622 0.04191
v -0.02134 0.06173 0.04876
v -0.01967 0.02865 0.05287
v -0.01767 -0.00246 0.05417
v -0.00865 -0.05713 0.04912
v -0.00634 0.31817 -0.13425
v -0.02126 0.28872 -0.06593
v -0.03897 0.25138 -0.03421
v -0.01778 -0.03029 0.05222
v -0.00886 -0.09770 0.03114
v -0.02826 0.29943 -0.08851
v -0.03991 0.28248 -0.07015
v -0.03633 0.26883 -0.04994
v -0.04175 0.22174 -0.01287
v -0.04224 0.17996 0.00858
v -0.04166 0.12884 0.02613
v -0.04003 0.09365 0.03586
v -0.03772 0.05931 0.04306
v -0.03476 0.02642 0.04761
v -0.03121 -0.00447 0.04945
v -0.02691 -0.05538 0.04418
v -0.00478 -0.10802 0.02319
v -0.00438 -0.11440 0.01600
v -0.03375 -0.04160 0.04387
v -0.01767 -0.08013 0.03871
v -0.00999 0.31798 -0.14962
v -0.02730 0.30926 -0.11313
v -0.03964 0.29666 -0.09509
v -0.05308 0.25705 -0.05069
v -0.05863 0.21765 -0.02258
v -0.05961 0.17580 -0.00127
v -0.05759 0.10686 0.02214
v -0.05296 0.05560 0.03430
v -0.04880 0.02300 0.03954
v -0.04380 -0.00754 0.04220
v -0.02094 0.31552 -0.13542
v -0.05260 0.27871 -0.07910
v -0.06660 0.05071 0.02274
v -0.04981 0.29302 -0.10375
v -0.06674 0.25216 -0.06228
v -0.07373 0.21225 -0.03538
v -0.07518 0.17029 -0.01430
v -0.07243 0.10154 0.00957
v -0.06136 0.01849 0.02889
v -0.05238 -0.02308 0.03374
v -0.03113 -0.08417 0.02920
v -0.01891 -0.10001 0.02572
v -0.00889 -0.11550 0.01342
v -0.06371 0.27396 -0.09036
v -0.04792 -0.05378 0.02943
v -0.01679 -0.11173 0.01500
v -0.01117 -0.11657 0.01092
v -0.03407 0.31014 -0.14115
v -0.04354 0.30344 -0.12694
v -0.05847 0.28860 -0.11423
v -0.07837 0.24624 -0.07632
v -0.08660 0.20569 -0.05089
v -0.08848 0.16360 -0.03013
v -0.08507 0.09509 -0.00566
v -0.07539 0.02799 0.01298
v -0.06468 -0.01649 0.02106
v -0.04114 -0.07049 0.02834
v -0.02515 0.31326 -0.15652
v -0.07288 0.26837 -0.10357
v -0.08429 0.02146 -0.00247
v -0.01840 -0.11263 0.01233
v 0.00000 0.31391 -0.17546
v -0.06536 0.28354 -0.12622
v -0.08763 0.23946 -0.09239
v -0.09684 0.19819 -0.06864
v -0.09909 0.15592 -0.04828
v -0.09513 0.08772 -0.02310
v -0.06880 -0.03310 0.01010
v -0.04085 -0.09013 0.01516
v -0.02668 -0.10379 0.01683
v -0.02621 -0.10846 0.01120
v -0.01976 -0.11381 0.00954
v -0.01292 0.31540 -0.16559
v -0.06007 -0.06270 0.00835
v -0.03375 -0.10339 0.00913
v -0.02718 -0.10955 0.00862
v -0.04266 0.30382 -0.15613
v -0.05454 0.29536 -0.14609
v -0.07026 0.27800 -0.13934
v -0.09422 0.23202 -0.10999
v -0.10414 0.18996 -0.08809
v -0.10668 0.14750 -0.06820
v -0.10230 0.07965 -0.04221
v -0.09064 0.01430 -0.01940
v -0.07776 -0.02824 -0.00672
v -0.05156 -0.07813 0.01025
v -0.04774 -0.08986 0.00407
v -0.03484 -0.10491 0.00594
v -0.03058 0.30867 -0.16739
v -0.08244 0.25939 -0.12637
v -0.04883 -0.09192 -0.00050
v -0.07303 0.27214 -0.15321
v -0.09795 0.22415 -0.12859
v -0.10826 0.18127 -0.10865
v -0.11103 0.13859 -0.08927
v -0.10635 0.07112 -0.06241
v -0.09423 0.00674 -0.03729
v -0.06126 -0.07340 -0.00548
v -0.10154 0.20913 -0.13900
v -0.11036 0.16476 -0.12024
v -0.11175 0.12509 -0.10347
v -0.07129 -0.05711 -0.01400
v -0.06207 -0.07973 -0.02041
v -0.04576 0.29678 -0.17345
v -0.05853 0.28644 -0.16835
v -0.07316 0.26677 -0.16754
v -0.10697 0.06087 -0.08241
v -0.09038 -0.01593 -0.04899
v -0.08090 -0.04019 -0.02898
v -0.01743 0.30998 -0.17918
v -0.08647 0.24537 -0.15906
v -0.09795 0.21213 -0.15704
v -0.10826 0.16794 -0.14016
v -0.11103 0.12431 -0.12305
v -0.09788 0.01041 -0.06617
v -0.07029 -0.06693 -0.03021
v -0.07192 0.26026 -0.18130
v -0.09237 0.20933 -0.17716
v -0.10472 0.05372 -0.10356
v -0.08435 -0.03620 -0.05961
v -0.06067 -0.08475 -0.03228
v -0.03104 0.30327 -0.18189
v -0.09859 0.18758 -0.17049
v -0.10311 0.16490 -0.16274
v -0.10586 0.14168 -0.15403
v -0.10695 0.11458 -0.14237
v -0.10232 0.05439 -0.11879
v -0.09261 -0.00293 -0.08879
v -0.06431 -0.07943 -0.04742
v -0.05834 -0.08839 -0.04088
v -0.04403 0.28916 -0.19081
v -0.05630 0.27655 -0.19057
v -0.06289 0.25621 -0.20156
v -0.08029 0.23440 -0.18893
v -0.10012 0.10976 -0.16216
v -0.09575 0.03767 -0.12393
v -0.07868 -0.04516 -0.07572
v -0.06394 -0.07462 -0.06710
v -0.08763 0.19682 -0.19324
v -0.09684 0.15104 -0.18018
v -0.08983 0.05995 -0.14264
v -0.08582 -0.00989 -0.10703
v -0.05909 -0.08428 -0.05935
v -0.01950 0.30314 -0.19183
v -0.07082 0.23189 -0.20594
v -0.09456 0.11698 -0.17669
v -0.09497 0.09995 -0.16445
v -0.08431 0.02251 -0.12918
v -0.06487 -0.06671 -0.08151
v -0.06036 -0.07707 -0.07306
v -0.02872 0.29456 -0.19889
v -0.08304 0.16686 -0.20423
v -0.08695 0.12971 -0.19494
v -0.08640 0.10638 -0.18072
v -0.07044 0.05862 -0.15420
v -0.07182 -0.04789 -0.09449
v -0.06436 -0.05800 -0.09643
v -0.06053 -0.06918 -0.08751
v -0.03665 0.28250 -0.20655
v -0.04685 0.26803 -0.21069
v -0.04837 0.24442 -0.22415
v -0.06144 0.22497 -0.22007
v -0.07582 0.20030 -0.21071
v -0.07202 0.17312 -0.21772
v -0.07681 0.14304 -0.21052
v -0.07768 0.11395 -0.20160
v -0.06998 0.09846 -0.20025
v -0.07121 0.08062 -0.17008
v -0.07055 -0.00246 -0.13370
v -0.07705 -0.01713 -0.11792
v -0.06602 -0.03606 -0.12119
v -0.05957 -0.06066 -0.10253
v -0.06006 0.19955 -0.22820
v -0.06583 0.15211 -0.21631
v -0.06802 0.12957 -0.21097
v -0.07085 0.10609 -0.20544
v -0.06627 0.06771 -0.16679
v -0.06521 0.05082 -0.15800
v -0.06243 -0.00626 -0.14488
v -0.06178 -0.02394 -0.13639
v -0.05973 -0.03846 -0.12706
v -0.05193 0.21640 -0.23150
v -0.06202 0.18346 -0.22757
v -0.06232 0.16831 -0.22264
v -0.05472 0.14530 -0.21116
v -0.06523 0.10776 -0.20847
v -0.06315 0.08680 -0.20245
v -0.05936 0.06478 -0.19046
v -0.05869 0.01953 -0.16281
v -0.05682 -0.01168 -0.15137
v -0.00890 0.30744 -0.18898
v -0.04804 0.19968 -0.24770
v -0.05710 0.17893 -0.23083
v -0.04965 0.12322 -0.20494
v -0.04980 0.11205 -0.20647
v -0.05937 0.09362 -0.20902
v -0.05625 0.07841 -0.20797
v -0.05117 -0.00056 -0.16678
v -0.05011 -0.01567 -0.15704
v -0.01390 0.29357 -0.20784
v -0.02486 0.27741 -0.21855
v -0.03175 0.26154 -0.22601
v -0.03969 0.22576 -0.23663
v -0.05241 0.16649 -0.22458
v -0.03329 0.14036 -0.20209
v -0.03302 0.13336 -0.19823
v -0.03411 0.12555 -0.19911
v -0.04431 0.09199 -0.21293
v -0.04488 0.04303 -0.19951
v -0.04447 -0.00170 -0.17240
v -0.03987 -0.00818 -0.15852
v -0.03797 0.20643 -0.25025
v -0.03972 0.18363 -0.24744
v -0.02687 0.16208 -0.23351
v -0.02791 0.12991 -0.20162
v -0.03205 0.10438 -0.21325
v -0.04298 0.07360 -0.21462
v -0.03789 0.05902 -0.21118
v -0.03749 0.04240 -0.20269
v -0.02686 0.05785 -0.17118
v -0.02094 0.06607 -0.15347
v -0.01771 0.06182 -0.13768
v -0.02714 0.24098 -0.23773
v -0.03224 0.22144 -0.24221
v -0.03834 0.19631 -0.25315
v -0.01912 0.16041 -0.23992
v -0.02769 0.14067 -0.20758
v -0.02530 0.10705 -0.22030
v -0.03328 0.08626 -0.21976
v -0.02885 0.07221 -0.22140
v -0.02688 0.07172 -0.19308
v -0.00645 0.10189 -0.12502
v -0.00293 -0.08224 -0.02898
v 0.00524 -0.04186 -0.02155
v 0.00608 -0.09677 -0.03988
v 0.00868 -0.08337 -0.03096
v 0.00830 -0.06494 -0.02472
v 0.01269 -0.00773 -0.02706
v -0.01530 0.26192 -0.23209
v -0.01919 0.21013 -0.24800
v -0.01487 0.19013 -0.25062
v -0.02242 0.17861 -0.24852
v -0.01896 0.16934 -0.24552
v -0.01602 0.13402 -0.23355
v -0.01789 0.10883 -0.23132
v -0.01894 0.09523 -0.23080
v -0.01938 0.08275 -0.22874
v -0.01180 0.09579 -0.17824
v -0.00920 0.10097 -0.14263
v -0.00232 0.11737 -0.11750
v 0.01247 0.04427 -0.04521
v 0.01199 0.07738 -0.06616
v 0.00524 0.09566 -0.07970
v 0.00879 0.11587 -0.11521
v 0.00745 0.11575 -0.13084
v 0.01952 -0.06795 -0.03087
v 0.02443 -0.01019 -0.03269
v 0.02495 0.04188 -0.05089
v 0.02813 0.07444 -0.07537
v 0.02441 0.09300 -0.09003
v -0.00731 0.27448 -0.22585
v -0.00892 0.23411 -0.24437
v -0.00915 0.16500 -0.25062
v -0.01099 0.10695 -0.23816
v -0.00946 0.09483 -0.23159
v -0.00601 0.10200 -0.18321
v -0.00173 0.11936 -0.12162
v 0.01237 0.10906 -0.09997
v 0.01782 -0.08681 -0.03912
v 0.02441 -0.04742 -0.03066
v 0.03450 -0.01400 -0.04162
v 0.03572 0.03799 -0.06011
v 0.02555 0.10411 -0.11164
v -0.00060 0.10748 -0.24021
v 0.00001 0.09650 -0.22850
v 0.01159 -0.10091 -0.04950
v 0.02968 -0.07439 -0.04613
v 0.03720 -0.05550 -0.04978
v 0.04221 -0.01892 -0.05327
v 0.04407 0.03288 -0.07223
v 0.04294 0.06510 -0.09744
v 0.03720 0.08491 -0.10915
v 0.01791 0.11239 -0.12343
v 0.02198 -0.09220 -0.05132
v -0.00489 0.28885 -0.21443
v -0.00000 0.20719 -0.25038
v 0.00300 0.18208 -0.25180
v 0.00116 0.14768 -0.24977
v 0.00947 0.13583 -0.24712
v 0.00964 0.10568 -0.23883
v 0.00946 0.09483 -0.23159
v 0.00729 0.10030 -0.19072
v 0.00006 0.11833 -0.12662
v 0.00000 0.12731 -0.11147
v 0.04706 -0.02462 -0.06683
v 0.04941 0.02688 -0.08642
v 0.03161 0.09704 -0.12958
v 0.02209 0.10733 -0.13566
v 0.03144 -0.08305 -0.06483
v 0.03941 -0.06690 -0.07311
v 0.04833 -0.03269 -0.08044
v 0.00259 0.25655 -0.23652
v 0.00620 0.22796 -0.24627
v 0.01734 0.12378 -0.23624
v 0.01809 0.10788 -0.22987
v 0.01854 0.09605 -0.22820
v 0.01906 0.08358 -0.22678
v 0.01178 0.09583 -0.17815
v 0.00232 0.11737 -0.11750
v 0.05141 0.00717 -0.09729
v 0.04833 0.04703 -0.11415
v 0.03941 0.07612 -0.13357
v 0.01158 0.11058 -0.14310
v 0.02073 -0.09755 -0.06453
v 0.04294 -0.05077 -0.09714
v 0.04941 -0.01254 -0.10817
v 0.04706 0.03896 -0.12776
v -0.00176 0.30056 -0.20112
v 0.00894 0.24236 -0.24175
v 0.01980 0.20875 -0.24814
v 0.01561 0.18800 -0.25082
v 0.02221 0.16476 -0.24889
v 0.02368 0.15669 -0.24517
v 0.02313 0.14051 -0.23497
v 0.02667 0.08760 -0.21728
v 0.02806 0.07391 -0.21827
v 0.01963 0.08404 -0.18157
v 0.01512 0.09038 -0.16247
v 0.00235 0.11723 -0.12443
v 0.00645 0.10189 -0.12502
v 0.02977 0.08857 -0.14840
v 0.02080 0.10172 -0.14867
v 0.02547 -0.08992 -0.08285
v 0.03188 -0.07504 -0.09600
v 0.04407 -0.01854 -0.12236
v 0.04221 0.03326 -0.14132
v 0.03188 0.06537 -0.15536
v 0.00851 0.27428 -0.22580
v 0.02392 0.24034 -0.23892
v 0.02751 0.21948 -0.24408
v 0.03517 0.19830 -0.25379
v 0.03577 0.18342 -0.25459
v 0.03058 0.15346 -0.23855
v 0.02897 0.11484 -0.20112
v 0.03014 0.10423 -0.20412
v 0.03581 0.07725 -0.21143
v 0.03751 0.05986 -0.21017
v 0.03749 0.04240 -0.20269
v 0.02686 0.05785 -0.17118
v 0.02094 0.06607 -0.15347
v 0.01771 0.06182 -0.13768
v 0.01370 -0.10206 -0.07518
v 0.03450 -0.04751 -0.12089
v 0.03572 0.00197 -0.14531
v 0.02813 0.03831 -0.16082
v 0.01960 0.08211 -0.16369
v 0.01381 0.09719 -0.15938
v 0.00451 0.10597 -0.15397
v 0.00911 0.28947 -0.21310
v 0.04182 0.19993 -0.25267
v 0.04451 0.18583 -0.25352
v 0.04155 0.17266 -0.25091
v 0.03033 0.12540 -0.20232
v 0.03388 0.12515 -0.19944
v 0.03688 0.10651 -0.19860
v 0.04392 0.07930 -0.20681
v 0.04499 0.04283 -0.19911
v 0.04447 -0.00170 -0.17240
v 0.03987 -0.00818 -0.15852
v 0.01230 -0.09485 -0.09448
v 0.01533 -0.08120 -0.11055
v 0.02443 -0.05127 -0.12986
v 0.02495 -0.00193 -0.15452
v 0.01533 0.05923 -0.16992
v 0.00591 -0.10682 -0.06328
v 0.01199 -0.06304 -0.12843
v 0.01022 0.29876 -0.20219
v 0.02264 0.25931 -0.23127
v 0.03567 0.22452 -0.23914
v 0.04755 0.20117 -0.24774
v 0.05447 0.17494 -0.24128
v 0.05102 0.15992 -0.23335
v 0.03462 0.11871 -0.19611
v 0.04845 0.10215 -0.20160
v 0.05399 0.06456 -0.20136
v 0.05226 0.03540 -0.18687
v 0.05137 -0.00036 -0.16634
v 0.05011 -0.01567 -0.15704
v 0.01247 -0.02994 -0.14938
v 0.01269 0.02207 -0.16752
v 0.00419 0.07833 -0.17122
v 0.00293 0.09475 -0.16479
v 0.00293 -0.10413 -0.08074
v 0.00000 -0.09566 -0.09739
v 0.00000 -0.07311 -0.12323
v 0.00000 -0.03064 -0.15100
v 0.04400 0.22183 -0.23593
v 0.05201 0.18713 -0.24677
v 0.05921 0.16232 -0.22938
v 0.05701 0.15403 -0.22505
v 0.05530 0.14473 -0.21860
v 0.05902 0.12137 -0.20818
v 0.05909 0.10536 -0.20508
v 0.06080 0.09352 -0.20326
v 0.05904 0.08505 -0.20298
v 0.05806 0.04560 -0.17903
v 0.05682 -0.01168 -0.15137
v 0.00000 0.01887 -0.16891
v -0.00000 0.05711 -0.17305
v -0.00743 -0.10610 -0.06181
v -0.00868 -0.10349 -0.07856
v -0.01534 -0.08120 -0.11055
v -0.01199 -0.06304 -0.12843
v -0.01247 -0.02994 -0.14938
v -0.01269 0.02207 -0.16752
v -0.00830 0.07927 -0.16987
v 0.02338 0.27724 -0.21940
v 0.04087 0.23892 -0.23166
v 0.06361 0.17842 -0.22691
v 0.06739 0.15172 -0.22073
v 0.06988 0.10897 -0.20604
v 0.06936 0.09547 -0.19864
v 0.06251 0.08114 -0.19672
v 0.05954 0.01259 -0.15833
v 0.06243 -0.00626 -0.14488
v 0.06178 -0.02394 -0.13639
v 0.05973 -0.03846 -0.12706
v -0.01155 0.09642 -0.16147
v -0.01019 0.10873 -0.14834
v -0.01230 -0.09485 -0.09448
v -0.02443 -0.05127 -0.12986
v -0.02495 -0.00193 -0.15452
v -0.02316 0.03600 -0.16401
v -0.01533 0.05923 -0.16992
v 0.01987 0.29166 -0.20737
v 0.05780 0.20941 -0.22817
v 0.07405 0.16093 -0.21574
v 0.07899 0.11644 -0.20159
v 0.06552 0.05747 -0.15998
v 0.05957 -0.06066 -0.10253
v -0.01782 -0.10004 -0.07040
v -0.02547 -0.08992 -0.08285
v -0.03275 -0.05719 -0.11460
v -0.03572 -0.02366 -0.13448
v -0.03450 0.02834 -0.15296
v -0.03188 0.06537 -0.15536
v -0.01960 0.08211 -0.16369
v 0.03990 0.26448 -0.21908
v 0.08059 0.10356 -0.18600
v 0.07122 0.08059 -0.17004
v 0.07055 -0.00246 -0.13370
v 0.06436 -0.05800 -0.09643
v 0.06053 -0.06918 -0.08751
v -0.03188 -0.07504 -0.09600
v -0.04407 -0.01854 -0.12236
v -0.04221 0.03326 -0.14132
v 0.05334 0.24680 -0.21860
v 0.06942 0.21416 -0.21488
v 0.08035 0.17943 -0.20794
v 0.08696 0.12972 -0.19491
v 0.09173 0.09757 -0.16561
v 0.07044 0.05862 -0.15420
v 0.06602 -0.03606 -0.12119
v 0.06036 -0.07707 -0.07306
v -0.02977 0.08857 -0.14840
v -0.01159 -0.10091 -0.04950
v -0.02198 -0.09504 -0.05804
v -0.03144 -0.08305 -0.06483
v -0.03941 -0.06690 -0.07311
v -0.04294 -0.05077 -0.09714
v 0.03549 0.28210 -0.20792
v 0.09417 0.11423 -0.17628
v 0.08983 0.05994 -0.14264
v 0.08431 0.02251 -0.12918
v 0.07705 -0.01713 -0.11792
v 0.07182 -0.04789 -0.09449
v 0.06487 -0.06671 -0.08151
v 0.05909 -0.08428 -0.05935
v -0.04941 -0.01254 -0.10817
v -0.04706 0.03896 -0.12776
v -0.03941 0.07612 -0.13357
v -0.02080 0.10172 -0.14867
v 0.02745 0.29557 -0.19814
v 0.06129 0.25464 -0.20462
v 0.08763 0.19682 -0.19324
v 0.09684 0.15103 -0.18018
v 0.10012 0.10976 -0.16216
v 0.09575 0.03767 -0.12393
v 0.08582 -0.00989 -0.10703
v 0.06394 -0.07462 -0.06710
v -0.04833 -0.03269 -0.08044
v -0.05141 0.00717 -0.09729
v -0.04833 0.04703 -0.11415
v -0.03161 0.09704 -0.12958
v 0.05237 0.27210 -0.20109
v 0.07355 0.23433 -0.20094
v 0.09859 0.18758 -0.17049
v 0.10232 0.05193 -0.11675
v 0.09261 -0.00293 -0.08879
v 0.07868 -0.04516 -0.07572
v 0.05834 -0.08839 -0.04088
v -0.02209 0.10733 -0.13566
v -0.02073 -0.08929 -0.04500
v -0.02968 -0.07439 -0.04613
v -0.03720 -0.05550 -0.04978
v -0.04706 -0.02462 -0.06683
v 0.08455 0.22977 -0.18262
v 0.09237 0.20933 -0.17716
v 0.10311 0.16490 -0.16274
v 0.10586 0.14168 -0.15403
v 0.10695 0.11458 -0.14237
v 0.06431 -0.07943 -0.04742
v -0.04941 0.02688 -0.08642
v -0.04294 0.06510 -0.09744
v -0.03720 0.08491 -0.10915
v 0.01436 0.30456 -0.19236
v 0.04083 0.29262 -0.19004
v 0.05981 0.27409 -0.18793
v 0.07287 0.25323 -0.18757
v 0.10570 0.05570 -0.09861
v 0.08435 -0.03620 -0.05961
v 0.06067 -0.08476 -0.03228
v -0.04221 -0.01892 -0.05327
v -0.04407 0.03288 -0.07223
v 0.09795 0.21213 -0.15704
v 0.10826 0.16794 -0.14016
v 0.11103 0.12431 -0.12305
v 0.07029 -0.06693 -0.03021
v 0.06207 -0.07973 -0.02042
v -0.02555 0.10411 -0.11164
v -0.01791 0.11239 -0.12343
v -0.00593 0.11645 -0.12938
v -0.01370 -0.08479 -0.03434
v -0.01952 -0.06795 -0.03087
v -0.02441 -0.04742 -0.03066
v 0.10154 0.20913 -0.13900
v 0.11036 0.16476 -0.12024
v 0.11175 0.12509 -0.10347
v 0.10868 0.07767 -0.08961
v 0.09788 0.01042 -0.06617
v 0.09038 -0.01593 -0.04899
v -0.03450 -0.01400 -0.04162
v -0.03572 0.03799 -0.06011
v -0.03275 0.07153 -0.07998
v -0.02441 0.09300 -0.09003
v 0.04569 0.29611 -0.17532
v 0.07182 0.26876 -0.16831
v 0.08647 0.24537 -0.15906
v 0.10826 0.18127 -0.10865
v 0.10432 0.04884 -0.06529
v -0.02316 -0.02167 -0.03057
v -0.02495 0.01627 -0.04007
v 0.03159 0.30399 -0.17982
v 0.05853 0.28644 -0.16835
v 0.08030 0.26281 -0.14270
v 0.09795 0.22415 -0.12859
v 0.11103 0.13859 -0.08927
v 0.10804 0.08844 -0.06944
v 0.09423 0.00674 -0.03729
v 0.08090 -0.04019 -0.02898
v 0.06126 -0.07340 -0.00548
v 0.04883 -0.09192 -0.00050
v -0.02443 0.06560 -0.06473
v -0.01237 0.10906 -0.09997
v -0.00585 0.11650 -0.11339
v 0.07129 -0.05711 -0.01401
v 0.04774 -0.08986 0.00407
v 0.03484 -0.10491 0.00594
v -0.00449 -0.09628 -0.03862
v -0.00419 -0.06392 -0.02337
v -0.01040 -0.04344 -0.02312
v 0.09422 0.23202 -0.10999
v 0.10414 0.18996 -0.08809
v 0.10668 0.14750 -0.06820
v 0.10366 0.07755 -0.04697
v 0.09064 0.01430 -0.01940
v 0.07776 -0.02824 -0.00672
v 0.03375 -0.10339 0.00913
v 0.02718 -0.10955 0.00862
v -0.01269 -0.00773 -0.02706
v 0.01743 0.30998 -0.17918
v 0.04324 0.30314 -0.15792
v 0.06899 0.27981 -0.14060
v 0.09672 0.06717 -0.02675
v 0.02621 -0.10846 0.01120
v 0.01976 -0.11381 0.00954
v -0.01247 0.04427 -0.04521
v 0.02929 0.31023 -0.16355
v 0.05454 0.29536 -0.14609
v 0.06776 0.28004 -0.12307
v 0.08763 0.23946 -0.09239
v 0.09684 0.19819 -0.06864
v 0.09909 0.15592 -0.04828
v 0.09664 0.10531 -0.02950
v 0.08429 0.02146 -0.00247
v 0.06007 -0.06270 0.00835
v 0.05156 -0.07813 0.01025
v -0.01141 0.08843 -0.07461
v 0.07665 0.26591 -0.11096
v 0.08642 0.11280 -0.01179
v 0.08828 0.07474 -0.00885
v 0.06880 -0.03311 0.01010
v 0.04085 -0.09013 0.01516
v 0.01840 -0.11263 0.01233
v 0.05740 0.29022 -0.11592
v 0.07837 0.24624 -0.07632
v 0.08660 0.20569 -0.05089
v 0.08848 0.16359 -0.03013
v 0.07539 0.02799 0.01298
v 0.06468 -0.01649 0.02106
v 0.01117 -0.11657 0.01092
v -0.00000 -0.10437 -0.05014
v 0.03516 0.30960 -0.14261
v 0.06371 0.27396 -0.09036
v 0.07716 0.08150 0.00716
v 0.02668 -0.10379 0.01683
v 0.02275 0.31452 -0.15339
v 0.04354 0.30344 -0.12695
v 0.05162 0.28987 -0.09979
v 0.06674 0.25216 -0.06228
v 0.07373 0.21225 -0.03538
v 0.07518 0.17029 -0.01430
v 0.07357 0.11934 0.00369
v 0.06660 0.05071 0.02274
v 0.06136 0.01849 0.02889
v 0.04792 -0.05378 0.02943
v 0.04114 -0.07049 0.02834
v 0.05260 0.27871 -0.07910
v 0.05850 0.12474 0.01646
v 0.06369 0.08726 0.02078
v 0.05238 -0.02308 0.03374
v 0.03113 -0.08417 0.02920
v -0.00000 -0.01864 -0.02342
v 0.05308 0.25705 -0.05068
v 0.05863 0.21765 -0.02258
v 0.05961 0.17580 -0.00127
v 0.05296 0.05560 0.03430
v 0.04880 0.02300 0.03954
v 0.04380 -0.00754 0.04220
v 0.01679 -0.11173 0.01500
v 0.00889 -0.11550 0.01342
v 0.02284 0.31437 -0.13129
v 0.03889 0.29813 -0.09713
v 0.03991 0.28248 -0.07015
v 0.04830 0.09184 0.03160
v 0.01891 -0.10001 0.02572
v -0.00000 0.01936 -0.03275
v 0.01356 0.31449 -0.16854
v 0.01189 0.31714 -0.15539
v 0.02730 0.30926 -0.11313
v 0.02926 0.29652 -0.08401
v 0.03633 0.26883 -0.04994
v 0.03897 0.25138 -0.03421
v 0.04175 0.22174 -0.01287
v 0.04224 0.17996 0.00858
v 0.04166 0.12884 0.02613
v 0.03772 0.05932 0.04306
v 0.03476 0.02642 0.04761
v 0.03121 -0.00446 0.04945
v 0.02809 -0.02681 0.04917
v 0.03001 -0.04734 0.04461
v 0.02482 -0.06860 0.04053
v 0.00558 -0.11464 0.01546
v 0.02600 0.28517 -0.06378
v 0.02387 0.21342 -0.00037
v 0.03146 0.09511 0.03931
v 0.00000 0.06670 -0.05580
v 0.00823 0.31849 -0.14283
v 0.02056 0.27115 -0.04443
v 0.02205 0.25387 -0.02831
v 0.02316 0.23451 -0.01354
v 0.02359 0.18265 0.01493
v 0.02356 0.13151 0.03243
v 0.02134 0.06174 0.04876
v 0.01967 0.02866 0.05287
v -0.00000 0.11000 -0.09720
v 0.00921 0.31681 -0.12625
v 0.01032 0.31184 -0.10670
v 0.01572 0.30261 -0.08647
v 0.01131 0.28669 -0.06017
v 0.00867 0.26399 -0.03406
v 0.00953 0.22534 -0.00425
v 0.00889 0.18360 0.01720
v 0.01246 0.11156 0.04056
v 0.00833 0.04527 0.05354
v 0.01316 -0.00853 0.05520
v 0.01120 -0.06836 0.04526
v 0.01232 -0.08987 0.03542
v 0.00493 -0.10485 0.02628
v 0.00253 -0.11421 0.01647
v -0.00481 0.21332 0.00312
v 0.00948 -0.04484 0.05178
v -0.00000 0.11312 -0.14209
vt 0.9700 0.5000
vt 0.5019 0.5000
vt 0.1812 0.5000
vt 0.9700 0.5000
vt 0.6299 0.5000
vt 0.0300 0.5000
vt 0.6102 0.5000
vt 0.0300 0.5000
vt 0.8619 0.5000
vt 0.5018 0.5000
vt 0.1932 0.5000
vt 0.0300 0.5000
vt 0.2706 0.5000
vt 0.0300 0.5000
vt 0.6211 0.5000
vt 0.6211 0.5000
vt 0.0300 0.5000
vt 0.5105 0.5000
vt 0.5054 0.5000
vt 0.1812 0.5000
vt 0.0300 0.5000
vt 0.1510 0.5000
vt 0.0300 0.5000
vt 0.2699 0.5000
vt 0.0300 0.5000
vt 0.0300 0.5000
vt 0.0300 0.5000
vt 0.0300 0.5000
vt 0.0300 0.5000
vt 0.0300 0.5000
vt 0.0300 0.5000
vt 0.0300 0.5000
vt 0.0300 0.5000
vt 0.2142 0.5000
vt 0.0300 0.5000
vt 0.6102 0.5000
vt 0.0300 0.5000
vt 0.0300 0.5000
vt 0.1510 0.5000
vt 0.0300 0.5000
vt 0.0300 0.5000
vt 0.0300 0.5000
vt 0.0300 0.5000
vt 0.0300 0.5000
vt 0.0300 0.5000
vt 0.0300 0.5000
vt 0.0300 0.5000
vt 0.0300 0.5000
vt 0.0300 0.5000
vt 0.0300 0.5000
vt 0.0300 0.5000
vt 0.0300 0.5000
vt 0.0300 0.5000
vt 0.0300 0.5000
vt 0.1932 0.5000
vt 0.0300 0.5000
vt 0.0300 0.5000
vt 0.0300 0.5000
vt 0.0300 0.5000
vt 0.0300 0.5000
vt 0.0300 0.5000
vt 0.0300 0.5000
vt 0.0300 0.5000
vt 0.0300 0.5000
vt 0.0300 0.5000
vt 0.0300 0.5000
vt 0.0300 0.5000
vt 0.0300 0.5000
vt 0.0300 0.5000
vt 0.0300 0.5000
vt 0.0300 0.5000
vt 0.0300 0.5000
vt 0.0300 0.5000
vt 0.0300 0.5000
vt 0.0300 0.5000
vt 0.0300 0.5000
vt 0.0300 0.5000
vt 0.0300 0.5000
vt 0.0300 0.5000
vt 0.0300 0.5000
vt 0.0300 0.5000
vt 0.0300 0.5000
vt 0.0300 0.5000
vt 0.0300 0.5000
vt 0.0300 0.5000
vt 0.0300 0.5000
vt 0.0300 0.5000
vt 0.0300 0.5000
vt 0.0300 0.5000
vt 0.0300 0.5000
vt 0.0300 0.5000
vt 0.0300 0.5000
vt 0.0300 0.5000
vt 0.0300 0.5000
vt 0.0300 0.5000
vt 0.0300 0.5000
vt 0.0300 0.5000
vt 0.0300 0.5000
vt 0.0300 0.5000
vt 0.0300 0.5000
vt 0.0300 0.5000
vt 0.0300 0.5000
vt 0.0300 0.5000
vt 0.0300 0.5000
vt 0.0300 0.5000
vt 0.0300 0.5000
vt 0.0300 0.5000
vt 0.0300 0.5000
vt 0.0300 0.5000
vt 0.0300 0.5000
vt 0.0300 0.5000
vt 0.0300 0.5000
vt 0.0300 0.5000
vt 0.0300 0.5000
vt 0.0300 0.5000
vt 0.0300 0.5000
vt 0.0300 0.5000
vt 0.0300 0.5000
vt 0.0300 0.5000
vt 0.0300 0.5000
vt 0.2142 0.5000
vt 0.0300 0.5000
vt 0.0300 0.5000
vt 0.0300 0.5000
vt 0.0300 0.5000
vt 0.0300 0.5000
vt 0.0300 0.5000
vt 0.0300 0.5000
vt 0.0300 0.5000
vt 0.0300 0.5000
vt 0.0300 0.5000
vt 0.0300 0.5000
vt 0.0300 0.5000
vt 0.0300 0.5000
vt 0.0300 0.5000
vt 0.0300 0.5000
vt 0.0300 0.5000
vt 0.0300 0.5000
vt 0.0300 0.5000
vt 0.0300 0.5000
vt 0.0300 0.5000
vt 0.0300 0.5000
vt 0.0300 0.5000
vt 0.0300 0.5000
vt 0.2142 0.5000
vt 0.0300 0.5000
vt 0.0300 0.5000
vt 0.0300 0.5000
vt 0.0300 0.5000
vt 0.0300 0.5000
vt 0.0300 0.5000
vt 0.0300 0.5000
vt 0.0300 0.5000
vt 0.0300 0.5000
vt 0.0300 0.5000
vt 0.0300 0.5000
vt 0.0300 0.5000
vt 0.0300 0.5000
vt 0.0300 0.5000
vt 0.0300 0.5000
vt 0.0300 0.5000
vt 0.0300 0.5000
vt 0.0300 0.5000
vt 0.0300 0.5000
vt 0.0300 0.5000
vt 0.0300 0.5000
vt 0.0300 0.5000
vt 0.0300 0.5000
vt 0.0300 0.5000
vt 0.0300 0.5000
vt 0.0300 0.5000
vt 0.0300 0.5000
vt 0.0300 0.5000
vt 0.0300 0.5000
vt 0.0300 0.5000
vt 0.0300 0.5000
vt 0.0300 0.5000
vt 0.0300 0.5000
vt 0.0300 0.5000
vt 0.0300 0.5000
vt 0.0300 0.5000
vt 0.0300 0.5000
vt 0.0300 0.5000
vt 0.0300 0.5000
vt 0.0300 0.5000
vt 0.0300 0.5000
vt 0.0300 0.5000
vt 0.0300 0.5000
vt 0.0300 0.5000
vt 0.0300 0.5000
vt 0.0300 0.5000
vt 0.0300 0.5000
vt 0.0300 0.5000
vt 0.0300 0.5000
vt 0.0300 0.5000
vt 0.0300 0.5000
vt 0.0300 0.5000
vt 0.0300 0.5000
vt 0.0300 0.5000
vt 0.0300 0.5000
vt 0.0300 0.5000
vt 0.0300 0.5000
vt 0.0300 0.5000
vt 0.0300 0.5000
vt 0.0300 0.5000
vt 0.0300 0.5000
vt 0.0300 0.5000
vt 0.0300 0.5000
vt 0.0300 0.5000
vt 0.0300 0.5000
vt 0.0300 0.5000
vt 0.0300 0.5000
vt 0.0300 0.5000
vt 0.0300 0.5000
vt 0.0300 0.5000
vt 0.0300 0.5000
vt 0.0300 0.5000
vt 0.0300 0.5000
vt 0.0300 0.5000
vt 0.0300 0.5000
vt 0.0300 0.5000
vt 0.0300 0.5000
vt 0.0300 0.5000
vt 0.0300 0.5000
vt 0.0300 0.5000
vt 0.0300 0.5000
vt 0.0300 0.5000
vt 0.0300 0.5000
vt 0.0300 0.5000
vt 0.0300 0.5000
vt 0.0300 0.5000
vt 0.0300 0.5000
vt 0.0300 0.5000
vt 0.0300 0.5000
vt 0.0300 0.5000
vt 0.0300 0.5000
vt 0.0300 0.5000
vt 0.0300 0.5000
vt 0.0300 0.5000
vt 0.0300 0.5000
vt 0.0300 0.5000
vt 0.0300 0.5000
vt 0.0300 0.5000
vt 0.0300 0.5000
vt 0.0300 0.5000
vt 0.0300 0.5000
vt 0.0300 0.5000
vt 0.0300 0.5000
vt 0.0300 0.5000
vt 0.0300 0.5000
vt 0.0300 0.5000
vt 0.0300 0.5000
vt 0.0300 0.5000
vt 0.0300 0.5000
vt 0.0300 0.5000
vt 0.0300 0.5000
vt 0.0300 0.5000
vt 0.0300 0.5000
vt 0.0300 0.5000
vt 0.0300 0.5000
vt 0.0300 0.5000
vt 0.0300 0.5000
vt 0.0300 0.5000
vt 0.0300 0.5000
vt 0.0300 0.5000
vt 0.0300 0.5000
vt 0.0300 0.5000
vt 0.0300 0.5000
vt 0.0300 0.5000
vt 0.0300 0.5000
vt 0.0300 0.5000
vt 0.0300 0.5000
vt 0.0303 0.5000
vt 0.0300 0.5000
vt 0.0300 0.5000
vt 0.0300 0.5000
vt 0.0300 0.5000
vt 0.0300 0.5000
vt 0.0300 0.5000
vt 0.0300 0.5000
vt 0.0303 0.5000
vt 0.0300 0.5000
vt 0.0300 0.5000
vt 0.0300 0.5000
vt 0.0300 0.5000
vt 0.0300 0.5000
vt 0.0300 0.5000
vt 0.0300 0.5000
vt 0.0300 0.5000
vt 0.0300 0.5000
vt 0.0300 0.5000
vt 0.0300 0.5000
vt 0.0300 0.5000
vt 0.0565 0.5000
vt 0.0300 0.5000
vt 0.0300 0.5000
vt 0.0300 0.5000
vt 0.0300 0.5000
vt 0.0565 0.5000
vt 0.1410 0.5000
vt 0.0300 0.5000
vt 0.0300 0.5000
vt 0.0300 0.5000
vt 0.0303 0.5000
vt 0.1898 0.5000
vt 0.1708 0.5000
vt 0.0300 0.5000
vt 0.1690 0.5000
vt 0.0417 0.5000
vt 0.0300 0.5000
vt 0.0300 0.5000
vt 0.0300 0.5000
vt 0.0300 0.5000
vt 0.0300 0.5000
vt 0.0300 0.5000
vt 0.0300 0.5000
vt 0.0445 0.5000
vt 0.0300 0.5000
vt 0.0300 0.5000
vt 0.0300 0.5000
vt 0.0300 0.5000
vt 0.1898 0.5000
vt 0.1410 0.5000
vt 0.5448 0.5000
vt 0.5448 0.5000
vt 0.9700 0.5000
vt 0.9698 0.5000
vt 0.0300 0.5000
vt 0.0300 0.5000
vt 0.0300 0.5000
vt 0.0300 0.5000
vt 0.1084 0.5000
vt 0.0398 0.5000
vt 0.0300 0.5000
vt 0.0300 0.5000
vt 0.0300 0.5000
vt 0.0300 0.5000
vt 0.0398 0.5000
vt 0.0300 0.5000
vt 0.0300 0.5000
vt 0.0300 0.5000
vt 0.0445 0.5000
vt 0.0445 0.5000
vt 0.2232 0.5000
vt 0.0565 0.5000
vt 0.0445 0.5000
vt 0.0300 0.5000
vt 0.0664 0.5000
vt 0.0300 0.5000
vt 0.0300 0.5000
vt 0.0300 0.5000
vt 0.9698 0.5000
vt 0.9700 0.5000
vt 0.6967 0.5000
vt 0.6967 0.5000
vt 0.9700 0.5000
vt 0.5661 0.5000
vt 0.5661 0.5000
vt 0.3048 0.5000
vt 0.1084 0.5000
vt 0.0398 0.5000
vt 0.0605 0.5000
vt 0.0300 0.5000
vt 0.0300 0.5000
vt 0.0300 0.5000
vt 0.0300 0.5000
vt 0.0300 0.5000
vt 0.0605 0.5000
vt 0.0300 0.5000
vt 0.0300 0.5000
vt 0.8974 0.5000
vt 0.9700 0.5000
vt 0.5084 0.5000
vt 0.2618 0.5000
vt 0.5875 0.5000
vt 0.0300 0.5000
vt 0.0300 0.5000
vt 0.0300 0.5000
vt 0.0300 0.5000
vt 0.0300 0.5000
vt 0.0300 0.5000
vt 0.9700 0.5000
vt 0.9700 0.5000
vt 0.5829 0.5000
vt 0.3048 0.5000
vt 0.5829 0.5000
vt 0.1935 0.5000
vt 0.5829 0.5000
vt 0.9700 0.5000
vt 0.4881 0.5000
vt 0.0605 0.5000
vt 0.1935 0.5000
vt 0.0312 0.5000
vt 0.2618 0.5000
vt 0.0664 0.5000
vt 0.1193 0.5000
vt 0.9700 0.5000
vt 0.9700 0.5000
vt 0.9700 0.5000
vt 0.9700 0.5000
vt 0.4027 0.5000
vt 0.9700 0.5000
vt 0.2925 0.5000
vt 0.4027 0.5000
vt 0.9700 0.5000
vt 0.9700 0.5000
vt 0.4027 0.5000
vt 0.2574 0.5000
vt 0.4881 0.5000
vt 0.2574 0.5000
vt 0.1187 0.5000
vt 0.0300 0.5000
vt 0.0300 0.5000
vt 0.0300 0.5000
vt 0.0312 0.5000
vt 0.0360 0.5000
vt 0.8344 0.5000
vt 0.0664 0.5000
vt 0.0300 0.5000
vt 0.0300 0.5000
vt 0.9700 0.5000
vt 0.9700 0.5000
vt 0.9700 0.5000
vt 0.1193 0.5000
vt 0.0300 0.5000
vt 0.0415 0.5000
vt 0.1193 0.5000
vt 0.0415 0.5000
vt 0.1799 0.5000
vt 0.1799 0.5000
vt 0.0415 0.5000
vt 0.2925 0.5000
vt 0.0300 0.5000
vt 0.0300 0.5000
vt 0.0300 0.5000
vt 0.2925 0.5000
vt 0.0415 0.5000
vt 0.4027 0.5000
vt 0.0300 0.5000
vt 0.0300 0.5000
vt 0.0300 0.5000
vt 0.0300 0.5000
vt 0.9700 0.5000
vt 0.2601 0.5000
vt 0.0300 0.5000
vt 0.9700 0.5000
vt 0.0300 0.5000
vt 0.0300 0.5000
vt 0.9700 0.5000
vt 0.9700 0.5000
vt 0.0300 0.5000
vt 0.0300 0.5000
vt 0.0300 0.5000
vt 0.0300 0.5000
vt 0.0300 0.5000
vt 0.0300 0.5000
vt 0.9700 0.5000
vt 0.9700 0.5000
vt 0.9700 0.5000
vt 0.0300 0.5000
vt 0.0300 0.5000
vt 0.9700 0.5000
vt 0.0300 0.5000
vt 0.0300 0.5000
vt 0.0300 0.5000
vt 0.9700 0.5000
vt 0.9700 0.5000
vt 0.9700 0.5000
vt 0.0415 0.5000
vt 0.0300 0.5000
vt 0.0300 0.5000
vt 0.0300 0.5000
vt 0.0300 0.5000
vt 0.0300 0.5000
vt 0.0300 0.5000
vt 0.0300 0.5000
vt 0.0300 0.5000
vt 0.0300 0.5000
vt 0.0300 0.5000
vt 0.0300 0.5000
vt 0.0300 0.5000
vt 0.0300 0.5000
vt 0.0300 0.5000
vt 0.0300 0.5000
vt 0.0300 0.5000
vt 0.0300 0.5000
vt 0.4873 0.5000
vt 0.6514 0.5000
vt 0.9700 0.5000
vt 0.9700 0.5000
vt 0.9700 0.5000
vt 0.9700 0.5000
vt 0.0300 0.5000
vt 0.0300 0.5000
vt 0.0300 0.5000
vt 0.0300 0.5000
vt 0.0300 0.5000
vt 0.0300 0.5000
vt 0.0300 0.5000
vt 0.0300 0.5000
vt 0.0300 0.5000
vt 0.0300 0.5000
vt 0.0311 0.5000
vt 0.0366 0.5000
vt 0.0366 0.5000
vt 0.0311 0.5000
vt 0.0366 0.5000
vt 0.0311 0.5000
vt 0.1355 0.5000
vt 0.2549 0.5000
vt 0.0300 0.5000
vt 0.0300 0.5000
vt 0.0300 0.5000
vt 0.0300 0.5000
vt 0.0300 0.5000
vt 0.0300 0.5000
vt 0.6514 0.5000
vt 0.2028 0.5000
vt 0.1015 0.5000
vt 0.0300 0.5000
vt 0.0300 0.5000
vt 0.0300 0.5000
vt 0.0300 0.5000
vt 0.0300 0.5000
vt 0.0300 0.5000
vt 0.0300 0.5000
vt 0.9700 0.5000
vt 0.0300 0.5000
vt 0.9700 0.5000
vt 0.9700 0.5000
vt 0.9700 0.5000
vt 0.0300 0.5000
vt 0.0305 0.5000
vt 0.0311 0.5000
vt 0.0311 0.5000
vt 0.0305 0.5000
vt 0.1355 0.5000
vt 0.0300 0.5000
vt 0.0300 0.5000
vt 0.0300 0.5000
vt 0.0300 0.5000
vt 0.0300 0.5000
vt 0.0300 0.5000
vt 0.0300 0.5000
vt 0.0300 0.5000
vt 0.0300 0.5000
vt 0.2729 0.5000
vt 0.2549 0.5000
vt 0.9700 0.5000
vt 0.0300 0.5000
vt 0.0300 0.5000
vt 0.0300 0.5000
vt 0.0300 0.5000
vt 0.0300 0.5000
vt 0.0300 0.5000
vt 0.8344 0.5000
vt 0.3479 0.5000
vt 0.1431 0.5000
vt 0.0300 0.5000
vt 0.0300 0.5000
vt 0.0300 0.5000
vt 0.0300 0.5000
vt 0.0300 0.5000
vt 0.0300 0.5000
vt 0.0300 0.5000
vt 0.0300 0.5000
vt 0.0300 0.5000
vt 0.0300 0.5000
vt 0.0300 0.5000
vt 0.0300 0.5000
vt 0.0300 0.5000
vt 0.0300 0.5000
vt 0.0300 0.5000
vt 0.0300 0.5000
vt 0.0656 0.5000
vt 0.0305 0.5000
vt 0.0300 0.5000
vt 0.0300 0.5000
vt 0.0300 0.5000
vt 0.9700 0.5000
vt 0.9700 0.5000
vt 0.9700 0.5000
vt 0.0300 0.5000
vt 0.0300 0.5000
vt 0.0300 0.5000
vt 0.3535 0.5000
vt 0.2898 0.5000
vt 0.9231 0.5000
vt 0.0300 0.5000
vt 0.0300 0.5000
vt 0.0300 0.5000
vt 0.0300 0.5000
vt 0.0300 0.5000
vt 0.0300 0.5000
vt 0.0300 0.5000
vt 0.0300 0.5000
vt 0.0300 0.5000
vt 0.0300 0.5000
vt 0.0300 0.5000
vt 0.0300 0.5000
vt 0.6778 0.5000
vt 0.2786 0.5000
vt 0.0709 0.5000
vt 0.0300 0.5000
vt 0.0300 0.5000
vt 0.0300 0.5000
vt 0.0300 0.5000
vt 0.0300 0.5000
vt 0.0300 0.5000
vt 0.8974 0.5000
vt 0.0300 0.5000
vt 0.9700 0.5000
vt 0.0300 0.5000
vt 0.0300 0.5000
vt 0.0300 0.5000
vt 0.0656 0.5000
vt 0.1902 0.5000
vt 0.2898 0.5000
vt 0.2898 0.5000
vt 0.1902 0.5000
vt 0.9231 0.5000
vt 0.0300 0.5000
vt 0.0300 0.5000
vt 0.0300 0.5000
vt 0.0300 0.5000
vt 0.0300 0.5000
vt 0.0300 0.5000
vt 0.0300 0.5000
vt 0.0300 0.5000
vt 0.0300 0.5000
vt 0.0300 0.5000
vt 0.0300 0.5000
vt 0.0300 0.5000
vt 0.9199 0.5000
vt 0.9581 0.5000
vt 0.6169 0.5000
vt 0.0300 0.5000
vt 0.0300 0.5000
vt 0.0300 0.5000
vt 0.0486 0.5000
vt 0.0300 0.5000
vt 0.0300 0.5000
vt 0.0300 0.5000
vt 0.0300 0.5000
vt 0.0300 0.5000
vt 0.0300 0.5000
vt 0.9700 0.5000
vt 0.0300 0.5000
vt 0.0300 0.5000
vt 0.0300 0.5000
vt 0.0300 0.5000
vt 0.0300 0.5000
vt 0.0300 0.5000
vt 0.0300 0.5000
vt 0.0300 0.5000
vt 0.0300 0.5000
vt 0.0300 0.5000
vt 0.1902 0.5000
vt 0.1917 0.5000
vt 0.9231 0.5000
vt 0.0300 0.5000
vt 0.0300 0.5000
vt 0.0300 0.5000
vt 0.1902 0.5000
vt 0.0386 0.5000
vt 0.0636 0.5000
vt 0.3383 0.5000
vt 0.4327 0.5000
vt 0.9581 0.5000
vt 0.0300 0.5000
vt 0.0300 0.5000
vt 0.0300 0.5000
vt 0.0300 0.5000
vt 0.0300 0.5000
vt 0.0300 0.5000
vt 0.6169 0.5000
vt 0.3383 0.5000
vt 0.1917 0.5000
vt 0.0300 0.5000
vt 0.0300 0.5000
vt 0.0300 0.5000
vt 0.1085 0.5000
vt 0.0300 0.5000
vt 0.0486 0.5000
vt 0.0300 0.5000
vt 0.0300 0.5000
vt 0.0300 0.5000
vt 0.0300 0.5000
vt 0.0300 0.5000
vt 0.0300 0.5000
vt 0.0300 0.5000
vt 0.0300 0.5000
vt 0.0300 0.5000
vt 0.0300 0.5000
vt 0.0300 0.5000
vt 0.0300 0.5000
vt 0.0300 0.5000
vt 0.0300 0.5000
vt 0.0300 0.5000
vt 0.0300 0.5000
vt 0.0300 0.5000
vt 0.0300 0.5000
vt 0.0300 0.5000
vt 0.0300 0.5000
vt 0.0300 0.5000
vt 0.0300 0.5000
vt 0.0300 0.5000
vt 0.0300 0.5000
vt 0.0300 0.5000
vt 0.0300 0.5000
vt 0.0300 0.5000
vt 0.1917 0.5000
vt 0.0380 0.5000
vt 0.3383 0.5000
vt 0.3383 0.5000
vt 0.0380 0.5000
vt 0.4327 0.5000
vt 0.0300 0.5000
vt 0.0300 0.5000
vt 0.0300 0.5000
vt 0.4327 0.5000
vt 0.0724 0.5000
vt 0.3383 0.5000
vt 0.0300 0.5000
vt 0.0300 0.5000
vt 0.0300 0.5000
vt 0.0300 0.5000
vt 0.0300 0.5000
vt 0.0300 0.5000
vt 0.0300 0.5000
vt 0.0300 0.5000
vt 0.0300 0.5000
vt 0.0300 0.5000
vt 0.0300 0.5000
vt 0.0300 0.5000
vt 0.0300 0.5000
vt 0.0300 0.5000
vt 0.0380 0.5000
vt 0.0300 0.5000
vt 0.9700 0.5000
vt 0.0300 0.5000
vt 0.0300 0.5000
vt 0.0300 0.5000
vt 0.0300 0.5000
vt 0.0380 0.5000
vt 0.0300 0.5000
vt 0.0724 0.5000
vt 0.0300 0.5000
vt 0.0300 0.5000
vt 0.0300 0.5000
vt 0.0300 0.5000
vt 0.0300 0.5000
vt 0.0300 0.5000
vt 0.0300 0.5000
vt 0.0300 0.5000
vt 0.0300 0.5000
vt 0.0300 0.5000
vt 0.0300 0.5000
vt 0.0300 0.5000
vt 0.0300 0.5000
vt 0.0300 0.5000
vt 0.0300 0.5000
vt 0.0300 0.5000
vt 0.0300 0.5000
vt 0.0300 0.5000
vt 0.0300 0.5000
vt 0.0300 0.5000
vt 0.0300 0.5000
vt 0.0300 0.5000
vt 0.0300 0.5000
vt 0.0300 0.5000
vt 0.0300 0.5000
vt 0.0300 0.5000
vt 0.0300 0.5000
vt 0.0300 0.5000
vt 0.0300 0.5000
vt 0.0300 0.5000
vt 0.0300 0.5000
vt 0.0300 0.5000
vt 0.0300 0.5000
vt 0.0300 0.5000
vt 0.0300 0.5000
vt 0.0300 0.5000
vt 0.0300 0.5000
vt 0.0300 0.5000
vt 0.0300 0.5000
vt 0.0300 0.5000
vt 0.0300 0.5000
vt 0.0300 0.5000
vt 0.0300 0.5000
vt 0.0300 0.5000
vt 0.0300 0.5000
vt 0.0300 0.5000
vt 0.0300 0.5000
vt 0.0300 0.5000
vt 0.0300 0.5000
vt 0.0300 0.5000
vt 0.0300 0.5000
vt 0.0300 0.5000
vt 0.0300 0.5000
vt 0.0300 0.5000
vt 0.0300 0.5000
vt 0.0300 0.5000
vt 0.0300 0.5000
vt 0.0300 0.5000
vt 0.0300 0.5000
vt 0.0300 0.5000
vt 0.0300 0.5000
vt 0.0300 0.5000
vt 0.0300 0.5000
vt 0.0300 0.5000
vt 0.0300 0.5000
vt 0.0300 0.5000
vt 0.0300 0.5000
vt 0.0300 0.5000
vt 0.0300 0.5000
vt 0.0300 0.5000
vt 0.0300 0.5000
vt 0.0300 0.5000
vt 0.0300 0.5000
vt 0.0300 0.5000
vt 0.0300 0.5000
vt 0.0300 0.5000
vt 0.0300 0.5000
vt 0.0300 0.5000
vt 0.0300 0.5000
vt 0.0300 0.5000
vt 0.0300 0.5000
vt 0.0300 0.5000
vt 0.0300 0.5000
vt 0.0300 0.5000
vt 0.0300 0.5000
vt 0.0300 0.5000
vt 0.0300 0.5000
vt 0.0300 0.5000
vt 0.0300 0.5000
vt 0.0300 0.5000
vt 0.0300 0.5000
vt 0.0300 0.5000
vt 0.0300 0.5000
vt 0.0300 0.5000
vt 0.0300 0.5000
vt 0.0300 0.5000
vt 0.0300 0.5000
vt 0.0300 0.5000
vt 0.0300 0.5000
vt 0.0300 0.5000
vt 0.0300 0.5000
vt 0.0300 0.5000
vt 0.0300 0.5000
vt 0.0300 0.5000
vt 0.0300 0.5000
vt 0.0300 0.5000
vt 0.0300 0.5000
vt 0.0300 0.5000
vt 0.0300 0.5000
vt 0.0300 0.5000
vt 0.0300 0.5000
vt 0.0300 0.5000
vt 0.0300 0.5000
vt 0.0300 0.5000
vt 0.0300 0.5000
vt 0.0300 0.5000
vt 0.0300 0.5000
vt 0.0300 0.5000
vt 0.0300 0.5000
vt 0.0300 0.5000
vt 0.0300 0.5000
vt 0.0300 0.5000
vt 0.0300 0.5000
vt 0.0300 0.5000
vt 0.0300 0.5000
vt 0.0300 0.5000
vt 0.0300 0.5000
vt 0.0300 0.5000
vt 0.0300 0.5000
vt 0.0300 0.5000
vt 0.0300 0.5000
vt 0.0300 0.5000
vt 0.0300 0.5000
vt 0.0300 0.5000
vt 0.0300 0.5000
vt 0.0300 0.5000
vt 0.0300 0.5000
vt 0.0300 0.5000
vt 0.0300 0.5000
vt 0.0300 0.5000
vt 0.0300 0.5000
vt 0.0300 0.5000
vt 0.0300 0.5000
vt 0.0300 0.5000
vt 0.0300 0.5000
vt 0.0300 0.5000
vt 0.0300 0.5000
vt 0.0300 0.5000
vt 0.0300 0.5000
vt 0.0300 0.5000
vt 0.0300 0.5000
vt 0.0300 0.5000
vt 0.0300 0.5000
vt 0.0300 0.5000
vt 0.0300 0.5000
vt 0.0300 0.5000
vt 0.0300 0.5000
vt 0.0300 0.5000
vt 0.5217 0.5000
vt 0.4937 0.5000
vt 0.0300 0.5000
vt 0.0300 0.5000
vt 0.0300 0.5000
vt 0.0300 0.5000
vt 0.0300 0.5000
vt 0.0300 0.5000
vt 0.0300 0.5000
vt 0.0300 0.5000
vt 0.0300 0.5000
vt 0.0300 0.5000
vt 0.0300 0.5000
vt 0.0300 0.5000
vt 0.0300 0.5000
vt 0.0300 0.5000
vt 0.0300 0.5000
vt 0.0300 0.5000
vt 0.0300 0.5000
vt 0.0300 0.5000
vt 0.0300 0.5000
vt 0.0300 0.5000
vt 0.0300 0.5000
vt 0.2601 0.5000
vt 0.9700 0.5000
vt 0.0300 0.5000
vt 0.0300 0.5000
vt 0.0300 0.5000
vt 0.0300 0.5000
vt 0.0300 0.5000
vt 0.0300 0.5000
vt 0.0300 0.5000
vt 0.0300 0.5000
vt 0.0300 0.5000
vt 0.0300 0.5000
vt 0.0300 0.5000
vt 0.0300 0.5000
vt 0.0300 0.5000
vt 0.0300 0.5000
vt 0.0300 0.5000
vt 0.0300 0.5000
vt 0.0300 0.5000
vt 0.0300 0.5000
vt 0.0300 0.5000
vt 0.0300 0.5000
vt 0.0300 0.5000
vt 0.0300 0.5000
vt 0.0300 0.5000
vt 0.0300 0.5000
vt 0.0300 0.5000
vt 0.0300 0.5000
vt 0.0300 0.5000
vt 0.0300 0.5000
vt 0.0300 0.5000
vt 0.0300 0.5000
vt 0.0300 0.5000
vt 0.0300 0.5000
vt 0.0300 0.5000
vt 0.0300 0.5000
vt 0.0300 0.5000
vt 0.0300 0.5000
vt 0.0300 0.5000
vt 0.0300 0.5000
vt 0.0300 0.5000
vt 0.0300 0.5000
vt 0.0300 0.5000
vt 0.0300 0.5000
vt 0.0300 0.5000
vt 0.0300 0.5000
vt 0.0300 0.5000
vt 0.0300 0.5000
vt 0.0300 0.5000
vt 0.0300 0.5000
vt 0.0300 0.5000
vt 0.0300 0.5000
vt 0.0300 0.5000
vt 0.0300 0.5000
vt 0.0300 0.5000
vt 0.0300 0.5000
vt 0.0300 0.5000
vt 0.0300 0.5000
vt 0.0300 0.5000
vt 0.0300 0.5000
vt 0.2601 0.5000
vt 0.0300 0.5000
vt 0.0300 0.5000
vt 0.0300 0.5000
vt 0.0300 0.5000
vt 0.0300 0.5000
vt 0.0300 0.5000
vt 0.0300 0.5000
vt 0.0300 0.5000
vt 0.0300 0.5000
vt 0.0300 0.5000
vt 0.0300 0.5000
vt 0.0300 0.5000
vt 0.0300 0.5000
vt 0.0300 0.5000
vt 0.0300 0.5000
vt 0.2142 0.5000
vt 0.1441 0.5000
vt 0.0300 0.5000
vt 0.0300 0.5000
vt 0.0300 0.5000
vt 0.0300 0.5000
vt 0.0300 0.5000
vt 0.0300 0.5000
vt 0.0300 0.5000
vt 0.1441 0.5000
vt 0.0300 0.5000
vt 0.0300 0.5000
vt 0.0300 0.5000
vt 0.0300 0.5000
vt 0.0300 0.5000
vt 0.0300 0.5000
vt 0.0300 0.5000
vt 0.0300 0.5000
vt 0.0300 0.5000
vt 0.0300 0.5000
vt 0.0300 0.5000
vt 0.0300 0.5000
vt 0.0300 0.5000
vt 0.0300 0.5000
vt 0.0300 0.5000
vt 0.0300 0.5000
vt 0.0300 0.5000
vt 0.0300 0.5000
vt 0.0300 0.5000
vt 0.0300 0.5000
vt 0.0301 0.5000
vt 0.0300 0.5000
vt 0.0300 0.5000
vt 0.0300 0.5000
vt 0.0300 0.5000
vt 0.0300 0.5000
vt 0.0300 0.5000
vt 0.0300 0.5000
vt 0.0300 0.5000
vt 0.0300 0.5000
vt 0.0300 0.5000
vt 0.0300 0.5000
vt 0.3932 0.5000
vt 0.0300 0.5000
vt 0.0300 0.5000
vt 0.0300 0.5000
vt 0.0300 0.5000
vt 0.0301 0.5000
vt 0.2794 0.5000
vt 0.0300 0.5000
vt 0.0300 0.5000
vt 0.0300 0.5000
vt 0.0300 0.5000
vt 0.0300 0.5000
vt 0.0300 0.5000
vt 0.1481 0.5000
vt 0.0300 0.5000
vt 0.0300 0.5000
vt 0.0300 0.5000
vt 0.0300 0.5000
vt 0.0300 0.5000
vt 0.0300 0.5000
vt 0.0300 0.5000
vt 0.0300 0.5000
vt 0.3820 0.5000
vt 0.0300 0.5000
vt 0.5095 0.5000
vt 0.0300 0.5000
vt 0.0300 0.5000
vt 0.7403 0.5000
vt 0.0300 0.5000
vt 0.0300 0.5000
vt 0.0300 0.5000
vt 0.3813 0.5000
vt 0.5104 0.5000
vt 0.9700 0.5000
vt 0.0300 0.5000
vt 0.0300 0.5000
vt 0.4989 0.5000
vt 0.8619 0.5000
vt 0.0300 0.5000
vt 0.0300 0.5000
vt 0.9700 0.5000
vt 0.5040 0.5000
vt 0.9700 0.5000
vt 0.0300 0.5000
vt 0.0300 0.5000
vt 0.1481 0.5000
vt 0.5065 0.5000
vt 0.3813 0.5000
vt 0.5065 0.5000
vt 0.9700 0.5000
vt 0.3813 0.5000
vt 0.9700 0.5000
vt 0.9700 0.5000
vt 0.9700 0.5000
vt 0.9700 0.5000
vt 0.5095 0.5000
vt 0.3932 0.5000
vt 0.9700 0.5000
vt 0.0301 0.5000
vt 0.1481 0.5000
vt 0.5072 0.5000
vt 0.9700 0.5000
vt 0.5065 0.5000
vt 0.9700 0.5000
vt 0.9700 0.5000
vt 0.9700 0.5000
vt 0.9700 0.5000
vt 0.9700 0.5000
vt 0.9700 0.5000
vt 0.9700 0.5000
vt 0.3932 0.5000
vt 0.3820 0.5000
vt 0.8619 0.5000
vt 0.9700 0.5000
vt 0.0300 0.5000
vt 0.0300 0.5000
vt 0.9700 0.5000
vt 0.9700 0.5000
vt 0.9700 0.5000
vt 0.7403 0.5000
vt 0.9700 0.5000
vt 0.9700 0.5000
vt 0.9700 0.5000
vt 0.9700 0.5000
vt 0.9700 0.5000
vt 0.9700 0.5000
vt 0.9700 0.5000
vt 0.9700 0.5000
vt 0.9700 0.5000
vt 0.9700 0.5000
vt 0.9700 0.5000
vt 0.9700 0.5000
vt 0.1441 0.5000
vt 0.2142 0.5000
vt 0.6102 0.5000
vt 0.4989 0.5000
vt 0.6102 0.5000
vt 0.8619 0.5000
vt 0.9700 0.5000
vt 0.9700 0.5000
vt 0.9700 0.5000
vt 0.9700 0.5000
vt 0.6299 0.5000
vt 0.9700 0.5000
vt 0.9700 0.5000
vt 0.9700 0.5000
vt 0.9700 0.5000
vt 0.9700 0.5000
vt 0.0300 0.5000
vt 0.0300 0.5000
vt 0.9700 0.5000
vt 0.9700 0.5000
vt 0.9700 0.5000
vt 0.9700 0.5000
vt 0.0300 0.5000
vt 0.9700 0.5000
vt 0.9700 0.5000
vt 0.9700 0.5000
vt 0.9700 0.5000
vt 0.9700 0.5000
vt 0.9700 0.5000
vt 0.9700 0.5000
vt 0.9700 0.5000
vt 0.5103 0.5000
vt 0.5106 0.5000
vt 0.9700 0.5000
vt 0.8619 0.5000
vt 0.1510 0.5000
vt 0.9700 0.5000
vt 0.1510 0.5000
vt 0.2699 0.5000
vt 0.9700 0.5000
vt 0.5109 0.5000
vt 0.5112 0.5000
vt 0.9700 0.5000
vt 0.5019 0.5000
vt 0.9700 0.5000
vt 0.9700 0.5000
vt 0.6211 0.5000
vt 0.5105 0.5000
vt 0.9700 0.5000
vt 0.1812 0.5000
vt 0.9700 0.5000
vt 0.1932 0.5000
vt 0.9700 0.5000
vt 0.0300 0.5000
vt 0.8619 0.5000
vt 0.0300 0.5000
vt 0.1510 0.5000
vt 0.0300 0.5000
vt 0.5103 0.5000
vt 0.5105 0.5000
vt 0.0300 0.5000
vt 0.0300 0.5000
vt 0.0300 0.5000
vt 0.5202 0.5000
vt 0.5217 0.5000
vt 0.0300 0.5000
vt 0.5106 0.5000
vt 0.5103 0.5000
vt 0.0300 0.5000
vt 0.0300 0.5000
vt 0.0300 0.5000
vt 0.5186 0.5000
vt 0.5202 0.5000
vt 0.0300 0.5000
vt 0.5109 0.5000
vt 0.5106 0.5000
vt 0.0300 0.5000
vt 0.0300 0.5000
vt 0.0300 0.5000
vt 0.5171 0.5000
vt 0.5186 0.5000
vt 0.0300 0.5000
vt 0.5112 0.5000
vt 0.5109 0.5000
vt 0.0300 0.5000
vt 0.0300 0.5000
vt 0.0300 0.5000
vt 0.5021 0.5000
vt 0.5171 0.5000
vt 0.0300 0.5000
vt 0.4937 0.5000
vt 0.5112 0.5000
vt 0.0300 0.5000
vt 0.0300 0.5000
vt 0.0300 0.5000
vt 0.5019 0.5000
vt 0.5021 0.5000
vt 0.0300 0.5000
vt 0.2706 0.5000
vt 0.2699 0.5000
vt 0.0300 0.5000
vt 0.6211 0.5000
vt 0.0300 0.5000
vt 0.0300 0.5000
vt 0.1812 0.5000
vt 0.5019 0.5000
vt 0.0300 0.5000
vt 0.6299 0.5000
vt 0.5054 0.5000
vt 0.0300 0.5000
vt 0.0300 0.5000
vt 0.6299 0.5000
vt 0.0300 0.5000
vt 0.6102 0.5000
vt 0.0300 0.5000
vt 0.0300 0.5000
vt 0.0300 0.5000
vt 0.0300 0.5000
vt 0.0300 0.5000
vt 0.0300 0.5000
vt 0.0300 0.5000
vt 0.0300 0.5000
vt 0.0300 0.5000
vt 0.0300 0.5000
vt 0.0300 0.5000
vt 0.0300 0.5000
vt 0.2706 0.5000
vt 0.0300 0.5000
vt 0.0300 0.5000
vt 0.0300 0.5000
vt 0.0300 0.5000
vt 0.0300 0.5000
vt 0.0300 0.5000
vt 0.0300 0.5000
vt 0.0300 0.5000
vt 0.1812 0.5000
vt 0.0300 0.5000
vt 0.0300 0.5000
vt 0.0300 0.5000
vt 0.0300 0.5000
vt 0.0300 0.5000
vt 0.0300 0.5000
vt 0.0300 0.5000
vt 0.1812 0.5000
vt 0.0300 0.5000
vt 0.0300 0.5000
vt 0.0300 0.5000
vt 0.0300 0.5000
vt 0.0300 0.5000
vt 0.0300 0.5000
vt 0.0300 0.5000
vt 0.0300 0.5000
vt 0.0300 0.5000
vt 0.0300 0.5000
vt 0.0300 0.5000
vt 0.0300 0.5000
vt 0.0300 0.5000
vt 0.0300 0.5000
vt 0.0300 0.5000
vt 0.0300 0.5000
vt 0.0300 0.5000
vt 0.0300 0.5000
vt 0.0300 0.5000
vt 0.0300 0.5000
vt 0.0300 0.5000
vt 0.1932 0.5000
vt 0.0300 0.5000
vt 0.0300 0.5000
vt 0.0300 0.5000
vt 0.0300 0.5000
vt 0.0300 0.5000
vt 0.0300 0.5000
vt 0.0300 0.5000
vt 0.0300 0.5000
vt 0.0300 0.5000
vt 0.0300 0.5000
vt 0.0300 0.5000
vt 0.0300 0.5000
vt 0.0300 0.5000
vt 0.0300 0.5000
vt 0.0300 0.5000
vt 0.0300 0.5000
vt 0.0300 0.5000
vt 0.0300 0.5000
vt 0.1932 0.5000
vt 0.0300 0.5000
vt 0.0300 0.5000
vt 0.0300 0.5000
vt 0.0300 0.5000
vt 0.0300 0.5000
vt 0.0300 0.5000
vt 0.0300 0.5000
vt 0.0300 0.5000
vt 0.0300 0.5000
vt 0.0300 0.5000
vt 0.0300 0.5000
vt 0.0300 0.5000
vt 0.0300 0.5000
vt 0.0300 0.5000
vt 0.0300 0.5000
vt 0.0300 0.5000
vt 0.0300 0.5000
vt 0.0300 0.5000
vt 0.0300 0.5000
vt 0.0300 0.5000
vt 0.0300 0.5000
vt 0.0300 0.5000
vt 0.0300 0.5000
vt 0.0300 0.5000
vt 0.0300 0.5000
vt 0.0300 0.5000
vt 0.0300 0.5000
vt 0.0300 0.5000
vt 0.0300 0.5000
vt 0.0300 0.5000
vt 0.0300 0.5000
vt 0.0300 0.5000
vt 0.0300 0.5000
vt 0.0300 0.5000
vt 0.0300 0.5000
vt 0.0300 0.5000
vt 0.0300 0.5000
vt 0.0300 0.5000
vt 0.0300 0.5000
vt 0.0300 0.5000
vt 0.0300 0.5000
vt 0.0300 0.5000
vt 0.0300 0.5000
vt 0.0300 0.5000
vt 0.0300 0.5000
vt 0.0300 0.5000
vt 0.0300 0.5000
vt 0.0300 0.5000
vt 0.0300 0.5000
vt 0.0300 0.5000
vt 0.0300 0.5000
vt 0.0300 0.5000
vt 0.0300 0.5000
vt 0.0300 0.5000
vt 0.0300 0.5000
vt 0.0300 0.5000
vt 0.0300 0.5000
vt 0.0300 0.5000
vt 0.0300 0.5000
vt 0.0300 0.5000
vt 0.0300 0.5000
vt 0.0300 0.5000
vt 0.0300 0.5000
vt 0.0300 0.5000
vt 0.0300 0.5000
vt 0.0300 0.5000
vt 0.0300 0.5000
vt 0.0300 0.5000
vt 0.0300 0.5000
vt 0.0300 0.5000
vt 0.0300 0.5000
vt 0.0300 0.5000
vt 0.0300 0.5000
vt 0.0300 0.5000
vt 0.0300 0.5000
vt 0.0300 0.5000
vt 0.0300 0.5000
vt 0.0300 0.5000
vt 0.0300 0.5000
vt 0.0300 0.5000
vt 0.0300 0.5000
vt 0.0300 0.5000
vt 0.0300 0.5000
vt 0.0300 0.5000
vt 0.0300 0.5000
vt 0.0300 0.5000
vt 0.0300 0.5000
vt 0.0300 0.5000
vt 0.0300 0.5000
vt 0.0300 0.5000
vt 0.0300 0.5000
vt 0.0300 0.5000
vt 0.0300 0.5000
vt 0.0300 0.5000
vt 0.0300 0.5000
vt 0.0300 0.5000
vt 0.0300 0.5000
vt 0.0300 0.5000
vt 0.0300 0.5000
vt 0.0300 0.5000
vt 0.0300 0.5000
vt 0.0300 0.5000
vt 0.0300 0.5000
vt 0.0300 0.5000
vt 0.0300 0.5000
vt 0.0300 0.5000
vt 0.0300 0.5000
vt 0.0300 0.5000
vt 0.0300 0.5000
vt 0.0300 0.5000
vt 0.0300 0.5000
vt 0.0300 0.5000
vt 0.0300 0.5000
vt 0.0300 0.5000
vt 0.0300 0.5000
vt 0.0300 0.5000
vt 0.0300 0.5000
vt 0.0300 0.5000
vt 0.0300 0.5000
vt 0.0300 0.5000
vt 0.0300 0.5000
vt 0.0300 0.5000
vt 0.0300 0.5000
vt 0.0300 0.5000
vt 0.0300 0.5000
vt 0.0300 0.5000
vt 0.0300 0.5000
vt 0.0300 0.5000
vt 0.0300 0.5000
vt 0.0300 0.5000
vt 0.0300 0.5000
vt 0.0300 0.5000
vt 0.0300 0.5000
vt 0.0300 0.5000
vt 0.0300 0.5000
vt 0.0300 0.5000
vt 0.0300 0.5000
vt 0.0300 0.5000
vt 0.0300 0.5000
vt 0.0300 0.5000
vt 0.0300 0.5000
vt 0.0300 0.5000
vt 0.0300 0.5000
vt 0.0300 0.5000
vt 0.0300 0.5000
vt 0.0300 0.5000
vt 0.0300 0.5000
vt 0.0300 0.5000
vt 0.0300 0.5000
vt 0.0300 0.5000
vt 0.0300 0.5000
vt 0.0300 0.5000
vt 0.0300 0.5000
vt 0.0300 0.5000
vt 0.0300 0.5000
vt 0.0300 0.5000
vt 0.0300 0.5000
vt 0.0300 0.5000
vt 0.0300 0.5000
vt 0.0300 0.5000
vt 0.0300 0.5000
vt 0.0300 0.5000
vt 0.0300 0.5000
vt 0.0300 0.5000
vt 0.0300 0.5000
vt 0.0300 0.5000
vt 0.0300 0.5000
vt 0.0300 0.5000
vt 0.0300 0.5000
vt 0.0300 0.5000
vt 0.0300 0.5000
vt 0.0300 0.5000
vt 0.0300 0.5000
vt 0.0300 0.5000
vt 0.0300 0.5000
vt 0.0300 0.5000
vt 0.0300 0.5000
vt 0.0300 0.5000
vt 0.0300 0.5000
vt 0.0300 0.5000
vt 0.0300 0.5000
vt 0.0300 0.5000
vt 0.0300 0.5000
vt 0.0300 0.5000
vt 0.0300 0.5000
vt 0.0300 0.5000
vt 0.0300 0.5000
vt 0.0300 0.5000
vt 0.0300 0.5000
vt 0.0300 0.5000
vt 0.0300 0.5000
vt 0.0300 0.5000
vt 0.0300 0.5000
vt 0.0300 0.5000
vt 0.0300 0.5000
vt 0.0300 0.5000
vt 0.0300 0.5000
vt 0.0300 0.5000
vt 0.0300 0.5000
vt 0.0300 0.5000
vt 0.0300 0.5000
vt 0.0300 0.5000
vt 0.0300 0.5000
vt 0.0300 0.5000
vt 0.0300 0.5000
vt 0.0300 0.5000
vt 0.0300 0.5000
vt 0.0300 0.5000
vt 0.0300 0.5000
vt 0.0300 0.5000
vt 0.0300 0.5000
vt 0.0300 0.5000
vt 0.0300 0.5000
vt 0.0300 0.5000
vt 0.0300 0.5000
vt 0.0300 0.5000
vt 0.0300 0.5000
vt 0.0300 0.5000
vt 0.0300 0.5000
vt 0.0300 0.5000
vt 0.0300 0.5000
vt 0.0300 0.5000
vt 0.0300 0.5000
vt 0.0300 0.5000
vt 0.0300 0.5000
vt 0.0300 0.5000
vt 0.0300 0.5000
vt 0.0300 0.5000
vt 0.0300 0.5000
vt 0.0300 0.5000
vt 0.2142 0.5000
vt 0.0300 0.5000
vt 0.0300 0.5000
vt 0.0300 0.5000
vt 0.0300 0.5000
vt 0.0300 0.5000
vt 0.0300 0.5000
vt 0.0300 0.5000
vt 0.0300 0.5000
vt 0.0300 0.5000
vt 0.0300 0.5000
vt 0.0300 0.5000
vt 0.0300 0.5000
vt 0.0300 0.5000
vt 0.0300 0.5000
vt 0.0300 0.5000
vt 0.0300 0.5000
vt 0.0300 0.5000
vt 0.0300 0.5000
vt 0.0300 0.5000
vt 0.0300 0.5000
vt 0.0300 0.5000
vt 0.0300 0.5000
vt 0.0300 0.5000
vt 0.0300 0.5000
vt 0.0300 0.5000
vt 0.0300 0.5000
vt 0.0300 0.5000
vt 0.0300 0.5000
vt 0.0300 0.5000
vt 0.0300 0.5000
vt 0.0300 0.5000
vt 0.0300 0.5000
vt 0.0300 0.5000
vt 0.0300 0.5000
vt 0.0300 0.5000
vt 0.0300 0.5000
vt 0.0300 0.5000
vt 0.0300 0.5000
vt 0.0300 0.5000
vt 0.0300 0.5000
vt 0.0300 0.5000
vt 0.0300 0.5000
vt 0.0300 0.5000
vt 0.0300 0.5000
vt 0.0300 0.5000
vt 0.0300 0.5000
vt 0.0300 0.5000
vt 0.0300 0.5000
vt 0.0300 0.5000
vt 0.0300 0.5000
vt 0.0300 0.5000
vt 0.0300 0.5000
vt 0.0300 0.5000
vt 0.0300 0.5000
vt 0.0300 0.5000
vt 0.0300 0.5000
vt 0.0300 0.5000
vt 0.0300 0.5000
vt 0.0300 0.5000
vt 0.0300 0.5000
vt 0.0300 0.5000
vt 0.0300 0.5000
vt 0.0300 0.5000
vt 0.0300 0.5000
vt 0.0300 0.5000
vt 0.0300 0.5000
vt 0.0300 0.5000
vt 0.0300 0.5000
vt 0.0300 0.5000
vt 0.0300 0.5000
vt 0.0300 0.5000
vt 0.0300 0.5000
vt 0.0300 0.5000
vt 0.0300 0.5000
vt 0.0300 0.5000
vt 0.0300 0.5000
vt 0.0300 0.5000
vt 0.0300 0.5000
vt 0.0300 0.5000
vt 0.0300 0.5000
vt 0.0300 0.5000
vt 0.0300 0.5000
vt 0.0300 0.5000
vt 0.0300 0.5000
vt 0.0300 0.5000
vt 0.0300 0.5000
vt 0.0300 0.5000
vt 0.0300 0.5000
vt 0.0300 0.5000
vt 0.0300 0.5000
vt 0.0300 0.5000
vt 0.0300 0.5000
vt 0.0300 0.5000
vt 0.0300 0.5000
vt 0.0300 0.5000
vt 0.0300 0.5000
vt 0.0300 0.5000
vt 0.0300 0.5000
vt 0.0300 0.5000
vt 0.0300 0.5000
vt 0.0300 0.5000
vt 0.0300 0.5000
vt 0.0300 0.5000
vt 0.0300 0.5000
vt 0.0300 0.5000
vt 0.0300 0.5000
vt 0.0300 0.5000
vt 0.0300 0.5000
vt 0.0300 0.5000
vt 0.0300 0.5000
vt 0.0300 0.5000
vt 0.0300 0.5000
vt 0.0300 0.5000
vt 0.0300 0.5000
vt 0.0300 0.5000
vt 0.0300 0.5000
vt 0.0300 0.5000
vt 0.0300 0.5000
vt 0.0300 0.5000
vt 0.0300 0.5000
vt 0.0300 0.5000
vt 0.0300 0.5000
vt 0.0300 0.5000
vt 0.0300 0.5000
vt 0.0300 0.5000
vt 0.0300 0.5000
vt 0.0300 0.5000
vt 0.0300 0.5000
vt 0.0300 0.5000
vt 0.0300 0.5000
vt 0.0300 0.5000
vt 0.0300 0.5000
vt 0.0300 0.5000
vt 0.0300 0.5000
vt 0.0300 0.5000
vt 0.0300 0.5000
vt 0.0300 0.5000
vt 0.0300 0.5000
vt 0.0300 0.5000
vt 0.0300 0.5000
vt 0.0300 0.5000
vt 0.0300 0.5000
vt 0.0300 0.5000
vt 0.0300 0.5000
vt 0.0300 0.5000
vt 0.0300 0.5000
vt 0.0300 0.5000
vt 0.0300 0.5000
vt 0.0300 0.5000
vt 0.0300 0.5000
vt 0.0300 0.5000
vt 0.0300 0.5000
vt 0.0300 0.5000
vt 0.0300 0.5000
vt 0.0300 0.5000
vt 0.0300 0.5000
vt 0.0300 0.5000
vt 0.0300 0.5000
vt 0.0300 0.5000
vt 0.0300 0.5000
vt 0.0300 0.5000
vt 0.0300 0.5000
vt 0.0300 0.5000
vt 0.0300 0.5000
vt 0.0300 0.5000
vt 0.0300 0.5000
vt 0.0300 0.5000
vt 0.0300 0.5000
vt 0.0300 0.5000
vt 0.0300 0.5000
vt 0.0300 0.5000
vt 0.0300 0.5000
vt 0.0300 0.5000
vt 0.0300 0.5000
vt 0.0300 0.5000
vt 0.0300 0.5000
vt 0.0300 0.5000
vt 0.0300 0.5000
vt 0.0300 0.5000
vt 0.0300 0.5000
vt 0.0300 0.5000
vt 0.0300 0.5000
vt 0.0300 0.5000
vt 0.0300 0.5000
vt 0.0300 0.5000
vt 0.0300 0.5000
vt 0.0300 0.5000
vt 0.0300 0.5000
vt 0.0300 0.5000
vt 0.0300 0.5000
vt 0.0300 0.5000
vt 0.0300 0.5000
vt 0.0300 0.5000
vt 0.0300 0.5000
vt 0.0300 0.5000
vt 0.0300 0.5000
vt 0.0300 0.5000
vt 0.0300 0.5000
vt 0.0300 0.5000
vt 0.0300 0.5000
vt 0.0300 0.5000
vt 0.0300 0.5000
vt 0.0300 0.5000
vt 0.0300 0.5000
vt 0.0300 0.5000
vt 0.0300 0.5000
vt 0.0300 0.5000
vt 0.0300 0.5000
vt 0.0300 0.5000
vt 0.0300 0.5000
vt 0.0300 0.5000
vt 0.0300 0.5000
vt 0.0300 0.5000
vt 0.0300 0.5000
vt 0.0300 0.5000
vt 0.0300 0.5000
vt 0.0300 0.5000
vt 0.0300 0.5000
vt 0.0300 0.5000
vt 0.0300 0.5000
vt 0.0300 0.5000
vt 0.0300 0.5000
vt 0.0300 0.5000
vt 0.0300 0.5000
vt 0.0300 0.5000
vt 0.0300 0.5000
vt 0.0300 0.5000
vt 0.0300 0.5000
vt 0.0300 0.5000
vt 0.0300 0.5000
vt 0.0300 0.5000
vt 0.0300 0.5000
vt 0.0300 0.5000
vt 0.0303 0.5000
vt 0.0300 0.5000
vt 0.0300 0.5000
vt 0.0300 0.5000
vt 0.0300 0.5000
vt 0.0300 0.5000
vt 0.0300 0.5000
vt 0.0300 0.5000
vt 0.0300 0.5000
vt 0.0300 0.5000
vt 0.0300 0.5000
vt 0.0300 0.5000
vt 0.0300 0.5000
vt 0.0565 0.5000
vt 0.0300 0.5000
vt 0.0300 0.5000
vt 0.0300 0.5000
vt 0.0300 0.5000
vt 0.1410 0.5000
vt 0.1898 0.5000
vt 0.0303 0.5000
vt 0.0300 0.5000
vt 0.0300 0.5000
vt 0.0300 0.5000
vt 0.0300 0.5000
vt 0.0300 0.5000
vt 0.0300 0.5000
vt 0.0300 0.5000
vt 0.0300 0.5000
vt 0.0300 0.5000
vt 0.1708 0.5000
vt 0.1690 0.5000
vt 0.0300 0.5000
vt 0.0303 0.5000
vt 0.5661 0.5000
vt 0.1690 0.5000
vt 0.1708 0.5000
vt 0.6967 0.5000
vt 0.0300 0.5000
vt 0.0300 0.5000
vt 0.0300 0.5000
vt 0.0300 0.5000
vt 0.0417 0.5000
vt 0.0300 0.5000
vt 0.1690 0.5000
vt 0.1084 0.5000
vt 0.0300 0.5000
vt 0.0417 0.5000
vt 0.0300 0.5000
vt 0.0300 0.5000
vt 0.0300 0.5000
vt 0.0300 0.5000
vt 0.0300 0.5000
vt 0.1084 0.5000
vt 0.0300 0.5000
vt 0.5448 0.5000
vt 0.6967 0.5000
vt 0.1708 0.5000
vt 0.1898 0.5000
vt 0.0300 0.5000
vt 0.0445 0.5000
vt 0.0565 0.5000
vt 0.1410 0.5000
vt 0.0565 0.5000
vt 0.2232 0.5000
vt 0.0300 0.5000
vt 0.0300 0.5000
vt 0.0300 0.5000
vt 0.5084 0.5000
vt 0.9700 0.5000
vt 0.5448 0.5000
vt 0.1410 0.5000
vt 0.1410 0.5000
vt 0.2232 0.5000
vt 0.5084 0.5000
vt 0.0300 0.5000
vt 0.0300 0.5000
vt 0.0300 0.5000
vt 0.0300 0.5000
vt 0.5448 0.5000
vt 0.9698 0.5000
vt 0.6967 0.5000
vt 0.1690 0.5000
vt 0.5661 0.5000
vt 0.1084 0.5000
vt 0.0300 0.5000
vt 0.0300 0.5000
vt 0.0398 0.5000
vt 0.0300 0.5000
vt 0.0300 0.5000
vt 0.0300 0.5000
vt 0.0300 0.5000
vt 0.0300 0.5000
vt 0.0300 0.5000
vt 0.2618 0.5000
vt 0.2232 0.5000
vt 0.0445 0.5000
vt 0.0664 0.5000
vt 0.1508 0.5000
vt 0.0300 0.5000
vt 0.0300 0.5000
vt 0.0300 0.5000
vt 0.5084 0.5000
vt 0.2232 0.5000
vt 0.2618 0.5000
vt 0.3048 0.5000
vt 0.0605 0.5000
vt 0.0398 0.5000
vt 0.1084 0.5000
vt 0.5661 0.5000
vt 0.9700 0.5000
vt 0.3048 0.5000
vt 0.0300 0.5000
vt 0.0300 0.5000
vt 0.0445 0.5000
vt 0.0300 0.5000
vt 0.0300 0.5000
vt 0.0398 0.5000
vt 0.0300 0.5000
vt 0.5908 0.5000
vt 0.8974 0.5000
vt 0.0300 0.5000
vt 0.0300 0.5000
vt 0.0605 0.5000
vt 0.3048 0.5000
vt 0.1935 0.5000
vt 0.0300 0.5000
vt 0.0300 0.5000
vt 0.0300 0.5000
vt 0.0300 0.5000
vt 0.0300 0.5000
vt 0.5908 0.5000
vt 0.9700 0.5000
vt 0.9698 0.5000
vt 0.9700 0.5000
vt 0.9700 0.5000
vt 0.0300 0.5000
vt 0.0300 0.5000
vt 0.0300 0.5000
vt 0.0300 0.5000
vt 0.0300 0.5000
vt 0.0300 0.5000
vt 0.1508 0.5000
vt 0.0300 0.5000
vt 0.9700 0.5000
vt 0.9700 0.5000
vt 0.5084 0.5000
vt 0.5875 0.5000
vt 0.9700 0.5000
vt 0.5875 0.5000
vt 0.9700 0.5000
vt 0.0312 0.5000
vt 0.6778 0.5000
vt 0.0300 0.5000
vt 0.0605 0.5000
vt 0.9700 0.5000
vt 0.9698 0.5000
vt 0.9700 0.5000
vt 0.0300 0.5000
vt 0.0300 0.5000
vt 0.0300 0.5000
vt 0.3048 0.5000
vt 0.9700 0.5000
vt 0.5829 0.5000
vt 0.0300 0.5000
vt 0.0300 0.5000
vt 0.0300 0.5000
vt 0.1935 0.5000
vt 0.5829 0.5000
vt 0.4881 0.5000
vt 0.6778 0.5000
vt 0.9700 0.5000
vt 0.5908 0.5000
vt 0.0300 0.5000
vt 0.0300 0.5000
vt 0.0300 0.5000
vt 0.6778 0.5000
vt 0.0300 0.5000
vt 0.0300 0.5000
vt 0.0300 0.5000
vt 0.9700 0.5000
vt 0.9700 0.5000
vt 0.9700 0.5000
vt 0.8974 0.5000
vt 0.0664 0.5000
vt 0.0300 0.5000
vt 0.0300 0.5000
vt 0.0300 0.5000
vt 0.0300 0.5000
vt 0.0300 0.5000
vt 0.8974 0.5000
vt 0.5908 0.5000
vt 0.9700 0.5000
vt 0.1193 0.5000
vt 0.1799 0.5000
vt 0.5875 0.5000
vt 0.2618 0.5000
vt 0.1187 0.5000
vt 0.0360 0.5000
vt 0.1935 0.5000
vt 0.4881 0.5000
vt 0.5875 0.5000
vt 0.1799 0.5000
vt 0.2925 0.5000
vt 0.5875 0.5000
vt 0.2925 0.5000
vt 0.9700 0.5000
vt 0.0300 0.5000
vt 0.0300 0.5000
vt 0.0300 0.5000
vt 0.4881 0.5000
vt 0.9700 0.5000
vt 0.2574 0.5000
vt 0.8344 0.5000
vt 0.9700 0.5000
vt 0.6778 0.5000
vt 0.0312 0.5000
vt 0.0312 0.5000
vt 0.1935 0.5000
vt 0.0360 0.5000
vt 0.0300 0.5000
vt 0.0300 0.5000
vt 0.0300 0.5000
vt 0.0300 0.5000
vt 0.9700 0.5000
vt 0.0300 0.5000
vt 0.0300 0.5000
vt 0.0300 0.5000
vt 0.0300 0.5000
vt 0.0300 0.5000
vt 0.1193 0.5000
vt 0.0664 0.5000
vt 0.0300 0.5000
vt 0.9700 0.5000
vt 0.9700 0.5000
vt 0.9700 0.5000
vt 0.0300 0.5000
vt 0.0300 0.5000
vt 0.9700 0.5000
vt 0.2601 0.5000
vt 0.0300 0.5000
vt 0.0300 0.5000
vt 0.0300 0.5000
vt 0.0300 0.5000
vt 0.0300 0.5000
vt 0.0300 0.5000
vt 0.0473 0.5000
vt 0.2574 0.5000
vt 0.4027 0.5000
vt 0.0415 0.5000
vt 0.0300 0.5000
vt 0.9700 0.5000
vt 0.0300 0.5000
vt 0.1910 0.5000
vt 0.1187 0.5000
vt 0.2574 0.5000
vt 0.0473 0.5000
vt 0.6514 0.5000
vt 0.0360 0.5000
vt 0.1187 0.5000
vt 0.1910 0.5000
vt 0.0300 0.5000
vt 0.0300 0.5000
vt 0.0300 0.5000
vt 0.6514 0.5000
vt 0.9700 0.5000
vt 0.8344 0.5000
vt 0.0360 0.5000
vt 0.0300 0.5000
vt 0.0300 0.5000
vt 0.0300 0.5000
vt 0.0300 0.5000
vt 0.0300 0.5000
vt 0.0300 0.5000
vt 0.9700 0.5000
vt 0.9700 0.5000
vt 0.8344 0.5000
vt 0.9700 0.5000
vt 0.0300 0.5000
vt 0.0300 0.5000
vt 0.0300 0.5000
vt 0.0300 0.5000
vt 0.0300 0.5000
vt 0.0300 0.5000
vt 0.0300 0.5000
vt 0.0300 0.5000
vt 0.0300 0.5000
vt 0.0300 0.5000
vt 0.0300 0.5000
vt 0.0300 0.5000
vt 0.0300 0.5000
vt 0.0300 0.5000
vt 0.0300 0.5000
vt 0.0300 0.5000
vt 0.0300 0.5000
vt 0.0300 0.5000
vt 0.0415 0.5000
vt 0.0300 0.5000
vt 0.0300 0.5000
vt 0.0300 0.5000
vt 0.0300 0.5000
vt 0.0300 0.5000
vt 0.0300 0.5000
vt 0.0300 0.5000
vt 0.0300 0.5000
vt 0.0300 0.5000
vt 0.0300 0.5000
vt 0.0366 0.5000
vt 0.0473 0.5000
vt 0.0415 0.5000
vt 0.0300 0.5000
vt 0.0300 0.5000
vt 0.0300 0.5000
vt 0.0300 0.5000
vt 0.0300 0.5000
vt 0.0366 0.5000
vt 0.4873 0.5000
vt 0.1910 0.5000
vt 0.0473 0.5000
vt 0.0300 0.5000
vt 0.0300 0.5000
vt 0.0300 0.5000
vt 0.0300 0.5000
vt 0.0300 0.5000
vt 0.0300 0.5000
vt 0.0300 0.5000
vt 0.6514 0.5000
vt 0.1910 0.5000
vt 0.4873 0.5000
vt 0.0300 0.5000
vt 0.0300 0.5000
vt 0.0300 0.5000
vt 0.0300 0.5000
vt 0.9700 0.5000
vt 0.6514 0.5000
vt 0.4873 0.5000
vt 0.0300 0.5000
vt 0.0300 0.5000
vt 0.0300 0.5000
vt 0.4873 0.5000
vt 0.1910 0.5000
vt 0.6514 0.5000
vt 0.0300 0.5000
vt 0.0300 0.5000
vt 0.0300 0.5000
vt 0.0300 0.5000
vt 0.0300 0.5000
vt 0.0300 0.5000
vt 0.0300 0.5000
vt 0.0300 0.5000
vt 0.0300 0.5000
vt 0.0300 0.5000
vt 0.0300 0.5000
vt 0.0300 0.5000
vt 0.0300 0.5000
vt 0.0300 0.5000
vt 0.0300 0.5000
vt 0.0300 0.5000
vt 0.0300 0.5000
vt 0.1910 0.5000
vt 0.4873 0.5000
vt 0.0366 0.5000
vt 0.0366 0.5000
vt 0.0300 0.5000
vt 0.0300 0.5000
vt 0.0300 0.5000
vt 0.0300 0.5000
vt 0.2549 0.5000
vt 0.2729 0.5000
vt 0.0366 0.5000
vt 0.0311 0.5000
vt 0.0300 0.5000
vt 0.0300 0.5000
vt 0.0300 0.5000
vt 0.0300 0.5000
vt 0.2729 0.5000
vt 0.2028 0.5000
vt 0.1910 0.5000
vt 0.0366 0.5000
vt 0.0300 0.5000
vt 0.0300 0.5000
vt 0.0300 0.5000
vt 0.0300 0.5000
vt 0.0300 0.5000
vt 0.0300 0.5000
vt 0.0300 0.5000
vt 0.6514 0.5000
vt 0.1910 0.5000
vt 0.2028 0.5000
vt 0.6514 0.5000
vt 0.1015 0.5000
vt 0.8344 0.5000
vt 0.9700 0.5000
vt 0.9700 0.5000
vt 0.6514 0.5000
vt 0.8344 0.5000
vt 0.0300 0.5000
vt 0.0300 0.5000
vt 0.0300 0.5000
vt 0.0300 0.5000
vt 0.0300 0.5000
vt 0.0300 0.5000
vt 0.0300 0.5000
vt 0.0300 0.5000
vt 0.9700 0.5000
vt 0.9700 0.5000
vt 0.9700 0.5000
vt 0.0305 0.5000
vt 0.0300 0.5000
vt 0.0300 0.5000
vt 0.0300 0.5000
vt 0.0300 0.5000
vt 0.0300 0.5000
vt 0.0300 0.5000
vt 0.0300 0.5000
vt 0.0300 0.5000
vt 0.0300 0.5000
vt 0.0300 0.5000
vt 0.0300 0.5000
vt 0.0300 0.5000
vt 0.0300 0.5000
vt 0.0300 0.5000
vt 0.0300 0.5000
vt 0.0300 0.5000
vt 0.0300 0.5000
vt 0.0300 0.5000
vt 0.0300 0.5000
vt 0.0300 0.5000
vt 0.0300 0.5000
vt 0.0300 0.5000
vt 0.0305 0.5000
vt 0.9700 0.5000
vt 0.9700 0.5000
vt 0.9700 0.5000
vt 0.0300 0.5000
vt 0.0300 0.5000
vt 0.0300 0.5000
vt 0.0300 0.5000
vt 0.0300 0.5000
vt 0.0300 0.5000
vt 0.0300 0.5000
vt 0.2549 0.5000
vt 0.1355 0.5000
vt 0.3535 0.5000
vt 0.0300 0.5000
vt 0.0300 0.5000
vt 0.0300 0.5000
vt 0.8419 0.5000
vt 0.2028 0.5000
vt 0.2729 0.5000
vt 0.9700 0.5000
vt 0.0300 0.5000
vt 0.0300 0.5000
vt 0.0300 0.5000
vt 0.3479 0.5000
vt 0.1015 0.5000
vt 0.2028 0.5000
vt 0.8419 0.5000
vt 0.0300 0.5000
vt 0.0300 0.5000
vt 0.0300 0.5000
vt 0.0300 0.5000
vt 0.0300 0.5000
vt 0.0300 0.5000
vt 0.0300 0.5000
vt 0.8344 0.5000
vt 0.1015 0.5000
vt 0.3479 0.5000
vt 0.0300 0.5000
vt 0.0300 0.5000
vt 0.0300 0.5000
vt 0.6778 0.5000
vt 0.9700 0.5000
vt 0.8344 0.5000
vt 0.1431 0.5000
vt 0.0300 0.5000
vt 0.0300 0.5000
vt 0.0300 0.5000
vt 0.0300 0.5000
vt 0.0300 0.5000
vt 0.0300 0.5000
vt 0.0300 0.5000
vt 0.0300 0.5000
vt 0.9700 0.5000
vt 0.6778 0.5000
vt 0.0709 0.5000
vt 0.0300 0.5000
vt 0.0300 0.5000
vt 0.0300 0.5000
vt 0.0300 0.5000
vt 0.8974 0.5000
vt 0.9700 0.5000
vt 0.9700 0.5000
vt 0.5908 0.5000
vt 0.9700 0.5000
vt 0.0300 0.5000
vt 0.5908 0.5000
vt 0.2898 0.5000
vt 0.1355 0.5000
vt 0.0305 0.5000
vt 0.0656 0.5000
vt 0.0300 0.5000
vt 0.0300 0.5000
vt 0.0300 0.5000
vt 0.0300 0.5000
vt 0.0300 0.5000
vt 0.0300 0.5000
vt 0.9700 0.5000
vt 0.8974 0.5000
vt 0.9700 0.5000
vt 0.0300 0.5000
vt 0.0300 0.5000
vt 0.0300 0.5000
vt 0.0300 0.5000
vt 0.0300 0.5000
vt 0.0300 0.5000
vt 0.0300 0.5000
vt 0.0300 0.5000
vt 0.3535 0.5000
vt 0.1355 0.5000
vt 0.2898 0.5000
vt 0.0300 0.5000
vt 0.0300 0.5000
vt 0.0300 0.5000
vt 0.2549 0.5000
vt 0.3535 0.5000
vt 0.9231 0.5000
vt 0.0300 0.5000
vt 0.0300 0.5000
vt 0.0300 0.5000
vt 0.9700 0.5000
vt 0.2549 0.5000
vt 0.9231 0.5000
vt 0.2786 0.5000
vt 0.1431 0.5000
vt 0.3479 0.5000
vt 0.8419 0.5000
vt 0.0300 0.5000
vt 0.0300 0.5000
vt 0.0300 0.5000
vt 0.0300 0.5000
vt 0.0300 0.5000
vt 0.0300 0.5000
vt 0.0300 0.5000
vt 0.0300 0.5000
vt 0.0300 0.5000
vt 0.0300 0.5000
vt 0.6778 0.5000
vt 0.1431 0.5000
vt 0.2786 0.5000
vt 0.3076 0.5000
vt 0.2786 0.5000
vt 0.8419 0.5000
vt 0.9199 0.5000
vt 0.0300 0.5000
vt 0.0300 0.5000
vt 0.0300 0.5000
vt 0.0300 0.5000
vt 0.0486 0.5000
vt 0.0709 0.5000
vt 0.2786 0.5000
vt 0.3076 0.5000
vt 0.0300 0.5000
vt 0.0300 0.5000
vt 0.0709 0.5000
vt 0.0486 0.5000
vt 0.0300 0.5000
vt 0.0300 0.5000
vt 0.0300 0.5000
vt 0.0300 0.5000
vt 0.0300 0.5000
vt 0.0300 0.5000
vt 0.0300 0.5000
vt 0.0300 0.5000
vt 0.5908 0.5000
vt 0.0300 0.5000
vt 0.0300 0.5000
vt 0.0300 0.5000
vt 0.8974 0.5000
vt 0.5908 0.5000
vt 0.0300 0.5000
vt 0.0300 0.5000
vt 0.0300 0.5000
vt 0.0300 0.5000
vt 0.0300 0.5000
vt 0.0300 0.5000
vt 0.0300 0.5000
vt 0.0300 0.5000
vt 0.0300 0.5000
vt 0.0300 0.5000
vt 0.0300 0.5000
vt 0.0300 0.5000
vt 0.0300 0.5000
vt 0.0300 0.5000
vt 0.0656 0.5000
vt 0.9700 0.5000
vt 0.0300 0.5000
vt 0.1508 0.5000
vt 0.9699 0.5000
vt 0.9581 0.5000
vt 0.9700 0.5000
vt 0.9231 0.5000
vt 0.0300 0.5000
vt 0.0300 0.5000
vt 0.0300 0.5000
vt 0.0300 0.5000
vt 0.0300 0.5000
vt 0.0300 0.5000
vt 0.0300 0.5000
vt 0.0300 0.5000
vt 0.0300 0.5000
vt 0.9199 0.5000
vt 0.8419 0.5000
vt 0.9700 0.5000
vt 0.9581 0.5000
vt 0.0300 0.5000
vt 0.0300 0.5000
vt 0.0300 0.5000
vt 0.0300 0.5000
vt 0.0300 0.5000
vt 0.0300 0.5000
vt 0.0300 0.5000
vt 0.9699 0.5000
vt 0.3383 0.5000
vt 0.9581 0.5000
vt 0.0300 0.5000
vt 0.0300 0.5000
vt 0.0300 0.5000
vt 0.6169 0.5000
vt 0.1085 0.5000
vt 0.3076 0.5000
vt 0.9199 0.5000
vt 0.0300 0.5000
vt 0.0300 0.5000
vt 0.0300 0.5000
vt 0.0300 0.5000
vt 0.0300 0.5000
vt 0.0300 0.5000
vt 0.0300 0.5000
vt 0.3076 0.5000
vt 0.1085 0.5000
vt 0.0486 0.5000
vt 0.0300 0.5000
vt 0.0300 0.5000
vt 0.0300 0.5000
vt 0.0300 0.5000
vt 0.0300 0.5000
vt 0.0300 0.5000
vt 0.0300 0.5000
vt 0.0300 0.5000
vt 0.0300 0.5000
vt 0.0386 0.5000
vt 0.0656 0.5000
vt 0.0300 0.5000
vt 0.0300 0.5000
vt 0.0300 0.5000
vt 0.0300 0.5000
vt 0.0300 0.5000
vt 0.0300 0.5000
vt 0.0300 0.5000
vt 0.0300 0.5000
vt 0.0300 0.5000
vt 0.1508 0.5000
vt 0.0300 0.5000
vt 0.3383 0.5000
vt 0.9699 0.5000
vt 0.9231 0.5000
vt 0.1917 0.5000
vt 0.0656 0.5000
vt 0.0386 0.5000
vt 0.1902 0.5000
vt 0.0300 0.5000
vt 0.0300 0.5000
vt 0.0300 0.5000
vt 0.0300 0.5000
vt 0.0300 0.5000
vt 0.0300 0.5000
vt 0.0300 0.5000
vt 0.0300 0.5000
vt 0.0300 0.5000
vt 0.0300 0.5000
vt 0.0300 0.5000
vt 0.0300 0.5000
vt 0.0300 0.5000
vt 0.0300 0.5000
vt 0.0300 0.5000
vt 0.0300 0.5000
vt 0.0300 0.5000
vt 0.0300 0.5000
vt 0.0300 0.5000
vt 0.0300 0.5000
vt 0.0300 0.5000
vt 0.0300 0.5000
vt 0.0300 0.5000
vt 0.0300 0.5000
vt 0.0300 0.5000
vt 0.1902 0.5000
vt 0.0636 0.5000
vt 0.1917 0.5000
vt 0.4327 0.5000
vt 0.3383 0.5000
vt 0.6169 0.5000
vt 0.9581 0.5000
vt 0.0300 0.5000
vt 0.0300 0.5000
vt 0.0300 0.5000
vt 0.0300 0.5000
vt 0.0300 0.5000
vt 0.0486 0.5000
vt 0.0300 0.5000
vt 0.0300 0.5000
vt 0.0300 0.5000
vt 0.0300 0.5000
vt 0.1085 0.5000
vt 0.6169 0.5000
vt 0.1917 0.5000
vt 0.0300 0.5000
vt 0.0300 0.5000
vt 0.0300 0.5000
vt 0.0300 0.5000
vt 0.0300 0.5000
vt 0.0300 0.5000
vt 0.0300 0.5000
vt 0.0300 0.5000
vt 0.0300 0.5000
vt 0.0300 0.5000
vt 0.0300 0.5000
vt 0.0300 0.5000
vt 0.0300 0.5000
vt 0.0300 0.5000
vt 0.0300 0.5000
vt 0.0300 0.5000
vt 0.0300 0.5000
vt 0.0300 0.5000
vt 0.0300 0.5000
vt 0.0300 0.5000
vt 0.0300 0.5000
vt 0.0300 0.5000
vt 0.0300 0.5000
vt 0.0300 0.5000
vt 0.0300 0.5000
vt 0.0300 0.5000
vt 0.0300 0.5000
vt 0.0300 0.5000
vt 0.0300 0.5000
vt 0.0386 0.5000
vt 0.0300 0.5000
vt 0.0300 0.5000
vt 0.0636 0.5000
vt 0.0386 0.5000
vt 0.0300 0.5000
vt 0.0300 0.5000
vt 0.0300 0.5000
vt 0.0300 0.5000
vt 0.0380 0.5000
vt 0.1917 0.5000
vt 0.0636 0.5000
vt 0.0300 0.5000
vt 0.0300 0.5000
vt 0.0300 0.5000
vt 0.0300 0.5000
vt 0.0300 0.5000
vt 0.0300 0.5000
vt 0.0300 0.5000
vt 0.0300 0.5000
vt 0.0300 0.5000
vt 0.0300 0.5000
vt 0.0300 0.5000
vt 0.0300 0.5000
vt 0.4327 0.5000
vt 0.0380 0.5000
vt 0.0724 0.5000
vt 0.0319 0.5000
vt 0.1917 0.5000
vt 0.3383 0.5000
vt 0.0724 0.5000
vt 0.0319 0.5000
vt 0.0300 0.5000
vt 0.1085 0.5000
vt 0.1917 0.5000
vt 0.0300 0.5000
vt 0.0300 0.5000
vt 0.0300 0.5000
vt 0.0300 0.5000
vt 0.0300 0.5000
vt 0.0300 0.5000
vt 0.0300 0.5000
vt 0.0319 0.5000
vt 0.0300 0.5000
vt 0.0300 0.5000
vt 0.0300 0.5000
vt 0.0300 0.5000
vt 0.0300 0.5000
vt 0.0300 0.5000
vt 0.0300 0.5000
vt 0.0300 0.5000
vt 0.0300 0.5000
vt 0.0300 0.5000
vt 0.0300 0.5000
vt 0.0300 0.5000
vt 0.0300 0.5000
vt 0.0300 0.5000
vt 0.0300 0.5000
vt 0.0300 0.5000
vt 0.0300 0.5000
vt 0.0300 0.5000
vt 0.0300 0.5000
vt 0.0300 0.5000
vt 0.0300 0.5000
vt 0.0300 0.5000
vt 0.0300 0.5000
vt 0.0300 0.5000
vt 0.0300 0.5000
vt 0.0300 0.5000
vt 0.0300 0.5000
vt 0.0300 0.5000
vt 0.0300 0.5000
vt 0.0300 0.5000
vt 0.0300 0.5000
vt 0.0300 0.5000
vt 0.0300 0.5000
vt 0.0300 0.5000
vt 0.0300 0.5000
vt 0.0300 0.5000
vt 0.0300 0.5000
vt 0.0300 0.5000
vt 0.0300 0.5000
vt 0.0300 0.5000
vt 0.0300 0.5000
vt 0.0300 0.5000
vt 0.0300 0.5000
vt 0.0300 0.5000
vt 0.0300 0.5000
vt 0.0300 0.5000
vt 0.0300 0.5000
vt 0.0300 0.5000
vt 0.0300 0.5000
vt 0.0300 0.5000
vt 0.0300 0.5000
vt 0.0300 0.5000
vt 0.0300 0.5000
vt 0.0380 0.5000
vt 0.0300 0.5000
vt 0.0300 0.5000
vt 0.0300 0.5000
vt 0.0300 0.5000
vt 0.0300 0.5000
vt 0.0300 0.5000
vt 0.0300 0.5000
vt 0.0300 0.5000
vt 0.0300 0.5000
vt 0.0300 0.5000
vt 0.0300 0.5000
vt 0.0319 0.5000
vt 0.0724 0.5000
vt 0.0300 0.5000
vt 0.0300 0.5000
vt 0.0300 0.5000
vt 0.0300 0.5000
vt 0.0300 0.5000
vt 0.0300 0.5000
vt 0.0300 0.5000
vt 0.0300 0.5000
vt 0.0300 0.5000
vt 0.0300 0.5000
vt 0.0300 0.5000
vt 0.0300 0.5000
vt 0.0300 0.5000
vt 0.0300 0.5000
vt 0.0300 0.5000
vt 0.0300 0.5000
vt 0.0300 0.5000
vt 0.0300 0.5000
vt 0.0300 0.5000
vt 0.0300 0.5000
vt 0.0300 0.5000
vt 0.0300 0.5000
vt 0.0300 0.5000
vt 0.0300 0.5000
vt 0.0300 0.5000
vt 0.0300 0.5000
vt 0.0300 0.5000
vt 0.0300 0.5000
vt 0.0300 0.5000
vt 0.0300 0.5000
vt 0.0300 0.5000
vt 0.0300 0.5000
vt 0.0300 0.5000
vt 0.0300 0.5000
vt 0.0300 0.5000
vt 0.0300 0.5000
vt 0.0300 0.5000
vt 0.0300 0.5000
vt 0.0300 0.5000
vt 0.0300 0.5000
vt 0.0300 0.5000
vt 0.0300 0.5000
vt 0.0300 0.5000
vt 0.0300 0.5000
vt 0.0300 0.5000
vt 0.0300 0.5000
vt 0.0300 0.5000
vt 0.0300 0.5000
vt 0.0300 0.5000
vt 0.0300 0.5000
vt 0.0300 0.5000
vt 0.0300 0.5000
vt 0.0300 0.5000
vt 0.0300 0.5000
vt 0.0300 0.5000
vt 0.0300 0.5000
vt 0.0300 0.5000
vt 0.0300 0.5000
vt 0.0300 0.5000
vt 0.0300 0.5000
vt 0.0300 0.5000
vt 0.0300 0.5000
vt 0.0300 0.5000
vt 0.0300 0.5000
vt 0.0300 0.5000
vt 0.0300 0.5000
vt 0.0300 0.5000
vt 0.0300 0.5000
vt 0.0300 0.5000
vt 0.0300 0.5000
vt 0.0300 0.5000
vt 0.0300 0.5000
vt 0.0300 0.5000
vt 0.0300 0.5000
vt 0.0300 0.5000
vt 0.0300 0.5000
vt 0.0300 0.5000
vt 0.0300 0.5000
vt 0.0300 0.5000
vt 0.0300 0.5000
vt 0.0300 0.5000
vt 0.0300 0.5000
vt 0.0300 0.5000
vt 0.0300 0.5000
vt 0.0300 0.5000
vt 0.0300 0.5000
vt 0.0300 0.5000
vt 0.0300 0.5000
vt 0.0300 0.5000
vt 0.0300 0.5000
vt 0.0300 0.5000
vt 0.0300 0.5000
vt 0.0300 0.5000
vt 0.0300 0.5000
vt 0.0300 0.5000
vt 0.0300 0.5000
vt 0.0300 0.5000
vt 0.0300 0.5000
vt 0.0300 0.5000
vt 0.0300 0.5000
vt 0.0300 0.5000
vt 0.0300 0.5000
vt 0.0300 0.5000
vt 0.0300 0.5000
vt 0.0300 0.5000
vt 0.0300 0.5000
vt 0.0300 0.5000
vt 0.0300 0.5000
vt 0.0300 0.5000
vt 0.0300 0.5000
vt 0.0300 0.5000
vt 0.0300 0.5000
vt 0.0300 0.5000
vt 0.0300 0.5000
vt 0.0300 0.5000
vt 0.0300 0.5000
vt 0.0300 0.5000
vt 0.0300 0.5000
vt 0.0300 0.5000
vt 0.0300 0.5000
vt 0.0300 0.5000
vt 0.0300 0.5000
vt 0.0300 0.5000
vt 0.0300 0.5000
vt 0.0300 0.5000
vt 0.0300 0.5000
vt 0.0300 0.5000
vt 0.0300 0.5000
vt 0.0300 0.5000
vt 0.0300 0.5000
vt 0.0300 0.5000
vt 0.0300 0.5000
vt 0.0300 0.5000
vt 0.0300 0.5000
vt 0.0300 0.5000
vt 0.0300 0.5000
vt 0.0300 0.5000
vt 0.0300 0.5000
vt 0.0300 0.5000
vt 0.0300 0.5000
vt 0.0300 0.5000
vt 0.0300 0.5000
vt 0.0300 0.5000
vt 0.0300 0.5000
vt 0.0300 0.5000
vt 0.0300 0.5000
vt 0.0300 0.5000
vt 0.0300 0.5000
vt 0.0300 0.5000
vt 0.0300 0.5000
vt 0.0300 0.5000
vt 0.0300 0.5000
vt 0.0300 0.5000
vt 0.0300 0.5000
vt 0.0300 0.5000
vt 0.0300 0.5000
vt 0.0300 0.5000
vt 0.0300 0.5000
vt 0.0300 0.5000
vt 0.0300 0.5000
vt 0.0300 0.5000
vt 0.0300 0.5000
vt 0.0300 0.5000
vt 0.0300 0.5000
vt 0.0300 0.5000
vt 0.0300 0.5000
vt 0.0300 0.5000
vt 0.0300 0.5000
vt 0.0300 0.5000
vt 0.0300 0.5000
vt 0.0300 0.5000
vt 0.0300 0.5000
vt 0.0300 0.5000
vt 0.0300 0.5000
vt 0.0300 0.5000
vt 0.0300 0.5000
vt 0.0300 0.5000
vt 0.0300 0.5000
vt 0.0300 0.5000
vt 0.0300 0.5000
vt 0.0300 0.5000
vt 0.0300 0.5000
vt 0.0300 0.5000
vt 0.0300 0.5000
vt 0.0300 0.5000
vt 0.0300 0.5000
vt 0.0300 0.5000
vt 0.0300 0.5000
vt 0.0300 0.5000
vt 0.0300 0.5000
vt 0.0300 0.5000
vt 0.0300 0.5000
vt 0.0300 0.5000
vt 0.0300 0.5000
vt 0.0300 0.5000
vt 0.0300 0.5000
vt 0.0300 0.5000
vt 0.0300 0.5000
vt 0.0300 0.5000
vt 0.0300 0.5000
vt 0.0300 0.5000
vt 0.0300 0.5000
vt 0.0300 0.5000
vt 0.0300 0.5000
vt 0.0300 0.5000
vt 0.0300 0.5000
vt 0.0300 0.5000
vt 0.0300 0.5000
vt 0.0300 0.5000
vt 0.0300 0.5000
vt 0.0300 0.5000
vt 0.0300 0.5000
vt 0.0300 0.5000
vt 0.0300 0.5000
vt 0.0300 0.5000
vt 0.0300 0.5000
vt 0.0300 0.5000
vt 0.0300 0.5000
vt 0.0300 0.5000
vt 0.0300 0.5000
vt 0.0300 0.5000
vt 0.0300 0.5000
vt 0.0300 0.5000
vt 0.0300 0.5000
vt 0.0300 0.5000
vt 0.0300 0.5000
vt 0.0300 0.5000
vt 0.0300 0.5000
vt 0.0300 0.5000
vt 0.0300 0.5000
vt 0.0300 0.5000
vt 0.0300 0.5000
vt 0.0300 0.5000
vt 0.0300 0.5000
vt 0.0300 0.5000
vt 0.0300 0.5000
vt 0.0300 0.5000
vt 0.0300 0.5000
vt 0.0300 0.5000
vt 0.0300 0.5000
vt 0.0300 0.5000
vt 0.0300 0.5000
vt 0.0300 0.5000
vt 0.0300 0.5000
vt 0.0300 0.5000
vt 0.0300 0.5000
vt 0.0300 0.5000
vt 0.0300 0.5000
vt 0.0300 0.5000
vt 0.0300 0.5000
vt 0.0300 0.5000
vt 0.0300 0.5000
vt 0.0300 0.5000
vt 0.0300 0.5000
vt 0.0300 0.5000
vt 0.0300 0.5000
vt 0.0300 0.5000
vt 0.0300 0.5000
vt 0.0300 0.5000
vt 0.0300 0.5000
vt 0.0300 0.5000
vt 0.0300 0.5000
vt 0.0300 0.5000
vt 0.0300 0.5000
vt 0.0300 0.5000
vt 0.0300 0.5000
vt 0.0300 0.5000
vt 0.0300 0.5000
vt 0.0300 0.5000
vt 0.0300 0.5000
vt 0.0300 0.5000
vt 0.0300 0.5000
vt 0.0300 0.5000
vt 0.0300 0.5000
vt 0.0300 0.5000
vt 0.0300 0.5000
vt 0.0300 0.5000
vt 0.0300 0.5000
vt 0.0300 0.5000
vt 0.0300 0.5000
vt 0.0300 0.5000
vt 0.0300 0.5000
vt 0.0300 0.5000
vt 0.0300 0.5000
vt 0.0300 0.5000
vt 0.0300 0.5000
vt 0.0300 0.5000
vt 0.0300 0.5000
vt 0.0300 0.5000
vt 0.0300 0.5000
vt 0.0300 0.5000
vt 0.0300 0.5000
vt 0.0300 0.5000
vt 0.0300 0.5000
vt 0.0300 0.5000
vt 0.0300 0.5000
vt 0.0300 0.5000
vt 0.0300 0.5000
vt 0.0300 0.5000
vt 0.0300 0.5000
vt 0.0300 0.5000
vt 0.0300 0.5000
vt 0.0300 0.5000
vt 0.0300 0.5000
vt 0.0300 0.5000
vt 0.0300 0.5000
vt 0.0300 0.5000
vt 0.0300 0.5000
vt 0.0300 0.5000
vt 0.0300 0.5000
vt 0.0300 0.5000
vt 0.0300 0.5000
vt 0.0300 0.5000
vt 0.0300 0.5000
vt 0.0300 0.5000
vt 0.0300 0.5000
vt 0.0300 0.5000
vt 0.0300 0.5000
vt 0.0300 0.5000
vt 0.0300 0.5000
vt 0.0300 0.5000
vt 0.0300 0.5000
vt 0.0300 0.5000
vt 0.0300 0.5000
vt 0.0300 0.5000
vt 0.0300 0.5000
vt 0.0300 0.5000
vt 0.0300 0.5000
vt 0.0300 0.5000
vt 0.0300 0.5000
vt 0.0300 0.5000
vt 0.0300 0.5000
vt 0.0300 0.5000
vt 0.0300 0.5000
vt 0.2601 0.5000
vt 0.0300 0.5000
vt 0.0300 0.5000
vt 0.0300 0.5000
vt 0.0300 0.5000
vt 0.0300 0.5000
vt 0.0300 0.5000
vt 0.0300 0.5000
vt 0.0300 0.5000
vt 0.0300 0.5000
vt 0.0300 0.5000
vt 0.0300 0.5000
vt 0.0300 0.5000
vt 0.0300 0.5000
vt 0.0300 0.5000
vt 0.0300 0.5000
vt 0.0300 0.5000
vt 0.0300 0.5000
vt 0.0300 0.5000
vt 0.0300 0.5000
vt 0.0300 0.5000
vt 0.0300 0.5000
vt 0.0300 0.5000
vt 0.0300 0.5000
vt 0.0300 0.5000
vt 0.0300 0.5000
vt 0.0300 0.5000
vt 0.0300 0.5000
vt 0.0300 0.5000
vt 0.0300 0.5000
vt 0.0300 0.5000
vt 0.0300 0.5000
vt 0.0300 0.5000
vt 0.0300 0.5000
vt 0.0300 0.5000
vt 0.0300 0.5000
vt 0.0300 0.5000
vt 0.0300 0.5000
vt 0.0300 0.5000
vt 0.0300 0.5000
vt 0.0300 0.5000
vt 0.0300 0.5000
vt 0.0300 0.5000
vt 0.0300 0.5000
vt 0.0300 0.5000
vt 0.0300 0.5000
vt 0.0300 0.5000
vt 0.0300 0.5000
vt 0.0300 0.5000
vt 0.0300 0.5000
vt 0.0300 0.5000
vt 0.0300 0.5000
vt 0.0300 0.5000
vt 0.0300 0.5000
vt 0.0300 0.5000
vt 0.0300 0.5000
vt 0.0300 0.5000
vt 0.0300 0.5000
vt 0.0300 0.5000
vt 0.0300 0.5000
vt 0.0300 0.5000
vt 0.0300 0.5000
vt 0.0300 0.5000
vt 0.0300 0.5000
vt 0.0300 0.5000
vt 0.0300 0.5000
vt 0.0300 0.5000
vt 0.0300 0.5000
vt 0.0300 0.5000
vt 0.0300 0.5000
vt 0.0300 0.5000
vt 0.0300 0.5000
vt 0.0300 0.5000
vt 0.0300 0.5000
vt 0.0300 0.5000
vt 0.0300 0.5000
vt 0.0300 0.5000
vt 0.0300 0.5000
vt 0.0300 0.5000
vt 0.0300 0.5000
vt 0.0300 0.5000
vt 0.0300 0.5000
vt 0.0300 0.5000
vt 0.0300 0.5000
vt 0.0300 0.5000
vt 0.0300 0.5000
vt 0.0300 0.5000
vt 0.0300 0.5000
vt 0.0300 0.5000
vt 0.0300 0.5000
vt 0.0300 0.5000
vt 0.0300 0.5000
vt 0.0300 0.5000
vt 0.0300 0.5000
vt 0.0300 0.5000
vt 0.0300 0.5000
vt 0.0300 0.5000
vt 0.0300 0.5000
vt 0.0300 0.5000
vt 0.0300 0.5000
vt 0.2142 0.5000
vt 0.0300 0.5000
vt 0.0300 0.5000
vt 0.0300 0.5000
vt 0.0300 0.5000
vt 0.0300 0.5000
vt 0.0300 0.5000
vt 0.0300 0.5000
vt 0.0300 0.5000
vt 0.1441 0.5000
vt 0.0300 0.5000
vt 0.0300 0.5000
vt 0.0300 0.5000
vt 0.0300 0.5000
vt 0.0300 0.5000
vt 0.0300 0.5000
vt 0.0300 0.5000
vt 0.0300 0.5000
vt 0.0300 0.5000
vt 0.0300 0.5000
vt 0.0300 0.5000
vt 0.0300 0.5000
vt 0.0300 0.5000
vt 0.0300 0.5000
vt 0.0300 0.5000
vt 0.0300 0.5000
vt 0.0300 0.5000
vt 0.0300 0.5000
vt 0.0300 0.5000
vt 0.0300 0.5000
vt 0.0300 0.5000
vt 0.0300 0.5000
vt 0.0300 0.5000
vt 0.0300 0.5000
vt 0.0300 0.5000
vt 0.0300 0.5000
vt 0.0300 0.5000
vt 0.0300 0.5000
vt 0.0300 0.5000
vt 0.0300 0.5000
vt 0.0300 0.5000
vt 0.0300 0.5000
vt 0.0300 0.5000
vt 0.0300 0.5000
vt 0.0300 0.5000
vt 0.0300 0.5000
vt 0.0300 0.5000
vt 0.0300 0.5000
vt 0.0300 0.5000
vt 0.0300 0.5000
vt 0.0300 0.5000
vt 0.0300 0.5000
vt 0.0300 0.5000
vt 0.0300 0.5000
vt 0.0300 0.5000
vt 0.0300 0.5000
vt 0.0300 0.5000
vt 0.0300 0.5000
vt 0.0300 0.5000
vt 0.0300 0.5000
vt 0.0300 0.5000
vt 0.0300 0.5000
vt 0.0300 0.5000
vt 0.0300 0.5000
vt 0.0300 0.5000
vt 0.0300 0.5000
vt 0.0300 0.5000
vt 0.0300 0.5000
vt 0.0300 0.5000
vt 0.0300 0.5000
vt 0.0300 0.5000
vt 0.0300 0.5000
vt 0.0300 0.5000
vt 0.0300 0.5000
vt 0.0300 0.5000
vt 0.0300 0.5000
vt 0.0300 0.5000
vt 0.0300 0.5000
vt 0.0300 0.5000
vt 0.0300 0.5000
vt 0.0300 0.5000
vt 0.0300 0.5000
vt 0.0300 0.5000
vt 0.0300 0.5000
vt 0.0300 0.5000
vt 0.0300 0.5000
vt 0.0300 0.5000
vt 0.0300 0.5000
vt 0.0300 0.5000
vt 0.0300 0.5000
vt 0.0300 0.5000
vt 0.0300 0.5000
vt 0.0300 0.5000
vt 0.0300 0.5000
vt 0.0300 0.5000
vt 0.0300 0.5000
vt 0.0300 0.5000
vt 0.0300 0.5000
vt 0.0300 0.5000
vt 0.0300 0.5000
vt 0.0300 0.5000
vt 0.0300 0.5000
vt 0.0300 0.5000
vt 0.0300 0.5000
vt 0.0300 0.5000
vt 0.0300 0.5000
vt 0.0300 0.5000
vt 0.0300 0.5000
vt 0.0300 0.5000
vt 0.0300 0.5000
vt 0.0300 0.5000
vt 0.0300 0.5000
vt 0.0300 0.5000
vt 0.0300 0.5000
vt 0.0300 0.5000
vt 0.0300 0.5000
vt 0.0300 0.5000
vt 0.0300 0.5000
vt 0.0300 0.5000
vt 0.0300 0.5000
vt 0.0300 0.5000
vt 0.0300 0.5000
vt 0.0300 0.5000
vt 0.0300 0.5000
vt 0.0300 0.5000
vt 0.0300 0.5000
vt 0.0300 0.5000
vt 0.0300 0.5000
vt 0.0300 0.5000
vt 0.0300 0.5000
vt 0.0300 0.5000
vt 0.0300 0.5000
vt 0.0300 0.5000
vt 0.0300 0.5000
vt 0.0300 0.5000
vt 0.0300 0.5000
vt 0.0300 0.5000
vt 0.0300 0.5000
vt 0.0300 0.5000
vt 0.0300 0.5000
vt 0.0300 0.5000
vt 0.0300 0.5000
vt 0.0300 0.5000
vt 0.0300 0.5000
vt 0.0300 0.5000
vt 0.0300 0.5000
vt 0.0300 0.5000
vt 0.0300 0.5000
vt 0.0300 0.5000
vt 0.0300 0.5000
vt 0.0300 0.5000
vt 0.0300 0.5000
vt 0.0300 0.5000
vt 0.0300 0.5000
vt 0.0300 0.5000
vt 0.0300 0.5000
vt 0.0300 0.5000
vt 0.0300 0.5000
vt 0.3813 0.5000
vt 0.5099 0.5000
vt 0.0300 0.5000
vt 0.0300 0.5000
vt 0.0300 0.5000
vt 0.0300 0.5000
vt 0.1481 0.5000
vt 0.0300 0.5000
vt 0.0300 0.5000
vt 0.0300 0.5000
vt 0.0300 0.5000
vt 0.0300 0.5000
vt 0.0300 0.5000
vt 0.0300 0.5000
vt 0.3932 0.5000
vt 0.0301 0.5000
vt 0.0300 0.5000
vt 0.0300 0.5000
vt 0.0300 0.5000
vt 0.5092 0.5000
vt 0.0300 0.5000
vt 0.0300 0.5000
vt 0.5095 0.5000
vt 0.3820 0.5000
vt 0.5072 0.5000
vt 0.0300 0.5000
vt 0.0300 0.5000
vt 0.0300 0.5000
vt 0.0300 0.5000
vt 0.0300 0.5000
vt 0.5040 0.5000
vt 0.0300 0.5000
vt 0.0300 0.5000
vt 0.5092 0.5000
vt 0.5099 0.5000
vt 0.5206 0.5000
vt 0.0300 0.5000
vt 0.0300 0.5000
vt 0.8126 0.5000
vt 0.0300 0.5000
vt 0.0300 0.5000
vt 0.7403 0.5000
vt 0.1481 0.5000
vt 0.0300 0.5000
vt 0.5072 0.5000
vt 0.0300 0.5000
vt 0.0300 0.5000
vt 0.1481 0.5000
vt 0.5104 0.5000
vt 0.0300 0.5000
vt 0.0300 0.5000
vt 0.5206 0.5000
vt 0.9700 0.5000
vt 0.5104 0.5000
vt 0.5206 0.5000
vt 0.9700 0.5000
vt 0.0300 0.5000
vt 0.8126 0.5000
vt 0.0300 0.5000
vt 0.0300 0.5000
vt 0.5104 0.5000
vt 0.0300 0.5000
vt 0.0300 0.5000
vt 0.1441 0.5000
vt 0.4989 0.5000
vt 0.3813 0.5000
vt 0.0300 0.5000
vt 0.5065 0.5000
vt 0.0300 0.5000
vt 0.8126 0.5000
vt 0.9700 0.5000
vt 0.0300 0.5000
vt 0.9700 0.5000
vt 0.3932 0.5000
vt 0.0300 0.5000
vt 0.9700 0.5000
vt 0.5095 0.5000
vt 0.3820 0.5000
vt 0.0300 0.5000
vt 0.8619 0.5000
vt 0.0300 0.5000
vt 0.9700 0.5000
vt 0.7403 0.5000
vt 0.5065 0.5000
vt 0.1481 0.5000
vt 0.9700 0.5000
vt 0.9700 0.5000
vt 0.9700 0.5000
vt 0.5099 0.5000
vt 0.3813 0.5000
vt 0.5104 0.5000
vt 0.9700 0.5000
vt 0.9700 0.5000
vt 0.9700 0.5000
vt 0.2794 0.5000
vt 0.0301 0.5000
vt 0.9700 0.5000
vt 0.9700 0.5000
vt 0.5092 0.5000
vt 0.5095 0.5000
vt 0.9700 0.5000
vt 0.0300 0.5000
vt 0.0300 0.5000
vt 0.9700 0.5000
vt 0.0300 0.5000
vt 0.9700 0.5000
vt 0.5040 0.5000
vt 0.5092 0.5000
vt 0.9700 0.5000
vt 0.0300 0.5000
vt 0.0300 0.5000
vt 0.0300 0.5000
vt 0.9700 0.5000
vt 0.9700 0.5000
vt 0.5206 0.5000
vt 0.5099 0.5000
vt 0.0300 0.5000
vt 0.0300 0.5000
vt 0.0300 0.5000
vt 0.0300 0.5000
vt 0.5040 0.5000
vt 0.9700 0.5000
vt 0.9700 0.5000
vt 0.9700 0.5000
vt 0.1481 0.5000
vt 0.9700 0.5000
vt 0.9700 0.5000
vt 0.5065 0.5000
vt 0.9700 0.5000
vt 0.8126 0.5000
vt 0.9700 0.5000
vt 0.9700 0.5000
vt 0.9700 0.5000
vt 0.9700 0.5000
vt 0.9700 0.5000
vt 0.9700 0.5000
vt 0.8126 0.5000
vt 0.7403 0.5000
vt 0.9700 0.5000
vt 0.9700 0.5000
vt 0.9700 0.5000
vt 0.9700 0.5000
vt 0.9700 0.5000
vt 0.9700 0.5000
vt 0.9700 0.5000
vt 0.9700 0.5000
vt 0.9700 0.5000
vt 0.9700 0.5000
vt 0.9700 0.5000
vt 0.9700 0.5000
vt 0.9700 0.5000
vt 0.9700 0.5000
vt 0.9700 0.5000
vt 0.9700 0.5000
vt 0.9700 0.5000
vt 0.9700 0.5000
vt 0.9700 0.5000
vt 0.9700 0.5000
vt 0.9700 0.5000
vt 0.9700 0.5000
vt 0.9700 0.5000
vt 0.9700 0.5000
vt 0.9700 0.5000
vt 0.5072 0.5000
vt 0.3820 0.5000
vt 0.0300 0.5000
vt 0.9700 0.5000
vt 0.0300 0.5000
vt 0.9700 0.5000
vt 0.9700 0.5000
vt 0.9700 0.5000
vt 0.9700 0.5000
vt 0.9700 0.5000
vt 0.9700 0.5000
vt 0.9700 0.5000
vt 0.9700 0.5000
vt 0.4989 0.5000
vt 0.1441 0.5000
vt 0.6102 0.5000
vt 0.9700 0.5000
vt 0.9700 0.5000
vt 0.9700 0.5000
vt 0.9700 0.5000
vt 0.9700 0.5000
vt 0.5072 0.5000
vt 0.9700 0.5000
vt 0.9700 0.5000
vt 0.9700 0.5000
vt 0.9700 0.5000
vt 0.9700 0.5000
vt 0.9700 0.5000
vt 0.9700 0.5000
vt 0.9700 0.5000
vt 0.9700 0.5000
vt 0.9700 0.5000
vt 0.9700 0.5000
vt 0.9700 0.5000
vt 0.9700 0.5000
vt 0.9700 0.5000
vt 0.9700 0.5000
vt 0.9700 0.5000
vt 0.9700 0.5000
vt 0.9700 0.5000
vt 0.9700 0.5000
vt 0.9700 0.5000
vt 0.9700 0.5000
vt 0.9700 0.5000
vt 0.9700 0.5000
vt 0.9700 0.5000
vt 0.9700 0.5000
vt 0.9700 0.5000
vt 0.9700 0.5000
vt 0.9700 0.5000
vt 0.9700 0.5000
vt 0.6211 0.5000
vt 0.5105 0.5000
vt 0.5103 0.5000
vt 0.9700 0.5000
vt 0.9700 0.5000
vt 0.9700 0.5000
vt 0.5054 0.5000
vt 0.6299 0.5000
vt 0.9700 0.5000
vt 0.9700 0.5000
vt 0.9700 0.5000
vt 0.5186 0.5000
vt 0.9700 0.5000
vt 0.9700 0.5000
vt 0.5202 0.5000
vt 0.9700 0.5000
vt 0.5217 0.5000
vt 0.5202 0.5000
vt 0.9700 0.5000
vt 0.6299 0.5000
vt 0.9700 0.5000
vt 0.5106 0.5000
vt 0.5109 0.5000
vt 0.9700 0.5000
vt 0.9700 0.5000
vt 0.5018 0.5000
vt 0.9700 0.5000
vt 0.9700 0.5000
vt 0.1932 0.5000
vt 0.2699 0.5000
vt 0.2706 0.5000
vt 0.9700 0.5000
vt 0.9700 0.5000
vt 0.9700 0.5000
vt 0.5186 0.5000
vt 0.5171 0.5000
vt 0.9700 0.5000
vt 0.0300 0.5000
vt 0.0300 0.5000
vt 0.5021 0.5000
vt 0.9700 0.5000
vt 0.9700 0.5000
vt 0.5171 0.5000
vt 0.5112 0.5000
vt 0.4937 0.5000
vt 0.9700 0.5000
vt 0.9700 0.5000
vt 0.2706 0.5000
vt 0.6211 0.5000
vt 0.9700 0.5000
vt 0.9700 0.5000
vt 0.5217 0.5000
vt 0.9700 0.5000
vt 0.9700 0.5000
vt 0.4937 0.5000
vt 0.9700 0.5000
vt 0.5021 0.5000
vt 0.5019 0.5000
vt 0.9700 0.5000
vt 0.1812 0.5000
vt 0.5054 0.5000
vn 0.1509 -0.1937 0.9694
vn -0.0396 -0.1124 0.9929
vn -0.1336 -0.2523 0.9584
vn 0.1103 -0.6487 0.7530
vn -0.0111 -0.4592 0.8883
vn -0.1671 -0.5646 0.8083
vn 0.0074 0.9870 -0.1604
vn -0.1441 0.9881 -0.0546
vn 0.1177 0.9930 0.0091
vn -0.0138 -0.7345 0.6785
vn -0.1188 -0.6917 0.7123
vn -0.1513 -0.7403 0.6551
vn -0.1048 0.9424 0.3178
vn -0.1927 0.8850 0.4239
vn -0.0127 0.8732 0.4871
vn -0.0127 0.8732 0.4871
vn -0.2507 0.7931 0.5551
vn -0.0461 0.7908 0.6103
vn -0.0467 -0.3407 0.9390
vn -0.1336 -0.2523 0.9584
vn -0.3141 -0.4058 0.8583
vn -0.0844 0.9924 0.0892
vn -0.2994 0.9504 0.0838
vn -0.0967 0.9723 0.2128
vn -0.2493 0.5623 0.7885
vn -0.4398 0.4868 0.7548
vn -0.2544 0.4688 0.8459
vn -0.1927 0.8850 0.4239
vn -0.3447 0.8428 0.4135
vn -0.2507 0.7931 0.5551
vn -0.2507 0.7931 0.5551
vn -0.4064 0.6837 0.6061
vn -0.2351 0.7106 0.6632
vn -0.0025 0.9477 -0.3190
vn -0.1975 0.9557 -0.2181
vn 0.0074 0.9870 -0.1604
vn -0.1441 0.9881 -0.0546
vn -0.2994 0.9504 0.0838
vn -0.0844 0.9924 0.0892
vn -0.2625 -0.1220 0.9572
vn -0.4102 -0.0397 0.9111
vn -0.4964 -0.1804 0.8491
vn -0.3447 0.8428 0.4135
vn -0.4615 0.7332 0.4995
vn -0.2507 0.7931 0.5551
vn -0.4615 0.7332 0.4995
vn -0.5721 0.5922 0.5675
vn -0.4064 0.6837 0.6061
vn -0.1671 -0.5646 0.8083
vn -0.3141 -0.4058 0.8583
vn -0.3713 -0.5869 0.7195
vn -0.4064 0.6837 0.6061
vn -0.5721 0.5922 0.5675
vn -0.4297 0.5930 0.6809
vn -0.1188 -0.6917 0.7123
vn -0.3713 -0.5869 0.7195
vn -0.3424 -0.7089 0.6167
vn -0.3610 0.9003 0.2430
vn -0.4868 0.8025 0.3451
vn -0.3447 0.8428 0.4135
vn -0.4868 0.8025 0.3451
vn -0.5979 0.6841 0.4178
vn -0.4615 0.7332 0.4995
vn -0.3141 -0.4058 0.8583
vn -0.4165 -0.2648 0.8697
vn -0.5292 -0.4444 0.7228
vn -0.4964 -0.1804 0.8491
vn -0.5604 -0.0608 0.8260
vn -0.6795 -0.1418 0.7199
vn -0.4964 -0.1804 0.8491
vn -0.6795 -0.1418 0.7199
vn -0.6858 -0.2649 0.6779
vn -0.5979 0.6841 0.4178
vn -0.7010 0.5389 0.4672
vn -0.5721 0.5922 0.5675
vn -0.1975 0.9557 -0.2181
vn -0.3617 0.9246 -0.1191
vn -0.1441 0.9881 -0.0546
vn -0.5916 0.7597 0.2698
vn -0.7065 0.6308 0.3207
vn -0.5979 0.6841 0.4178
vn -0.7065 0.6308 0.3207
vn -0.8011 0.4822 0.3545
vn -0.7010 0.5389 0.4672
vn -0.3713 -0.5869 0.7195
vn -0.5292 -0.4444 0.7228
vn -0.5196 -0.6183 0.5897
vn -0.2279 -0.7502 0.6207
vn -0.3424 -0.7089 0.6167
vn -0.2586 -0.7801 0.5697
vn -0.5560 0.8229 0.1165
vn -0.6875 0.7050 0.1742
vn -0.5916 0.7597 0.2698
vn -0.6875 0.7050 0.1742
vn -0.7949 0.5706 0.2064
vn -0.7065 0.6308 0.3207
vn -0.5292 -0.4444 0.7228
vn -0.6397 -0.3486 0.6851
vn -0.6749 -0.5004 0.5424
vn -0.3424 -0.7089 0.6167
vn -0.5196 -0.6183 0.5897
vn -0.4627 -0.7078 0.5338
vn -0.6795 -0.1418 0.7199
vn -0.7914 -0.1314 0.5970
vn -0.8409 -0.2185 0.4951
vn -0.6858 -0.2649 0.6779
vn -0.8409 -0.2185 0.4951
vn -0.8209 -0.3333 0.4637
vn -0.7949 0.5706 0.2064
vn -0.8747 0.4249 0.2332
vn -0.8011 0.4822 0.3545
vn -0.1975 0.9557 -0.2181
vn -0.4361 0.8689 -0.2343
vn -0.3617 0.9246 -0.1191
vn -0.3617 0.9246 -0.1191
vn -0.5731 0.8096 -0.1272
vn -0.4729 0.8810 0.0132
vn -0.7509 0.6553 0.0819
vn -0.8714 0.4892 0.0356
vn -0.7949 0.5706 0.2064
vn -0.0025 0.9477 -0.3190
vn -0.2586 0.9018 -0.3464
vn -0.1975 0.9557 -0.2181
vn -0.5196 -0.6183 0.5897
vn -0.6749 -0.5004 0.5424
vn -0.6235 -0.5923 0.5103
vn -0.6805 0.7308 -0.0529
vn -0.7976 0.6023 -0.0325
vn -0.7509 0.6553 0.0819
vn -0.8714 0.4892 0.0356
vn -0.9245 0.3649 0.1103
vn -0.8747 0.4249 0.2332
vn -0.6749 -0.5004 0.5424
vn -0.7733 -0.4121 0.4819
vn -0.7612 -0.4930 0.4213
vn -0.6749 -0.5004 0.5424
vn -0.7612 -0.4930 0.4213
vn -0.6793 -0.5666 0.4664
vn -0.8409 -0.2185 0.4951
vn -0.9112 -0.2208 0.3478
vn -0.8978 -0.3455 0.2730
vn -0.8209 -0.3333 0.4637
vn -0.8978 -0.3455 0.2730
vn -0.8572 -0.4049 0.3181
vn -0.0025 0.9477 -0.3190
vn 0.0558 0.8984 -0.4356
vn -0.1319 0.8764 -0.4631
vn -0.8714 0.4892 0.0356
vn -0.9468 0.3209 -0.0221
vn -0.9245 0.3649 0.1103
vn -0.2586 0.9018 -0.3464
vn -0.4481 0.8116 -0.3749
vn -0.4361 0.8689 -0.2343
vn -0.4361 0.8689 -0.2343
vn -0.6105 0.7380 -0.2876
vn -0.5731 0.8096 -0.1272
vn -0.8255 0.5493 -0.1297
vn -0.9028 0.3841 -0.1937
vn -0.8714 0.4892 0.0356
vn -0.9468 0.3209 -0.0221
vn -0.9678 0.2319 -0.0980
vn -0.9834 0.1752 0.0478
vn -0.9670 -0.1753 0.1849
vn -0.9771 -0.2122 0.0136
vn -0.9614 -0.2649 0.0744
vn -0.9834 0.1752 0.0478
vn -0.9955 0.0876 -0.0370
vn -0.9934 0.0423 0.1067
vn -0.7252 0.6441 -0.2433
vn -0.8232 0.5088 -0.2520
vn -0.8255 0.5493 -0.1297
vn -0.9678 0.2319 -0.0980
vn -0.9460 0.2413 -0.2166
vn -0.9841 0.0888 -0.1536
vn -0.9955 0.0876 -0.0370
vn -0.9841 0.0888 -0.1536
vn -0.9937 -0.0455 -0.1020
vn -0.9378 -0.3038 0.1683
vn -0.9010 -0.4225 0.0988
vn -0.8978 -0.3455 0.2730
vn -0.9937 -0.0455 -0.1020
vn -0.9777 -0.1790 -0.1099
vn -0.9922 -0.1233 0.0192
vn -0.6105 0.7380 -0.2876
vn -0.4481 0.8116 -0.3749
vn -0.5908 0.6707 -0.4485
vn -0.9771 -0.2122 0.0136
vn -0.9338 -0.3563 -0.0322
vn -0.9614 -0.2649 0.0744
vn -0.9614 -0.2649 0.0744
vn -0.9338 -0.3563 -0.0322
vn -0.9378 -0.3038 0.1683
vn -0.9841 0.0888 -0.1536
vn -0.9546 0.0585 -0.2920
vn -0.9641 -0.0340 -0.2632
vn -0.9338 -0.3563 -0.0322
vn -0.8759 -0.4813 -0.0343
vn -0.9010 -0.4225 0.0988
vn -0.9028 0.3841 -0.1937
vn -0.8140 0.4556 -0.3602
vn -0.8582 0.3076 -0.4110
vn -0.9460 0.2413 -0.2166
vn -0.9110 0.2209 -0.3484
vn -0.9405 0.1155 -0.3195
vn -0.9777 -0.1790 -0.1099
vn -0.9437 -0.2950 -0.1499
vn -0.9771 -0.2122 0.0136
vn -0.8140 0.4556 -0.3602
vn -0.6985 0.5681 -0.4352
vn -0.7342 0.4179 -0.5352
vn -0.8140 0.4556 -0.3602
vn -0.7342 0.4179 -0.5352
vn -0.8582 0.3076 -0.4110
vn -0.8759 -0.4813 -0.0343
vn -0.8345 -0.5509 0.0070
vn -0.8648 -0.4995 0.0512
vn -0.9683 -0.1084 -0.2249
vn -0.9455 -0.2143 -0.2451
vn -0.9777 -0.1790 -0.1099
vn -0.4481 0.8116 -0.3749
vn -0.2843 0.8239 -0.4903
vn -0.4079 0.7297 -0.5487
vn -0.9405 0.1155 -0.3195
vn -0.8720 0.1329 -0.4712
vn -0.9057 -0.0225 -0.4233
vn -0.9641 -0.0340 -0.2632
vn -0.9057 -0.0225 -0.4233
vn -0.8891 -0.2126 -0.4054
vn -0.8900 -0.4228 -0.1705
vn -0.8454 -0.5044 -0.1757
vn -0.8759 -0.4813 -0.0343
vn -0.9683 -0.1084 -0.2249
vn -0.8891 -0.2126 -0.4054
vn -0.9455 -0.2143 -0.2451
vn -0.8582 0.3076 -0.4110
vn -0.7342 0.4179 -0.5352
vn -0.7757 0.2858 -0.5627
vn -0.5908 0.6707 -0.4485
vn -0.4079 0.7297 -0.5487
vn -0.4986 0.6143 -0.6115
vn -0.8891 -0.2126 -0.4054
vn -0.9057 -0.0225 -0.4233
vn -0.8519 -0.2347 -0.4681
vn -0.8223 -0.5051 -0.2621
vn -0.7954 -0.5516 -0.2513
vn -0.8454 -0.5044 -0.1757
vn -0.8519 -0.2347 -0.4681
vn -0.7318 -0.4772 -0.4866
vn -0.6856 -0.4325 -0.5855
vn -0.6856 -0.4325 -0.5855
vn -0.6598 -0.3611 -0.6590
vn -0.6072 -0.3951 -0.6894
vn -0.8720 0.1329 -0.4712
vn -0.7866 0.1380 -0.6018
vn -0.8259 0.0077 -0.5638
vn -0.9057 -0.0225 -0.4233
vn -0.8259 0.0077 -0.5638
vn -0.8275 -0.1464 -0.5421
vn -0.8275 -0.1464 -0.5421
vn -0.6966 -0.2867 -0.6577
vn -0.8519 -0.2347 -0.4681
vn -0.7342 0.4179 -0.5352
vn -0.5918 0.5036 -0.6294
vn -0.5855 0.3550 -0.7288
vn -0.7318 -0.4772 -0.4866
vn -0.7276 -0.4909 -0.4792
vn -0.6856 -0.4325 -0.5855
vn -0.4079 0.7297 -0.5487
vn -0.2843 0.8239 -0.4903
vn -0.2168 0.7297 -0.6485
vn -0.8259 0.0077 -0.5638
vn -0.6653 -0.0643 -0.7438
vn -0.6148 -0.1386 -0.7764
vn -0.7877 -0.4194 -0.4513
vn -0.7749 -0.4977 -0.3897
vn -0.8270 -0.4644 -0.3169
vn -0.8270 -0.4644 -0.3169
vn -0.7749 -0.4977 -0.3897
vn -0.7795 -0.5106 -0.3629
vn -0.8275 -0.1464 -0.5421
vn -0.6148 -0.1386 -0.7764
vn -0.6966 -0.2867 -0.6577
vn -0.6966 -0.2867 -0.6577
vn -0.7406 -0.4241 -0.5212
vn -0.7318 -0.4772 -0.4866
vn -0.7276 -0.4909 -0.4792
vn -0.8633 -0.3240 -0.3871
vn -0.6598 -0.3611 -0.6590
vn -0.7406 -0.4241 -0.5212
vn -0.8111 -0.3273 -0.4848
vn -0.7276 -0.4909 -0.4792
vn -0.7866 0.1380 -0.6018
vn -0.7806 0.1491 -0.6070
vn -0.7211 -0.0841 -0.6877
vn -0.2843 0.8239 -0.4903
vn -0.1319 0.8764 -0.4631
vn -0.2168 0.7297 -0.6485
vn -0.6653 -0.0643 -0.7438
vn -0.7211 -0.0841 -0.6877
vn -0.3056 -0.3650 -0.8794
vn -0.4986 0.6143 -0.6115
vn -0.4079 0.7297 -0.5487
vn -0.3413 0.5898 -0.7319
vn -0.6148 -0.1386 -0.7764
vn -0.1141 -0.2711 -0.9558
vn -0.1365 -0.1903 -0.9722
vn -0.6966 -0.2867 -0.6577
vn -0.2365 -0.1184 -0.9644
vn -0.6352 -0.2549 -0.7291
vn -0.8111 -0.3273 -0.4848
vn -0.9177 -0.2540 -0.3054
vn -0.8633 -0.3240 -0.3871
vn -0.7025 0.2535 -0.6650
vn -0.5855 0.3550 -0.7288
vn -0.6775 0.3065 -0.6687
vn -0.6775 0.3065 -0.6687
vn -0.6492 0.1043 -0.7534
vn -0.7806 0.1491 -0.6070
vn -0.8367 -0.2115 -0.5052
vn -0.8821 -0.2087 -0.4223
vn -0.8203 -0.2636 -0.5076
vn -0.1141 -0.2711 -0.9558
vn -0.3056 -0.3650 -0.8794
vn 0.2127 -0.3601 -0.9083
vn 0.2127 -0.3601 -0.9083
vn -0.2466 -0.5512 -0.7971
vn -0.1538 -0.2052 -0.9666
vn -0.5855 0.3550 -0.7288
vn -0.4230 0.4597 -0.7809
vn -0.3347 0.3399 -0.8789
vn -0.8111 -0.3273 -0.4848
vn -0.4459 -0.0774 -0.8917
vn -0.6404 -0.2425 -0.7287
vn -0.5855 0.3550 -0.7288
vn -0.3347 0.3399 -0.8789
vn -0.5006 0.3664 -0.7844
vn -0.9177 -0.2540 -0.3054
vn -0.6404 -0.2425 -0.7287
vn -0.6114 -0.4782 -0.6305
vn -0.6775 0.3065 -0.6687
vn -0.5006 0.3664 -0.7844
vn -0.6492 0.1043 -0.7534
vn -0.6492 0.1043 -0.7534
vn -0.5830 -0.3673 -0.7247
vn -0.7211 -0.0841 -0.6877
vn -0.6492 0.1043 -0.7534
vn -0.2094 0.4007 -0.8920
vn -0.2452 -0.0454 -0.9684
vn -0.6114 -0.4782 -0.6305
vn -0.2406 -0.7230 -0.6476
vn 0.2967 -0.5725 -0.7644
vn -0.1538 -0.2052 -0.9666
vn -0.1413 0.2666 -0.9534
vn 0.3198 -0.0316 -0.9470
vn 0.3198 -0.0316 -0.9470
vn -0.1413 0.2666 -0.9534
vn 0.1501 0.1674 -0.9744
vn 0.1501 0.1674 -0.9744
vn -0.3386 0.1887 -0.9218
vn -0.4459 -0.0774 -0.8917
vn -0.6404 -0.2425 -0.7287
vn -0.3011 -0.3136 -0.9005
vn -0.2406 -0.7230 -0.6476
vn -0.5006 0.3664 -0.7844
vn -0.3347 0.3399 -0.8789
vn -0.2921 0.3849 -0.8755
vn -0.2406 -0.7230 -0.6476
vn -0.3011 -0.3136 -0.9005
vn 0.2110 -0.5405 -0.8145
vn 0.2967 -0.5725 -0.7644
vn 0.9404 -0.2504 -0.2300
vn 0.9443 -0.2363 -0.2292
vn -0.2178 -0.6074 -0.7639
vn -0.4023 -0.4562 -0.7938
vn -0.4558 -0.6301 -0.6287
vn -0.3413 0.5898 -0.7319
vn -0.2168 0.7297 -0.6485
vn -0.1059 0.5720 -0.8134
vn -0.3413 0.5898 -0.7319
vn -0.1059 0.5720 -0.8134
vn -0.2045 0.4564 -0.8659
vn -0.1413 0.2666 -0.9534
vn -0.7534 0.0359 -0.6566
vn -0.6105 0.3791 -0.6954
vn -0.3386 0.1887 -0.9218
vn -0.6105 0.3791 -0.6954
vn -0.5402 0.0924 -0.8364
vn -0.6105 0.3791 -0.6954
vn -0.7534 0.0359 -0.6566
vn -0.7708 0.2484 -0.5867
vn -0.3011 -0.3136 -0.9005
vn -0.5402 0.0924 -0.8364
vn 0.3074 -0.6343 -0.7094
vn -0.4023 -0.4562 -0.7938
vn -0.2452 -0.0454 -0.9684
vn -0.2355 -0.3443 -0.9089
vn 0.9443 -0.2363 -0.2292
vn 0.8592 -0.4748 0.1905
vn 0.9661 -0.2449 -0.0814
vn -0.7431 -0.4230 -0.5186
vn -0.8787 -0.0915 -0.4686
vn -0.7534 0.0359 -0.6566
vn -0.6729 -0.3718 -0.6395
vn -0.8787 -0.0915 -0.4686
vn -0.7431 -0.4230 -0.5186
vn -0.7534 0.0359 -0.6566
vn -0.8787 -0.0915 -0.4686
vn -0.7925 -0.0195 -0.6096
vn -0.7708 0.2484 -0.5867
vn -0.7925 -0.0195 -0.6096
vn -0.3914 -0.2733 -0.8787
vn -0.3347 0.3399 -0.8789
vn -0.2045 0.4564 -0.8659
vn -0.1167 0.2862 -0.9510
vn 0.3074 -0.6343 -0.7094
vn 0.2624 -0.6520 -0.7114
vn 0.8098 -0.5859 0.0309
vn -0.2452 -0.0454 -0.9684
vn -0.0493 0.2301 -0.9719
vn -0.0251 0.0039 -0.9997
vn 0.9679 -0.2509 0.0161
vn 0.8592 -0.4748 0.1905
vn 0.0017 -0.9393 0.3432
vn -0.2355 -0.3443 -0.9089
vn -0.0251 0.0039 -0.9997
vn -0.3065 -0.1741 -0.9358
vn -0.2355 -0.3443 -0.9089
vn -0.3065 -0.1741 -0.9358
vn -0.4984 -0.4848 -0.7188
vn -0.4984 -0.4848 -0.7188
vn -0.3065 -0.1741 -0.9358
vn -0.6729 -0.3718 -0.6395
vn 0.1649 0.0051 0.9863
vn -0.1535 -0.1980 0.9681
vn 0.2666 -0.1951 0.9438
vn -0.6729 -0.3718 -0.6395
vn -0.3065 -0.1741 -0.9358
vn -0.8787 -0.0915 -0.4686
vn -0.2045 0.4564 -0.8659
vn -0.1059 0.5720 -0.8134
vn 0.0302 0.4277 -0.9034
vn 0.2148 0.9628 -0.1639
vn -0.0014 0.9222 -0.3867
vn -0.1767 0.9727 -0.1507
vn 0.2803 0.4228 0.8618
vn 0.0000 0.3329 0.9430
vn 0.3000 0.1997 0.9328
vn 0.2803 0.4228 0.8618
vn -0.0223 0.5474 0.8366
vn 0.0000 0.3329 0.9430
vn 0.0003 -0.9217 0.3880
vn 0.2512 -0.7005 0.6680
vn -0.1920 -0.6928 0.6951
vn -0.0493 0.2301 -0.9719
vn -0.1167 0.2862 -0.9510
vn -0.0048 0.1296 -0.9916
vn 0.9265 -0.3652 -0.0909
vn 0.0097 -0.9134 0.4069
vn 0.8592 -0.4748 0.1905
vn 0.3236 0.5820 0.7460
vn 0.1522 0.7136 0.6838
vn -0.0223 0.5474 0.8366
vn -0.0251 0.0039 -0.9997
vn -0.0048 0.1296 -0.9916
vn 0.0229 -0.0030 -0.9997
vn 0.8592 -0.4748 0.1905
vn 0.0097 -0.9134 0.4069
vn 0.0017 -0.9393 0.3432
vn -0.3065 -0.1741 -0.9358
vn 0.0229 -0.0030 -0.9997
vn -0.0445 -0.1549 -0.9869
vn -0.1059 0.5720 -0.8134
vn -0.0723 0.6817 -0.7280
vn 0.1191 0.5634 -0.8175
vn -0.1167 0.2862 -0.9510
vn 0.0302 0.4277 -0.9034
vn 0.1174 0.3308 -0.9364
vn 0.6386 0.5971 0.4854
vn 0.3723 0.8201 0.4345
vn 0.1522 0.7136 0.6838
vn -0.1167 0.2862 -0.9510
vn 0.1174 0.3308 -0.9364
vn 0.0795 0.2390 -0.9678
vn 0.5453 0.8382 -0.0015
vn 0.2148 0.9628 -0.1639
vn 0.2651 0.9489 0.1712
vn -0.0225 -0.9561 -0.2922
vn -0.6481 -0.7549 0.1004
vn 0.0097 -0.9134 0.4069
vn 0.0097 -0.9134 0.4069
vn -0.8558 -0.4921 0.1593
vn 0.0017 -0.9393 0.3432
vn 0.7743 0.2885 0.5632
vn 0.6667 0.4918 0.5600
vn 0.5720 0.3611 0.7365
vn -0.0283 0.8110 -0.5844
vn 0.1283 0.6919 -0.7105
vn -0.0723 0.6817 -0.7280
vn 0.5940 -0.2334 0.7698
vn 0.2930 -0.4436 0.8470
vn 0.6094 -0.4968 0.6180
vn -0.0445 -0.1549 -0.9869
vn 0.2919 -0.2510 -0.9229
vn -0.0576 -0.4233 -0.9041
vn -0.0576 -0.4233 -0.9041
vn 0.2919 -0.2510 -0.9229
vn 0.3105 -0.4044 -0.8603
vn 0.2919 -0.2510 -0.9229
vn 0.4462 -0.4223 -0.7891
vn 0.8063 -0.2253 -0.5470
vn 0.0003 -0.9217 0.3880
vn 0.4612 -0.8021 0.3794
vn 0.2512 -0.7005 0.6680
vn 0.6094 -0.4968 0.6180
vn 0.2512 -0.7005 0.6680
vn 0.4612 -0.8021 0.3794
vn -0.6481 -0.7549 0.1004
vn 0.5552 -0.4447 -0.7028
vn -0.0783 -0.6913 -0.7183
vn 0.8941 0.4214 0.1519
vn 0.7110 0.6741 0.2003
vn 0.6386 0.5971 0.4854
vn 0.0795 0.2390 -0.9678
vn 0.0085 0.2252 -0.9743
vn -0.0048 0.1296 -0.9916
vn 0.3385 0.8517 -0.4000
vn -0.0014 0.9222 -0.3867
vn 0.2148 0.9628 -0.1639
vn -0.8558 -0.4921 0.1593
vn -0.9713 -0.2377 -0.0000
vn 0.0017 -0.9393 0.3432
vn -0.0445 -0.1549 -0.9869
vn 0.1409 -0.2720 -0.9519
vn 0.2919 -0.2510 -0.9229
vn 0.2919 -0.2510 -0.9229
vn 0.1409 -0.2720 -0.9519
vn 0.4462 -0.4223 -0.7891
vn 0.9773 0.1177 0.1764
vn 0.9191 0.3292 0.2168
vn 0.8984 0.2121 0.3845
vn 0.8304 -0.3345 0.4456
vn 0.6094 -0.4968 0.6180
vn 0.7337 -0.5904 0.3364
vn 0.1191 0.5634 -0.8175
vn 0.3034 0.4441 -0.8430
vn 0.0302 0.4277 -0.9034
vn 0.8234 -0.1209 -0.5544
vn 0.8063 -0.2253 -0.5470
vn 0.7896 0.0368 -0.6126
vn 0.9865 0.1552 -0.0530
vn 0.9191 0.3292 0.2168
vn 0.9773 0.1177 0.1764
vn 0.1174 0.3308 -0.9364
vn 0.2983 0.3249 -0.8975
vn 0.0795 0.2390 -0.9678
vn -0.8255 -0.5643 0.0098
vn 0.6057 -0.2943 -0.7393
vn -0.0666 -0.6872 -0.7234
vn 0.0795 0.2390 -0.9678
vn 0.1755 0.3525 -0.9192
vn 0.0085 0.2252 -0.9743
vn 0.9403 0.2602 -0.2194
vn 0.8481 0.5167 -0.1172
vn 0.8941 0.4214 0.1519
vn 0.1755 0.3525 -0.9192
vn -0.0087 0.2281 -0.9736
vn 0.0085 0.2252 -0.9743
vn 0.0085 0.2252 -0.9743
vn -0.0087 0.2281 -0.9736
vn -0.0418 0.0227 -0.9989
vn 0.0558 0.8984 -0.4356
vn 0.2218 0.8423 -0.4913
vn -0.0283 0.8110 -0.5844
vn -0.0061 -0.1070 -0.9942
vn 0.3521 -0.4106 -0.8411
vn 0.1409 -0.2720 -0.9519
vn 0.9773 -0.1177 -0.1764
vn 1.0000 -0.0000 0.0000
vn 0.9861 -0.1551 0.0601
vn -0.8558 -0.4921 0.1593
vn -0.9404 -0.2224 -0.2573
vn -0.9657 -0.2562 -0.0429
vn 0.1283 0.6919 -0.7105
vn 0.3242 0.5824 -0.7455
vn 0.1191 0.5634 -0.8175
vn 0.8192 -0.3875 -0.4228
vn 0.4293 -0.6052 -0.6704
vn 0.6466 -0.4400 -0.6231
vn 0.9403 0.2602 -0.2194
vn 0.9865 0.1552 -0.0530
vn 0.9638 0.0508 -0.2616
vn 0.6862 -0.7251 0.0570
vn 0.8735 -0.4766 0.0996
vn 0.7337 -0.5904 0.3364
vn 0.3034 0.4441 -0.8430
vn 0.2983 0.3249 -0.8975
vn 0.1174 0.3308 -0.9364
vn 0.3385 0.8517 -0.4000
vn 0.6460 0.7289 -0.2266
vn 0.6103 0.6239 -0.4881
vn -0.8846 -0.4406 -0.1529
vn 0.3379 -0.2213 -0.9148
vn -0.2795 -0.2905 -0.9152
vn 0.0003 -0.9217 0.3880
vn 0.2287 -0.9728 0.0365
vn 0.4612 -0.8021 0.3794
vn 0.2287 -0.9728 0.0365
vn 0.6862 -0.7251 0.0570
vn 0.4612 -0.8021 0.3794
vn -0.9413 -0.2551 -0.2210
vn -0.2811 -0.5702 -0.7719
vn -0.9404 -0.2224 -0.2573
vn 0.8049 0.3787 -0.4569
vn 0.9403 0.2602 -0.2194
vn 0.7990 0.1262 -0.5879
vn 0.3521 -0.4106 -0.8411
vn 0.4216 -0.6067 -0.6740
vn 0.4293 -0.6052 -0.6704
vn 0.4293 -0.6052 -0.6704
vn 0.4216 -0.6067 -0.6740
vn 0.6466 -0.4400 -0.6231
vn 0.7835 -0.5271 -0.3290
vn 0.9258 -0.3180 -0.2044
vn 0.9354 -0.3504 0.0468
vn 0.6637 -0.0610 -0.7455
vn 0.8891 -0.0185 -0.4573
vn 0.7823 -0.2005 -0.5897
vn 0.7990 0.1262 -0.5879
vn 0.8891 -0.0185 -0.4573
vn 0.6637 -0.0610 -0.7455
vn 0.4866 -0.8526 -0.1903
vn 0.7347 -0.6376 -0.2316
vn 0.6862 -0.7251 0.0570
vn 0.2063 0.2575 -0.9440
vn 0.1714 -0.1431 -0.9748
vn -0.1833 0.0416 -0.9822
vn 0.3034 0.4441 -0.8430
vn 0.4986 0.3276 -0.8025
vn 0.2983 0.3249 -0.8975
vn 0.6764 -0.2337 -0.6985
vn 0.7879 -0.3177 -0.5275
vn 0.2428 -0.7015 -0.6701
vn 0.7716 -0.3958 -0.4979
vn 0.8899 -0.2161 -0.4018
vn 0.9258 -0.3180 -0.2044
vn 0.1224 0.7759 -0.6189
vn -0.0014 0.9222 -0.3867
vn 0.3385 0.8517 -0.4000
vn 0.2428 -0.7015 -0.6701
vn 0.7879 -0.3177 -0.5275
vn -0.2811 -0.5702 -0.7719
vn 0.6637 -0.0610 -0.7455
vn 0.7823 -0.2005 -0.5897
vn 0.5415 -0.2831 -0.7916
vn 0.1512 0.7897 -0.5946
vn 0.2945 0.7089 -0.6409
vn 0.1283 0.6919 -0.7105
vn 0.4216 -0.6067 -0.6740
vn 0.3443 -0.5438 -0.7653
vn 0.6466 -0.4400 -0.6231
vn 0.5632 0.2854 -0.7755
vn 0.7990 0.1262 -0.5879
vn 0.4167 0.0275 -0.9086
vn 0.4216 -0.6067 -0.6740
vn 0.7256 -0.2669 -0.6343
vn 0.5976 -0.3307 -0.7304
vn 0.0280 -0.5633 -0.8257
vn -0.2517 -0.2996 -0.9203
vn 0.1714 -0.1431 -0.9748
vn 0.3242 0.5824 -0.7455
vn 0.5140 0.4768 -0.7131
vn 0.3034 0.4441 -0.8430
vn 0.4167 0.0275 -0.9086
vn 0.6637 -0.0610 -0.7455
vn 0.3294 -0.1865 -0.9256
vn -0.1833 0.0416 -0.9822
vn -0.1091 -0.2052 -0.9726
vn 0.1899 -0.2136 -0.9583
vn 0.0876 -0.9440 -0.3180
vn 0.3924 -0.7832 -0.4824
vn 0.4866 -0.8526 -0.1903
vn 0.4052 -0.1249 -0.9057
vn 0.8117 -0.3393 -0.4754
vn 0.6764 -0.2337 -0.6985
vn 0.5774 0.3845 -0.7203
vn 0.7410 0.2392 -0.6275
vn 0.6632 0.3327 -0.6704
vn 0.1224 0.7759 -0.6189
vn 0.4327 0.5529 -0.7121
vn 0.0795 0.5252 -0.8473
vn 0.7879 -0.3177 -0.5275
vn 0.8643 -0.2117 -0.4563
vn 0.6188 -0.4713 -0.6285
vn 0.3189 -0.4214 -0.8490
vn 0.5415 -0.2831 -0.7916
vn 0.5660 -0.4731 -0.6751
vn 0.7620 0.0170 -0.6474
vn 0.7410 0.2392 -0.6275
vn 0.7876 -0.0007 -0.6161
vn 0.3294 -0.1865 -0.9256
vn 0.5415 -0.2831 -0.7916
vn 0.3189 -0.4214 -0.8490
vn 0.8643 -0.2117 -0.4563
vn 0.8334 -0.2140 -0.5095
vn 0.8133 -0.2722 -0.5143
vn 0.2945 0.7089 -0.6409
vn 0.4862 0.6161 -0.6197
vn 0.3242 0.5824 -0.7455
vn 0.1184 0.2355 -0.9646
vn 0.4167 0.0275 -0.9086
vn -0.0004 -0.0184 -0.9998
vn 0.3443 -0.5438 -0.7653
vn 0.5009 -0.2687 -0.8227
vn 0.0280 -0.5633 -0.8257
vn 0.0280 -0.5633 -0.8257
vn 0.5009 -0.2687 -0.8227
vn -0.2517 -0.2996 -0.9203
vn -0.0000 -0.6676 -0.7445
vn 0.2925 -0.5723 -0.7661
vn 0.4306 -0.6778 -0.5960
vn -0.2517 -0.2996 -0.9203
vn 0.4053 -0.3396 -0.8488
vn -0.1091 -0.2052 -0.9726
vn 0.5140 0.4768 -0.7131
vn 0.6404 0.3548 -0.6812
vn 0.4986 0.3276 -0.8025
vn 0.4986 0.3276 -0.8025
vn 0.7410 0.2392 -0.6275
vn 0.5774 0.3845 -0.7203
vn 0.8117 -0.3393 -0.4754
vn 0.8589 -0.2696 -0.4354
vn 0.9174 -0.2202 -0.3316
vn -0.2925 -0.5723 -0.7661
vn -0.0000 -0.6676 -0.7445
vn -0.4245 -0.6809 -0.5968
vn 0.7876 -0.0007 -0.6161
vn 0.7472 -0.0591 -0.6620
vn 0.5009 -0.2687 -0.8227
vn -0.2829 0.8211 -0.4957
vn -0.0014 0.9222 -0.3867
vn 0.1224 0.7759 -0.6189
vn 0.0003 -0.9217 0.3880
vn -0.2961 -0.9529 0.0663
vn 0.2287 -0.9728 0.0365
vn 0.5009 -0.2687 -0.8227
vn 0.7229 -0.2916 -0.6264
vn 0.4053 -0.3396 -0.8488
vn 0.7749 -0.4977 -0.3897
vn 0.8270 -0.4644 -0.3169
vn 0.7795 -0.5106 -0.3629
vn -0.5839 0.2809 -0.7617
vn -0.3436 0.5519 -0.7599
vn -0.2540 0.2407 -0.9368
vn 0.6404 0.3548 -0.6812
vn 0.7556 0.1952 -0.6253
vn 0.7410 0.2392 -0.6275
vn 0.8589 -0.2696 -0.4354
vn 0.7397 -0.4774 -0.4743
vn 0.6405 -0.3630 -0.6768
vn -0.5614 -0.2709 -0.7819
vn -0.3189 -0.4214 -0.8490
vn -0.5736 -0.4735 -0.6683
vn -0.5614 -0.2709 -0.7819
vn -0.3201 -0.1915 -0.9278
vn -0.3189 -0.4214 -0.8490
vn 0.7749 -0.4977 -0.3897
vn 0.7877 -0.4194 -0.4513
vn 0.8270 -0.4644 -0.3169
vn 0.7472 -0.0591 -0.6620
vn 0.8287 -0.1282 -0.5448
vn 0.7229 -0.2916 -0.6264
vn -0.5711 -0.0719 -0.8177
vn -0.4175 0.0261 -0.9083
vn -0.3201 -0.1915 -0.9278
vn 0.4862 0.6161 -0.6197
vn 0.6483 0.5331 -0.5436
vn 0.5140 0.4768 -0.7131
vn 0.7229 -0.2916 -0.6264
vn 0.8287 -0.1282 -0.5448
vn 0.8351 -0.2846 -0.4708
vn -0.7572 -0.2998 -0.5804
vn -0.5736 -0.4735 -0.6683
vn -0.7600 -0.4486 -0.4703
vn 0.6404 0.3548 -0.6812
vn 0.7986 0.2924 -0.5261
vn 0.7556 0.1952 -0.6253
vn -0.7574 -0.0968 -0.6458
vn -0.5711 -0.0719 -0.8177
vn -0.5614 -0.2709 -0.7819
vn 0.7556 0.1952 -0.6253
vn 0.8695 0.1364 -0.4747
vn 0.8113 0.0522 -0.5823
vn -0.7984 0.1195 -0.5901
vn -0.5839 0.2809 -0.7617
vn -0.4175 0.0261 -0.9083
vn 0.3885 0.7497 -0.5357
vn 0.5622 0.6945 -0.4489
vn 0.4862 0.6161 -0.6197
vn 0.8113 0.0522 -0.5823
vn 0.9032 -0.0230 -0.4286
vn 0.8287 -0.1282 -0.5448
vn -0.6244 0.6123 -0.4850
vn -0.2829 0.8211 -0.4957
vn -0.3436 0.5519 -0.7599
vn 0.6483 0.5331 -0.5436
vn 0.7190 0.4161 -0.5567
vn 0.6404 0.3548 -0.6812
vn 0.7954 -0.5516 -0.2513
vn 0.8223 -0.5051 -0.2621
vn 0.8454 -0.5044 -0.1757
vn 0.6405 -0.3630 -0.6768
vn 0.6703 -0.4653 -0.5781
vn 0.5999 -0.3971 -0.6946
vn 0.7190 0.4161 -0.5567
vn 0.8181 0.4140 -0.3991
vn 0.7986 0.2924 -0.5261
vn -0.8977 -0.0201 -0.4402
vn -0.7984 0.1195 -0.5901
vn -0.7574 -0.0968 -0.6458
vn 0.9032 -0.0230 -0.4286
vn 0.8824 -0.2315 -0.4096
vn 0.8351 -0.2846 -0.4708
vn 0.9032 -0.0230 -0.4286
vn 0.9641 -0.0340 -0.2632
vn 0.8824 -0.2315 -0.4096
vn 0.6483 0.5331 -0.5436
vn 0.7263 0.5537 -0.4073
vn 0.7190 0.4161 -0.5567
vn 0.8454 -0.5044 -0.1757
vn 0.8900 -0.4228 -0.1705
vn 0.8759 -0.4813 -0.0343
vn 0.8824 -0.2315 -0.4096
vn 0.9682 -0.1091 -0.2250
vn 0.9498 -0.2155 -0.2268
vn 0.0003 -0.9217 0.3880
vn -0.4619 -0.7957 0.3919
vn -0.2961 -0.9529 0.0663
vn 0.7986 0.2924 -0.5261
vn 0.8821 0.2913 -0.3703
vn 0.8695 0.1364 -0.4747
vn 0.2218 0.8423 -0.4913
vn 0.4419 0.8250 -0.3524
vn 0.3885 0.7497 -0.5357
vn 0.8695 0.1364 -0.4747
vn 0.9405 0.1155 -0.3195
vn 0.9032 -0.0230 -0.4286
vn -0.9403 0.2602 -0.2194
vn -0.8016 0.3816 -0.4603
vn -0.7984 0.1195 -0.5901
vn -0.9243 -0.3161 -0.2137
vn -0.7823 -0.5297 -0.3278
vn -0.9354 -0.3504 0.0468
vn 0.5622 0.6945 -0.4489
vn 0.7263 0.5537 -0.4073
vn 0.6483 0.5331 -0.5436
vn 0.8345 -0.5509 0.0070
vn 0.8759 -0.4813 -0.0343
vn 0.8648 -0.4995 0.0512
vn 0.8181 0.4140 -0.3991
vn 0.8821 0.2913 -0.3703
vn 0.7986 0.2924 -0.5261
vn -1.0000 -0.0000 -0.0000
vn -0.9773 -0.1177 -0.1764
vn -0.9861 -0.1551 0.0601
vn 0.9498 -0.2155 -0.2268
vn 0.9682 -0.1091 -0.2250
vn 0.9832 -0.1669 -0.0738
vn -0.9865 0.1552 -0.0530
vn -0.9403 0.2602 -0.2194
vn -0.9638 0.0508 -0.2616
vn 0.0558 0.8984 -0.4356
vn 0.2621 0.8977 -0.3542
vn 0.2218 0.8423 -0.4913
vn 0.9546 0.0585 -0.2920
vn 0.9841 0.0888 -0.1536
vn 0.9641 -0.0340 -0.2632
vn 0.8759 -0.4813 -0.0343
vn 0.9338 -0.3563 -0.0322
vn 0.9010 -0.4225 0.0988
vn -0.6332 0.7385 -0.2317
vn -0.2829 0.8211 -0.4957
vn -0.6244 0.6123 -0.4850
vn 0.8181 0.4140 -0.3991
vn 0.9029 0.3804 -0.2002
vn 0.8821 0.2913 -0.3703
vn 0.9123 0.2167 -0.3475
vn 0.9474 0.2394 -0.2125
vn 0.9405 0.1155 -0.3195
vn -0.9219 0.3273 0.2072
vn -0.9865 0.1552 -0.0530
vn -0.9773 0.1177 0.1764
vn 0.9338 -0.3563 -0.0322
vn 0.9756 -0.2197 0.0051
vn 0.9614 -0.2649 0.0743
vn -0.8481 0.5167 -0.1172
vn -0.9403 0.2602 -0.2194
vn -0.8942 0.4233 0.1456
vn 0.9338 -0.3563 -0.0322
vn 0.9614 -0.2649 0.0743
vn 0.9378 -0.3038 0.1683
vn 0.9832 -0.1669 -0.0738
vn 0.9937 -0.0441 -0.1035
vn 0.9959 -0.0904 0.0061
vn -0.2565 0.3734 0.8915
vn -0.2539 0.2786 0.9262
vn -0.0499 0.3000 0.9526
vn -0.0474 0.3836 0.9223
vn 0.9832 -0.1669 -0.0738
vn 0.9959 -0.0904 0.0061
vn 0.9870 -0.1264 0.0994
vn -0.9219 0.3273 0.2072
vn -0.9773 0.1177 0.1764
vn -0.9017 0.2055 0.3803
vn 0.9474 0.2394 -0.2125
vn 0.9678 0.2319 -0.0980
vn 0.9841 0.0888 -0.1536
vn 0.9841 0.0888 -0.1536
vn 0.9955 0.0876 -0.0370
vn 0.9937 -0.0441 -0.1035
vn 0.9010 -0.4225 0.0988
vn 0.9378 -0.3038 0.1683
vn 0.8978 -0.3455 0.2730
vn 0.9955 0.0876 -0.0370
vn 0.9834 0.1752 0.0478
vn 0.9933 0.0456 0.1065
vn 0.9870 -0.1264 0.0994
vn 0.9661 -0.1785 0.1866
vn 0.9756 -0.2197 0.0051
vn -0.1767 0.9727 -0.1507
vn -0.0014 0.9222 -0.3867
vn -0.2829 0.8211 -0.4957
vn 0.9678 0.2319 -0.0980
vn 0.9462 0.3231 -0.0204
vn 0.9834 0.1752 0.0478
vn 0.9756 -0.2197 0.0051
vn 0.9661 -0.1785 0.1866
vn 0.9614 -0.2649 0.0743
vn 0.0003 -0.9217 0.3880
vn -0.1920 -0.6928 0.6951
vn -0.4619 -0.7957 0.3919
vn 0.8186 0.5187 -0.2467
vn 0.7233 0.6471 -0.2409
vn 0.7859 0.6172 -0.0367
vn -0.7067 0.6787 0.1998
vn -0.8942 0.4233 0.1456
vn -0.6493 0.5966 0.4716
vn 0.9906 -0.0319 0.1330
vn 0.9683 -0.0243 0.2484
vn 0.9870 -0.1264 0.0994
vn 0.6167 0.7298 -0.2950
vn 0.4419 0.8250 -0.3524
vn 0.5793 0.8022 -0.1446
vn 0.4419 0.8250 -0.3524
vn 0.2621 0.8977 -0.3542
vn 0.4213 0.8845 -0.2002
vn 0.9683 -0.0243 0.2484
vn 0.9382 -0.1298 0.3209
vn 0.9661 -0.1785 0.1866
vn 0.8978 -0.3455 0.2730
vn 0.8209 -0.3333 0.4637
vn 0.8572 -0.4049 0.3181
vn 0.9462 0.3231 -0.0204
vn 0.8691 0.4914 -0.0574
vn 0.9229 0.3706 0.1046
vn -0.6493 0.5966 0.4716
vn -0.7718 0.4378 0.4611
vn -0.5517 0.4778 0.6836
vn 0.7733 -0.4121 0.4819
vn 0.6749 -0.5004 0.5424
vn 0.7612 -0.4930 0.4213
vn 0.7612 -0.4930 0.4213
vn 0.6749 -0.5004 0.5424
vn 0.6793 -0.5666 0.4664
vn 0.9112 -0.2208 0.3478
vn 0.8409 -0.2185 0.4951
vn 0.8978 -0.3455 0.2730
vn 0.8691 0.4914 -0.0574
vn 0.7859 0.6172 -0.0367
vn 0.8236 0.5458 0.1546
vn 0.9229 0.3706 0.1046
vn 0.8236 0.5458 0.1546
vn 0.8751 0.4232 0.2348
vn 0.6749 -0.5004 0.5424
vn 0.5196 -0.6183 0.5897
vn 0.6235 -0.5923 0.5103
vn 0.9322 -0.0200 0.3613
vn 0.8876 -0.0809 0.4534
vn 0.9382 -0.1298 0.3209
vn -0.1767 0.9727 -0.1507
vn -0.5356 0.8444 -0.0084
vn -0.1760 0.9634 0.2020
vn -0.5614 0.2709 0.7819
vn -0.7572 0.2998 0.5804
vn -0.7640 0.0920 0.6387
vn -0.5517 0.4778 0.6836
vn -0.7572 0.2998 0.5804
vn -0.5614 0.2709 0.7819
vn -0.2970 0.6489 0.7005
vn -0.5517 0.4778 0.6836
vn -0.2953 0.4262 0.8550
vn 0.7859 0.6172 -0.0367
vn 0.6797 0.7316 -0.0518
vn 0.6745 0.7192 0.1671
vn 0.2621 0.8977 -0.3542
vn -0.0025 0.9477 -0.3190
vn 0.2057 0.9466 -0.2482
vn 0.9158 0.0752 0.3945
vn 0.8713 0.0348 0.4894
vn 0.9322 -0.0200 0.3613
vn 0.5793 0.8022 -0.1446
vn 0.4213 0.8845 -0.2002
vn 0.4807 0.8769 0.0017
vn 0.4213 0.8845 -0.2002
vn 0.2057 0.9466 -0.2482
vn 0.3306 0.9399 -0.0851
vn 0.8713 0.0348 0.4894
vn 0.8124 -0.0317 0.5823
vn 0.8876 -0.0809 0.4534
vn -0.3764 0.8090 0.4514
vn -0.6493 0.5966 0.4716
vn -0.2970 0.6489 0.7005
vn 0.8409 -0.2185 0.4951
vn 0.6817 -0.2637 0.6824
vn 0.8209 -0.3333 0.4637
vn 0.8751 0.4232 0.2348
vn 0.8236 0.5458 0.1546
vn 0.8010 0.4833 0.3533
vn 0.6431 -0.3476 0.6824
vn 0.5252 -0.4494 0.7226
vn 0.6749 -0.5004 0.5424
vn 0.8376 0.1280 0.5311
vn 0.7848 0.0860 0.6137
vn 0.8713 0.0348 0.4894
vn 0.5196 -0.6183 0.5897
vn 0.3417 -0.7080 0.6181
vn 0.4627 -0.7078 0.5338
vn 0.7914 -0.1314 0.5970
vn 0.6713 -0.1450 0.7269
vn 0.8409 -0.2185 0.4951
vn 0.8236 0.5458 0.1546
vn 0.6745 0.7192 0.1671
vn 0.7152 0.6249 0.3132
vn 0.8010 0.4833 0.3533
vn 0.7152 0.6249 0.3132
vn 0.7010 0.5389 0.4672
vn 0.5252 -0.4494 0.7226
vn 0.3691 -0.5884 0.7195
vn 0.5196 -0.6183 0.5897
vn 0.7848 0.0860 0.6137
vn 0.7210 0.0512 0.6910
vn 0.8124 -0.0317 0.5823
vn 0.3417 -0.7080 0.6181
vn 0.2311 -0.7425 0.6287
vn 0.2586 -0.7801 0.5697
vn -0.3059 0.1932 0.9323
vn -0.5614 0.2709 0.7819
vn -0.5638 0.0780 0.8222
vn 0.6745 0.7192 0.1671
vn 0.5559 0.8230 0.1169
vn 0.4725 0.8167 0.3312
vn 0.7152 0.6249 0.3132
vn 0.6099 0.7379 0.2889
vn 0.5964 0.6841 0.4200
vn 0.7345 0.1774 0.6550
vn 0.6670 0.1344 0.7329
vn 0.7848 0.0860 0.6137
vn 0.4807 0.8769 0.0017
vn 0.3306 0.9399 -0.0851
vn 0.3212 0.9407 0.1088
vn 0.6670 0.1344 0.7329
vn 0.5890 0.0861 0.8036
vn 0.7210 0.0512 0.6910
vn 0.6713 -0.1450 0.7269
vn 0.4520 -0.2151 0.8657
vn 0.6817 -0.2637 0.6824
vn 0.7010 0.5389 0.4672
vn 0.5964 0.6841 0.4200
vn 0.5721 0.5922 0.5675
vn 0.6019 0.2218 0.7671
vn 0.5208 0.1728 0.8360
vn 0.6670 0.1344 0.7329
vn 0.3306 0.9399 -0.0851
vn 0.1744 0.9785 -0.1105
vn 0.1177 0.9930 0.0091
vn 0.1522 0.7136 0.6838
vn -0.2970 0.6489 0.7005
vn -0.0223 0.5474 0.8366
vn 0.5628 -0.0637 0.8241
vn 0.3987 -0.1225 0.9089
vn 0.6713 -0.1450 0.7269
vn 0.5964 0.6841 0.4200
vn 0.4725 0.8167 0.3312
vn 0.4689 0.7311 0.4957
vn 0.5721 0.5922 0.5675
vn 0.4689 0.7311 0.4957
vn 0.4083 0.6811 0.6078
vn 0.5721 0.5922 0.5675
vn 0.4083 0.6811 0.6078
vn 0.4297 0.5930 0.6809
vn 0.5208 0.1728 0.8360
vn 0.4306 0.1178 0.8948
vn 0.5890 0.0861 0.8036
vn 0.3691 -0.5884 0.7195
vn 0.1103 -0.6487 0.7530
vn 0.3417 -0.7080 0.6181
vn 0.4725 0.8167 0.3312
vn 0.3620 0.8994 0.2451
vn 0.1954 0.8798 0.4333
vn 0.4689 0.7311 0.4957
vn 0.3605 0.8240 0.4370
vn 0.3044 0.7728 0.5569
vn 0.4402 0.2582 0.8600
vn 0.3431 0.2002 0.9177
vn 0.5208 0.1728 0.8360
vn 0.2412 -0.4883 0.8387
vn 0.1103 -0.6487 0.7530
vn 0.3691 -0.5884 0.7195
vn 0.3212 0.9407 0.1088
vn 0.1177 0.9930 0.0091
vn 0.1253 0.9772 0.1714
vn -0.1760 0.9634 0.2020
vn -0.3764 0.8090 0.4514
vn -0.0007 0.8532 0.5215
vn 0.3987 -0.1225 0.9089
vn 0.1509 -0.1937 0.9694
vn 0.4520 -0.2151 0.8657
vn 0.4083 0.6811 0.6078
vn 0.3044 0.7728 0.5569
vn 0.2393 0.7128 0.6593
vn 0.3431 0.2002 0.9177
vn 0.2440 0.1519 0.9578
vn 0.4306 0.1178 0.8948
vn 0.1103 -0.6487 0.7530
vn 0.0689 -0.7296 0.6804
vn 0.1800 -0.7246 0.6652
vn 0.4398 0.4867 0.7548
vn 0.2473 0.5718 0.7822
vn 0.2599 0.4604 0.8488
vn 0.2057 0.9466 -0.2482
vn -0.0025 0.9477 -0.3190
vn 0.0074 0.9870 -0.1604
vn 0.1744 0.9785 -0.1105
vn 0.0074 0.9870 -0.1604
vn 0.1177 0.9930 0.0091
vn 0.3044 0.7728 0.5569
vn 0.1954 0.8798 0.4333
vn 0.1337 0.7927 0.5948
vn 0.1872 -0.3125 0.9313
vn -0.0111 -0.4592 0.8883
vn 0.2412 -0.4883 0.8387
vn 0.2550 0.2900 0.9224
vn 0.1382 0.2446 0.9597
vn 0.3431 0.2002 0.9177
vn 0.0000 0.3329 0.9430
vn -0.2953 0.4262 0.8550
vn -0.3059 0.1932 0.9323
vn 0.2440 0.1519 0.9578
vn 0.0994 0.1138 0.9885
vn 0.2387 0.0561 0.9695
vn -0.0223 0.5474 0.8366
vn -0.2953 0.4262 0.8550
vn 0.0000 0.3329 0.9430
vn 0.2393 0.7128 0.6593
vn 0.1337 0.7927 0.5948
vn 0.0963 0.6831 0.7239
vn 0.1382 0.2446 0.9597
vn 0.0994 0.1138 0.9885
vn 0.2440 0.1519 0.9578
vn 0.0963 0.6831 0.7239
vn -0.0555 0.7284 0.6829
vn -0.0469 0.6368 0.7696
vn 0.1253 0.9772 0.1714
vn 0.1177 0.9930 0.0091
vn -0.0844 0.9924 0.0892
vn 0.1253 0.9772 0.1714
vn -0.0844 0.9924 0.0892
vn -0.0967 0.9723 0.2128
vn 0.1028 0.5304 0.8415
vn -0.0501 0.5770 0.8152
vn -0.0575 0.4762 0.8775
vn 0.1790 -0.0361 0.9832
vn -0.0396 -0.1124 0.9929
vn 0.1509 -0.1937 0.9694
vn 0.1337 0.7927 0.5948
vn -0.0127 0.8732 0.4871
vn -0.0461 0.7908 0.6103
vn 0.1509 -0.1937 0.9694
vn -0.1336 -0.2523 0.9584
vn 0.1872 -0.3125 0.9313
vn -0.1188 -0.6917 0.7123
vn 0.1103 -0.6487 0.7530
vn -0.1671 -0.5646 0.8083
vn 0.1177 0.9930 0.0091
vn -0.1441 0.9881 -0.0546
vn -0.0844 0.9924 0.0892
vn -0.2351 0.7106 0.6632
vn -0.0555 0.7284 0.6829
vn -0.0461 0.7908 0.6103
vn -0.2507 0.7931 0.5551
vn -0.2539 0.2786 0.9262
vn -0.2521 0.2124 0.9441
vn -0.0485 0.2187 0.9746
vn -0.0499 0.3000 0.9526
vn -0.2476 0.6326 0.7338
vn -0.0469 0.6368 0.7696
vn -0.0555 0.7284 0.6829
vn -0.2351 0.7106 0.6632
vn -0.2521 0.2124 0.9441
vn -0.2484 0.1438 0.9579
vn -0.0465 0.1674 0.9848
vn -0.0485 0.2187 0.9746
vn -0.2493 0.5623 0.7885
vn -0.0501 0.5770 0.8152
vn -0.0469 0.6368 0.7696
vn -0.2476 0.6326 0.7338
vn -0.2484 0.1438 0.9579
vn -0.2430 0.0667 0.9677
vn -0.0459 0.0683 0.9966
vn -0.0465 0.1674 0.9848
vn -0.2544 0.4688 0.8459
vn -0.0575 0.4762 0.8775
vn -0.0501 0.5770 0.8152
vn -0.2493 0.5623 0.7885
vn -0.2430 0.0667 0.9677
vn -0.2339 -0.0197 0.9721
vn -0.0411 -0.0032 0.9991
vn -0.0459 0.0683 0.9966
vn -0.2565 0.3734 0.8915
vn -0.0474 0.3836 0.9223
vn -0.0575 0.4762 0.8775
vn -0.2544 0.4688 0.8459
vn -0.2339 -0.0197 0.9721
vn -0.2625 -0.1220 0.9572
vn -0.0396 -0.1124 0.9929
vn -0.0411 -0.0032 0.9991
vn -0.3610 0.9003 0.2430
vn -0.1048 0.9424 0.3178
vn -0.0967 0.9723 0.2128
vn -0.2994 0.9504 0.0838
vn -0.0127 0.8732 0.4871
vn -0.1927 0.8850 0.4239
vn -0.2507 0.7931 0.5551
vn -0.1336 -0.2523 0.9584
vn -0.0396 -0.1124 0.9929
vn -0.2625 -0.1220 0.9572
vn -0.0111 -0.4592 0.8883
vn -0.0467 -0.3407 0.9390
vn -0.3141 -0.4058 0.8583
vn -0.1671 -0.5646 0.8083
vn -0.0111 -0.4592 0.8883
vn -0.3141 -0.4058 0.8583
vn 0.0074 0.9870 -0.1604
vn -0.1975 0.9557 -0.2181
vn -0.1441 0.9881 -0.0546
vn -0.4220 0.0470 0.9054
vn -0.4102 -0.0397 0.9111
vn -0.2339 -0.0197 0.9721
vn -0.2430 0.0667 0.9677
vn -0.4462 0.3477 0.8246
vn -0.2565 0.3734 0.8915
vn -0.2544 0.4688 0.8459
vn -0.4398 0.4868 0.7548
vn -0.3447 0.8428 0.4135
vn -0.1927 0.8850 0.4239
vn -0.1048 0.9424 0.3178
vn -0.3610 0.9003 0.2430
vn -0.4462 0.3477 0.8246
vn -0.4417 0.2597 0.8587
vn -0.2539 0.2786 0.9262
vn -0.2565 0.3734 0.8915
vn -0.2625 -0.1220 0.9572
vn -0.2339 -0.0197 0.9721
vn -0.4102 -0.0397 0.9111
vn -0.1336 -0.2523 0.9584
vn -0.2625 -0.1220 0.9572
vn -0.4165 -0.2648 0.8697
vn -0.4417 0.2597 0.8587
vn -0.4371 0.1836 0.8805
vn -0.2521 0.2124 0.9441
vn -0.2539 0.2786 0.9262
vn -0.3141 -0.4058 0.8583
vn -0.1336 -0.2523 0.9584
vn -0.4165 -0.2648 0.8697
vn -0.4297 0.5930 0.6809
vn -0.2476 0.6326 0.7338
vn -0.2351 0.7106 0.6632
vn -0.4064 0.6837 0.6061
vn -0.4371 0.1836 0.8805
vn -0.4341 0.1232 0.8924
vn -0.2484 0.1438 0.9579
vn -0.2521 0.2124 0.9441
vn -0.4398 0.4868 0.7548
vn -0.2493 0.5623 0.7885
vn -0.2476 0.6326 0.7338
vn -0.4297 0.5930 0.6809
vn -0.4341 0.1232 0.8924
vn -0.4220 0.0470 0.9054
vn -0.2430 0.0667 0.9677
vn -0.2484 0.1438 0.9579
vn -0.5967 0.1882 0.7801
vn -0.5926 0.0938 0.8000
vn -0.4341 0.1232 0.8924
vn -0.4371 0.1836 0.8805
vn -0.1188 -0.6917 0.7123
vn -0.1671 -0.5646 0.8083
vn -0.3713 -0.5869 0.7195
vn -0.4165 -0.2648 0.8697
vn -0.2625 -0.1220 0.9572
vn -0.4964 -0.1804 0.8491
vn -0.2507 0.7931 0.5551
vn -0.4615 0.7332 0.4995
vn -0.4064 0.6837 0.6061
vn -0.4371 0.1836 0.8805
vn -0.4417 0.2597 0.8587
vn -0.5967 0.1882 0.7801
vn -0.6006 0.4467 0.6631
vn -0.4398 0.4868 0.7548
vn -0.4297 0.5930 0.6809
vn -0.5721 0.5922 0.5675
vn -0.3424 -0.7089 0.6167
vn -0.2279 -0.7502 0.6207
vn -0.1513 -0.7403 0.6551
vn -0.1188 -0.6917 0.7123
vn -0.5926 0.0938 0.8000
vn -0.5795 0.0157 0.8148
vn -0.4220 0.0470 0.9054
vn -0.4341 0.1232 0.8924
vn -0.5795 0.0157 0.8148
vn -0.5604 -0.0608 0.8260
vn -0.4102 -0.0397 0.9111
vn -0.4220 0.0470 0.9054
vn -0.6053 0.3086 0.7338
vn -0.4462 0.3477 0.8246
vn -0.4398 0.4868 0.7548
vn -0.6006 0.4467 0.6631
vn -0.6053 0.3086 0.7338
vn -0.5967 0.1882 0.7801
vn -0.4417 0.2597 0.8587
vn -0.4462 0.3477 0.8246
vn -0.4964 -0.1804 0.8491
vn -0.4102 -0.0397 0.9111
vn -0.5604 -0.0608 0.8260
vn -0.3447 0.8428 0.4135
vn -0.4868 0.8025 0.3451
vn -0.4615 0.7332 0.4995
vn -0.5560 0.8229 0.1165
vn -0.3610 0.9003 0.2430
vn -0.2994 0.9504 0.0838
vn -0.4729 0.8810 0.0132
vn -0.4615 0.7332 0.4995
vn -0.5979 0.6841 0.4178
vn -0.5721 0.5922 0.5675
vn -0.3713 -0.5869 0.7195
vn -0.3141 -0.4058 0.8583
vn -0.5292 -0.4444 0.7228
vn -0.7035 -0.0281 0.7101
vn -0.6795 -0.1418 0.7199
vn -0.5604 -0.0608 0.8260
vn -0.5795 0.0157 0.8148
vn -0.7356 0.2614 0.6250
vn -0.6053 0.3086 0.7338
vn -0.6006 0.4467 0.6631
vn -0.7289 0.3988 0.5564
vn -0.5916 0.7597 0.2698
vn -0.4868 0.8025 0.3451
vn -0.3610 0.9003 0.2430
vn -0.5560 0.8229 0.1165
vn -0.6858 -0.2649 0.6779
vn -0.6397 -0.3486 0.6851
vn -0.4165 -0.2648 0.8697
vn -0.4964 -0.1804 0.8491
vn -0.4868 0.8025 0.3451
vn -0.5916 0.7597 0.2698
vn -0.5979 0.6841 0.4178
vn -0.7356 0.2614 0.6250
vn -0.7341 0.1427 0.6639
vn -0.5967 0.1882 0.7801
vn -0.6053 0.3086 0.7338
vn -0.7341 0.1427 0.6639
vn -0.7234 0.0615 0.6877
vn -0.5926 0.0938 0.8000
vn -0.5967 0.1882 0.7801
vn -0.5292 -0.4444 0.7228
vn -0.4165 -0.2648 0.8697
vn -0.6397 -0.3486 0.6851
vn -0.7289 0.3988 0.5564
vn -0.6006 0.4467 0.6631
vn -0.5721 0.5922 0.5675
vn -0.7010 0.5389 0.4672
vn -0.1441 0.9881 -0.0546
vn -0.3617 0.9246 -0.1191
vn -0.2994 0.9504 0.0838
vn -0.7234 0.0615 0.6877
vn -0.7035 -0.0281 0.7101
vn -0.5795 0.0157 0.8148
vn -0.5926 0.0938 0.8000
vn -0.8363 0.0918 0.5405
vn -0.8140 -0.0258 0.5803
vn -0.7234 0.0615 0.6877
vn -0.7341 0.1427 0.6639
vn -0.3424 -0.7089 0.6167
vn -0.3713 -0.5869 0.7195
vn -0.5196 -0.6183 0.5897
vn -0.2994 0.9504 0.0838
vn -0.3617 0.9246 -0.1191
vn -0.4729 0.8810 0.0132
vn -0.5979 0.6841 0.4178
vn -0.7065 0.6308 0.3207
vn -0.7010 0.5389 0.4672
vn -0.8317 0.3433 0.4364
vn -0.7289 0.3988 0.5564
vn -0.7010 0.5389 0.4672
vn -0.8011 0.4822 0.3545
vn -0.8140 -0.0258 0.5803
vn -0.7914 -0.1314 0.5970
vn -0.6795 -0.1418 0.7199
vn -0.7035 -0.0281 0.7101
vn -0.7035 -0.0281 0.7101
vn -0.7234 0.0615 0.6877
vn -0.8140 -0.0258 0.5803
vn -0.8394 0.2093 0.5016
vn -0.7356 0.2614 0.6250
vn -0.7289 0.3988 0.5564
vn -0.8317 0.3433 0.4364
vn -0.8394 0.2093 0.5016
vn -0.8363 0.0918 0.5405
vn -0.7341 0.1427 0.6639
vn -0.7356 0.2614 0.6250
vn -0.5916 0.7597 0.2698
vn -0.6875 0.7050 0.1742
vn -0.7065 0.6308 0.3207
vn -0.8894 -0.0734 0.4512
vn -0.8409 -0.2185 0.4951
vn -0.7914 -0.1314 0.5970
vn -0.8140 -0.0258 0.5803
vn -0.7065 0.6308 0.3207
vn -0.7949 0.5706 0.2064
vn -0.8011 0.4822 0.3545
vn -0.5196 -0.6183 0.5897
vn -0.5292 -0.4444 0.7228
vn -0.6749 -0.5004 0.5424
vn -0.6858 -0.2649 0.6779
vn -0.6795 -0.1418 0.7199
vn -0.8409 -0.2185 0.4951
vn -0.9154 0.1545 0.3718
vn -0.8394 0.2093 0.5016
vn -0.8317 0.3433 0.4364
vn -0.9070 0.2857 0.3095
vn -0.7509 0.6553 0.0819
vn -0.6875 0.7050 0.1742
vn -0.5560 0.8229 0.1165
vn -0.6805 0.7308 -0.0529
vn -0.8209 -0.3333 0.4637
vn -0.7733 -0.4121 0.4819
vn -0.6397 -0.3486 0.6851
vn -0.6858 -0.2649 0.6779
vn -0.6875 0.7050 0.1742
vn -0.7509 0.6553 0.0819
vn -0.7949 0.5706 0.2064
vn -0.9154 0.1545 0.3718
vn -0.9092 0.0404 0.4143
vn -0.8363 0.0918 0.5405
vn -0.8394 0.2093 0.5016
vn -0.9092 0.0404 0.4143
vn -0.8894 -0.0734 0.4512
vn -0.8140 -0.0258 0.5803
vn -0.8363 0.0918 0.5405
vn -0.6749 -0.5004 0.5424
vn -0.6397 -0.3486 0.6851
vn -0.7733 -0.4121 0.4819
vn -0.9070 0.2857 0.3095
vn -0.8317 0.3433 0.4364
vn -0.8011 0.4822 0.3545
vn -0.8747 0.4249 0.2332
vn -0.6805 0.7308 -0.0529
vn -0.5560 0.8229 0.1165
vn -0.4729 0.8810 0.0132
vn -0.5731 0.8096 -0.1272
vn -0.5217 -0.6792 0.5163
vn -0.4556 -0.7072 0.5406
vn -0.4627 -0.7078 0.5338
vn -0.5196 -0.6183 0.5897
vn -0.3617 0.9246 -0.1191
vn -0.4361 0.8689 -0.2343
vn -0.5731 0.8096 -0.1272
vn -0.7949 0.5706 0.2064
vn -0.8714 0.4892 0.0356
vn -0.8747 0.4249 0.2332
vn -0.6235 -0.5923 0.5103
vn -0.5744 -0.6529 0.4938
vn -0.5217 -0.6792 0.5163
vn -0.5196 -0.6183 0.5897
vn -0.9595 -0.0131 0.2815
vn -0.9389 -0.1243 0.3210
vn -0.8894 -0.0734 0.4512
vn -0.9092 0.0404 0.4143
vn -0.9572 0.2276 0.1790
vn -0.9070 0.2857 0.3095
vn -0.8747 0.4249 0.2332
vn -0.9245 0.3649 0.1103
vn -0.9389 -0.1243 0.3210
vn -0.9112 -0.2208 0.3478
vn -0.8409 -0.2185 0.4951
vn -0.8894 -0.0734 0.4512
vn -0.9661 0.0983 0.2388
vn -0.9154 0.1545 0.3718
vn -0.9070 0.2857 0.3095
vn -0.9572 0.2276 0.1790
vn -0.9661 0.0983 0.2388
vn -0.9595 -0.0131 0.2815
vn -0.9092 0.0404 0.4143
vn -0.9154 0.1545 0.3718
vn -0.7509 0.6553 0.0819
vn -0.7976 0.6023 -0.0325
vn -0.8714 0.4892 0.0356
vn -0.9934 0.0423 0.1067
vn -0.9661 0.0983 0.2388
vn -0.9572 0.2276 0.1790
vn -0.9834 0.1752 0.0478
vn -0.6235 -0.5923 0.5103
vn -0.6749 -0.5004 0.5424
vn -0.6793 -0.5666 0.4664
vn -0.1975 0.9557 -0.2181
vn -0.2586 0.9018 -0.3464
vn -0.4361 0.8689 -0.2343
vn -0.8209 -0.3333 0.4637
vn -0.8409 -0.2185 0.4951
vn -0.8978 -0.3455 0.2730
vn -0.8255 0.5493 -0.1297
vn -0.7976 0.6023 -0.0325
vn -0.6805 0.7308 -0.0529
vn -0.7252 0.6441 -0.2433
vn -0.8572 -0.4049 0.3181
vn -0.8089 -0.4445 0.3848
vn -0.7733 -0.4121 0.4819
vn -0.8209 -0.3333 0.4637
vn -0.8978 -0.3455 0.2730
vn -0.9112 -0.2208 0.3478
vn -0.9378 -0.3038 0.1683
vn -0.7976 0.6023 -0.0325
vn -0.8255 0.5493 -0.1297
vn -0.8714 0.4892 0.0356
vn -0.9934 0.0423 0.1067
vn -0.9863 -0.0665 0.1510
vn -0.9595 -0.0131 0.2815
vn -0.9661 0.0983 0.2388
vn -0.9863 -0.0665 0.1510
vn -0.9670 -0.1753 0.1849
vn -0.9389 -0.1243 0.3210
vn -0.9595 -0.0131 0.2815
vn -0.7612 -0.4930 0.4213
vn -0.7733 -0.4121 0.4819
vn -0.8089 -0.4445 0.3848
vn -0.0025 0.9477 -0.3190
vn -0.1319 0.8764 -0.4631
vn -0.2586 0.9018 -0.3464
vn -0.9834 0.1752 0.0478
vn -0.9572 0.2276 0.1790
vn -0.9245 0.3649 0.1103
vn -0.9468 0.3209 -0.0221
vn -0.7252 0.6441 -0.2433
vn -0.6805 0.7308 -0.0529
vn -0.5731 0.8096 -0.1272
vn -0.6105 0.7380 -0.2876
vn -0.9670 -0.1753 0.1849
vn -0.9378 -0.3038 0.1683
vn -0.9112 -0.2208 0.3478
vn -0.9389 -0.1243 0.3210
vn -0.9922 -0.1233 0.0192
vn -0.9771 -0.2122 0.0136
vn -0.9670 -0.1753 0.1849
vn -0.9863 -0.0665 0.1510
vn -0.4361 0.8689 -0.2343
vn -0.4481 0.8116 -0.3749
vn -0.6105 0.7380 -0.2876
vn -0.8714 0.4892 0.0356
vn -0.9028 0.3841 -0.1937
vn -0.9468 0.3209 -0.0221
vn -0.9468 0.3209 -0.0221
vn -0.9028 0.3841 -0.1937
vn -0.9678 0.2319 -0.0980
vn -0.9010 -0.4225 0.0988
vn -0.8818 -0.4472 0.1497
vn -0.8572 -0.4049 0.3181
vn -0.8978 -0.3455 0.2730
vn -0.9834 0.1752 0.0478
vn -0.9678 0.2319 -0.0980
vn -0.9955 0.0876 -0.0370
vn -0.9378 -0.3038 0.1683
vn -0.9670 -0.1753 0.1849
vn -0.9614 -0.2649 0.0744
vn -0.9934 0.0423 0.1067
vn -0.9955 0.0876 -0.0370
vn -0.9996 -0.0283 0.0081
vn -0.9996 -0.0283 0.0081
vn -0.9922 -0.1233 0.0192
vn -0.9863 -0.0665 0.1510
vn -0.9934 0.0423 0.1067
vn -0.8255 0.5493 -0.1297
vn -0.8232 0.5088 -0.2520
vn -0.9028 0.3841 -0.1937
vn -0.6985 0.5681 -0.4352
vn -0.8140 0.4556 -0.3602
vn -0.8232 0.5088 -0.2520
vn -0.7252 0.6441 -0.2433
vn -0.9996 -0.0283 0.0081
vn -0.9937 -0.0455 -0.1020
vn -0.9922 -0.1233 0.0192
vn -0.9678 0.2319 -0.0980
vn -0.9028 0.3841 -0.1937
vn -0.9460 0.2413 -0.2166
vn -0.9955 0.0876 -0.0370
vn -0.9678 0.2319 -0.0980
vn -0.9841 0.0888 -0.1536
vn -0.9996 -0.0283 0.0081
vn -0.9955 0.0876 -0.0370
vn -0.9937 -0.0455 -0.1020
vn -0.8648 -0.4995 0.0512
vn -0.8818 -0.4472 0.1497
vn -0.9010 -0.4225 0.0988
vn -0.8759 -0.4813 -0.0343
vn -0.9378 -0.3038 0.1683
vn -0.9338 -0.3563 -0.0322
vn -0.9010 -0.4225 0.0988
vn -0.5908 0.6707 -0.4485
vn -0.6985 0.5681 -0.4352
vn -0.7252 0.6441 -0.2433
vn -0.6105 0.7380 -0.2876
vn -0.9028 0.3841 -0.1937
vn -0.8232 0.5088 -0.2520
vn -0.8140 0.4556 -0.3602
vn -0.4481 0.8116 -0.3749
vn -0.2586 0.9018 -0.3464
vn -0.2843 0.8239 -0.4903
vn -0.9922 -0.1233 0.0192
vn -0.9777 -0.1790 -0.1099
vn -0.9771 -0.2122 0.0136
vn -0.9641 -0.0340 -0.2632
vn -0.9683 -0.1084 -0.2249
vn -0.9937 -0.0455 -0.1020
vn -0.9841 0.0888 -0.1536
vn -0.8582 0.3076 -0.4110
vn -0.9110 0.2209 -0.3484
vn -0.9460 0.2413 -0.2166
vn -0.9028 0.3841 -0.1937
vn -0.9937 -0.0455 -0.1020
vn -0.9683 -0.1084 -0.2249
vn -0.9777 -0.1790 -0.1099
vn -0.9405 0.1155 -0.3195
vn -0.9546 0.0585 -0.2920
vn -0.9841 0.0888 -0.1536
vn -0.9460 0.2413 -0.2166
vn -0.2843 0.8239 -0.4903
vn -0.2586 0.9018 -0.3464
vn -0.1319 0.8764 -0.4631
vn -0.8683 -0.3508 -0.3507
vn -0.9437 -0.2950 -0.1499
vn -0.9455 -0.2143 -0.2451
vn -0.8488 -0.3070 -0.4305
vn -0.5908 0.6707 -0.4485
vn -0.4481 0.8116 -0.3749
vn -0.4079 0.7297 -0.5487
vn -0.9771 -0.2122 0.0136
vn -0.9437 -0.2950 -0.1499
vn -0.9338 -0.3563 -0.0322
vn -0.9777 -0.1790 -0.1099
vn -0.9455 -0.2143 -0.2451
vn -0.9437 -0.2950 -0.1499
vn -0.9338 -0.3563 -0.0322
vn -0.9437 -0.2950 -0.1499
vn -0.8900 -0.4228 -0.1705
vn -0.9338 -0.3563 -0.0322
vn -0.8900 -0.4228 -0.1705
vn -0.8759 -0.4813 -0.0343
vn -0.9455 -0.2143 -0.2451
vn -0.8891 -0.2126 -0.4054
vn -0.8488 -0.3070 -0.4305
vn -0.9110 0.2209 -0.3484
vn -0.8582 0.3076 -0.4110
vn -0.8720 0.1329 -0.4712
vn -0.6072 -0.3951 -0.6894
vn -0.8488 -0.3070 -0.4305
vn -0.8891 -0.2126 -0.4054
vn -0.6856 -0.4325 -0.5855
vn -0.9405 0.1155 -0.3195
vn -0.9110 0.2209 -0.3484
vn -0.8720 0.1329 -0.4712
vn -0.9437 -0.2950 -0.1499
vn -0.8683 -0.3508 -0.3507
vn -0.8900 -0.4228 -0.1705
vn -0.9546 0.0585 -0.2920
vn -0.9405 0.1155 -0.3195
vn -0.9057 -0.0225 -0.4233
vn -0.9641 -0.0340 -0.2632
vn -0.9546 0.0585 -0.2920
vn -0.9057 -0.0225 -0.4233
vn -0.9683 -0.1084 -0.2249
vn -0.9641 -0.0340 -0.2632
vn -0.8891 -0.2126 -0.4054
vn -0.8759 -0.4813 -0.0343
vn -0.8454 -0.5044 -0.1757
vn -0.8317 -0.5355 -0.1466
vn -0.8891 -0.2126 -0.4054
vn -0.8519 -0.2347 -0.4681
vn -0.6856 -0.4325 -0.5855
vn -0.7984 -0.3573 -0.4847
vn -0.8683 -0.3508 -0.3507
vn -0.8488 -0.3070 -0.4305
vn -0.7157 -0.3004 -0.6305
vn -0.8720 0.1329 -0.4712
vn -0.8582 0.3076 -0.4110
vn -0.7757 0.2858 -0.5627
vn -0.8488 -0.3070 -0.4305
vn -0.6072 -0.3951 -0.6894
vn -0.7157 -0.3004 -0.6305
vn -0.4986 0.6143 -0.6115
vn -0.5918 0.5036 -0.6294
vn -0.6985 0.5681 -0.4352
vn -0.5908 0.6707 -0.4485
vn -0.8900 -0.4228 -0.1705
vn -0.8683 -0.3508 -0.3507
vn -0.8270 -0.4644 -0.3169
vn -0.7834 -0.5246 -0.3333
vn -0.8223 -0.5051 -0.2621
vn -0.8270 -0.4644 -0.3169
vn -0.7795 -0.5106 -0.3629
vn -0.8900 -0.4228 -0.1705
vn -0.8270 -0.4644 -0.3169
vn -0.8223 -0.5051 -0.2621
vn -0.7342 0.4179 -0.5352
vn -0.6985 0.5681 -0.4352
vn -0.5918 0.5036 -0.6294
vn -0.8900 -0.4228 -0.1705
vn -0.8223 -0.5051 -0.2621
vn -0.8454 -0.5044 -0.1757
vn -0.8683 -0.3508 -0.3507
vn -0.7877 -0.4194 -0.4513
vn -0.8270 -0.4644 -0.3169
vn -0.8519 -0.2347 -0.4681
vn -0.9057 -0.0225 -0.4233
vn -0.8275 -0.1464 -0.5421
vn -0.8720 0.1329 -0.4712
vn -0.7757 0.2858 -0.5627
vn -0.7866 0.1380 -0.6018
vn -0.6072 -0.3951 -0.6894
vn -0.6598 -0.3611 -0.6590
vn -0.7157 -0.3004 -0.6305
vn -0.9057 -0.0225 -0.4233
vn -0.8720 0.1329 -0.4712
vn -0.8259 0.0077 -0.5638
vn -0.8683 -0.3508 -0.3507
vn -0.7984 -0.3573 -0.4847
vn -0.7877 -0.4194 -0.4513
vn -0.7157 -0.3004 -0.6305
vn -0.6598 -0.3611 -0.6590
vn -0.7895 -0.2460 -0.5623
vn -0.7157 -0.3004 -0.6305
vn -0.7895 -0.2460 -0.5623
vn -0.7984 -0.3573 -0.4847
vn -0.5855 0.3550 -0.7288
vn -0.7025 0.2535 -0.6650
vn -0.7757 0.2858 -0.5627
vn -0.7342 0.4179 -0.5352
vn -0.8519 -0.2347 -0.4681
vn -0.6966 -0.2867 -0.6577
vn -0.7318 -0.4772 -0.4866
vn -0.6775 0.3065 -0.6687
vn -0.7806 0.1491 -0.6070
vn -0.7866 0.1380 -0.6018
vn -0.7025 0.2535 -0.6650
vn -0.6856 -0.4325 -0.5855
vn -0.7276 -0.4909 -0.4792
vn -0.6598 -0.3611 -0.6590
vn -0.7866 0.1380 -0.6018
vn -0.7757 0.2858 -0.5627
vn -0.7025 0.2535 -0.6650
vn -0.6598 -0.3611 -0.6590
vn -0.8633 -0.3240 -0.3871
vn -0.8734 -0.2061 -0.4412
vn -0.6598 -0.3611 -0.6590
vn -0.8734 -0.2061 -0.4412
vn -0.7895 -0.2460 -0.5623
vn -0.8259 0.0077 -0.5638
vn -0.7866 0.1380 -0.6018
vn -0.6653 -0.0643 -0.7438
vn -0.8275 -0.1464 -0.5421
vn -0.8259 0.0077 -0.5638
vn -0.6148 -0.1386 -0.7764
vn -0.7318 -0.4772 -0.4866
vn -0.7406 -0.4241 -0.5212
vn -0.7276 -0.4909 -0.4792
vn -0.7276 -0.4909 -0.4792
vn -0.8111 -0.3273 -0.4848
vn -0.8633 -0.3240 -0.3871
vn -0.8821 -0.2087 -0.4223
vn -0.8367 -0.2115 -0.5052
vn -0.7895 -0.2460 -0.5623
vn -0.8734 -0.2061 -0.4412
vn -0.6653 -0.0643 -0.7438
vn -0.7866 0.1380 -0.6018
vn -0.7211 -0.0841 -0.6877
vn -0.8367 -0.2115 -0.5052
vn -0.7823 -0.3229 -0.5327
vn -0.7984 -0.3573 -0.4847
vn -0.7895 -0.2460 -0.5623
vn -0.3056 -0.3650 -0.8794
vn -0.1141 -0.2711 -0.9558
vn -0.6148 -0.1386 -0.7764
vn -0.6653 -0.0643 -0.7438
vn -0.7823 -0.3229 -0.5327
vn -0.7574 -0.3910 -0.5229
vn -0.7877 -0.4194 -0.4513
vn -0.7984 -0.3573 -0.4847
vn -0.3413 0.5898 -0.7319
vn -0.4230 0.4597 -0.7809
vn -0.5918 0.5036 -0.6294
vn -0.4986 0.6143 -0.6115
vn -0.1365 -0.1903 -0.9722
vn -0.2365 -0.1184 -0.9644
vn -0.6966 -0.2867 -0.6577
vn -0.6148 -0.1386 -0.7764
vn 0.1501 0.1674 -0.9744
vn -0.2365 -0.1184 -0.9644
vn -0.1365 -0.1903 -0.9722
vn 0.3198 -0.0316 -0.9470
vn -0.5855 0.3550 -0.7288
vn -0.5918 0.5036 -0.6294
vn -0.4230 0.4597 -0.7809
vn -0.6966 -0.2867 -0.6577
vn -0.6352 -0.2549 -0.7291
vn -0.7406 -0.4241 -0.5212
vn -0.2365 -0.1184 -0.9644
vn -0.4459 -0.0774 -0.8917
vn -0.7406 -0.4241 -0.5212
vn -0.6352 -0.2549 -0.7291
vn -0.9177 -0.2540 -0.3054
vn -0.8821 -0.2087 -0.4223
vn -0.8734 -0.2061 -0.4412
vn -0.8633 -0.3240 -0.3871
vn -0.7406 -0.4241 -0.5212
vn -0.4459 -0.0774 -0.8917
vn -0.8111 -0.3273 -0.4848
vn 0.2127 -0.3601 -0.9083
vn 0.3198 -0.0316 -0.9470
vn -0.1365 -0.1903 -0.9722
vn -0.1141 -0.2711 -0.9558
vn -0.7806 0.1491 -0.6070
vn -0.6492 0.1043 -0.7534
vn -0.7211 -0.0841 -0.6877
vn -0.3056 -0.3650 -0.8794
vn -0.7211 -0.0841 -0.6877
vn -0.5830 -0.3673 -0.7247
vn -0.3413 0.5898 -0.7319
vn -0.4079 0.7297 -0.5487
vn -0.2168 0.7297 -0.6485
vn -0.2178 -0.6074 -0.7639
vn -0.2466 -0.5512 -0.7971
vn 0.2127 -0.3601 -0.9083
vn -0.3056 -0.3650 -0.8794
vn -0.3056 -0.3650 -0.8794
vn -0.5830 -0.3673 -0.7247
vn -0.2178 -0.6074 -0.7639
vn -0.6114 -0.4782 -0.6305
vn -0.5485 -0.5295 -0.6472
vn -0.8203 -0.2636 -0.5076
vn -0.8821 -0.2087 -0.4223
vn 0.2127 -0.3601 -0.9083
vn -0.1538 -0.2052 -0.9666
vn 0.3198 -0.0316 -0.9470
vn -0.2365 -0.1184 -0.9644
vn 0.1501 0.1674 -0.9744
vn -0.4459 -0.0774 -0.8917
vn -0.9177 -0.2540 -0.3054
vn -0.8111 -0.3273 -0.4848
vn -0.6404 -0.2425 -0.7287
vn -0.6775 0.3065 -0.6687
vn -0.5855 0.3550 -0.7288
vn -0.5006 0.3664 -0.7844
vn -0.8821 -0.2087 -0.4223
vn -0.9177 -0.2540 -0.3054
vn -0.6114 -0.4782 -0.6305
vn -0.4023 -0.4562 -0.7938
vn -0.5830 -0.3673 -0.7247
vn -0.6492 0.1043 -0.7534
vn -0.2452 -0.0454 -0.9684
vn 0.5150 -0.5658 -0.6440
vn -0.5485 -0.5295 -0.6472
vn -0.6114 -0.4782 -0.6305
vn 0.2967 -0.5725 -0.7644
vn -0.2178 -0.6074 -0.7639
vn -0.5830 -0.3673 -0.7247
vn -0.4023 -0.4562 -0.7938
vn -0.3386 0.1887 -0.9218
vn -0.3011 -0.3136 -0.9005
vn -0.6404 -0.2425 -0.7287
vn -0.4459 -0.0774 -0.8917
vn 0.1501 0.1674 -0.9744
vn -0.1413 0.2666 -0.9534
vn -0.3386 0.1887 -0.9218
vn -0.2921 0.3849 -0.8755
vn -0.2094 0.4007 -0.8920
vn -0.6492 0.1043 -0.7534
vn -0.5006 0.3664 -0.7844
vn -0.6114 -0.4782 -0.6305
vn -0.6404 -0.2425 -0.7287
vn -0.2406 -0.7230 -0.6476
vn 0.9238 -0.2981 -0.2400
vn 0.9404 -0.2504 -0.2300
vn 0.2967 -0.5725 -0.7644
vn -0.2406 -0.7230 -0.6476
vn -0.3011 -0.3136 -0.9005
vn -0.3386 0.1887 -0.9218
vn -0.5402 0.0924 -0.8364
vn -0.2406 -0.7230 -0.6476
vn 0.2110 -0.5405 -0.8145
vn 0.3395 -0.8363 -0.4306
vn -0.2406 -0.7230 -0.6476
vn 0.3395 -0.8363 -0.4306
vn 0.9238 -0.2981 -0.2400
vn -0.7534 0.0359 -0.6566
vn -0.1538 -0.2052 -0.9666
vn -0.2466 -0.5512 -0.7971
vn -0.7431 -0.4230 -0.5186
vn -0.2168 0.7297 -0.6485
vn -0.1319 0.8764 -0.4631
vn -0.0283 0.8110 -0.5844
vn -0.0723 0.6817 -0.7280
vn -0.2168 0.7297 -0.6485
vn -0.0283 0.8110 -0.5844
vn 0.5150 -0.5658 -0.6440
vn 0.2967 -0.5725 -0.7644
vn 0.9443 -0.2363 -0.2292
vn -0.2466 -0.5512 -0.7971
vn -0.2178 -0.6074 -0.7639
vn -0.4558 -0.6301 -0.6287
vn -0.2466 -0.5512 -0.7971
vn -0.4558 -0.6301 -0.6287
vn -0.7431 -0.4230 -0.5186
vn 0.3074 -0.6343 -0.7094
vn 0.8854 -0.4311 -0.1739
vn 0.2110 -0.5405 -0.8145
vn -0.3011 -0.3136 -0.9005
vn -0.1413 0.2666 -0.9534
vn -0.1538 -0.2052 -0.9666
vn -0.7534 0.0359 -0.6566
vn -0.4230 0.4597 -0.7809
vn -0.3413 0.5898 -0.7319
vn -0.2045 0.4564 -0.8659
vn -0.3386 0.1887 -0.9218
vn -0.1413 0.2666 -0.9534
vn -0.6105 0.3791 -0.6954
vn -0.3347 0.3399 -0.8789
vn -0.4230 0.4597 -0.7809
vn -0.2045 0.4564 -0.8659
vn -0.5402 0.0924 -0.8364
vn -0.6105 0.3791 -0.6954
vn -0.7708 0.2484 -0.5867
vn 0.8854 -0.4311 -0.1739
vn 0.9265 -0.3652 -0.0909
vn 0.9238 -0.2981 -0.2400
vn 0.3395 -0.8363 -0.4306
vn 0.3395 -0.8363 -0.4306
vn 0.2110 -0.5405 -0.8145
vn 0.8854 -0.4311 -0.1739
vn -0.2094 0.4007 -0.8920
vn -0.2921 0.3849 -0.8755
vn -0.0493 0.2301 -0.9719
vn 0.9265 -0.3652 -0.0909
vn 0.8592 -0.4748 0.1905
vn 0.9443 -0.2363 -0.2292
vn 0.9404 -0.2504 -0.2300
vn -0.2452 -0.0454 -0.9684
vn -0.2094 0.4007 -0.8920
vn -0.0493 0.2301 -0.9719
vn -0.0283 0.8110 -0.5844
vn -0.1319 0.8764 -0.4631
vn 0.0558 0.8984 -0.4356
vn 0.9404 -0.2504 -0.2300
vn 0.9238 -0.2981 -0.2400
vn 0.9265 -0.3652 -0.0909
vn -0.2355 -0.3443 -0.9089
vn -0.4984 -0.4848 -0.7188
vn -0.4558 -0.6301 -0.6287
vn -0.4023 -0.4562 -0.7938
vn -0.3914 -0.2733 -0.8787
vn 0.2624 -0.6520 -0.7114
vn -0.5402 0.0924 -0.8364
vn -0.7708 0.2484 -0.5867
vn -0.4558 -0.6301 -0.6287
vn -0.4984 -0.4848 -0.7188
vn -0.6729 -0.3718 -0.6395
vn -0.4558 -0.6301 -0.6287
vn -0.6729 -0.3718 -0.6395
vn -0.7431 -0.4230 -0.5186
vn -0.1059 0.5720 -0.8134
vn -0.2168 0.7297 -0.6485
vn -0.0723 0.6817 -0.7280
vn -0.7708 0.2484 -0.5867
vn -0.7534 0.0359 -0.6566
vn -0.7925 -0.0195 -0.6096
vn 0.8098 -0.5859 0.0309
vn 0.9265 -0.3652 -0.0909
vn 0.8854 -0.4311 -0.1739
vn 0.3074 -0.6343 -0.7094
vn 0.3074 -0.6343 -0.7094
vn -0.5402 0.0924 -0.8364
vn 0.2624 -0.6520 -0.7114
vn -0.2921 0.3849 -0.8755
vn -0.3347 0.3399 -0.8789
vn -0.1167 0.2862 -0.9510
vn -0.1760 0.9634 0.2020
vn -0.0007 0.8532 0.5215
vn 0.3723 0.8201 0.4345
vn 0.2651 0.9489 0.1712
vn -0.0493 0.2301 -0.9719
vn -0.2921 0.3849 -0.8755
vn -0.1167 0.2862 -0.9510
vn -0.2355 -0.3443 -0.9089
vn -0.2452 -0.0454 -0.9684
vn -0.0251 0.0039 -0.9997
vn 0.9661 -0.2449 -0.0814
vn 0.8592 -0.4748 0.1905
vn 0.9679 -0.2509 0.0161
vn 0.1522 0.7136 0.6838
vn 0.3723 0.8201 0.4345
vn -0.0007 0.8532 0.5215
vn -0.1767 0.9727 -0.1507
vn -0.1760 0.9634 0.2020
vn 0.2651 0.9489 0.1712
vn 0.2148 0.9628 -0.1639
vn 0.3000 0.1997 0.9328
vn -0.0033 0.1359 0.9907
vn 0.1649 0.0051 0.9863
vn -0.3799 -0.3155 -0.8696
vn -0.7925 -0.0195 -0.6096
vn -0.8787 -0.0915 -0.4686
vn -0.3065 -0.1741 -0.9358
vn 0.3000 0.1997 0.9328
vn 0.0000 0.3329 0.9430
vn -0.0033 0.1359 0.9907
vn 0.1934 -0.7906 -0.5810
vn -0.3914 -0.2733 -0.8787
vn -0.7925 -0.0195 -0.6096
vn -0.3799 -0.3155 -0.8696
vn 0.6610 -0.7414 0.1160
vn 0.2624 -0.6520 -0.7114
vn -0.3914 -0.2733 -0.8787
vn 0.1934 -0.7906 -0.5810
vn -0.1167 0.2862 -0.9510
vn -0.2045 0.4564 -0.8659
vn 0.0302 0.4277 -0.9034
vn 0.6610 -0.7414 0.1160
vn 0.0097 -0.9134 0.4069
vn 0.8098 -0.5859 0.0309
vn 0.2624 -0.6520 -0.7114
vn -0.1920 -0.6928 0.6951
vn 0.2512 -0.7005 0.6680
vn 0.2930 -0.4436 0.8470
vn -0.1094 -0.4163 0.9026
vn 0.2803 0.4228 0.8618
vn 0.3236 0.5820 0.7460
vn -0.0223 0.5474 0.8366
vn 0.9265 -0.3652 -0.0909
vn 0.8098 -0.5859 0.0309
vn 0.0097 -0.9134 0.4069
vn -0.1094 -0.4163 0.9026
vn 0.2930 -0.4436 0.8470
vn 0.2666 -0.1951 0.9438
vn -0.1535 -0.1980 0.9681
vn -0.0251 0.0039 -0.9997
vn -0.0493 0.2301 -0.9719
vn -0.0048 0.1296 -0.9916
vn -0.0048 0.1296 -0.9916
vn -0.1167 0.2862 -0.9510
vn 0.0795 0.2390 -0.9678
vn 0.2666 -0.1951 0.9438
vn 0.5940 -0.2334 0.7698
vn 0.6364 -0.0685 0.7683
vn 0.1649 0.0051 0.9863
vn 0.1649 0.0051 0.9863
vn 0.6364 -0.0685 0.7683
vn 0.5657 0.1574 0.8094
vn 0.3000 0.1997 0.9328
vn -0.3065 -0.1741 -0.9358
vn -0.0251 0.0039 -0.9997
vn 0.0229 -0.0030 -0.9997
vn 0.3000 0.1997 0.9328
vn 0.5657 0.1574 0.8094
vn 0.5720 0.3611 0.7365
vn 0.2803 0.4228 0.8618
vn 0.3236 0.5820 0.7460
vn 0.2803 0.4228 0.8618
vn 0.5720 0.3611 0.7365
vn 0.6667 0.4918 0.5600
vn -0.0576 -0.4233 -0.9041
vn -0.3799 -0.3155 -0.8696
vn -0.3065 -0.1741 -0.9358
vn -0.0445 -0.1549 -0.9869
vn 0.1522 0.7136 0.6838
vn 0.3236 0.5820 0.7460
vn 0.6667 0.4918 0.5600
vn 0.6386 0.5971 0.4854
vn -0.0576 -0.4233 -0.9041
vn -0.0225 -0.9561 -0.2922
vn 0.1934 -0.7906 -0.5810
vn -0.3799 -0.3155 -0.8696
vn 0.5940 -0.2334 0.7698
vn 0.2666 -0.1951 0.9438
vn 0.2930 -0.4436 0.8470
vn 0.2651 0.9489 0.1712
vn 0.3723 0.8201 0.4345
vn 0.7110 0.6741 0.2003
vn 0.5453 0.8382 -0.0015
vn 0.6610 -0.7414 0.1160
vn 0.1934 -0.7906 -0.5810
vn -0.0225 -0.9561 -0.2922
vn 0.5657 0.1574 0.8094
vn 0.7702 0.0930 0.6310
vn 0.7743 0.2885 0.5632
vn 0.5720 0.3611 0.7365
vn 0.0097 -0.9134 0.4069
vn 0.6610 -0.7414 0.1160
vn -0.0225 -0.9561 -0.2922
vn 0.7702 0.0930 0.6310
vn 0.5657 0.1574 0.8094
vn 0.6364 -0.0685 0.7683
vn -0.0225 -0.9561 -0.2922
vn 0.1388 -0.8712 -0.4709
vn -0.6481 -0.7549 0.1004
vn 0.6364 -0.0685 0.7683
vn 0.8912 -0.1910 0.4114
vn 0.8921 0.0235 0.4512
vn 0.7702 0.0930 0.6310
vn 0.6094 -0.4968 0.6180
vn 0.2930 -0.4436 0.8470
vn 0.2512 -0.7005 0.6680
vn 0.6386 0.5971 0.4854
vn 0.7110 0.6741 0.2003
vn 0.3723 0.8201 0.4345
vn 0.7702 0.0930 0.6310
vn 0.8921 0.0235 0.4512
vn 0.8984 0.2121 0.3845
vn 0.7743 0.2885 0.5632
vn -0.1059 0.5720 -0.8134
vn 0.1191 0.5634 -0.8175
vn 0.0302 0.4277 -0.9034
vn 0.1388 -0.8712 -0.4709
vn -0.0225 -0.9561 -0.2922
vn -0.0576 -0.4233 -0.9041
vn 0.3105 -0.4044 -0.8603
vn 0.6667 0.4918 0.5600
vn 0.7743 0.2885 0.5632
vn 0.8984 0.2121 0.3845
vn 0.9191 0.3292 0.2168
vn 0.8063 -0.2253 -0.5470
vn 0.8234 -0.1209 -0.5544
vn 0.3105 -0.4044 -0.8603
vn 0.2919 -0.2510 -0.9229
vn 0.6386 0.5971 0.4854
vn 0.6667 0.4918 0.5600
vn 0.9191 0.3292 0.2168
vn 0.8941 0.4214 0.1519
vn 0.8234 -0.1209 -0.5544
vn 0.5552 -0.4447 -0.7028
vn 0.1388 -0.8712 -0.4709
vn 0.3105 -0.4044 -0.8603
vn 0.5940 -0.2334 0.7698
vn 0.8304 -0.3345 0.4456
vn 0.8912 -0.1910 0.4114
vn 0.6364 -0.0685 0.7683
vn 0.8304 -0.3345 0.4456
vn 0.5940 -0.2334 0.7698
vn 0.6094 -0.4968 0.6180
vn -0.6481 -0.7549 0.1004
vn 0.1388 -0.8712 -0.4709
vn 0.5552 -0.4447 -0.7028
vn -0.6481 -0.7549 0.1004
vn -0.0783 -0.6913 -0.7183
vn -0.8255 -0.5643 0.0098
vn -0.9100 -0.4071 -0.0781
vn 0.0097 -0.9134 0.4069
vn -0.6481 -0.7549 0.1004
vn -0.8255 -0.5643 0.0098
vn 0.2148 0.9628 -0.1639
vn 0.5453 0.8382 -0.0015
vn 0.6460 0.7289 -0.2266
vn 0.3385 0.8517 -0.4000
vn -0.0418 0.0227 -0.9989
vn 0.0229 -0.0030 -0.9997
vn -0.0048 0.1296 -0.9916
vn 0.0085 0.2252 -0.9743
vn 0.0097 -0.9134 0.4069
vn -0.9100 -0.4071 -0.0781
vn -0.8558 -0.4921 0.1593
vn 0.1409 -0.2720 -0.9519
vn -0.0445 -0.1549 -0.9869
vn 0.0229 -0.0030 -0.9997
vn -0.0418 0.0227 -0.9989
vn 0.8921 0.0235 0.4512
vn 0.9667 -0.0533 0.2502
vn 0.9773 0.1177 0.1764
vn 0.8984 0.2121 0.3845
vn 0.5453 0.8382 -0.0015
vn 0.7110 0.6741 0.2003
vn 0.8481 0.5167 -0.1172
vn 0.6460 0.7289 -0.2266
vn -0.0283 0.8110 -0.5844
vn 0.1512 0.7897 -0.5946
vn 0.1283 0.6919 -0.7105
vn -0.0723 0.6817 -0.7280
vn 0.1283 0.6919 -0.7105
vn 0.1191 0.5634 -0.8175
vn 0.7337 -0.5904 0.3364
vn 0.6094 -0.4968 0.6180
vn 0.4612 -0.8021 0.3794
vn -0.0418 0.0227 -0.9989
vn -0.0061 -0.1070 -0.9942
vn 0.1409 -0.2720 -0.9519
vn -0.9713 -0.2377 -0.0000
vn -0.8558 -0.4921 0.1593
vn -0.9657 -0.2562 -0.0429
vn 0.8941 0.4214 0.1519
vn 0.8481 0.5167 -0.1172
vn 0.7110 0.6741 0.2003
vn 0.9667 -0.0533 0.2502
vn 0.9861 -0.1551 0.0601
vn 1.0000 -0.0000 0.0000
vn 0.9773 0.1177 0.1764
vn 0.8063 -0.2253 -0.5470
vn 0.4462 -0.4223 -0.7891
vn 0.8192 -0.3875 -0.4228
vn 0.9667 -0.0533 0.2502
vn 0.8921 0.0235 0.4512
vn 0.8912 -0.1910 0.4114
vn 0.7107 0.2270 -0.6659
vn 0.5552 -0.4447 -0.7028
vn 0.8234 -0.1209 -0.5544
vn 0.7896 0.0368 -0.6126
vn 1.0000 -0.0000 0.0000
vn 0.9865 0.1552 -0.0530
vn 0.9773 0.1177 0.1764
vn 0.6057 -0.2943 -0.7393
vn -0.0783 -0.6913 -0.7183
vn 0.5552 -0.4447 -0.7028
vn 0.7107 0.2270 -0.6659
vn 0.0302 0.4277 -0.9034
vn 0.3034 0.4441 -0.8430
vn 0.1174 0.3308 -0.9364
vn 0.8941 0.4214 0.1519
vn 0.9191 0.3292 0.2168
vn 0.9865 0.1552 -0.0530
vn 0.9403 0.2602 -0.2194
vn -0.8255 -0.5643 0.0098
vn -0.0783 -0.6913 -0.7183
vn 0.6057 -0.2943 -0.7393
vn 0.0795 0.2390 -0.9678
vn 0.2983 0.3249 -0.8975
vn 0.1755 0.3525 -0.9192
vn -0.8846 -0.4406 -0.1529
vn -0.9100 -0.4071 -0.0781
vn -0.8255 -0.5643 0.0098
vn -0.0666 -0.6872 -0.7234
vn 0.8304 -0.3345 0.4456
vn 0.8735 -0.4766 0.0996
vn 0.9354 -0.3504 0.0468
vn 0.8912 -0.1910 0.4114
vn 0.8735 -0.4766 0.0996
vn 0.8304 -0.3345 0.4456
vn 0.7337 -0.5904 0.3364
vn -0.2996 -0.8456 -0.4418
vn -0.9100 -0.4071 -0.0781
vn -0.8846 -0.4406 -0.1529
vn -0.2795 -0.2905 -0.9152
vn 0.8912 -0.1910 0.4114
vn 0.9354 -0.3504 0.0468
vn 0.9861 -0.1551 0.0601
vn 0.9667 -0.0533 0.2502
vn -0.9413 -0.2551 -0.2210
vn -0.8558 -0.4921 0.1593
vn -0.9100 -0.4071 -0.0781
vn -0.9224 -0.3072 -0.2341
vn -0.9100 -0.4071 -0.0781
vn -0.2996 -0.8456 -0.4418
vn -0.9224 -0.3072 -0.2341
vn 0.4293 -0.6052 -0.6704
vn 0.4462 -0.4223 -0.7891
vn 0.1409 -0.2720 -0.9519
vn 0.3521 -0.4106 -0.8411
vn -0.0418 0.0227 -0.9989
vn -0.0087 0.2281 -0.9736
vn -0.0061 -0.1070 -0.9942
vn -0.0283 0.8110 -0.5844
vn 0.2218 0.8423 -0.4913
vn 0.1512 0.7897 -0.5946
vn -0.8558 -0.4921 0.1593
vn -0.9413 -0.2551 -0.2210
vn -0.9404 -0.2224 -0.2573
vn 1.0000 -0.0000 0.0000
vn 0.9773 -0.1177 -0.1764
vn 0.9638 0.0508 -0.2616
vn 0.9865 0.1552 -0.0530
vn 0.8481 0.5167 -0.1172
vn 0.8049 0.3787 -0.4569
vn 0.6103 0.6239 -0.4881
vn 0.6460 0.7289 -0.2266
vn 0.8192 -0.3875 -0.4228
vn 0.4462 -0.4223 -0.7891
vn 0.4293 -0.6052 -0.6704
vn 0.4612 -0.8021 0.3794
vn 0.6862 -0.7251 0.0570
vn 0.7337 -0.5904 0.3364
vn 0.8063 -0.2253 -0.5470
vn 0.8192 -0.3875 -0.4228
vn 0.6466 -0.4400 -0.6231
vn 0.8049 0.3787 -0.4569
vn 0.8481 0.5167 -0.1172
vn 0.9403 0.2602 -0.2194
vn 0.7896 0.0368 -0.6126
vn 0.8063 -0.2253 -0.5470
vn 0.6466 -0.4400 -0.6231
vn 0.3379 -0.2213 -0.9148
vn -0.0666 -0.6872 -0.7234
vn 0.6057 -0.2943 -0.7393
vn 0.7107 0.2270 -0.6659
vn 0.9354 -0.3504 0.0468
vn 0.9258 -0.3180 -0.2044
vn 0.9861 -0.1551 0.0601
vn 0.9773 -0.1177 -0.1764
vn 0.8899 -0.2161 -0.4018
vn 0.8891 -0.0185 -0.4573
vn 0.9638 0.0508 -0.2616
vn 0.9258 -0.3180 -0.2044
vn 0.9773 -0.1177 -0.1764
vn 0.9861 -0.1551 0.0601
vn -0.8846 -0.4406 -0.1529
vn -0.0666 -0.6872 -0.7234
vn 0.3379 -0.2213 -0.9148
vn 0.3498 0.1114 -0.9302
vn 0.3379 -0.2213 -0.9148
vn 0.7107 0.2270 -0.6659
vn 0.2063 0.2575 -0.9440
vn 0.3721 0.3750 -0.8491
vn 0.1755 0.3525 -0.9192
vn 0.2983 0.3249 -0.8975
vn 0.4986 0.3276 -0.8025
vn 0.6764 -0.2337 -0.6985
vn -0.2795 -0.2905 -0.9152
vn 0.3379 -0.2213 -0.9148
vn 0.3498 0.1114 -0.9302
vn 0.2428 -0.7015 -0.6701
vn -0.2996 -0.8456 -0.4418
vn -0.2795 -0.2905 -0.9152
vn 0.6764 -0.2337 -0.6985
vn 0.3555 0.3131 -0.8807
vn -0.0087 0.2281 -0.9736
vn 0.1755 0.3525 -0.9192
vn 0.3721 0.3750 -0.8491
vn 0.9638 0.0508 -0.2616
vn 0.8891 -0.0185 -0.4573
vn 0.7990 0.1262 -0.5879
vn 0.9403 0.2602 -0.2194
vn -0.9224 -0.3072 -0.2341
vn -0.2996 -0.8456 -0.4418
vn 0.2428 -0.7015 -0.6701
vn -0.2811 -0.5702 -0.7719
vn -0.9413 -0.2551 -0.2210
vn -0.9224 -0.3072 -0.2341
vn 0.2428 -0.7015 -0.6701
vn 0.4331 -0.0566 -0.8996
vn -0.0061 -0.1070 -0.9942
vn -0.0087 0.2281 -0.9736
vn 0.3555 0.3131 -0.8807
vn 0.9354 -0.3504 0.0468
vn 0.8735 -0.4766 0.0996
vn 0.7347 -0.6376 -0.2316
vn 0.7835 -0.5271 -0.3290
vn 0.6862 -0.7251 0.0570
vn 0.7347 -0.6376 -0.2316
vn 0.8735 -0.4766 0.0996
vn -0.0061 -0.1070 -0.9942
vn 0.4331 -0.0566 -0.8996
vn 0.3521 -0.4106 -0.8411
vn -0.9404 -0.2224 -0.2573
vn -0.2811 -0.5702 -0.7719
vn -0.5007 -0.5674 -0.6538
vn 0.1391 -0.5013 -0.8540
vn 0.1714 -0.1431 -0.9748
vn 0.7896 0.0368 -0.6126
vn 0.6466 -0.4400 -0.6231
vn 0.9258 -0.3180 -0.2044
vn 0.8899 -0.2161 -0.4018
vn 0.9773 -0.1177 -0.1764
vn 0.1191 0.5634 -0.8175
vn 0.3242 0.5824 -0.7455
vn 0.3034 0.4441 -0.8430
vn 0.7823 -0.2005 -0.5897
vn 0.8891 -0.0185 -0.4573
vn 0.8899 -0.2161 -0.4018
vn 0.2063 0.2575 -0.9440
vn 0.7107 0.2270 -0.6659
vn 0.7896 0.0368 -0.6126
vn 0.1714 -0.1431 -0.9748
vn 0.8049 0.3787 -0.4569
vn 0.5632 0.2854 -0.7755
vn 0.4327 0.5529 -0.7121
vn 0.6103 0.6239 -0.4881
vn 0.2287 -0.9728 0.0365
vn 0.4866 -0.8526 -0.1903
vn 0.6862 -0.7251 0.0570
vn 0.1391 -0.5013 -0.8540
vn 0.0280 -0.5633 -0.8257
vn 0.1714 -0.1431 -0.9748
vn 0.5632 0.2854 -0.7755
vn 0.8049 0.3787 -0.4569
vn 0.7990 0.1262 -0.5879
vn -0.1833 0.0416 -0.9822
vn 0.4052 -0.1249 -0.9057
vn 0.3498 0.1114 -0.9302
vn 0.2063 0.2575 -0.9440
vn 0.6103 0.6239 -0.4881
vn 0.4327 0.5529 -0.7121
vn 0.1224 0.7759 -0.6189
vn 0.3385 0.8517 -0.4000
vn 0.7835 -0.5271 -0.3290
vn 0.7716 -0.3958 -0.4979
vn 0.9258 -0.3180 -0.2044
vn 0.3498 0.1114 -0.9302
vn 0.4052 -0.1249 -0.9057
vn 0.6764 -0.2337 -0.6985
vn 0.6632 0.3327 -0.6704
vn 0.3555 0.3131 -0.8807
vn 0.3721 0.3750 -0.8491
vn 0.5774 0.3845 -0.7203
vn 0.7620 0.0170 -0.6474
vn 0.4331 -0.0566 -0.8996
vn 0.3555 0.3131 -0.8807
vn 0.6632 0.3327 -0.6704
vn 0.7620 0.0170 -0.6474
vn 0.7256 -0.2669 -0.6343
vn 0.3521 -0.4106 -0.8411
vn 0.4331 -0.0566 -0.8996
vn 0.7716 -0.3958 -0.4979
vn 0.7823 -0.2005 -0.5897
vn 0.8899 -0.2161 -0.4018
vn -0.2811 -0.5702 -0.7719
vn 0.7879 -0.3177 -0.5275
vn 0.6188 -0.4713 -0.6285
vn 0.6188 -0.4713 -0.6285
vn 0.5437 -0.5300 -0.6507
vn -0.5007 -0.5674 -0.6538
vn -0.2811 -0.5702 -0.7719
vn 0.0280 -0.5633 -0.8257
vn 0.1391 -0.5013 -0.8540
vn 0.6466 -0.4400 -0.6231
vn 0.3443 -0.5438 -0.7653
vn 0.3521 -0.4106 -0.8411
vn 0.7256 -0.2669 -0.6343
vn 0.4216 -0.6067 -0.6740
vn 0.4167 0.0275 -0.9086
vn 0.7990 0.1262 -0.5879
vn 0.6637 -0.0610 -0.7455
vn 0.4866 -0.8526 -0.1903
vn 0.3924 -0.7832 -0.4824
vn 0.7347 -0.6376 -0.2316
vn 0.1283 0.6919 -0.7105
vn 0.2945 0.7089 -0.6409
vn 0.3242 0.5824 -0.7455
vn 0.7835 -0.5271 -0.3290
vn 0.7347 -0.6376 -0.2316
vn 0.3924 -0.7832 -0.4824
vn 0.4306 -0.6778 -0.5960
vn 0.8133 -0.2722 -0.5143
vn 0.5437 -0.5300 -0.6507
vn 0.6188 -0.4713 -0.6285
vn 0.8643 -0.2117 -0.4563
vn 0.7716 -0.3958 -0.4979
vn 0.7835 -0.5271 -0.3290
vn 0.4306 -0.6778 -0.5960
vn 0.5660 -0.4731 -0.6751
vn 0.7823 -0.2005 -0.5897
vn 0.7716 -0.3958 -0.4979
vn 0.5660 -0.4731 -0.6751
vn 0.5415 -0.2831 -0.7916
vn 0.4216 -0.6067 -0.6740
vn 0.5976 -0.3307 -0.7304
vn 0.3443 -0.5438 -0.7653
vn -0.2517 -0.2996 -0.9203
vn -0.1091 -0.2052 -0.9726
vn -0.1833 0.0416 -0.9822
vn 0.1714 -0.1431 -0.9748
vn 0.2287 -0.9728 0.0365
vn 0.0876 -0.9440 -0.3180
vn 0.4866 -0.8526 -0.1903
vn 0.9174 -0.2202 -0.3316
vn 0.7879 -0.3177 -0.5275
vn 0.6764 -0.2337 -0.6985
vn 0.8117 -0.3393 -0.4754
vn 0.3034 0.4441 -0.8430
vn 0.5140 0.4768 -0.7131
vn 0.4986 0.3276 -0.8025
vn 0.4052 -0.1249 -0.9057
vn -0.1833 0.0416 -0.9822
vn 0.1899 -0.2136 -0.9583
vn 0.1184 0.2355 -0.9646
vn 0.5632 0.2854 -0.7755
vn 0.4167 0.0275 -0.9086
vn 0.3721 0.3750 -0.8491
vn 0.4986 0.3276 -0.8025
vn 0.5774 0.3845 -0.7203
vn 0.5632 0.2854 -0.7755
vn 0.1184 0.2355 -0.9646
vn 0.0795 0.5252 -0.8473
vn 0.4327 0.5529 -0.7121
vn 0.3294 -0.1865 -0.9256
vn 0.0000 -0.2323 -0.9726
vn -0.0004 -0.0184 -0.9998
vn 0.4167 0.0275 -0.9086
vn 0.4306 -0.6778 -0.5960
vn 0.2925 -0.5723 -0.7661
vn 0.5660 -0.4731 -0.6751
vn 0.7879 -0.3177 -0.5275
vn 0.9174 -0.2202 -0.3316
vn 0.8643 -0.2117 -0.4563
vn 0.7620 0.0170 -0.6474
vn 0.6632 0.3327 -0.6704
vn 0.7410 0.2392 -0.6275
vn 0.2925 -0.5723 -0.7661
vn 0.3189 -0.4214 -0.8490
vn 0.5660 -0.4731 -0.6751
vn 0.9174 -0.2202 -0.3316
vn 0.8589 -0.2696 -0.4354
vn 0.8643 -0.2117 -0.4563
vn 0.7256 -0.2669 -0.6343
vn 0.7620 0.0170 -0.6474
vn 0.7876 -0.0007 -0.6161
vn 0.5976 -0.3307 -0.7304
vn 0.7256 -0.2669 -0.6343
vn 0.7876 -0.0007 -0.6161
vn 0.3294 -0.1865 -0.9256
vn 0.6637 -0.0610 -0.7455
vn 0.5415 -0.2831 -0.7916
vn 0.5009 -0.2687 -0.8227
vn 0.3443 -0.5438 -0.7653
vn 0.5976 -0.3307 -0.7304
vn 0.7876 -0.0007 -0.6161
vn 0.4306 -0.6778 -0.5960
vn 0.3924 -0.7832 -0.4824
vn -0.0030 -0.8250 -0.5651
vn -0.0000 -0.6676 -0.7445
vn 0.0876 -0.9440 -0.3180
vn -0.0030 -0.8250 -0.5651
vn 0.3924 -0.7832 -0.4824
vn 0.3189 -0.4214 -0.8490
vn 0.2925 -0.5723 -0.7661
vn -0.0000 -0.6676 -0.7445
vn 0.0000 -0.4415 -0.8973
vn -0.2517 -0.2996 -0.9203
vn 0.5009 -0.2687 -0.8227
vn 0.4053 -0.3396 -0.8488
vn 0.6642 -0.4265 -0.6139
vn 0.1899 -0.2136 -0.9583
vn -0.1091 -0.2052 -0.9726
vn 0.4053 -0.3396 -0.8488
vn 0.6642 -0.4265 -0.6139
vn 0.8117 -0.3393 -0.4754
vn 0.4052 -0.1249 -0.9057
vn 0.1899 -0.2136 -0.9583
vn 0.3189 -0.4214 -0.8490
vn 0.0000 -0.4415 -0.8973
vn 0.0000 -0.2323 -0.9726
vn 0.3294 -0.1865 -0.9256
vn 0.7354 -0.4908 -0.4672
vn 0.7397 -0.4774 -0.4743
vn 0.8117 -0.3393 -0.4754
vn 0.6642 -0.4265 -0.6139
vn 0.0876 -0.9440 -0.3180
vn -0.3069 -0.9128 -0.2696
vn -0.3863 -0.7909 -0.4746
vn -0.0030 -0.8250 -0.5651
vn 0.4986 0.3276 -0.8025
vn 0.6404 0.3548 -0.6812
vn 0.7410 0.2392 -0.6275
vn 0.1184 0.2355 -0.9646
vn -0.0004 -0.0184 -0.9998
vn -0.4175 0.0261 -0.9083
vn -0.2540 0.2407 -0.9368
vn 0.8117 -0.3393 -0.4754
vn 0.7397 -0.4774 -0.4743
vn 0.8589 -0.2696 -0.4354
vn -0.0030 -0.8250 -0.5651
vn -0.3863 -0.7909 -0.4746
vn -0.4245 -0.6809 -0.5968
vn -0.0000 -0.6676 -0.7445
vn 0.8113 0.0522 -0.5823
vn 0.7876 -0.0007 -0.6161
vn 0.7410 0.2392 -0.6275
vn 0.7556 0.1952 -0.6253
vn 0.0795 0.5252 -0.8473
vn 0.1184 0.2355 -0.9646
vn -0.2540 0.2407 -0.9368
vn -0.3436 0.5519 -0.7599
vn 0.7877 -0.2470 -0.5644
vn 0.8334 -0.2140 -0.5095
vn 0.8643 -0.2117 -0.4563
vn 0.8589 -0.2696 -0.4354
vn 0.7876 -0.0007 -0.6161
vn 0.8113 0.0522 -0.5823
vn 0.7472 -0.0591 -0.6620
vn 0.1224 0.7759 -0.6189
vn 0.0795 0.5252 -0.8473
vn -0.3436 0.5519 -0.7599
vn -0.2829 0.8211 -0.4957
vn 0.7984 -0.3573 -0.4847
vn 0.7823 -0.3229 -0.5327
vn 0.8334 -0.2140 -0.5095
vn 0.7877 -0.2470 -0.5644
vn -0.0000 -0.6676 -0.7445
vn -0.2925 -0.5723 -0.7661
vn -0.3189 -0.4214 -0.8490
vn 0.0000 -0.4415 -0.8973
vn 0.7877 -0.4194 -0.4513
vn 0.7574 -0.3910 -0.5229
vn 0.7823 -0.3229 -0.5327
vn 0.7984 -0.3573 -0.4847
vn 0.0000 -0.2323 -0.9726
vn 0.0000 -0.4415 -0.8973
vn -0.3189 -0.4214 -0.8490
vn -0.3201 -0.1915 -0.9278
vn 0.5009 -0.2687 -0.8227
vn 0.7472 -0.0591 -0.6620
vn 0.7229 -0.2916 -0.6264
vn 0.2287 -0.9728 0.0365
vn -0.2961 -0.9529 0.0663
vn -0.3069 -0.9128 -0.2696
vn 0.0876 -0.9440 -0.3180
vn 0.3242 0.5824 -0.7455
vn 0.4862 0.6161 -0.6197
vn 0.5140 0.4768 -0.7131
vn 0.7229 -0.2916 -0.6264
vn 0.7354 -0.4908 -0.4672
vn 0.6642 -0.4265 -0.6139
vn 0.4053 -0.3396 -0.8488
vn -0.0004 -0.0184 -0.9998
vn 0.0000 -0.2323 -0.9726
vn -0.3201 -0.1915 -0.9278
vn -0.4175 0.0261 -0.9083
vn 0.3885 0.7497 -0.5357
vn 0.2945 0.7089 -0.6409
vn 0.1512 0.7897 -0.5946
vn 0.2218 0.8423 -0.4913
vn -0.4175 0.0261 -0.9083
vn -0.5839 0.2809 -0.7617
vn -0.2540 0.2407 -0.9368
vn -0.5736 -0.4735 -0.6683
vn -0.2925 -0.5723 -0.7661
vn -0.4245 -0.6809 -0.5968
vn -0.5736 -0.4735 -0.6683
vn -0.3189 -0.4214 -0.8490
vn -0.2925 -0.5723 -0.7661
vn -0.4245 -0.6809 -0.5968
vn -0.7823 -0.5297 -0.3278
vn -0.7600 -0.4486 -0.4703
vn -0.5736 -0.4735 -0.6683
vn 0.7877 -0.2470 -0.5644
vn 0.8589 -0.2696 -0.4354
vn 0.6405 -0.3630 -0.6768
vn -0.5614 -0.2709 -0.7819
vn -0.5711 -0.0719 -0.8177
vn -0.3201 -0.1915 -0.9278
vn 0.2945 0.7089 -0.6409
vn 0.3885 0.7497 -0.5357
vn 0.4862 0.6161 -0.6197
vn 0.7472 -0.0591 -0.6620
vn 0.8113 0.0522 -0.5823
vn 0.8287 -0.1282 -0.5448
vn 0.7984 -0.3573 -0.4847
vn 0.7877 -0.2470 -0.5644
vn 0.7157 -0.3004 -0.6305
vn 0.8270 -0.4644 -0.3169
vn 0.8223 -0.5051 -0.2621
vn 0.7834 -0.5246 -0.3333
vn 0.7795 -0.5106 -0.3629
vn 0.8351 -0.2846 -0.4708
vn 0.6703 -0.4653 -0.5781
vn 0.7354 -0.4908 -0.4672
vn 0.7229 -0.2916 -0.6264
vn 0.5140 0.4768 -0.7131
vn 0.6483 0.5331 -0.5436
vn 0.6404 0.3548 -0.6812
vn -0.4175 0.0261 -0.9083
vn -0.5711 -0.0719 -0.8177
vn -0.7574 -0.0968 -0.6458
vn -0.7984 0.1195 -0.5901
vn 0.6404 0.3548 -0.6812
vn 0.7190 0.4161 -0.5567
vn 0.7986 0.2924 -0.5261
vn 0.7397 -0.4774 -0.4743
vn 0.7354 -0.4908 -0.4672
vn 0.6703 -0.4653 -0.5781
vn -0.7572 -0.2998 -0.5804
vn -0.5614 -0.2709 -0.7819
vn -0.5736 -0.4735 -0.6683
vn 0.6405 -0.3630 -0.6768
vn 0.7397 -0.4774 -0.4743
vn 0.6703 -0.4653 -0.5781
vn -0.7572 -0.2998 -0.5804
vn -0.7574 -0.0968 -0.6458
vn -0.5614 -0.2709 -0.7819
vn -0.6182 -0.7825 -0.0744
vn -0.3069 -0.9128 -0.2696
vn -0.2961 -0.9529 0.0663
vn 0.7877 -0.2470 -0.5644
vn 0.6405 -0.3630 -0.6768
vn 0.7157 -0.3004 -0.6305
vn 0.7556 0.1952 -0.6253
vn 0.7986 0.2924 -0.5261
vn 0.8695 0.1364 -0.4747
vn -0.3069 -0.9128 -0.2696
vn -0.6182 -0.7825 -0.0744
vn -0.7301 -0.6447 -0.2266
vn -0.3863 -0.7909 -0.4746
vn 0.7157 -0.3004 -0.6305
vn 0.6405 -0.3630 -0.6768
vn 0.5999 -0.3971 -0.6946
vn -0.3863 -0.7909 -0.4746
vn -0.7301 -0.6447 -0.2266
vn -0.7823 -0.5297 -0.3278
vn -0.4245 -0.6809 -0.5968
vn -0.7600 -0.4486 -0.4703
vn -0.9243 -0.3161 -0.2137
vn -0.9017 -0.2055 -0.3803
vn -0.7572 -0.2998 -0.5804
vn 0.8113 0.0522 -0.5823
vn 0.8695 0.1364 -0.4747
vn 0.9032 -0.0230 -0.4286
vn -0.9243 -0.3161 -0.2137
vn -0.7600 -0.4486 -0.4703
vn -0.7823 -0.5297 -0.3278
vn 0.7877 -0.4194 -0.4513
vn 0.7984 -0.3573 -0.4847
vn 0.8677 -0.3515 -0.3516
vn 0.8270 -0.4644 -0.3169
vn 0.7877 -0.4194 -0.4513
vn 0.8677 -0.3515 -0.3516
vn -0.7574 -0.0968 -0.6458
vn -0.7572 -0.2998 -0.5804
vn -0.9017 -0.2055 -0.3803
vn -0.8977 -0.0201 -0.4402
vn 0.8287 -0.1282 -0.5448
vn 0.9032 -0.0230 -0.4286
vn 0.8351 -0.2846 -0.4708
vn 0.8824 -0.2315 -0.4096
vn 0.8467 -0.3068 -0.4347
vn 0.5999 -0.3971 -0.6946
vn 0.6703 -0.4653 -0.5781
vn 0.6703 -0.4653 -0.5781
vn 0.8351 -0.2846 -0.4708
vn 0.8824 -0.2315 -0.4096
vn 0.8467 -0.3068 -0.4347
vn 0.8677 -0.3515 -0.3516
vn 0.7984 -0.3573 -0.4847
vn 0.7157 -0.3004 -0.6305
vn 0.7157 -0.3004 -0.6305
vn 0.5999 -0.3971 -0.6946
vn 0.8467 -0.3068 -0.4347
vn -0.7984 0.1195 -0.5901
vn -0.8016 0.3816 -0.4603
vn -0.5839 0.2809 -0.7617
vn -0.3436 0.5519 -0.7599
vn -0.5839 0.2809 -0.7617
vn -0.8016 0.3816 -0.4603
vn -0.6244 0.6123 -0.4850
vn -0.8977 -0.0201 -0.4402
vn -0.9017 -0.2055 -0.3803
vn -0.9773 -0.1177 -0.1764
vn -0.9638 0.0508 -0.2616
vn -0.9773 -0.1177 -0.1764
vn -0.9017 -0.2055 -0.3803
vn -0.9243 -0.3161 -0.2137
vn 0.8270 -0.4644 -0.3169
vn 0.8677 -0.3515 -0.3516
vn 0.8900 -0.4228 -0.1705
vn 0.4862 0.6161 -0.6197
vn 0.5622 0.6945 -0.4489
vn 0.6483 0.5331 -0.5436
vn 0.8223 -0.5051 -0.2621
vn 0.8270 -0.4644 -0.3169
vn 0.8900 -0.4228 -0.1705
vn 0.8454 -0.5044 -0.1757
vn 0.8223 -0.5051 -0.2621
vn 0.8900 -0.4228 -0.1705
vn 0.9032 -0.0230 -0.4286
vn 0.9546 0.0585 -0.2920
vn 0.9641 -0.0340 -0.2632
vn 0.8824 -0.2315 -0.4096
vn 0.9641 -0.0340 -0.2632
vn 0.9682 -0.1091 -0.2250
vn 0.7190 0.4161 -0.5567
vn 0.7263 0.5537 -0.4073
vn 0.8181 0.4140 -0.3991
vn 0.8317 -0.5355 -0.1466
vn 0.8454 -0.5044 -0.1757
vn 0.8759 -0.4813 -0.0343
vn -0.2961 -0.9529 0.0663
vn -0.4619 -0.7957 0.3919
vn -0.7323 -0.6557 0.1835
vn -0.6182 -0.7825 -0.0744
vn 0.8467 -0.3068 -0.4347
vn 0.8824 -0.2315 -0.4096
vn 0.9498 -0.2155 -0.2268
vn 0.8695 0.1364 -0.4747
vn 0.8821 0.2913 -0.3703
vn 0.9123 0.2167 -0.3475
vn -0.7984 0.1195 -0.5901
vn -0.8977 -0.0201 -0.4402
vn -0.9638 0.0508 -0.2616
vn -0.9403 0.2602 -0.2194
vn 0.9498 -0.2155 -0.2268
vn 0.9429 -0.2960 -0.1526
vn 0.8677 -0.3515 -0.3516
vn 0.8467 -0.3068 -0.4347
vn -0.6182 -0.7825 -0.0744
vn -0.7323 -0.6557 0.1835
vn -0.8694 -0.4834 0.1020
vn -0.7301 -0.6447 -0.2266
vn 0.8695 0.1364 -0.4747
vn 0.9123 0.2167 -0.3475
vn 0.9405 0.1155 -0.3195
vn -0.7301 -0.6447 -0.2266
vn -0.8694 -0.4834 0.1020
vn -0.9354 -0.3504 0.0468
vn -0.7823 -0.5297 -0.3278
vn 0.3885 0.7497 -0.5357
vn 0.4419 0.8250 -0.3524
vn 0.5622 0.6945 -0.4489
vn 0.8900 -0.4228 -0.1705
vn 0.8677 -0.3515 -0.3516
vn 0.9429 -0.2960 -0.1526
vn 0.9032 -0.0230 -0.4286
vn 0.9405 0.1155 -0.3195
vn 0.9546 0.0585 -0.2920
vn -0.9638 0.0508 -0.2616
vn -0.9773 -0.1177 -0.1764
vn -1.0000 -0.0000 -0.0000
vn -0.9865 0.1552 -0.0530
vn -0.9861 -0.1551 0.0601
vn -0.9773 -0.1177 -0.1764
vn -0.9243 -0.3161 -0.2137
vn 0.8900 -0.4228 -0.1705
vn 0.9429 -0.2960 -0.1526
vn 0.9338 -0.3563 -0.0322
vn 0.8759 -0.4813 -0.0343
vn 0.8900 -0.4228 -0.1705
vn 0.9338 -0.3563 -0.0322
vn 0.9841 0.0888 -0.1536
vn 0.9546 0.0585 -0.2920
vn 0.9405 0.1155 -0.3195
vn 0.9474 0.2394 -0.2125
vn 0.9937 -0.0441 -0.1035
vn 0.9682 -0.1091 -0.2250
vn 0.9641 -0.0340 -0.2632
vn 0.9841 0.0888 -0.1536
vn 0.9338 -0.3563 -0.0322
vn 0.9429 -0.2960 -0.1526
vn 0.9756 -0.2197 0.0051
vn -0.9403 0.2602 -0.2194
vn -0.8481 0.5167 -0.1172
vn -0.8016 0.3816 -0.4603
vn -0.6244 0.6123 -0.4850
vn -0.8016 0.3816 -0.4603
vn -0.8481 0.5167 -0.1172
vn -0.6332 0.7385 -0.2317
vn -1.0000 -0.0000 -0.0000
vn -0.9861 -0.1551 0.0601
vn -0.9667 -0.0533 0.2502
vn -0.9773 0.1177 0.1764
vn 0.9832 -0.1669 -0.0738
vn 0.9682 -0.1091 -0.2250
vn 0.9937 -0.0441 -0.1035
vn -0.9861 -0.1551 0.0601
vn -0.9243 -0.3161 -0.2137
vn -0.9354 -0.3504 0.0468
vn 0.7263 0.5537 -0.4073
vn 0.8186 0.5187 -0.2467
vn 0.8181 0.4140 -0.3991
vn 0.9832 -0.1669 -0.0738
vn 0.9756 -0.2197 0.0051
vn 0.9429 -0.2960 -0.1526
vn 0.9498 -0.2155 -0.2268
vn 0.9474 0.2394 -0.2125
vn 0.9123 0.2167 -0.3475
vn 0.8821 0.2913 -0.3703
vn 0.9029 0.3804 -0.2002
vn -0.9773 0.1177 0.1764
vn -0.9865 0.1552 -0.0530
vn -1.0000 -0.0000 -0.0000
vn -0.9865 0.1552 -0.0530
vn -0.9219 0.3273 0.2072
vn -0.8942 0.4233 0.1456
vn -0.9403 0.2602 -0.2194
vn 0.2218 0.8423 -0.4913
vn 0.2621 0.8977 -0.3542
vn 0.4419 0.8250 -0.3524
vn -0.4619 -0.7957 0.3919
vn -0.6914 -0.5352 0.4852
vn -0.7323 -0.6557 0.1835
vn -0.8694 -0.4834 0.1020
vn -0.7323 -0.6557 0.1835
vn -0.6914 -0.5352 0.4852
vn -0.8261 -0.3416 0.4482
vn 0.7233 0.6471 -0.2409
vn 0.7263 0.5537 -0.4073
vn 0.5622 0.6945 -0.4489
vn 0.6167 0.7298 -0.2950
vn 0.9010 -0.4225 0.0988
vn 0.8818 -0.4472 0.1497
vn 0.8648 -0.4995 0.0512
vn 0.8759 -0.4813 -0.0343
vn 0.7263 0.5537 -0.4073
vn 0.7233 0.6471 -0.2409
vn 0.8186 0.5187 -0.2467
vn 0.9010 -0.4225 0.0988
vn 0.9338 -0.3563 -0.0322
vn 0.9378 -0.3038 0.1683
vn -0.9354 -0.3504 0.0468
vn -0.8694 -0.4834 0.1020
vn -0.8261 -0.3416 0.4482
vn -0.8912 -0.1910 0.4114
vn 0.8181 0.4140 -0.3991
vn 0.8186 0.5187 -0.2467
vn 0.9029 0.3804 -0.2002
vn -0.9861 -0.1551 0.0601
vn -0.9354 -0.3504 0.0468
vn -0.8912 -0.1910 0.4114
vn -0.9667 -0.0533 0.2502
vn 0.8572 -0.4049 0.3181
vn 0.8818 -0.4472 0.1497
vn 0.9010 -0.4225 0.0988
vn 0.8978 -0.3455 0.2730
vn 0.9959 -0.0904 0.0061
vn 0.9937 -0.0441 -0.1035
vn 0.9997 -0.0228 0.0072
vn 0.9474 0.2394 -0.2125
vn 0.9029 0.3804 -0.2002
vn 0.9678 0.2319 -0.0980
vn 0.9756 -0.2197 0.0051
vn 0.9832 -0.1669 -0.0738
vn 0.9870 -0.1264 0.0994
vn 0.5622 0.6945 -0.4489
vn 0.4419 0.8250 -0.3524
vn 0.6167 0.7298 -0.2950
vn 0.9841 0.0888 -0.1536
vn 0.9678 0.2319 -0.0980
vn 0.9955 0.0876 -0.0370
vn -0.7067 0.6787 0.1998
vn -0.8481 0.5167 -0.1172
vn -0.8942 0.4233 0.1456
vn 0.9937 -0.0441 -0.1035
vn 0.9955 0.0876 -0.0370
vn 0.9997 -0.0228 0.0072
vn 0.9997 -0.0228 0.0072
vn 0.9955 0.0876 -0.0370
vn 0.9933 0.0456 0.1065
vn 0.9906 -0.0319 0.1330
vn 0.9959 -0.0904 0.0061
vn 0.9997 -0.0228 0.0072
vn 0.9933 0.0456 0.1065
vn 0.9029 0.3804 -0.2002
vn 0.8186 0.5187 -0.2467
vn 0.8691 0.4914 -0.0574
vn -0.8481 0.5167 -0.1172
vn -0.7067 0.6787 0.1998
vn -0.5356 0.8444 -0.0084
vn -0.6332 0.7385 -0.2317
vn -0.6332 0.7385 -0.2317
vn -0.5356 0.8444 -0.0084
vn -0.1767 0.9727 -0.1507
vn -0.2829 0.8211 -0.4957
vn -0.8912 -0.1910 0.4114
vn -0.8921 0.0235 0.4512
vn -0.9667 -0.0533 0.2502
vn 0.9959 -0.0904 0.0061
vn 0.9906 -0.0319 0.1330
vn 0.9870 -0.1264 0.0994
vn 0.9678 0.2319 -0.0980
vn 0.9029 0.3804 -0.2002
vn 0.9462 0.3231 -0.0204
vn -0.9773 0.1177 0.1764
vn -0.9667 -0.0533 0.2502
vn -0.8921 0.0235 0.4512
vn -0.9017 0.2055 0.3803
vn -0.9017 0.2055 0.3803
vn -0.7572 0.2998 0.5804
vn -0.7718 0.4378 0.4611
vn -0.9219 0.3273 0.2072
vn 0.9955 0.0876 -0.0370
vn 0.9678 0.2319 -0.0980
vn 0.9834 0.1752 0.0478
vn 0.9614 -0.2649 0.0743
vn 0.9661 -0.1785 0.1866
vn 0.9378 -0.3038 0.1683
vn -0.6914 -0.5352 0.4852
vn -0.4619 -0.7957 0.3919
vn -0.1920 -0.6928 0.6951
vn -0.4906 -0.4566 0.7422
vn -0.9219 0.3273 0.2072
vn -0.7718 0.4378 0.4611
vn -0.6493 0.5966 0.4716
vn -0.8942 0.4233 0.1456
vn 0.8691 0.4914 -0.0574
vn 0.8186 0.5187 -0.2467
vn 0.7859 0.6172 -0.0367
vn -0.8261 -0.3416 0.4482
vn -0.6914 -0.5352 0.4852
vn -0.4906 -0.4566 0.7422
vn -0.5832 -0.2472 0.7738
vn -0.8912 -0.1910 0.4114
vn -0.8261 -0.3416 0.4482
vn -0.5832 -0.2472 0.7738
vn -0.6397 -0.0790 0.7645
vn 0.9462 0.3231 -0.0204
vn 0.9029 0.3804 -0.2002
vn 0.8691 0.4914 -0.0574
vn -0.8921 0.0235 0.4512
vn -0.8912 -0.1910 0.4114
vn -0.6397 -0.0790 0.7645
vn -0.7640 0.0920 0.6387
vn 0.9870 -0.1264 0.0994
vn 0.9683 -0.0243 0.2484
vn 0.9661 -0.1785 0.1866
vn 0.9229 0.3706 0.1046
vn 0.9572 0.2276 0.1790
vn 0.9834 0.1752 0.0478
vn 0.9462 0.3231 -0.0204
vn -0.9017 0.2055 0.3803
vn -0.8921 0.0235 0.4512
vn -0.7640 0.0920 0.6387
vn -0.7572 0.2998 0.5804
vn 0.5793 0.8022 -0.1446
vn 0.6797 0.7316 -0.0518
vn 0.7233 0.6471 -0.2409
vn 0.6167 0.7298 -0.2950
vn -0.5517 0.4778 0.6836
vn -0.7718 0.4378 0.4611
vn -0.7572 0.2998 0.5804
vn 0.9112 -0.2208 0.3478
vn 0.9378 -0.3038 0.1683
vn 0.9661 -0.1785 0.1866
vn 0.9382 -0.1298 0.3209
vn 0.9572 0.2276 0.1790
vn 0.9666 0.0994 0.2364
vn 0.9933 0.0456 0.1065
vn 0.9834 0.1752 0.0478
vn 0.7733 -0.4121 0.4819
vn 0.8089 -0.4445 0.3848
vn 0.8572 -0.4049 0.3181
vn 0.8209 -0.3333 0.4637
vn 0.7859 0.6172 -0.0367
vn 0.7233 0.6471 -0.2409
vn 0.6797 0.7316 -0.0518
vn 0.9378 -0.3038 0.1683
vn 0.9112 -0.2208 0.3478
vn 0.8978 -0.3455 0.2730
vn 0.9683 -0.0243 0.2484
vn 0.9906 -0.0319 0.1330
vn 0.9933 0.0456 0.1065
vn 0.9666 0.0994 0.2364
vn -0.7067 0.6787 0.1998
vn -0.3764 0.8090 0.4514
vn -0.1760 0.9634 0.2020
vn -0.5356 0.8444 -0.0084
vn 0.8089 -0.4445 0.3848
vn 0.7733 -0.4121 0.4819
vn 0.7612 -0.4930 0.4213
vn 0.2621 0.8977 -0.3542
vn 0.0558 0.8984 -0.4356
vn -0.0025 0.9477 -0.3190
vn 0.9229 0.3706 0.1046
vn 0.8691 0.4914 -0.0574
vn 0.8236 0.5458 0.1546
vn 0.6793 -0.5666 0.4664
vn 0.6749 -0.5004 0.5424
vn 0.6235 -0.5923 0.5103
vn 0.4213 0.8845 -0.2002
vn 0.2621 0.8977 -0.3542
vn 0.2057 0.9466 -0.2482
vn 0.9683 -0.0243 0.2484
vn 0.9322 -0.0200 0.3613
vn 0.9382 -0.1298 0.3209
vn -0.3764 0.8090 0.4514
vn -0.7067 0.6787 0.1998
vn -0.6493 0.5966 0.4716
vn 0.5793 0.8022 -0.1446
vn 0.4419 0.8250 -0.3524
vn 0.4213 0.8845 -0.2002
vn 0.9158 0.0752 0.3945
vn 0.9683 -0.0243 0.2484
vn 0.9666 0.0994 0.2364
vn 0.9172 0.1554 0.3670
vn -0.6397 -0.0790 0.7645
vn -0.5638 0.0780 0.8222
vn -0.7640 0.0920 0.6387
vn 0.8978 -0.3455 0.2730
vn 0.8409 -0.2185 0.4951
vn 0.8209 -0.3333 0.4637
vn 0.8236 0.5458 0.1546
vn 0.7859 0.6172 -0.0367
vn 0.7680 0.6338 0.0921
vn 0.5217 -0.6792 0.5163
vn 0.5744 -0.6529 0.4938
vn 0.6235 -0.5923 0.5103
vn 0.5196 -0.6183 0.5897
vn 0.9683 -0.0243 0.2484
vn 0.9158 0.0752 0.3945
vn 0.9322 -0.0200 0.3613
vn 0.8751 0.4232 0.2348
vn 0.9070 0.2857 0.3095
vn 0.9572 0.2276 0.1790
vn 0.9229 0.3706 0.1046
vn 0.8409 -0.2185 0.4951
vn 0.9112 -0.2208 0.3478
vn 0.9382 -0.1298 0.3209
vn 0.8876 -0.0809 0.4534
vn -0.5638 0.0780 0.8222
vn -0.5614 0.2709 0.7819
vn -0.7640 0.0920 0.6387
vn 0.9070 0.2857 0.3095
vn 0.9172 0.1554 0.3670
vn 0.9666 0.0994 0.2364
vn 0.9572 0.2276 0.1790
vn 0.4627 -0.7078 0.5338
vn 0.4556 -0.7072 0.5406
vn 0.5217 -0.6792 0.5163
vn 0.5196 -0.6183 0.5897
vn 0.7680 0.6338 0.0921
vn 0.7859 0.6172 -0.0367
vn 0.6745 0.7192 0.1671
vn 0.9322 -0.0200 0.3613
vn 0.8713 0.0348 0.4894
vn 0.8876 -0.0809 0.4534
vn 0.8010 0.4833 0.3533
vn 0.8317 0.3433 0.4364
vn 0.9070 0.2857 0.3095
vn 0.8751 0.4232 0.2348
vn -0.1920 -0.6928 0.6951
vn -0.1094 -0.4163 0.9026
vn -0.4906 -0.4566 0.7422
vn -0.5832 -0.2472 0.7738
vn -0.4906 -0.4566 0.7422
vn -0.1094 -0.4163 0.9026
vn -0.1535 -0.1980 0.9681
vn -0.2970 0.6489 0.7005
vn -0.6493 0.5966 0.4716
vn -0.5517 0.4778 0.6836
vn 0.4807 0.8769 0.0017
vn 0.5559 0.8230 0.1169
vn 0.6797 0.7316 -0.0518
vn 0.5793 0.8022 -0.1446
vn 0.7914 -0.1314 0.5970
vn 0.8409 -0.2185 0.4951
vn 0.8876 -0.0809 0.4534
vn 0.8124 -0.0317 0.5823
vn 0.8317 0.3433 0.4364
vn 0.8394 0.2135 0.4999
vn 0.9172 0.1554 0.3670
vn 0.9070 0.2857 0.3095
vn 0.6431 -0.3476 0.6824
vn 0.7733 -0.4121 0.4819
vn 0.8209 -0.3333 0.4637
vn 0.6817 -0.2637 0.6824
vn 0.6745 0.7192 0.1671
vn 0.6797 0.7316 -0.0518
vn 0.5559 0.8230 0.1169
vn 0.8236 0.5458 0.1546
vn 0.7680 0.6338 0.0921
vn 0.6745 0.7192 0.1671
vn 0.8376 0.1280 0.5311
vn 0.9158 0.0752 0.3945
vn 0.9172 0.1554 0.3670
vn 0.8394 0.2135 0.4999
vn -0.6397 -0.0790 0.7645
vn -0.5832 -0.2472 0.7738
vn -0.1535 -0.1980 0.9681
vn -0.2940 -0.0086 0.9558
vn 0.7733 -0.4121 0.4819
vn 0.6431 -0.3476 0.6824
vn 0.6749 -0.5004 0.5424
vn 0.9158 0.0752 0.3945
vn 0.8376 0.1280 0.5311
vn 0.8713 0.0348 0.4894
vn 0.8010 0.4833 0.3533
vn 0.8236 0.5458 0.1546
vn 0.7152 0.6249 0.3132
vn 0.6749 -0.5004 0.5424
vn 0.5252 -0.4494 0.7226
vn 0.5196 -0.6183 0.5897
vn 0.8713 0.0348 0.4894
vn 0.7848 0.0860 0.6137
vn 0.8124 -0.0317 0.5823
vn -0.5638 0.0780 0.8222
vn -0.6397 -0.0790 0.7645
vn -0.2940 -0.0086 0.9558
vn -0.3059 0.1932 0.9323
vn 0.4807 0.8769 0.0017
vn 0.4213 0.8845 -0.2002
vn 0.3306 0.9399 -0.0851
vn 0.7345 0.1774 0.6550
vn 0.8376 0.1280 0.5311
vn 0.8394 0.2135 0.4999
vn 0.7356 0.2657 0.6232
vn 0.8409 -0.2185 0.4951
vn 0.6713 -0.1450 0.7269
vn 0.6817 -0.2637 0.6824
vn 0.7152 0.6249 0.3132
vn 0.6745 0.7192 0.1671
vn 0.6099 0.7379 0.2889
vn 0.7010 0.5389 0.4672
vn 0.7289 0.3988 0.5564
vn 0.8317 0.3433 0.4364
vn 0.8010 0.4833 0.3533
vn 0.8376 0.1280 0.5311
vn 0.7345 0.1774 0.6550
vn 0.7848 0.0860 0.6137
vn 0.6713 -0.1450 0.7269
vn 0.7914 -0.1314 0.5970
vn 0.8124 -0.0317 0.5823
vn 0.7035 -0.0281 0.7101
vn 0.8124 -0.0317 0.5823
vn 0.7210 0.0512 0.6910
vn 0.7035 -0.0281 0.7101
vn 0.7289 0.3988 0.5564
vn 0.7356 0.2657 0.6232
vn 0.8394 0.2135 0.4999
vn 0.8317 0.3433 0.4364
vn 0.5721 0.5922 0.5675
vn 0.6006 0.4467 0.6631
vn 0.7289 0.3988 0.5564
vn 0.7010 0.5389 0.4672
vn 0.6099 0.7379 0.2889
vn 0.6745 0.7192 0.1671
vn 0.4725 0.8167 0.3312
vn 0.7010 0.5389 0.4672
vn 0.7152 0.6249 0.3132
vn 0.5964 0.6841 0.4200
vn 0.7848 0.0860 0.6137
vn 0.6670 0.1344 0.7329
vn 0.7210 0.0512 0.6910
vn 0.5196 -0.6183 0.5897
vn 0.3691 -0.5884 0.7195
vn 0.3417 -0.7080 0.6181
vn -0.3059 0.1932 0.9323
vn -0.2953 0.4262 0.8550
vn -0.5614 0.2709 0.7819
vn 0.5795 0.0157 0.8148
vn 0.7035 -0.0281 0.7101
vn 0.7210 0.0512 0.6910
vn 0.5890 0.0861 0.8036
vn 0.3212 0.9407 0.1088
vn 0.3620 0.8994 0.2451
vn 0.5559 0.8230 0.1169
vn 0.4807 0.8769 0.0017
vn -0.2953 0.4262 0.8550
vn -0.5517 0.4778 0.6836
vn -0.5614 0.2709 0.7819
vn 0.5628 -0.0637 0.8241
vn 0.6713 -0.1450 0.7269
vn 0.7035 -0.0281 0.7101
vn 0.5795 0.0157 0.8148
vn 0.6006 0.4467 0.6631
vn 0.6021 0.3129 0.7345
vn 0.7356 0.2657 0.6232
vn 0.7289 0.3988 0.5564
vn 0.4163 -0.3237 0.8497
vn 0.6431 -0.3476 0.6824
vn 0.6817 -0.2637 0.6824
vn 0.4520 -0.2151 0.8657
vn 0.4725 0.8167 0.3312
vn 0.5559 0.8230 0.1169
vn 0.3620 0.8994 0.2451
vn 0.5964 0.6841 0.4200
vn 0.6099 0.7379 0.2889
vn 0.4725 0.8167 0.3312
vn 0.6019 0.2218 0.7671
vn 0.7345 0.1774 0.6550
vn 0.7356 0.2657 0.6232
vn 0.6021 0.3129 0.7345
vn 0.4402 0.2582 0.8600
vn 0.6019 0.2218 0.7671
vn 0.6021 0.3129 0.7345
vn 0.4429 0.3496 0.8256
vn 0.6431 -0.3476 0.6824
vn 0.4163 -0.3237 0.8497
vn 0.5252 -0.4494 0.7226
vn 0.7345 0.1774 0.6550
vn 0.6019 0.2218 0.7671
vn 0.6670 0.1344 0.7329
vn 0.3306 0.9399 -0.0851
vn 0.2057 0.9466 -0.2482
vn 0.1744 0.9785 -0.1105
vn 0.5721 0.5922 0.5675
vn 0.5964 0.6841 0.4200
vn 0.4689 0.7311 0.4957
vn 0.5252 -0.4494 0.7226
vn 0.4163 -0.3237 0.8497
vn 0.2412 -0.4883 0.8387
vn 0.5252 -0.4494 0.7226
vn 0.2412 -0.4883 0.8387
vn 0.3691 -0.5884 0.7195
vn 0.6670 0.1344 0.7329
vn 0.5208 0.1728 0.8360
vn 0.5890 0.0861 0.8036
vn 0.3212 0.9407 0.1088
vn 0.3306 0.9399 -0.0851
vn 0.1177 0.9930 0.0091
vn 0.6713 -0.1450 0.7269
vn 0.3987 -0.1225 0.9089
vn 0.4520 -0.2151 0.8657
vn 0.4689 0.7311 0.4957
vn 0.4725 0.8167 0.3312
vn 0.3605 0.8240 0.4370
vn 0.4297 0.5930 0.6809
vn 0.4398 0.4867 0.7548
vn 0.6006 0.4467 0.6631
vn 0.5721 0.5922 0.5675
vn 0.6019 0.2218 0.7671
vn 0.4402 0.2582 0.8600
vn 0.5208 0.1728 0.8360
vn 0.1800 -0.7246 0.6652
vn 0.2311 -0.7425 0.6287
vn 0.3417 -0.7080 0.6181
vn 0.1103 -0.6487 0.7530
vn 0.4179 0.0454 0.9073
vn 0.5795 0.0157 0.8148
vn 0.5890 0.0861 0.8036
vn 0.4306 0.1178 0.8948
vn -0.2970 0.6489 0.7005
vn 0.1522 0.7136 0.6838
vn -0.0007 0.8532 0.5215
vn -0.3764 0.8090 0.4514
vn 0.4046 -0.0275 0.9141
vn 0.5628 -0.0637 0.8241
vn 0.5795 0.0157 0.8148
vn 0.4179 0.0454 0.9073
vn -0.1535 -0.1980 0.9681
vn 0.1649 0.0051 0.9863
vn -0.2940 -0.0086 0.9558
vn 0.4398 0.4867 0.7548
vn 0.4429 0.3496 0.8256
vn 0.6021 0.3129 0.7345
vn 0.6006 0.4467 0.6631
vn -0.3059 0.1932 0.9323
vn -0.2940 -0.0086 0.9558
vn 0.1649 0.0051 0.9863
vn -0.0033 0.1359 0.9907
vn 0.5628 -0.0637 0.8241
vn 0.4046 -0.0275 0.9141
vn 0.3987 -0.1225 0.9089
vn 0.3605 0.8240 0.4370
vn 0.4725 0.8167 0.3312
vn 0.1954 0.8798 0.4333
vn 0.4083 0.6811 0.6078
vn 0.4689 0.7311 0.4957
vn 0.3044 0.7728 0.5569
vn 0.4163 -0.3237 0.8497
vn 0.1872 -0.3125 0.9313
vn 0.2412 -0.4883 0.8387
vn 0.5208 0.1728 0.8360
vn 0.3431 0.2002 0.9177
vn 0.4306 0.1178 0.8948
vn 0.1872 -0.3125 0.9313
vn 0.4163 -0.3237 0.8497
vn 0.4520 -0.2151 0.8657
vn 0.1509 -0.1937 0.9694
vn 0.3044 0.7728 0.5569
vn 0.3605 0.8240 0.4370
vn 0.1954 0.8798 0.4333
vn 0.2550 0.2900 0.9224
vn 0.4402 0.2582 0.8600
vn 0.4429 0.3496 0.8256
vn 0.2527 0.3744 0.8922
vn 0.2393 0.7128 0.6593
vn 0.2466 0.6241 0.7415
vn 0.4297 0.5930 0.6809
vn 0.4083 0.6811 0.6078
vn 0.4402 0.2582 0.8600
vn 0.2550 0.2900 0.9224
vn 0.3431 0.2002 0.9177
vn 0.2466 0.6241 0.7415
vn 0.2473 0.5718 0.7822
vn 0.4398 0.4867 0.7548
vn 0.4297 0.5930 0.6809
vn 0.2387 0.0561 0.9695
vn 0.4179 0.0454 0.9073
vn 0.4306 0.1178 0.8948
vn 0.2440 0.1519 0.9578
vn 0.1253 0.9772 0.1714
vn 0.1398 0.9402 0.3107
vn 0.3620 0.8994 0.2451
vn 0.3212 0.9407 0.1088
vn -0.0033 0.1359 0.9907
vn 0.0000 0.3329 0.9430
vn -0.3059 0.1932 0.9323
vn 0.1790 -0.0361 0.9832
vn 0.4046 -0.0275 0.9141
vn 0.4179 0.0454 0.9073
vn 0.2387 0.0561 0.9695
vn 0.2599 0.4604 0.8488
vn 0.2527 0.3744 0.8922
vn 0.4429 0.3496 0.8256
vn 0.4398 0.4867 0.7548
vn 0.1744 0.9785 -0.1105
vn 0.2057 0.9466 -0.2482
vn 0.0074 0.9870 -0.1604
vn 0.0963 0.6831 0.7239
vn 0.1028 0.5304 0.8415
vn 0.2473 0.5718 0.7822
vn 0.2466 0.6241 0.7415
vn 0.1954 0.8798 0.4333
vn 0.3620 0.8994 0.2451
vn 0.1398 0.9402 0.3107
vn 0.4046 -0.0275 0.9141
vn 0.1790 -0.0361 0.9832
vn 0.3987 -0.1225 0.9089
vn 0.3987 -0.1225 0.9089
vn 0.1790 -0.0361 0.9832
vn 0.1509 -0.1937 0.9694
vn 0.2393 0.7128 0.6593
vn 0.3044 0.7728 0.5569
vn 0.1337 0.7927 0.5948
vn 0.3431 0.2002 0.9177
vn 0.1382 0.2446 0.9597
vn 0.2440 0.1519 0.9578
vn 0.1028 0.5304 0.8415
vn 0.1033 0.3832 0.9179
vn 0.2527 0.3744 0.8922
vn 0.2599 0.4604 0.8488
vn 0.2599 0.4604 0.8488
vn 0.2473 0.5718 0.7822
vn 0.1028 0.5304 0.8415
vn 0.2387 0.0561 0.9695
vn 0.0994 0.1138 0.9885
vn 0.1790 -0.0361 0.9832
vn 0.1382 0.2446 0.9597
vn 0.2550 0.2900 0.9224
vn 0.2527 0.3744 0.8922
vn 0.1033 0.3832 0.9179
vn 0.1337 0.7927 0.5948
vn 0.1954 0.8798 0.4333
vn -0.0127 0.8732 0.4871
vn -0.0461 0.7908 0.6103
vn -0.0555 0.7284 0.6829
vn 0.0963 0.6831 0.7239
vn 0.1337 0.7927 0.5948
vn 0.1872 -0.3125 0.9313
vn -0.0467 -0.3407 0.9390
vn -0.0111 -0.4592 0.8883
vn 0.2466 0.6241 0.7415
vn 0.2393 0.7128 0.6593
vn 0.0963 0.6831 0.7239
vn -0.0465 0.1674 0.9848
vn 0.0994 0.1138 0.9885
vn 0.1382 0.2446 0.9597
vn -0.0485 0.2187 0.9746
vn 0.1382 0.2446 0.9597
vn -0.0499 0.3000 0.9526
vn -0.0485 0.2187 0.9746
vn 0.2412 -0.4883 0.8387
vn -0.0111 -0.4592 0.8883
vn 0.1103 -0.6487 0.7530
vn -0.0469 0.6368 0.7696
vn -0.0501 0.5770 0.8152
vn 0.1028 0.5304 0.8415
vn 0.0963 0.6831 0.7239
vn -0.0138 -0.7345 0.6785
vn 0.0689 -0.7296 0.6804
vn 0.1103 -0.6487 0.7530
vn -0.1188 -0.6917 0.7123
vn -0.0967 0.9723 0.2128
vn -0.1048 0.9424 0.3178
vn 0.1398 0.9402 0.3107
vn 0.1253 0.9772 0.1714
vn 0.0994 0.1138 0.9885
vn -0.0465 0.1674 0.9848
vn -0.0459 0.0683 0.9966
vn -0.0223 0.5474 0.8366
vn -0.2970 0.6489 0.7005
vn -0.2953 0.4262 0.8550
vn -0.0411 -0.0032 0.9991
vn 0.1790 -0.0361 0.9832
vn 0.0994 0.1138 0.9885
vn -0.0459 0.0683 0.9966
vn -0.0575 0.4762 0.8775
vn -0.0474 0.3836 0.9223
vn 0.1033 0.3832 0.9179
vn 0.1028 0.5304 0.8415
vn -0.1048 0.9424 0.3178
vn -0.0127 0.8732 0.4871
vn 0.1954 0.8798 0.4333
vn 0.1398 0.9402 0.3107
vn -0.0499 0.3000 0.9526
vn 0.1382 0.2446 0.9597
vn 0.1033 0.3832 0.9179
vn -0.0474 0.3836 0.9223
vn 0.1790 -0.0361 0.9832
vn -0.0411 -0.0032 0.9991
vn -0.0396 -0.1124 0.9929
vn 0.1872 -0.3125 0.9313
vn -0.1336 -0.2523 0.9584
vn -0.0467 -0.3407 0.9390
f 723/1/1 13/2/2 31/3/3
f 720/4/4 17/5/5 36/6/6
f 18/7/7 52/8/8 699/9/9
f 14/10/10 48/11/11 49/12/12
f 20/13/13 21/14/14 2/15/15
f 2/16/16 33/17/17 3/18/18
f 16/19/19 31/20/20 51/21/21
f 32/22/22 62/23/23 19/24/24
f 24/25/25 40/26/26 25/27/27
f 21/28/28 37/29/29 33/30/30
f 33/31/31 39/32/32 22/33/33
f 93/34/34 104/35/35 18/36/36
f 52/37/37 62/38/38 32/39/39
f 35/40/40 46/41/41 50/42/42
f 37/43/43 38/44/44 33/45/45
f 38/46/46 55/47/47 39/48/48
f 36/49/49 51/50/50 73/51/51
f 39/52/52 55/53/53 34/54/54
f 48/55/55 73/56/56 77/57/57
f 53/58/58 54/59/59 37/60/60
f 54/61/61 63/62/62 38/63/63
f 51/64/64 47/65/65 72/66/66
f 50/67/67 61/68/68 71/69/69
f 50/70/70 71/71/71 76/72/72
f 63/73/73 66/74/74 55/75/75
f 104/76/76 89/77/77 52/78/78
f 65/79/79 75/80/80 63/81/81
f 75/82/82 82/83/83 66/84/84
f 73/85/85 72/86/86 101/87/87
f 74/88/88 77/89/89 78/90/90
f 80/91/91 81/92/92 65/93/93
f 81/94/94 90/95/95 75/96/96
f 72/97/97 88/98/98 100/99/99
f 77/100/100 101/101/101 92/102/102
f 71/103/103 87/104/104 99/105/105
f 76/106/106 99/107/107 105/108/108
f 90/109/109 95/110/110 82/111/111
f 104/112/112 120/113/113 89/114/114
f 89/115/115 108/116/116 79/117/117
f 94/118/118 121/119/119 90/120/120
f 93/121/121 141/122/122 104/123/123
f 101/124/124 100/125/125 106/126/126
f 109/127/127 110/128/128 94/129/129
f 121/130/130 111/131/131 95/132/132
f 100/133/133 117/134/134 118/135/135
f 100/136/136 118/137/137 119/138/138
f 99/139/139 116/140/140 133/141/141
f 105/142/142 133/143/143 129/144/144
f 93/145/145 1/146/146 222/147/147
f 121/148/148 124/149/149 111/150/150
f 141/151/151 153/152/152 120/153/153
f 120/154/154 135/155/155 108/156/156
f 123/157/157 142/158/158 121/159/159
f 124/160/160 130/161/161 125/162/162
f 128/163/163 146/164/164 139/165/165
f 125/166/166 131/167/167 126/168/168
f 136/169/169 137/170/170 123/171/171
f 130/172/172 143/173/173 144/174/174
f 131/175/175 144/176/176 145/177/177
f 140/178/178 147/179/179 133/180/180
f 145/181/181 150/182/182 138/183/183
f 135/184/184 153/185/185 162/186/186
f 146/187/187 151/188/188 139/189/189
f 139/190/190 151/191/191 140/192/192
f 144/193/193 155/194/194 156/195/195
f 151/196/196 160/197/197 147/198/198
f 142/199/199 148/200/200 165/201/201
f 143/202/202 149/203/203 154/204/204
f 150/205/205 159/206/206 146/207/207
f 148/208/208 163/209/209 164/210/210
f 148/211/211 164/212/212 165/213/213
f 160/214/214 161/215/215 152/216/216
f 157/217/217 158/218/218 150/219/219
f 153/220/220 175/221/221 182/222/222
f 154/223/223 170/224/224 171/225/225
f 156/226/226 171/227/227 166/228/228
f 168/229/229 169/230/230 160/231/231
f 157/232/232 166/233/233 158/234/234
f 165/235/235 164/236/236 176/237/237
f 162/238/238 182/239/239 190/240/240
f 166/241/241 171/242/242 177/243/243
f 180/244/244 181/245/245 169/246/246
f 177/247/247 185/248/248 178/249/249
f 178/250/250 186/251/251 172/252/252
f 170/253/253 194/254/254 183/255/255
f 171/256/256 183/257/257 184/258/258
f 184/259/259 197/260/260 177/261/261
f 164/262/262 191/263/263 192/264/264
f 185/265/265 199/266/266 178/267/267
f 182/268/268 175/269/269 231/270/270
f 183/271/271 195/272/272 196/273/273
f 202/274/274 203/275/275 187/276/276
f 187/277/277 203/278/278 188/279/279
f 184/280/280 196/281/281 197/282/282
f 197/283/283 198/284/284 185/285/285
f 199/286/286 208/287/287 186/288/288
f 198/289/289 218/290/290 199/291/291
f 194/292/292 204/293/293 214/294/294
f 175/295/295 222/296/296 231/297/297
f 195/298/298 214/299/299 215/300/300
f 190/301/301 182/302/302 232/303/303
f 196/304/304 205/305/305 206/306/306
f 197/307/307 217/308/308 207/309/309
f 218/310/310 219/311/311 208/312/312
f 193/313/313 192/314/314 213/315/315
f 213/316/316 223/317/317 204/318/318
f 210/319/319 220/320/320 221/321/321
f 205/322/322 215/323/323 216/324/324
f 216/325/325 236/326/326 237/327/327
f 192/328/328 233/329/329 254/330/330
f 218/331/331 227/332/332 228/333/333
f 192/334/334 254/335/335 234/336/336
f 219/337/337 228/338/338 229/339/339
f 213/340/340 234/341/341 223/342/342
f 223/343/343 224/344/344 214/345/345
f 223/346/346 243/347/347 256/348/348
f 229/349/349 240/350/350 241/351/351
f 237/352/352 238/353/353 225/354/354
f 225/355/355 238/356/356 226/357/357
f 226/358/358 239/359/359 227/360/360
f 228/361/361 248/362/362 240/363/363
f 234/364/364 254/365/365 255/366/366
f 240/367/367 248/368/368 249/369/369
f 241/370/370 252/371/371 253/372/372
f 235/373/373 244/374/374 245/375/375
f 232/376/376 231/377/377 292/378/378
f 232/379/379 292/380/380 270/381/381
f 238/382/382 246/383/383 247/384/384
f 239/385/385 247/386/386 260/387/387
f 247/388/388 246/389/389 259/390/390
f 248/391/391 260/392/392 261/393/393
f 244/394/394 256/395/395 273/396/396
f 253/397/397 298/398/398 263/399/399
f 258/400/400 275/401/401 246/402/402
f 257/403/403 275/404/404 258/405/405
f 246/406/406 275/407/407 276/408/408
f 259/409/409 276/410/410 277/411/411
f 254/412/412 270/413/413 293/414/414
f 261/415/415 278/416/416 279/417/417
f 256/418/418 271/419/419 272/420/420
f 281/421/421 298/422/422 325/423/423
f 273/424/424 272/425/425 294/426/426
f 273/427/427 294/428/428 274/429/429
f 274/430/430 294/431/431 257/432/432
f 265/433/433 601/434/434 268/435/435
f 257/436/436 294/437/437 275/438/438
f 270/439/439 292/440/440 333/441/441
f 286/442/442 724/443/443 563/444/444
f 282/445/445 678/446/446 269/447/447
f 282/448/448 698/449/449 678/450/450
f 643/451/451 266/452/452 600/453/453
f 271/454/454 293/455/455 317/456/456
f 280/457/457 324/458/458 298/459/459
f 283/460/460 284/461/461 698/462/462
f 272/463/463 317/464/464 318/465/465
f 298/466/466 324/467/467 325/468/468
f 294/469/469 318/470/470 319/471/471
f 292/472/472 316/473/473 369/474/474
f 293/475/475 333/476/476 350/477/477
f 291/478/478 299/479/479 284/480/480
f 293/481/481 350/482/482 334/483/483
f 314/484/484 286/485/485 285/486/486
f 306/487/487 323/488/488 324/489/489
f 324/490/490 360/491/491 325/492/492
f 303/493/493 290/494/494 289/495/495
f 349/496/496 390/497/497 316/498/498
f 287/499/499 267/500/500 300/501/501
f 319/502/502 320/503/503 305/504/504
f 305/505/505 320/506/506 321/507/507
f 320/508/508 354/509/509 335/510/510
f 643/511/511 307/512/512 266/513/513
f 300/514/514 266/515/515 307/516/516
f 323/517/517 337/518/518 338/519/519
f 313/520/520 304/521/521 291/522/522
f 334/523/523 351/524/524 317/525/525
f 344/526/526 724/527/527 286/528/528
f 360/529/529 340/530/530 325/531/531
f 319/532/532 353/533/533 320/534/534
f 320/535/535 353/536/536 354/537/537
f 327/538/538 312/539/539 311/540/540
f 308/541/541 300/542/542 315/543/543
f 369/544/544 409/545/545 333/546/546
f 336/547/547 335/548/548 375/549/549
f 342/550/550 312/551/551 327/552/552
f 350/553/553 370/554/554 334/555/555
f 339/556/556 356/557/557 357/558/558
f 334/559/559 371/560/560 351/561/561
f 343/562/562 328/563/563 313/564/564
f 371/565/565 372/566/566 351/567/567
f 351/568/568 372/569/569 352/570/570
f 1/571/571 547/572/572 349/573/573
f 373/574/574 393/575/575 353/576/576
f 347/577/577 341/578/578 332/579/579
f 360/580/580 382/581/581 361/582/582
f 390/583/583 448/584/584 369/585/585
f 355/586/586 374/587/587 394/588/588
f 343/589/589 342/590/590 348/591/591
f 345/592/592 330/593/593 315/594/594
f 409/595/595 370/596/596 350/597/597
f 344/598/598 329/599/599 363/600/600
f 358/601/601 377/602/602 378/603/603
f 643/604/604 406/605/605 307/606/606
f 406/607/607 345/608/608 307/609/609
f 381/610/610 399/611/611 382/612/612
f 362/613/613 343/614/614 368/615/615
f 393/616/616 413/617/617 374/618/618
f 374/619/619 413/620/620 394/621/621
f 365/622/622 346/623/623 331/624/624
f 386/625/625 367/626/626 385/627/627
f 368/628/628 367/629/629 386/630/630
f 383/631/631 364/632/632 345/633/633
f 396/634/634 414/635/635 415/636/636
f 409/637/637 449/638/638 370/639/639
f 416/640/640 417/641/641 398/642/642
f 384/643/643 366/644/644 346/645/645
f 389/646/646 724/647/647 344/648/648
f 398/649/649 417/650/650 399/651/651
f 386/652/652 385/653/653 404/654/654
f 408/655/655 466/656/656 390/657/657
f 413/658/658 431/659/659 394/660/660
f 387/661/661 368/662/662 405/663/663
f 413/664/664 412/665/665 430/666/666
f 432/667/667 433/668/668 414/669/669
f 448/670/670 479/671/671 409/672/672
f 405/673/673 386/674/674 421/675/675
f 415/676/676 434/677/677 435/678/678
f 424/679/679 401/680/680 383/681/681
f 436/682/682 454/683/683 416/684/684
f 428/685/685 467/686/686 411/687/687
f 389/688/688 388/689/689 423/690/690
f 417/691/691 455/692/692 418/693/693
f 420/694/694 404/695/695 403/696/696
f 429/697/697 467/698/698 450/699/699
f 421/700/700 404/701/701 420/702/702
f 455/703/703 456/704/704 438/705/705
f 466/706/706 502/707/707 448/708/708
f 422/709/709 405/710/710 440/711/711
f 431/712/712 451/713/713 432/714/714
f 432/715/715 451/716/716 433/717/717
f 426/718/718 407/719/719 402/720/720
f 433/721/721 452/722/722 434/723/723
f 479/724/724 488/725/725 449/726/726
f 449/727/727 467/728/728 428/729/729
f 454/730/730 470/731/731 437/732/732
f 444/733/733 426/734/734 443/735/735
f 450/736/736 468/737/737 451/738/738
f 460/739/739 724/740/740 389/741/741
f 643/742/742 441/743/743 406/744/744
f 451/745/745 469/746/746 452/747/747
f 471/748/748 507/749/749 483/750/750
f 478/751/751 459/752/752 447/753/753
f 488/754/754 489/755/755 467/756/756
f 470/757/757 481/758/758 493/759/759
f 463/760/760 445/761/761 462/762/762
f 463/763/763 446/764/764 445/765/765
f 471/766/766 494/767/767 507/768/768
f 468/769/769 491/770/770 469/771/771
f 464/772/772 465/773/773 446/774/774
f 502/775/775 526/776/776 479/777/777
f 469/778/778 491/779/779 503/780/780
f 475/781/781 462/782/782 474/783/783
f 488/784/784 527/785/785 489/786/786
f 476/787/787 464/788/788 463/789/789
f 489/790/790 516/791/791 490/792/792
f 477/793/793 478/794/794 465/795/795
f 514/796/796 548/797/797 502/798/798
f 490/799/799 517/800/800 491/801/801
f 513/802/802 460/803/803 459/804/804
f 526/805/805 515/806/806 488/807/807
f 495/808/808 508/809/809 521/810/810
f 493/811/811 492/812/812 504/813/813
f 515/814/814 550/815/815 527/816/816
f 487/817/817 477/818/818 476/819/819
f 517/820/820 518/821/821 503/822/822
f 517/823/823 541/824/824 518/825/825
f 526/826/826 549/827/827 515/828/828
f 521/829/829 531/830/830 543/831/831
f 518/832/832 542/833/833 529/834/834
f 643/835/835 497/836/836 441/837/837
f 527/838/838 538/839/839 516/840/840
f 547/841/841 584/842/842 514/843/843
f 516/844/844 528/845/845 517/846/846
f 512/847/847 496/848/848 477/849/849
f 501/850/850 485/851/851 500/852/852
f 548/853/853 549/854/854 526/855/855
f 532/856/856 543/857/857 553/858/858
f 550/859/859 538/860/860 527/861/861
f 523/862/862 510/863/863 522/864/864
f 529/865/865 542/866/866 551/867/867
f 524/868/868 512/869/869 511/870/870
f 1/871/871 612/872/872 547/873/873
f 540/874/874 557/875/875 541/876/876
f 543/877/877 552/878/878 559/879/879
f 533/880/880 460/881/881 513/882/882
f 550/883/883 579/884/884 538/885/885
f 539/886/886 556/887/887 528/888/888
f 545/889/889 524/890/890 544/891/891
f 552/892/892 571/893/893 572/894/894
f 525/895/895 512/896/896 546/897/897
f 552/898/898 572/899/899 591/900/900
f 551/901/901 558/902/902 570/903/903
f 15/904/904 26/905/905 8/906/906 7/907/907
f 551/908/908 570/909/909 581/910/910
f 545/911/911 544/912/912 555/913/913
f 556/914/914 567/915/915 557/916/916
f 557/917/917 568/918/918 558/919/919
f 559/920/920 591/921/921 597/922/922
f 568/923/923 580/924/924 588/925/925
f 581/926/926 590/927/927 571/928/928
f 563/929/929 724/930/930 460/931/931
f 567/932/932 587/933/933 580/934/934
f 571/935/935 590/936/936 572/937/937
f 643/938/938 600/939/939 497/940/940
f 578/941/941 585/942/942 614/943/943
f 561/944/944 546/945/945 576/946/946
f 589/947/947 606/948/948 581/949/949
f 577/950/950 584/951/951 613/952/952
f 584/953/953 612/954/954 619/955/955
f 606/956/956 607/957/957 590/958/958
f 597/959/959 627/960/960 592/961/961
f 587/962/962 586/963/963 603/964/964
f 576/965/965 575/966/966 594/967/967
f 628/968/968 634/969/969 598/970/970
f 598/971/971 634/972/972 599/973/973
f 608/974/974 633/975/975 597/976/976
f 586/977/977 614/978/978 630/979/979
f 603/980/980 630/981/981 622/982/982
f 634/983/983 647/984/984 609/985/985
f 615/986/986 626/987/987 607/988/988
f 563/989/989 562/990/990 596/991/991
f 583/992/992 574/993/993 573/994/994
f 594/995/995 574/996/996 583/997/997
f 629/998/998 594/999/999 618/1000/1000
f 614/1001/1001 620/1002/1002 636/1003/1003
f 612/1004/1004 93/1005/1005 679/1006/1006
f 625/1007/1007 632/1008/1008 615/1009/1009
f 613/1010/1010 619/1011/1011 644/1012/1012
f 619/1013/1013 679/1014/1014 648/1015/1015
f 632/1016/1016 640/1017/1017 626/1018/1018
f 595/1019/1019 576/1020/1020 629/1021/1021
f 633/1022/1022 657/1023/1023 627/1024/1024
f 622/1025/1025 630/1026/1026 637/1027/1027
f 658/1028/1028 663/1029/1029 634/1030/1030
f 631/1031/1031 646/1032/1032 632/1033/1033
f 647/1034/1034 671/1035/1035 635/1036/1036
f 641/1037/1037 662/1038/1038 633/1039/1039
f 630/1040/1040 636/1041/1041 645/1042/1042
f 637/1043/1043 645/1044/1044 651/1045/1045
f 663/1046/1046 677/1047/1047 647/1048/1048
f 646/1049/1049 655/1050/1050 640/1051/1051
f 671/1052/1052 672/1053/1053 642/1054/1054
f 611/1055/1055 583/1056/1056 582/1057/1057
f 636/1058/1058 649/1059/1059 674/1060/1060
f 645/1061/1061 650/1062/1062 659/1063/1063
f 654/1064/1064 661/1065/1065 646/1066/1066
f 644/1067/1067 648/1068/1068 673/1069/1069
f 661/1070/1070 668/1071/1071 655/1072/1072
f 662/1073/1073 692/1074/1074 657/1075/1075
f 651/1076/1076 659/1077/1077 665/1078/1078
f 660/1079/1079 676/1080/1080 661/1081/1081
f 648/1082/1082 680/1083/1083 699/1084/1084
f 284/1085/1085 629/1086/1086 698/1087/1087
f 670/1088/1088 691/1089/1089 662/1090/1090
f 659/1091/1091 674/1092/1092 675/1093/1093
f 665/1094/1094 675/1095/1095 683/1096/1096
f 665/1097/1097 683/1098/1098 684/1099/1099
f 676/1100/1100 688/1101/1101 668/1102/1102
f 677/1103/1103 720/1104/1104 671/1105/1105
f 674/1106/1106 681/1107/1107 710/1108/1108
f 675/1109/1109 682/1110/1110 695/1111/1111
f 687/1112/1112 697/1113/1113 676/1114/1114
f 719/1115/1115 720/1116/1116 677/1117/1117
f 673/1118/1118 699/1119/1119 708/1120/1120
f 596/1121/1121 595/1122/1122 707/1123/1123
f 691/1124/1124 723/1125/1125 692/1126/1126
f 683/1127/1127 695/1128/1128 700/1129/1129
f 697/1130/1130 705/1131/1131 688/1132/1132
f 720/1133/1133 721/1134/1134 694/1135/1135
f 685/1136/1136 702/1137/1137 696/1138/1138
f 679/1139/1139 93/1140/1140 18/1141/1141
f 680/1142/1142 18/1143/1143 699/1144/1144
f 695/1145/1145 710/1146/1146 711/1147/1147
f 718/1148/1148 17/1149/1149 719/1150/1150
f 704/1151/1151 715/1152/1152 697/1153/1153
f 678/1154/1154 618/1155/1155 611/1156/1156
f 705/1157/1157 716/1158/1158 706/1159/1159
f 698/1160/1160 618/1161/1161 678/1162/1162
f 700/1163/1163 711/1164/1164 712/1165/1165
f 715/1166/1166 716/1167/1167 705/1168/1168
f 712/1169/1169 4/1170/1170 5/1171/1171
f 708/1172/1172 699/1173/1173 32/1174/1174
f 708/1175/1175 32/1176/1176 19/1177/1177
f 713/1178/1178 6/1179/1179 722/1180/1180
f 717/1181/1181 13/1182/1182 723/1183/1183
f 711/1184/1184 2/1185/1185 3/1186/1186
f 723/1187/1187 31/1188/1188 718/1189/1189
f 48/1190/1190 720/1191/1191 36/1192/1192
f 699/1193/1193 52/1194/1194 32/1195/1195
f 22/1196/1196 4/1197/1197 3/1198/1198 33/1199/1199
f 26/1200/1200 27/1201/1201 9/1202/1202 8/1203/1203
f 23/1204/1204 5/1205/1205 4/1206/1206 22/1207/1207
f 27/1208/1208 28/1209/1209 10/1210/1210 9/1211/1211
f 24/1212/1212 6/1213/1213 5/1214/1214 23/1215/1215
f 28/1216/1216 29/1217/1217 11/1218/1218 10/1219/1219
f 25/1220/1220 722/1221/1221 6/1222/1222 24/1223/1223
f 29/1224/1224 30/1225/1225 12/1226/1226 11/1227/1227
f 15/1228/1228 7/1229/1229 722/1230/1230 25/1231/1231
f 30/1232/1232 35/1233/1233 13/1234/1234 12/1235/1235
f 53/1236/1236 20/1237/1237 19/1238/1238 62/1239/1239
f 2/1240/1240 21/1241/1241 33/1242/1242
f 31/1243/1243 13/1244/1244 35/1245/1245
f 17/1246/1246 16/1247/1247 51/1248/1248
f 36/1249/1249 17/1250/1250 51/1251/1251
f 18/1252/1252 104/1253/1253 52/1254/1254
f 45/1255/1255 46/1256/1256 30/1257/1257 29/1258/1258
f 41/1259/1259 15/1260/1260 25/1261/1261 40/1262/1262
f 37/1263/1263 21/1264/1264 20/1265/1265 53/1266/1266
f 41/1267/1267 42/1268/1268 26/1269/1269 15/1270/1270
f 35/1271/1271 30/1272/1272 46/1273/1273
f 31/1274/1274 35/1275/1275 47/1276/1276
f 42/1277/1277 43/1278/1278 27/1279/1279 26/1280/1280
f 51/1281/1281 31/1282/1282 47/1283/1283
f 34/1284/1284 23/1285/1285 22/1286/1286 39/1287/1287
f 43/1288/1288 44/1289/1289 28/1290/1290 27/1291/1291
f 40/1292/1292 24/1293/1293 23/1294/1294 34/1295/1295
f 44/1296/1296 45/1297/1297 29/1298/1298 28/1299/1299
f 58/1300/1300 59/1301/1301 44/1302/1302 43/1303/1303
f 48/1304/1304 36/1305/1305 73/1306/1306
f 47/1307/1307 35/1308/1308 50/1309/1309
f 33/1310/1310 38/1311/1311 39/1312/1312
f 43/1313/1313 42/1314/1314 58/1315/1315
f 56/1316/1316 40/1317/1317 34/1318/1318 55/1319/1319
f 77/1320/1320 74/1321/1321 49/1322/1322 48/1323/1323
f 59/1324/1324 60/1325/1325 45/1326/1326 44/1327/1327
f 60/1328/1328 61/1329/1329 46/1330/1330 45/1331/1331
f 57/1332/1332 41/1333/1333 40/1334/1334 56/1335/1335
f 57/1336/1336 58/1337/1337 42/1338/1338 41/1339/1339
f 50/1340/1340 46/1341/1341 61/1342/1342
f 37/1343/1343 54/1344/1344 38/1345/1345
f 80/1346/1346 53/1347/1347 62/1348/1348 79/1349/1349
f 38/1350/1350 63/1351/1351 55/1352/1352
f 73/1353/1353 51/1354/1354 72/1355/1355
f 70/1356/1356 71/1357/1357 61/1358/1358 60/1359/1359
f 68/1360/1360 57/1361/1361 56/1362/1362 67/1363/1363
f 65/1364/1364 54/1365/1365 53/1366/1366 80/1367/1367
f 76/1368/1368 88/1369/1369 47/1370/1370 50/1371/1371
f 54/1372/1372 65/1373/1373 63/1374/1374
f 68/1375/1375 69/1376/1376 58/1377/1377 57/1378/1378
f 69/1379/1379 64/1380/1380 59/1381/1381 58/1382/1382
f 72/1383/1383 47/1384/1384 88/1385/1385
f 67/1386/1386 56/1387/1387 55/1388/1388 66/1389/1389
f 52/1390/1390 89/1391/1391 62/1392/1392
f 64/1393/1393 70/1394/1394 60/1395/1395 59/1396/1396
f 85/1397/1397 86/1398/1398 64/1399/1399 69/1400/1400
f 77/1401/1401 73/1402/1402 101/1403/1403
f 62/1404/1404 89/1405/1405 79/1406/1406
f 63/1407/1407 75/1408/1408 66/1409/1409
f 83/1410/1410 67/1411/1411 66/1412/1412 82/1413/1413
f 86/1414/1414 87/1415/1415 71/1416/1416 70/1417/1417
f 70/1418/1418 64/1419/1419 86/1420/1420
f 84/1421/1421 68/1422/1422 67/1423/1423 83/1424/1424
f 84/1425/1425 85/1426/1426 69/1427/1427 68/1428/1428
f 65/1429/1429 81/1430/1430 75/1431/1431
f 91/1432/1432 99/1433/1433 87/1434/1434 86/1435/1435
f 75/1436/1436 90/1437/1437 82/1438/1438
f 101/1439/1439 72/1440/1440 100/1441/1441
f 76/1442/1442 71/1443/1443 99/1444/1444
f 97/1445/1445 84/1446/1446 83/1447/1447 96/1448/1448
f 94/1449/1449 81/1450/1450 80/1451/1451 109/1452/1452
f 105/1453/1453 117/1454/1454 88/1455/1455 76/1456/1456
f 81/1457/1457 94/1458/1458 90/1459/1459
f 97/1460/1460 98/1461/1461 85/1462/1462 84/1463/1463
f 98/1464/1464 91/1465/1465 86/1466/1466 85/1467/1467
f 100/1468/1468 88/1469/1469 117/1470/1470
f 96/1471/1471 83/1472/1472 82/1473/1473 95/1474/1474
f 109/1475/1475 80/1476/1476 79/1477/1477 108/1478/1478
f 102/1479/1479 103/1480/1480 92/1481/1481 101/1482/1482
f 89/1483/1483 120/1484/1484 108/1485/1485
f 90/1486/1486 121/1487/1487 95/1488/1488
f 106/1489/1489 107/1490/1490 102/1491/1491 101/1492/1492
f 114/1493/1493 115/1494/1494 91/1495/1495 98/1496/1496
f 112/1497/1497 96/1498/1498 95/1499/1499 111/1500/1500
f 115/1501/1501 116/1502/1502 99/1503/1503 91/1504/1504
f 113/1505/1505 97/1506/1506 96/1507/1507 112/1508/1508
f 113/1509/1509 114/1510/1510 98/1511/1511 97/1512/1512
f 94/1513/1513 110/1514/1514 121/1515/1515
f 126/1516/1516 113/1517/1517 112/1518/1518 125/1519/1519
f 106/1520/1520 100/1521/1521 119/1522/1522
f 104/1523/1523 141/1524/1524 120/1525/1525
f 105/1526/1526 99/1527/1527 133/1528/1528
f 123/1529/1529 110/1530/1530 109/1531/1531 136/1532/1532
f 129/1533/1533 122/1534/1534 117/1535/1535 105/1536/1536
f 133/1537/1537 116/1538/1538 140/1539/1539
f 110/1540/1540 123/1541/1541 121/1542/1542
f 126/1543/1543 127/1544/1544 114/1545/1545 113/1546/1546
f 127/1547/1547 128/1548/1548 115/1549/1549 114/1550/1550
f 118/1551/1551 117/1552/1552 122/1553/1553
f 93/1554/1554 222/1555/1555 141/1556/1556
f 125/1557/1557 112/1558/1558 111/1559/1559 124/1560/1560
f 136/1561/1561 109/1562/1562 108/1563/1563 135/1564/1564
f 128/1565/1565 140/1566/1566 116/1567/1567 115/1568/1568
f 138/1569/1569 146/1570/1570 128/1571/1571 127/1572/1572
f 120/1573/1573 153/1574/1574 135/1575/1575
f 121/1576/1576 142/1577/1577 124/1578/1578
f 124/1579/1579 142/1580/1580 130/1581/1581
f 147/1582/1582 134/1583/1583 129/1584/1584 133/1585/1585
f 125/1586/1586 130/1587/1587 131/1588/1588
f 140/1589/1589 128/1590/1590 139/1591/1591
f 126/1592/1592 131/1593/1593 132/1594/1594
f 132/1595/1595 138/1596/1596 127/1597/1597 126/1598/1598
f 123/1599/1599 137/1600/1600 142/1601/1601
f 163/1602/1602 148/1603/1603 137/1604/1604 136/1605/1605
f 132/1606/1606 145/1607/1607 138/1608/1608
f 130/1609/1609 142/1610/1610 143/1611/1611
f 131/1612/1612 130/1613/1613 144/1614/1614
f 132/1615/1615 131/1616/1616 145/1617/1617
f 152/1618/1618 134/1619/1619 147/1620/1620 160/1621/1621
f 140/1622/1622 151/1623/1623 147/1624/1624
f 162/1625/1625 163/1626/1626 136/1627/1627 135/1628/1628
f 142/1629/1629 137/1630/1630 148/1631/1631
f 153/1632/1632 141/1633/1633 175/1634/1634
f 138/1635/1635 150/1636/1636 146/1637/1637
f 156/1638/1638 157/1639/1639 145/1640/1640 144/1641/1641
f 165/1642/1642 149/1643/1643 143/1644/1644 142/1645/1645
f 145/1646/1646 157/1647/1647 150/1648/1648
f 154/1649/1649 155/1650/1650 144/1651/1651 143/1652/1652
f 175/1653/1653 141/1654/1654 222/1655/1655
f 173/1656/1656 159/1657/1657 158/1658/1658 167/1659/1659
f 162/1660/1660 153/1661/1661 182/1662/1662
f 146/1663/1663 159/1664/1664 151/1665/1665
f 150/1666/1666 158/1667/1667 159/1668/1668
f 151/1669/1669 159/1670/1670 168/1671/1671
f 151/1672/1672 168/1673/1673 160/1674/1674
f 158/1675/1675 166/1676/1676 167/1677/1677
f 149/1678/1678 165/1679/1679 170/1680/1680
f 172/1681/1681 167/1682/1682 166/1683/1683 178/1684/1684
f 154/1685/1685 149/1686/1686 170/1687/1687
f 159/1688/1688 173/1689/1689 168/1690/1690
f 155/1691/1691 154/1692/1692 171/1693/1693
f 156/1694/1694 155/1695/1695 171/1696/1696
f 157/1697/1697 156/1698/1698 166/1699/1699
f 160/1700/1700 169/1701/1701 174/1702/1702
f 166/1703/1703 177/1704/1704 178/1705/1705
f 201/1706/1706 173/1707/1707 167/1708/1708 179/1709/1709
f 170/1710/1710 165/1711/1711 176/1712/1712
f 167/1713/1713 172/1714/1714 179/1715/1715
f 190/1716/1716 191/1717/1717 163/1718/1718 162/1719/1719
f 168/1720/1720 173/1721/1721 187/1722/1722
f 189/1723/1723 180/1724/1724 187/1725/1725 188/1726/1726
f 168/1727/1727 187/1728/1728 180/1729/1729
f 164/1730/1730 163/1731/1731 191/1732/1732
f 168/1733/1733 180/1734/1734 169/1735/1735
f 173/1736/1736 202/1737/1737 187/1738/1738
f 177/1739/1739 171/1740/1740 184/1741/1741
f 170/1742/1742 176/1743/1743 194/1744/1744
f 172/1745/1745 186/1746/1746 179/1747/1747
f 171/1748/1748 170/1749/1749 183/1750/1750
f 173/1751/1751 201/1752/1752 202/1753/1753
f 179/1754/1754 186/1755/1755 200/1756/1756
f 179/1757/1757 200/1758/1758 201/1759/1759
f 192/1760/1760 193/1761/1761 176/1762/1762 164/1763/1763
f 177/1764/1764 197/1765/1765 185/1766/1766
f 213/1767/1767 204/1768/1768 194/1769/1769 193/1770/1770
f 178/1771/1771 199/1772/1772 186/1773/1773
f 194/1774/1774 176/1775/1775 193/1776/1776
f 186/1777/1777 208/1778/1778 209/1779/1779
f 186/1780/1780 209/1781/1781 200/1782/1782
f 183/1783/1783 194/1784/1784 195/1785/1785
f 184/1786/1786 183/1787/1787 196/1788/1788
f 185/1789/1789 198/1790/1790 199/1791/1791
f 199/1792/1792 218/1793/1793 208/1794/1794
f 220/1795/1795 210/1796/1796 200/1797/1797 209/1798/1798
f 195/1799/1799 194/1800/1800 214/1801/1801
f 210/1802/1802 211/1803/1803 201/1804/1804 200/1805/1805
f 215/1806/1806 205/1807/1807 196/1808/1808 195/1809/1809
f 211/1810/1810 212/1811/1811 202/1812/1812 201/1813/1813
f 232/1814/1814 233/1815/1815 191/1816/1816 190/1817/1817
f 206/1818/1818 217/1819/1819 197/1820/1820 196/1821/1821
f 226/1822/1822 217/1823/1823 206/1824/1824 225/1825/1825
f 192/1826/1826 191/1827/1827 233/1828/1828
f 197/1829/1829 207/1830/1830 198/1831/1831
f 217/1832/1832 227/1833/1833 198/1834/1834 207/1835/1835
f 219/1836/1836 220/1837/1837 209/1838/1838 208/1839/1839
f 198/1840/1840 227/1841/1841 218/1842/1842
f 216/1843/1843 225/1844/1844 206/1845/1845 205/1846/1846
f 204/1847/1847 223/1848/1848 214/1849/1849
f 215/1850/1850 214/1851/1851 224/1852/1852
f 232/1853/1853 182/1854/1854 231/1855/1855
f 235/1856/1856 236/1857/1857 216/1858/1858 215/1859/1859
f 215/1860/1860 224/1861/1861 235/1862/1862
f 229/1863/1863 230/1864/1864 221/1865/1865 220/1866/1866
f 216/1867/1867 237/1868/1868 225/1869/1869
f 217/1870/1870 226/1871/1871 227/1872/1872
f 219/1873/1873 218/1874/1874 228/1875/1875
f 213/1876/1876 192/1877/1877 234/1878/1878
f 220/1879/1879 219/1880/1880 229/1881/1881
f 244/1882/1882 224/1883/1883 223/1884/1884 256/1885/1885
f 242/1886/1886 230/1887/1887 229/1888/1888 241/1889/1889
f 235/1890/1890 224/1891/1891 244/1892/1892
f 239/1893/1893 248/1894/1894 228/1895/1895 227/1896/1896
f 226/1897/1897 238/1898/1898 239/1899/1899
f 255/1900/1900 243/1901/1901 223/1902/1902 234/1903/1903
f 229/1904/1904 228/1905/1905 240/1906/1906
f 251/1907/1907 252/1908/1908 241/1909/1909 240/1910/1910
f 248/1911/1911 239/1912/1912 260/1913/1913
f 240/1914/1914 249/1915/1915 250/1916/1916
f 240/1917/1917 250/1918/1918 251/1919/1919
f 246/1920/1920 237/1921/1921 236/1922/1922 258/1923/1923
f 231/1924/1924 222/1925/1925 349/1926/1926
f 316/1927/1927 231/1928/1928 349/1929/1929
f 242/1930/1930 241/1931/1931 253/1932/1932
f 236/1933/1933 235/1934/1934 245/1935/1935
f 236/1936/1936 245/1937/1937 258/1938/1938
f 261/1939/1939 262/1940/1940 249/1941/1941 248/1942/1942
f 238/1943/1943 237/1944/1944 246/1945/1945
f 233/1946/1946 232/1947/1947 270/1948/1948
f 239/1949/1949 238/1950/1950 247/1951/1951
f 254/1952/1952 233/1953/1953 270/1954/1954
f 260/1955/1955 247/1956/1956 259/1957/1957
f 262/1958/1958 280/1959/1959 251/1960/1960 250/1961/1961
f 250/1962/1962 249/1963/1963 262/1964/1964
f 243/1965/1965 255/1966/1966 271/1967/1967
f 280/1968/1968 298/1969/1969 253/1970/1970 252/1971/1971
f 256/1972/1972 243/1973/1973 271/1974/1974
f 349/1975/1975 222/1976/1976 1/1977/1977
f 252/1978/1978 251/1979/1979 280/1980/1980
f 273/1981/1981 274/1982/1982 245/1983/1983 244/1984/1984
f 277/1985/1985 278/1986/1986 260/1987/1987 259/1988/1988
f 245/1989/1989 274/1990/1990 257/1991/1991
f 245/1992/1992 257/1993/1993 258/1994/1994
f 292/1995/1995 231/1996/1996 316/1997/1997
f 259/1998/1998 246/1999/1999 276/2000/2000
f 279/2001/2001 280/2002/2002 262/2003/2003 261/2004/2004
f 261/2005/2005 260/2006/2006 278/2007/2007
f 255/2008/2008 254/2009/2009 293/2010/2010
f 596/2011/2011 707/2012/2012 299/2013/2013 285/2014/2014
f 271/2015/2015 255/2016/2016 293/2017/2017
f 273/2018/2018 256/2019/2019 272/2020/2020
f 263/2021/2021 298/2022/2022 281/2023/2023
f 284/2024/2024 299/2025/2025 707/2026/2026
f 563/2027/2027 596/2028/2028 285/2029/2029 286/2030/2030
f 269/2031/2031 664/2032/2032 265/2033/2033
f 295/2034/2034 276/2035/2035 275/2036/2036 294/2037/2037
f 269/2038/2038 678/2039/2039 664/2040/2040
f 296/2041/2041 277/2042/2042 276/2043/2043 295/2044/2044
f 297/2045/2045 278/2046/2046 277/2047/2047 296/2048/2048
f 293/2049/2049 270/2050/2050 333/2051/2051
f 297/2052/2052 324/2053/2053 279/2054/2054 278/2055/2055
f 600/2056/2056 266/2057/2057 267/2058/2058 264/2059/2059
f 282/2060/2060 283/2061/2061 698/2062/2062
f 280/2063/2063 279/2064/2064 324/2065/2065
f 264/2066/2066 267/2067/2067 268/2068/2068 601/2069/2069
f 272/2070/2070 271/2071/2071 317/2072/2072
f 317/2073/2073 293/2074/2074 334/2075/2075
f 268/2076/2076 287/2077/2077 301/2078/2078 265/2079/2079
f 265/2080/2080 301/2081/2081 288/2082/2082 269/2083/2083
f 294/2084/2084 272/2085/2085 318/2086/2086
f 269/2087/2087 288/2088/2088 289/2089/2089 282/2090/2090
f 283/2091/2091 282/2092/2092 289/2093/2093 290/2094/2094
f 305/2095/2095 295/2096/2096 294/2097/2097 319/2098/2098
f 284/2099/2099 283/2100/2100 290/2101/2101 291/2102/2102
f 305/2103/2103 306/2104/2104 296/2105/2105 295/2106/2106
f 287/2107/2107 268/2108/2108 267/2109/2109
f 285/2110/2110 299/2111/2111 304/2112/2112 314/2113/2113
f 297/2114/2114 296/2115/2115 306/2116/2116
f 288/2117/2117 302/2118/2118 303/2119/2119 289/2120/2120
f 324/2121/2121 297/2122/2122 306/2123/2123
f 302/2124/2124 288/2125/2125 301/2126/2126
f 306/2127/2127 322/2128/2128 323/2129/2129
f 301/2130/2130 309/2131/2131 310/2132/2132 302/2133/2133
f 300/2134/2134 267/2135/2135 266/2136/2136
f 291/2137/2137 304/2138/2138 299/2139/2139
f 302/2140/2140 310/2141/2141 311/2142/2142 303/2143/2143
f 292/2144/2144 369/2145/2145 333/2146/2146
f 322/2147/2147 306/2148/2148 305/2149/2149 321/2150/2150
f 290/2151/2151 303/2152/2152 311/2153/2153 312/2154/2154
f 335/2155/2155 336/2156/2156 321/2157/2157 320/2158/2158
f 291/2159/2159 290/2160/2160 312/2161/2161 313/2162/2162
f 336/2163/2163 337/2164/2164 322/2165/2165 321/2166/2166
f 287/2167/2167 308/2168/2168 309/2169/2169 301/2170/2170
f 308/2171/2171 287/2172/2172 300/2173/2173
f 323/2174/2174 322/2175/2175 337/2176/2176
f 323/2177/2177 338/2178/2178 339/2179/2179
f 359/2180/2180 324/2181/2181 323/2182/2182 339/2183/2183
f 286/2184/2184 314/2185/2185 329/2186/2186 344/2187/2187
f 352/2188/2188 318/2189/2189 317/2190/2190 351/2191/2191
f 324/2192/2192 359/2193/2193 360/2194/2194
f 353/2195/2195 319/2196/2196 318/2197/2197 352/2198/2198
f 310/2199/2199 326/2200/2200 327/2201/2201 311/2202/2202
f 314/2203/2203 304/2204/2204 328/2205/2205 329/2206/2206
f 349/2207/2207 408/2208/2208 390/2209/2209
f 316/2210/2210 390/2211/2211 369/2212/2212
f 315/2213/2213 300/2214/2214 307/2215/2215
f 352/2216/2216 373/2217/2217 353/2218/2218
f 340/2219/2219 360/2220/2220 361/2221/2221
f 313/2222/2222 328/2223/2223 304/2224/2224
f 326/2225/2225 332/2226/2226 341/2227/2227 327/2228/2228
f 335/2229/2229 354/2230/2230 355/2231/2231
f 326/2232/2232 310/2233/2233 309/2234/2234
f 376/2235/2235 337/2236/2236 336/2237/2237 375/2238/2238
f 341/2239/2239 342/2240/2240 327/2241/2241
f 356/2242/2242 338/2243/2243 337/2244/2244 376/2245/2245
f 333/2246/2246 409/2247/2247 350/2248/2248
f 313/2249/2249 312/2250/2250 342/2251/2251 343/2252/2252
f 339/2253/2253 338/2254/2254 356/2255/2255
f 334/2256/2256 370/2257/2257 371/2258/2258
f 358/2259/2259 359/2260/2260 339/2261/2261 357/2262/2262
f 308/2263/2263 330/2264/2264 331/2265/2265 309/2266/2266
f 330/2267/2267 308/2268/2268 315/2269/2269
f 379/2270/2270 359/2271/2271 358/2272/2272 378/2273/2273
f 309/2274/2274 331/2275/2275 332/2276/2276 326/2277/2277
f 381/2278/2278 360/2279/2279 359/2280/2280 380/2281/2281
f 359/2282/2282 379/2283/2283 380/2284/2284
f 374/2285/2285 354/2286/2286 353/2287/2287 393/2288/2288
f 352/2289/2289 372/2290/2290 373/2291/2291
f 349/2292/2292 547/2293/2293 408/2294/2294
f 360/2295/2295 381/2296/2296 382/2297/2297
f 341/2298/2298 347/2299/2299 348/2300/2300 342/2301/2301
f 328/2302/2302 362/2303/2303 363/2304/2304 329/2305/2305
f 355/2306/2306 354/2307/2307 374/2308/2308
f 307/2309/2309 345/2310/2310 315/2311/2311
f 335/2312/2312 355/2313/2313 394/2314/2314
f 362/2315/2315 328/2316/2316 343/2317/2317
f 375/2318/2318 335/2319/2319 394/2320/2320
f 377/2321/2321 357/2322/2322 356/2323/2323 376/2324/2324
f 331/2325/2325 346/2326/2326 332/2327/2327
f 347/2328/2328 366/2329/2329 367/2330/2330 348/2331/2331
f 346/2332/2332 347/2333/2333 332/2334/2334
f 358/2335/2335 357/2336/2336 377/2337/2337
f 397/2338/2338 377/2339/2339 376/2340/2340 396/2341/2341
f 410/2342/2342 371/2343/2343 370/2344/2344 449/2345/2345
f 416/2346/2346 378/2347/2347 377/2348/2348 397/2349/2349
f 398/2350/2350 379/2351/2351 378/2352/2352 416/2353/2353
f 391/2354/2354 372/2355/2355 371/2356/2356 410/2357/2357
f 348/2358/2358 367/2359/2359 368/2360/2360 343/2361/2361
f 380/2362/2362 379/2363/2363 398/2364/2364
f 399/2365/2365 381/2366/2366 380/2367/2367 398/2368/2368
f 392/2369/2369 373/2370/2370 372/2371/2371 391/2372/2372
f 331/2373/2373 330/2374/2374 364/2375/2375 365/2376/2376
f 345/2377/2377 364/2378/2378 330/2379/2379
f 373/2380/2380 392/2381/2381 393/2382/2382
f 382/2383/2383 399/2384/2384 400/2385/2385
f 395/2386/2386 414/2387/2387 375/2388/2388 394/2389/2389
f 346/2390/2390 366/2391/2391 347/2392/2392
f 369/2393/2393 448/2394/2394 409/2395/2395
f 385/2396/2396 367/2397/2397 366/2398/2398
f 396/2399/2399 376/2400/2400 375/2401/2401 414/2402/2402
f 362/2403/2403 387/2404/2404 388/2405/2405 363/2406/2406
f 406/2407/2407 383/2408/2408 345/2409/2409
f 395/2410/2410 432/2411/2411 414/2412/2412
f 387/2413/2413 362/2414/2414 368/2415/2415
f 415/2416/2416 436/2417/2417 397/2418/2418 396/2419/2419
f 363/2420/2420 388/2421/2421 389/2422/2422 344/2423/2423
f 365/2424/2424 384/2425/2425 346/2426/2426
f 397/2427/2427 436/2428/2428 416/2429/2429
f 411/2430/2430 391/2431/2431 410/2432/2432 428/2433/2433
f 429/2434/2434 392/2435/2435 391/2436/2436 411/2437/2437
f 429/2438/2438 412/2439/2439 393/2440/2440 392/2441/2441
f 384/2442/2442 385/2443/2443 366/2444/2444
f 399/2445/2445 417/2446/2446 418/2447/2447
f 418/2448/2448 419/2449/2449 400/2450/2450 399/2451/2451
f 432/2452/2452 395/2453/2453 394/2454/2454 431/2455/2455
f 393/2456/2456 412/2457/2457 413/2458/2458
f 405/2459/2459 368/2460/2460 386/2461/2461
f 383/2462/2462 401/2463/2463 364/2464/2464
f 390/2465/2465 466/2466/2466 448/2467/2467
f 365/2468/2468 364/2469/2469 401/2470/2470 402/2471/2471
f 438/2472/2472 419/2473/2473 418/2474/2474 455/2475/2475
f 384/2476/2476 365/2477/2477 402/2478/2478 403/2479/2479
f 385/2480/2480 384/2481/2481 403/2482/2482 404/2483/2483
f 413/2484/2484 430/2485/2485 431/2486/2486
f 433/2487/2487 434/2488/2488 415/2489/2489 414/2490/2490
f 406/2491/2491 424/2492/2492 383/2493/2493
f 437/2494/2494 417/2495/2495 416/2496/2496 454/2497/2497
f 409/2498/2498 479/2499/2499 449/2500/2500
f 436/2501/2501 415/2502/2502 435/2503/2503
f 422/2504/2504 387/2505/2505 405/2506/2506
f 410/2507/2507 449/2508/2508 428/2509/2509
f 387/2510/2510 422/2511/2511 423/2512/2512 388/2513/2513
f 421/2514/2514 439/2515/2515 440/2516/2516 405/2517/2517
f 402/2518/2518 407/2519/2519 403/2520/2520
f 417/2521/2521 437/2522/2522 455/2523/2523
f 429/2524/2524 411/2525/2525 467/2526/2526
f 407/2527/2527 420/2528/2528 403/2529/2529
f 437/2530/2530 470/2531/2531 455/2532/2532
f 412/2533/2533 429/2534/2534 450/2535/2535
f 430/2536/2536 412/2537/2537 450/2538/2538
f 421/2539/2539 386/2540/2540 404/2541/2541
f 451/2542/2542 431/2543/2543 430/2544/2544 450/2545/2545
f 402/2546/2546 401/2547/2547 425/2548/2548 426/2549/2549
f 424/2550/2550 425/2551/2551 401/2552/2552
f 420/2553/2553 407/2554/2554 426/2555/2555 427/2556/2556
f 433/2557/2557 451/2558/2558 452/2559/2559
f 453/2560/2560 435/2561/2561 434/2562/2562 452/2563/2563
f 453/2564/2564 454/2565/2565 436/2566/2566 435/2567/2567
f 420/2568/2568 427/2569/2569 439/2570/2570 421/2571/2571
f 480/2572/2572 481/2573/2573 454/2574/2574 453/2575/2575
f 424/2576/2576 442/2577/2577 461/2578/2578 425/2579/2579
f 449/2580/2580 488/2581/2581 467/2582/2582
f 422/2583/2583 440/2584/2584 465/2585/2585 447/2586/2586
f 454/2587/2587 481/2588/2588 470/2589/2589
f 425/2590/2590 461/2591/2591 443/2592/2592 426/2593/2593
f 490/2594/2594 450/2595/2595 467/2596/2596 489/2597/2597
f 423/2598/2598 422/2599/2599 447/2600/2600 459/2601/2601
f 482/2602/2602 456/2603/2603 455/2604/2604 470/2605/2605
f 450/2606/2606 490/2607/2607 468/2608/2608
f 389/2609/2609 423/2610/2610 459/2611/2611 460/2612/2612
f 506/2613/2613 457/2614/2614 456/2615/2615 482/2616/2616
f 426/2617/2617 444/2618/2618 445/2619/2619 427/2620/2620
f 494/2621/2621 458/2622/2622 457/2623/2623 506/2624/2624
f 439/2625/2625 427/2626/2626 445/2627/2627 446/2628/2628
f 451/2629/2629 468/2630/2630 469/2631/2631
f 406/2632/2632 441/2633/2633 442/2634/2634 424/2635/2635
f 448/2636/2636 502/2637/2637 479/2638/2638
f 469/2639/2639 480/2640/2640 453/2641/2641 452/2642/2642
f 440/2643/2643 439/2644/2644 446/2645/2645 465/2646/2646
f 514/2647/2647 466/2648/2648 408/2649/2649 547/2650/2650
f 465/2651/2651 478/2652/2652 447/2653/2653
f 462/2654/2654 444/2655/2655 443/2656/2656
f 462/2657/2657 445/2658/2658 444/2659/2659
f 443/2660/2660 485/2661/2661 474/2662/2662 462/2663/2663
f 482/2664/2664 470/2665/2665 493/2666/2666
f 463/2667/2667 464/2668/2668 446/2669/2669
f 466/2670/2670 514/2671/2671 502/2672/2672
f 468/2673/2673 490/2674/2674 491/2675/2675
f 506/2676/2676 482/2677/2677 505/2678/2678
f 507/2679/2679 508/2680/2680 484/2681/2681 483/2682/2682
f 503/2683/2683 492/2684/2684 480/2685/2685 469/2686/2686
f 479/2687/2687 526/2688/2688 488/2689/2689
f 465/2690/2690 464/2691/2691 476/2692/2692 477/2693/2693
f 488/2694/2694 515/2695/2695 527/2696/2696
f 481/2697/2697 480/2698/2698 492/2699/2699
f 475/2700/2700 463/2701/2701 462/2702/2702
f 493/2703/2703 481/2704/2704 492/2705/2705
f 475/2706/2706 476/2707/2707 463/2708/2708
f 472/2709/2709 442/2710/2710 441/2711/2711
f 482/2712/2712 493/2713/2713 505/2714/2714
f 489/2715/2715 527/2716/2716 516/2717/2717
f 442/2718/2718 472/2719/2719 473/2720/2720 461/2721/2721
f 505/2722/2722 493/2723/2723 504/2724/2724
f 461/2725/2725 473/2726/2726 485/2727/2727 443/2728/2728
f 474/2729/2729 501/2730/2730 486/2731/2731 475/2732/2732
f 490/2733/2733 516/2734/2734 517/2735/2735
f 501/2736/2736 474/2737/2737 485/2738/2738
f 494/2739/2739 506/2740/2740 520/2741/2741
f 507/2742/2742 494/2743/2743 520/2744/2744
f 476/2745/2745 475/2746/2746 486/2747/2747 487/2748/2748
f 491/2749/2749 517/2750/2750 503/2751/2751
f 518/2752/2752 519/2753/2753 504/2754/2754 492/2755/2755
f 492/2756/2756 503/2757/2757 518/2758/2758
f 519/2759/2759 520/2760/2760 506/2761/2761 505/2762/2762
f 505/2763/2763 504/2764/2764 519/2765/2765
f 477/2766/2766 496/2767/2767 478/2768/2768
f 459/2769/2769 478/2770/2770 496/2771/2771 513/2772/2772
f 487/2773/2773 486/2774/2774 510/2775/2775 511/2776/2776
f 510/2777/2777 486/2778/2778 501/2779/2779
f 507/2780/2780 520/2781/2781 531/2782/2782
f 502/2783/2783 548/2784/2784 526/2785/2785
f 508/2786/2786 507/2787/2787 531/2788/2788
f 521/2789/2789 508/2790/2790 531/2791/2791
f 517/2792/2792 540/2793/2793 541/2794/2794
f 518/2795/2795 541/2796/2796 542/2797/2797
f 515/2798/2798 549/2799/2799 550/2800/2800
f 509/2801/2801 521/2802/2802 543/2803/2803
f 441/2804/2804 497/2805/2805 498/2806/2806 472/2807/2807
f 519/2808/2808 518/2809/2809 529/2810/2810
f 516/2811/2811 538/2812/2812 539/2813/2813
f 477/2814/2814 487/2815/2815 511/2816/2816 512/2817/2817
f 529/2818/2818 530/2819/2819 520/2820/2820 519/2821/2821
f 472/2822/2822 498/2823/2823 499/2824/2824 473/2825/2825
f 516/2826/2826 539/2827/2827 528/2828/2828
f 473/2829/2829 499/2830/2830 500/2831/2831 485/2832/2832
f 514/2833/2833 584/2834/2834 548/2835/2835
f 531/2836/2836 520/2837/2837 530/2838/2838
f 517/2839/2839 528/2840/2840 540/2841/2841
f 511/2842/2842 510/2843/2843 523/2844/2844 524/2845/2845
f 522/2846/2846 510/2847/2847 501/2848/2848
f 531/2849/2849 530/2850/2850 552/2851/2851
f 543/2852/2852 531/2853/2853 552/2854/2854
f 557/2855/2855 540/2856/2856 528/2857/2857 556/2858/2858
f 558/2859/2859 542/2860/2860 541/2861/2861 557/2862/2862
f 552/2863/2863 530/2864/2864 571/2865/2865
f 512/2866/2866 525/2867/2867 496/2868/2868
f 513/2869/2869 496/2870/2870 525/2871/2871 533/2872/2872
f 523/2873/2873 522/2874/2874 537/2875/2875 544/2876/2876
f 551/2877/2877 542/2878/2878 558/2879/2879
f 522/2880/2880 501/2881/2881 500/2882/2882
f 549/2883/2883 578/2884/2884 550/2885/2885
f 551/2886/2886 571/2887/2887 530/2888/2888 529/2889/2889
f 556/2890/2890 539/2891/2891 538/2892/2892 579/2893/2893
f 544/2894/2894 524/2895/2895 523/2896/2896
f 524/2897/2897 545/2898/2898 546/2899/2899 512/2900/2900
f 547/2901/2901 612/2902/2902 584/2903/2903
f 497/2904/2904 534/2905/2905 498/2906/2906
f 499/2907/2907 498/2908/2908 534/2909/2909 535/2910/2910
f 585/2911/2911 549/2912/2912 548/2913/2913 577/2914/2914
f 559/2915/2915 560/2916/2916 553/2917/2917 543/2918/2918
f 549/2919/2919 585/2920/2920 578/2921/2921
f 559/2922/2922 552/2923/2923 591/2924/2924
f 500/2925/2925 499/2926/2926 535/2927/2927 536/2928/2928
f 550/2929/2929 578/2930/2930 579/2931/2931
f 522/2932/2932 500/2933/2933 536/2934/2934 537/2935/2935
f 592/2936/2936 560/2937/2937 559/2938/2938 597/2939/2939
f 570/2940/2940 558/2941/2941 569/2942/2942
f 556/2943/2943 579/2944/2944 567/2945/2945
f 571/2946/2946 551/2947/2947 581/2948/2948
f 548/2949/2949 584/2950/2950 577/2951/2951
f 557/2952/2952 567/2953/2953 568/2954/2954
f 561/2955/2955 525/2956/2956 546/2957/2957
f 558/2958/2958 568/2959/2959 569/2960/2960
f 569/2961/2961 568/2962/2962 588/2963/2963
f 589/2964/2964 570/2965/2965 569/2966/2966 588/2967/2967
f 579/2968/2968 578/2969/2969 586/2970/2970
f 525/2971/2971 561/2972/2972 562/2973/2973 533/2974/2974
f 533/2975/2975 562/2976/2976 563/2977/2977 460/2978/2978
f 536/2979/2979 554/2980/2980 537/2981/2981
f 570/2982/2982 589/2983/2983 581/2984/2984
f 567/2985/2985 579/2986/2986 587/2987/2987
f 544/2988/2988 537/2989/2989 554/2990/2990 555/2991/2991
f 555/2992/2992 574/2993/2993 575/2994/2994 545/2995/2995
f 568/2996/2996 567/2997/2997 580/2998/2998
f 572/2999/2999 590/3000/3000 591/3001/3001
f 534/3002/3002 497/3003/3003 600/3004/3004 564/3005/3005
f 545/3006/3006 575/3007/3007 576/3008/3008 546/3009/3009
f 586/3010/3010 578/3011/3011 614/3012/3012
f 535/3013/3013 534/3014/3014 564/3015/3015 565/3016/3016
f 536/3017/3017 535/3018/3018 565/3019/3019 566/3020/3020
f 587/3021/3021 579/3022/3022 586/3023/3023
f 554/3024/3024 536/3025/3025 566/3026/3026 573/3027/3027
f 581/3028/3028 606/3029/3029 590/3030/3030
f 603/3031/3031 604/3032/3032 580/3033/3033 587/3034/3034
f 555/3035/3035 554/3036/3036 573/3037/3037 574/3038/3038
f 613/3039/3039 620/3040/3040 585/3041/3041 577/3042/3042
f 594/3043/3043 575/3044/3044 574/3045/3045
f 608/3046/3046 591/3047/3047 590/3048/3048 607/3049/3049
f 604/3050/3050 605/3051/3051 588/3052/3052 580/3053/3053
f 628/3054/3054 593/3055/3055 592/3056/3056 627/3057/3057
f 614/3058/3058 585/3059/3059 620/3060/3060
f 591/3061/3061 608/3062/3062 597/3063/3063
f 606/3064/3064 589/3065/3065 588/3066/3066 605/3067/3067
f 561/3068/3068 595/3069/3069 596/3070/3070 562/3071/3071
f 593/3072/3072 628/3073/3073 598/3074/3074
f 612/3075/3075 1/3076/3076 93/3077/3077
f 603/3078/3078 586/3079/3079 630/3080/3080
f 599/3081/3081 634/3082/3082 609/3083/3083
f 619/3084/3084 612/3085/3085 679/3086/3086
f 606/3087/3087 615/3088/3088 607/3089/3089
f 595/3090/3090 561/3091/3091 576/3092/3092
f 613/3093/3093 584/3094/3094 619/3095/3095
f 625/3096/3096 606/3097/3097 605/3098/3098 624/3099/3099
f 566/3100/3100 582/3101/3101 573/3102/3102
f 597/3103/3103 633/3104/3104 627/3105/3105
f 630/3106/3106 614/3107/3107 621/3108/3108
f 616/3109/3109 610/3110/3110 609/3111/3111 647/3112/3112
f 606/3113/3113 625/3114/3114 615/3115/3115
f 622/3116/3116 623/3117/3117 604/3118/3118 603/3119/3119
f 633/3120/3120 608/3121/3121 607/3122/3122 626/3123/3123
f 582/3124/3124 583/3125/3125 573/3126/3126
f 623/3127/3127 624/3128/3128 605/3129/3129 604/3130/3130
f 635/3131/3131 617/3132/3132 616/3133/3133 647/3134/3134
f 621/3135/3135 614/3136/3136 636/3137/3137
f 615/3138/3138 632/3139/3139 626/3140/3140
f 637/3141/3141 638/3142/3142 623/3143/3143 622/3144/3144
f 600/3145/3145 264/3146/3146 564/3147/3147
f 565/3148/3148 564/3149/3149 264/3150/3150 601/3151/3151
f 629/3152/3152 576/3153/3153 594/3154/3154
f 644/3155/3155 649/3156/3156 620/3157/3157 613/3158/3158
f 641/3159/3159 633/3160/3160 626/3161/3161 640/3162/3162
f 638/3163/3163 639/3164/3164 624/3165/3165 623/3166/3166
f 658/3167/3167 628/3168/3168 627/3169/3169 657/3170/3170
f 636/3171/3171 620/3172/3172 649/3173/3173
f 630/3174/3174 621/3175/3175 636/3176/3176
f 631/3177/3177 625/3178/3178 624/3179/3179 639/3180/3180
f 566/3181/3181 565/3182/3182 601/3183/3183 602/3184/3184
f 628/3185/3185 658/3186/3186 634/3187/3187
f 625/3188/3188 631/3189/3189 632/3190/3190
f 637/3191/3191 630/3192/3192 645/3193/3193
f 634/3194/3194 663/3195/3195 647/3196/3196
f 632/3197/3197 646/3198/3198 640/3199/3199
f 582/3200/3200 566/3201/3201 602/3202/3202 611/3203/3203
f 644/3204/3204 619/3205/3205 648/3206/3206
f 654/3207/3207 631/3208/3208 639/3209/3209 653/3210/3210
f 633/3211/3211 662/3212/3212 657/3213/3213
f 645/3214/3214 636/3215/3215 650/3216/3216
f 651/3217/3217 652/3218/3218 638/3219/3219 637/3220/3220
f 631/3221/3221 654/3222/3222 646/3223/3223
f 662/3224/3224 641/3225/3225 640/3226/3226 656/3227/3227
f 640/3228/3228 655/3229/3229 656/3230/3230
f 652/3231/3231 653/3232/3232 639/3233/3233 638/3234/3234
f 665/3235/3235 666/3236/3236 652/3237/3237 651/3238/3238
f 650/3239/3239 636/3240/3240 674/3241/3241
f 651/3242/3242 645/3243/3243 659/3244/3244
f 646/3245/3245 661/3246/3246 655/3247/3247
f 647/3248/3248 677/3249/3249 671/3250/3250
f 611/3251/3251 618/3252/3252 583/3253/3253
f 669/3254/3254 656/3255/3255 655/3256/3256 668/3257/3257
f 673/3258/3258 681/3259/3259 649/3260/3260 644/3261/3261
f 618/3262/3262 594/3263/3263 583/3264/3264
f 670/3265/3265 662/3266/3266 656/3267/3267 669/3268/3268
f 666/3269/3269 667/3270/3270 653/3271/3271 652/3272/3272
f 693/3273/3273 658/3274/3274 657/3275/3275 692/3276/3276
f 674/3277/3277 649/3278/3278 681/3279/3279
f 659/3280/3280 650/3281/3281 674/3282/3282
f 660/3283/3283 654/3284/3284 653/3285/3285 667/3286/3286
f 687/3287/3287 660/3288/3288 667/3289/3289 686/3290/3290
f 658/3291/3291 693/3292/3292 663/3293/3293
f 654/3294/3294 660/3295/3295 661/3296/3296
f 648/3297/3297 679/3298/3298 680/3299/3299
f 665/3300/3300 659/3301/3301 675/3302/3302
f 663/3303/3303 693/3304/3304 719/3305/3305
f 663/3306/3306 719/3307/3307 677/3308/3308
f 661/3309/3309 676/3310/3310 668/3311/3311
f 673/3312/3312 648/3313/3313 699/3314/3314
f 662/3315/3315 691/3316/3316 692/3317/3317
f 675/3318/3318 674/3319/3319 682/3320/3320
f 684/3321/3321 685/3322/3322 666/3323/3323 665/3324/3324
f 660/3325/3325 687/3326/3326 676/3327/3327
f 694/3328/3328 672/3329/3329 671/3330/3330 720/3331/3331
f 689/3332/3332 669/3333/3333 668/3334/3334 688/3335/3335
f 629/3336/3336 284/3337/3337 707/3338/3338 595/3339/3339
f 690/3340/3340 670/3341/3341 669/3342/3342 689/3343/3343
f 601/3344/3344 265/3345/3345 602/3346/3346
f 685/3347/3347 686/3348/3348 667/3349/3349 666/3350/3350
f 611/3351/3351 602/3352/3352 265/3353/3353 664/3354/3354
f 670/3355/3355 690/3356/3356 691/3357/3357
f 682/3358/3358 674/3359/3359 710/3360/3360
f 683/3361/3361 675/3362/3362 695/3363/3363
f 693/3364/3364 718/3365/3365 719/3366/3366
f 676/3367/3367 697/3368/3368 688/3369/3369
f 718/3370/3370 693/3371/3371 692/3372/3372 723/3373/3373
f 695/3374/3374 682/3375/3375 710/3376/3376
f 704/3377/3377 687/3378/3378 686/3379/3379 703/3380/3380
f 700/3381/3381 701/3382/3382 684/3383/3383 683/3384/3384
f 687/3385/3385 704/3386/3386 697/3387/3387
f 701/3388/3388 702/3389/3389 685/3390/3390 684/3391/3391
f 706/3392/3392 689/3393/3393 688/3394/3394 705/3395/3395
f 708/3396/3396 709/3397/3397 681/3398/3398 673/3399/3399
f 664/3400/3400 678/3401/3401 611/3402/3402
f 717/3403/3403 690/3404/3404 689/3405/3405 706/3406/3406
f 696/3407/3407 703/3408/3408 686/3409/3409 685/3410/3410
f 680/3411/3411 679/3412/3412 18/3413/3413
f 712/3414/3414 713/3415/3415 702/3416/3416 701/3417/3417
f 710/3418/3418 681/3419/3419 709/3420/3420
f 690/3421/3421 717/3422/3422 691/3423/3423
f 691/3424/3424 717/3425/3425 723/3426/3426
f 700/3427/3427 695/3428/3428 711/3429/3429
f 697/3430/3430 715/3431/3431 705/3432/3432
f 713/3433/3433 714/3434/3434 703/3435/3435 696/3436/3436
f 696/3437/3437 702/3438/3438 713/3439/3439
f 706/3440/3440 716/3441/3441 717/3442/3442
f 715/3443/3443 704/3444/3444 703/3445/3445 714/3446/3446
f 711/3447/3447 710/3448/3448 2/3449/3449
f 3/3450/3450 4/3451/3451 712/3452/3452 711/3453/3453
f 718/3454/3454 16/3455/3455 17/3456/3456
f 701/3457/3457 700/3458/3458 712/3459/3459
f 10/3460/3460 716/3461/3461 715/3462/3462 9/3463/3463
f 715/3464/3464 8/3465/3465 9/3466/3466
f 719/3467/3467 17/3468/3468 720/3469/3469
f 5/3470/3470 6/3471/3471 713/3472/3472 712/3473/3473
f 14/3474/3474 721/3475/3475 720/3476/3476 48/3477/3477
f 19/3478/3478 20/3479/3479 709/3480/3480 708/3481/3481
f 716/3482/3482 10/3483/3483 11/3484/3484
f 698/3485/3485 629/3486/3486 618/3487/3487
f 12/3488/3488 717/3489/3489 716/3490/3490 11/3491/3491
f 722/3492/3492 7/3493/3493 714/3494/3494 713/3495/3495
f 20/3496/3496 2/3497/3497 710/3498/3498 709/3499/3499
f 8/3500/3500 715/3501/3501 714/3502/3502 7/3503/3503
f 717/3504/3504 12/3505/3505 13/3506/3506
f 718/3507/3507 31/3508/3508 16/3509/3509
