# torso - exported from blender/silhouette.blend by tools/blender_export.py
o torso
v -0.06269 -0.03289 -0.03283
v 0.08773 0.41238 0.00669
v -0.08657 0.40717 0.00821
v -0.12355 0.64971 -0.21568
v -0.10821 0.62457 -0.06358
v 0.02459 0.92484 -0.31057
v -0.02493 0.95075 -0.26369
v -0.09525 0.66602 -0.23224
v -0.09566 0.75662 -0.23333
v -0.19252 0.63785 -0.20641
v -0.21667 0.67611 -0.16797
v 0.09923 0.66474 -0.12504
v 0.13172 0.73664 -0.21249
v 0.21396 0.67724 -0.20589
v -0.05832 0.77515 -0.24976
v 0.05832 0.77515 -0.24976
v 0.08256 0.79494 -0.16205
v -0.02159 0.91257 -0.31029
v 0.14356 0.73150 -0.14464
v 0.09675 0.75531 -0.23313
v 0.13018 0.71912 -0.22136
v 0.12749 0.70049 -0.22581
v 0.12217 0.64734 -0.21535
v 0.10400 0.72575 -0.23643
v -0.01563 0.93360 -0.31107
v 0.13778 0.56732 -0.10830
v 0.13060 0.61434 -0.16972
v 0.05554 0.58454 -0.03083
v -0.00067 0.66729 -0.06466
v -0.07682 0.67883 -0.07450
v -0.12842 0.65487 -0.10190
v -0.13683 0.58414 -0.11679
v -0.13117 0.59200 -0.15822
v 0.02174 0.94345 -0.29666
v -0.07234 0.64339 -0.22132
v 0.00854 0.63433 -0.22229
v 0.06219 0.58538 -0.19897
v -0.03985 0.74371 -0.25117
v 0.03158 0.75951 -0.25582
v 0.07667 0.79090 -0.22506
v 0.06197 0.81764 -0.22037
v -0.06559 0.79696 -0.23432
v -0.06889 0.80665 -0.21384
v -0.04664 0.78476 -0.13853
v -0.00143 0.76571 -0.12207
v 0.03488 0.79623 -0.14616
v 0.01739 -0.03496 0.06320
v -0.05472 -0.03423 0.05316
v 0.13020 0.70337 -0.09743
v 0.13402 0.75173 -0.17809
v 0.13852 0.74573 -0.15954
v -0.10678 0.76592 -0.13377
v 0.07335 -0.03844 0.02556
v -0.01632 -0.04668 -0.03478
v 0.05121 -0.04627 -0.02275
v -0.13031 0.71963 -0.22176
v -0.07295 -0.04145 0.00254
v -0.13208 0.73989 -0.13035
v -0.13046 0.70303 -0.09738
v -0.13819 0.74604 -0.15925
v -0.13444 0.75153 -0.17815
v -0.12172 0.67318 -0.13024
v -0.13287 0.73606 -0.21282
v -0.13359 0.71667 -0.12416
v -0.12721 0.64754 -0.20925
v -0.11623 0.65711 -0.16070
v -0.12259 0.68224 -0.22182
v -0.13366 0.74757 -0.19713
v 0.12721 0.64754 -0.20925
v 0.13189 0.73982 -0.12978
v 0.12904 0.65511 -0.09791
v 0.12204 0.67452 -0.12931
v 0.13360 0.74739 -0.19701
v 0.12263 0.68196 -0.22161
v 0.11874 0.66339 -0.20622
v 0.11627 0.65736 -0.15978
v -0.21772 0.67881 -0.19387
v -0.19773 0.63546 -0.18037
v 0.21871 0.67701 -0.17829
v 0.19347 0.63500 -0.16841
v 0.19679 0.63585 -0.19338
v -0.08028 0.02230 -0.04851
v -0.04342 0.04634 -0.06626
v 0.00005 0.04593 -0.07182
v 0.04093 0.07624 -0.06744
v 0.07782 0.00807 -0.04541
v 0.05611 -0.02813 -0.04201
v 0.09897 0.05416 -0.02692
v 0.10649 0.05095 0.00258
v 0.09966 0.05288 0.03241
v 0.06288 -0.02227 0.05781
v 0.04318 0.05803 0.07292
v -0.00007 0.05499 0.07860
v -0.04322 0.05565 0.07309
v -0.07190 -0.00525 0.06055
v -0.09957 0.05614 0.03238
v -0.10649 0.05105 0.00270
v -0.09910 0.04904 -0.02626
v -0.06134 0.19649 -0.05429
v -0.03368 0.19501 -0.06702
v -0.00010 0.19346 -0.07132
v 0.03254 0.24043 -0.06980
v 0.07479 0.07682 -0.05248
v 0.07843 0.20217 -0.03401
v 0.08429 0.20207 -0.00890
v 0.07540 0.23913 0.01171
v 0.07995 0.02968 0.06006
v 0.03247 0.24995 0.04297
v 0.00018 0.23882 0.04877
v -0.03204 0.23795 0.04474
v -0.07813 0.05826 0.05719
v -0.07614 0.24507 0.01043
v -0.08428 0.20202 -0.00900
v -0.07855 0.19825 -0.03376
v -0.06335 0.25813 -0.06138
v -0.03366 0.25737 -0.07512
v -0.00048 0.26504 -0.08081
v 0.06057 0.21567 -0.05512
v 0.07942 0.26106 -0.04202
v 0.08528 0.26499 -0.01731
v 0.05864 0.24244 0.03164
v -0.05963 0.24025 0.03168
v -0.07929 0.26034 -0.04199
v 0.05203 0.43091 -0.13509
v 0.06503 0.27351 -0.06633
v 0.11225 0.39243 -0.07712
v 0.12130 0.40615 -0.04943
v 0.11711 0.42718 -0.02368
v 0.04799 0.41490 0.02257
v -0.00028 0.40950 0.02901
v -0.04876 0.47042 0.00959
v -0.11144 0.40369 -0.01701
v -0.12511 0.42064 -0.05205
v -0.11485 0.40359 -0.07981
v -0.09826 0.50734 -0.14934
v 0.09986 0.49945 -0.14421
v 0.10200 0.57029 -0.04343
v -0.03150 0.83792 -0.26909
v -0.01786 0.82894 -0.27514
v 0.03607 0.85522 -0.20135
v -0.05416 0.81908 -0.17432
v 0.03205 0.83707 -0.26820
v -0.03144 0.87494 -0.21648
v 0.02696 0.93993 -0.25738
v -0.12677 0.66775 -0.14548
v -0.11869 0.66365 -0.20661
v -0.12745 0.70055 -0.22584
v -0.14303 0.73162 -0.14370
v -0.18958 0.63820 -0.15883
v -0.16977 0.64432 -0.21398
v -0.20098 0.69296 -0.21078
v -0.20091 0.68382 -0.15166
v 0.16954 0.64439 -0.21401
v 0.12693 0.66791 -0.14480
v 0.18839 0.68188 -0.22343
v 0.19100 0.64198 -0.21266
v 0.17449 0.64219 -0.15605
v 0.20555 0.69194 -0.16250
v 0.20085 0.69379 -0.21014
v 0.10988 0.69835 -0.23257
v 0.09296 -0.01466 -0.01642
v 0.09895 -0.01225 0.01185
v 0.09179 -0.00933 0.03830
v 0.13391 0.71752 -0.12537
v -0.00741 0.95270 -0.28680
v 0.02406 0.95159 -0.27438
v 0.04351 0.00595 -0.06069
v -0.03830 -0.01998 -0.05338
v -0.00003 -0.02401 -0.05625
v 0.21425 0.65650 -0.19493
v 0.21525 0.66532 -0.16292
v -0.21531 0.65606 -0.18009
v -0.21178 0.66676 -0.21131
v 0.11509 0.73149 -0.10567
v 0.10662 0.76069 -0.12871
v 0.12480 0.63580 -0.17414
v -0.12895 0.62463 -0.17239
v -0.10489 0.71857 -0.23680
v -0.11443 0.73623 -0.10924
v -0.01927 -0.05534 -0.01266
v -0.02248 -0.05649 0.01638
v 0.04133 -0.05026 0.02863
v -0.01925 -0.04829 0.04432
v -0.07334 0.80722 -0.18770
v 0.07395 0.80737 -0.19592
v 0.03823 -0.00557 0.07462
v 0.00004 -0.00868 0.07839
v -0.03845 -0.00509 0.07463
v -0.09165 -0.00955 0.03851
v -0.09896 -0.01220 0.01188
v -0.09315 -0.01432 -0.01622
v -0.08505 0.26226 -0.01719
v -0.04399 0.37392 0.02839
v -0.05187 0.43910 -0.13820
v 0.00150 0.54061 -0.00924
v -0.12844 0.55388 -0.06704
v -0.00045 0.83511 -0.27964
v 0.01666 0.84584 -0.28139
v 0.04124 0.84373 -0.25589
v 0.04300 0.86290 -0.24601
v 0.04145 0.86063 -0.22428
v 0.01604 0.88383 -0.21167
v 0.00051 0.88841 -0.21183
v -0.01649 0.88381 -0.21193
v -0.04164 0.85982 -0.22397
v -0.04304 0.86264 -0.24575
v -0.04005 0.85328 -0.26030
v 0.01420 0.91709 -0.31476
v -0.00354 0.91784 -0.31729
v 0.03466 0.92890 -0.29636
v 0.03742 0.93342 -0.27544
v 0.00657 0.95637 -0.26404
v -0.01420 0.95037 -0.25484
v 0.00832 0.94785 -0.25002
v -0.02915 0.94540 -0.28378
v -0.03408 0.92657 -0.29766
v -0.03742 0.93344 -0.27544
v -0.12006 0.65760 -0.16814
v -0.14245 0.71429 -0.13463
v -0.13585 0.68735 -0.13261
v -0.17836 0.63137 -0.17405
v -0.17301 0.63237 -0.19453
v -0.19788 0.65108 -0.21642
v -0.18081 0.65698 -0.22399
v -0.19122 0.68012 -0.22273
v -0.20825 0.69611 -0.17804
v -0.20883 0.65969 -0.15711
v -0.18709 0.65640 -0.14609
v 0.12066 0.65755 -0.16768
v 0.13707 0.68772 -0.13280
v 0.14244 0.71562 -0.13512
v 0.17679 0.63210 -0.19724
v 0.16985 0.63338 -0.17642
v 0.20214 0.64930 -0.15684
v 0.18701 0.65649 -0.14603
v 0.19756 0.67706 -0.14847
v 0.21244 0.69250 -0.18653
v 0.20458 0.66146 -0.21648
v 0.18068 0.65700 -0.22400
v -0.00795 0.12796 0.05752
v -0.00000 0.10769 0.07882
v -0.01973 0.11175 0.07338
v -0.02416 0.11633 0.05219
v -0.01600 0.09730 0.05593
v 0.02290 0.12116 0.05677
v 0.01126 0.11611 0.03986
v 0.00789 0.10009 0.04563
v 0.01703 0.09913 0.06524
v 0.01379 0.12046 0.07454
v -0.01154 0.23918 0.04134
v -0.00000 0.21387 0.06650
v -0.02511 0.21903 0.05958
v -0.02696 0.23018 0.03364
v -0.03075 0.21320 0.03261
v -0.01012 0.19840 0.04330
v 0.00000 0.21387 0.01619
v 0.01021 0.19812 0.03938
v 0.01004 0.23387 0.02426
v 0.02346 0.21413 0.02422
v 0.02565 0.23220 0.04134
v 0.03075 0.21320 0.05008
v 0.01004 0.23387 0.05843
v -0.00000 0.34433 0.02786
v -0.01126 0.33067 0.04705
v -0.00789 0.31466 0.04129
v -0.02416 0.33090 0.02100
v -0.01568 0.31368 0.01900
v -0.00000 0.33037 0.00810
v 0.02416 0.33090 0.02100
v 0.01526 0.31150 0.02406
v 0.01973 0.32631 0.04219
v 0.01012 0.45422 0.01004
v -0.01021 0.45450 0.01395
v -0.02346 0.43850 0.02912
v -0.01004 0.41876 0.02908
v -0.03075 0.43943 0.00325
v -0.02384 0.41846 0.00917
v -0.01109 0.42069 -0.00690
v -0.00000 0.43876 -0.01317
v 0.03075 0.43943 0.00325
v 0.01158 0.41496 0.00089
v 0.02384 0.41846 0.01481
v 0.02511 0.43359 0.03023
v -0.00000 0.43876 0.03715
v -0.00421 0.54822 -0.02284
v -0.00564 0.54074 0.00054
v -0.02149 0.52137 -0.01203
v -0.02416 0.53652 -0.02441
v 0.00000 0.53599 -0.03731
v -0.00540 0.51704 -0.02877
v 0.02510 0.53078 -0.02636
v 0.02111 0.54088 -0.00951
v 0.00716 0.51737 -0.00690
v 0.00955 0.64096 -0.06500
v -0.00530 0.64246 -0.04748
v -0.02346 0.62624 -0.03699
v -0.01004 0.60650 -0.03703
v -0.02565 0.60817 -0.05412
v -0.03075 0.62717 -0.06285
v -0.01004 0.60650 -0.07120
v -0.00000 0.62650 -0.07927
v 0.02346 0.61643 -0.07124
v 0.03075 0.62717 -0.04538
v 0.02696 0.61018 -0.04641
v 0.01154 0.60119 -0.05412
v 0.00000 0.62650 -0.02896
v -0.00795 0.71800 -0.09332
v -0.01973 0.70180 -0.08053
v -0.01873 0.68991 -0.09264
v -0.02416 0.70638 -0.10172
v 0.00564 0.71060 -0.11295
v -0.00789 0.69014 -0.10828
v 0.02111 0.69285 -0.10289
v 0.02290 0.71120 -0.09258
v 0.01126 0.70616 -0.07567
v 0.00653 0.68744 -0.08398
v 0.01012 0.79394 -0.14119
v -0.00718 0.78452 -0.11621
v -0.00332 0.75755 -0.12273
v -0.02915 0.78529 -0.14213
v -0.02778 0.76303 -0.12941
v -0.02346 0.77822 -0.15637
v 0.00000 0.77848 -0.16439
v -0.01004 0.75848 -0.15632
v 0.02511 0.77332 -0.15748
v 0.03075 0.77915 -0.13050
v 0.02037 0.75493 -0.13526
v 0.01088 0.84307 -0.16503
v -0.02111 0.84484 -0.17548
v -0.02270 0.82681 -0.17884
v -0.00910 0.82125 -0.19224
v -0.00096 0.85080 -0.19350
v -0.01192 0.83551 -0.20376
v 0.02111 0.84484 -0.19156
v 0.02270 0.82681 -0.18820
v 0.00789 0.82424 -0.17010
vt 0.0300 0.5000
vt 0.0300 0.5000
vt 0.0300 0.5000
vt 0.0300 0.5000
vt 0.0300 0.5000
vt 0.0300 0.5000
vt 0.0300 0.5000
vt 0.0300 0.5000
vt 0.0300 0.5000
vt 0.0300 0.5000
vt 0.0300 0.5000
vt 0.0300 0.5000
vt 0.0300 0.5000
vt 0.0300 0.5000
vt 0.0300 0.5000
vt 0.0300 0.5000
vt 0.0300 0.5000
vt 0.0300 0.5000
vt 0.0300 0.5000
vt 0.0300 0.5000
vt 0.0300 0.5000
vt 0.0300 0.5000
vt 0.0300 0.5000
vt 0.0300 0.5000
vt 0.0300 0.5000
vt 0.0300 0.5000
vt 0.0300 0.5000
vt 0.0300 0.5000
vt 0.0300 0.5000
vt 0.0300 0.5000
vt 0.0300 0.5000
vt 0.0300 0.5000
vt 0.0300 0.5000
vt 0.0300 0.5000
vt 0.0300 0.5000
vt 0.0300 0.5000
vt 0.0300 0.5000
vt 0.0300 0.5000
vt 0.0300 0.5000
vt 0.0300 0.5000
vt 0.0300 0.5000
vt 0.0300 0.5000
vt 0.0300 0.5000
vt 0.0300 0.5000
vt 0.0300 0.5000
vt 0.0300 0.5000
vt 0.0300 0.5000
vt 0.0300 0.5000
vt 0.0300 0.5000
vt 0.0300 0.5000
vt 0.0300 0.5000
vt 0.0300 0.5000
vt 0.0300 0.5000
vt 0.0300 0.5000
vt 0.0300 0.5000
vt 0.0300 0.5000
vt 0.0300 0.5000
vt 0.0300 0.5000
vt 0.0300 0.5000
vt 0.0300 0.5000
vt 0.0300 0.5000
vt 0.0300 0.5000
vt 0.0300 0.5000
vt 0.0300 0.5000
vt 0.0300 0.5000
vt 0.0300 0.5000
vt 0.0300 0.5000
vt 0.0300 0.5000
vt 0.0300 0.5000
vt 0.0300 0.5000
vt 0.0300 0.5000
vt 0.0300 0.5000
vt 0.0300 0.5000
vt 0.0300 0.5000
vt 0.0300 0.5000
vt 0.0300 0.5000
vt 0.0300 0.5000
vt 0.0300 0.5000
vt 0.0300 0.5000
vt 0.0300 0.5000
vt 0.0300 0.5000
vt 0.0300 0.5000
vt 0.0300 0.5000
vt 0.0300 0.5000
vt 0.0300 0.5000
vt 0.0300 0.5000
vt 0.0300 0.5000
vt 0.0300 0.5000
vt 0.0300 0.5000
vt 0.0300 0.5000
vt 0.0300 0.5000
vt 0.0300 0.5000
vt 0.0300 0.5000
vt 0.0300 0.5000
vt 0.0300 0.5000
vt 0.0300 0.5000
vt 0.0300 0.5000
vt 0.0300 0.5000
vt 0.0300 0.5000
vt 0.0300 0.5000
vt 0.0300 0.5000
vt 0.0300 0.5000
vt 0.0300 0.5000
vt 0.0300 0.5000
vt 0.0300 0.5000
vt 0.0300 0.5000
vt 0.0300 0.5000
vt 0.0300 0.5000
vt 0.0300 0.5000
vt 0.0300 0.5000
vt 0.0300 0.5000
vt 0.0300 0.5000
vt 0.0300 0.5000
vt 0.0300 0.5000
vt 0.0300 0.5000
vt 0.0300 0.5000
vt 0.0300 0.5000
vt 0.0300 0.5000
vt 0.0300 0.5000
vt 0.0300 0.5000
vt 0.0300 0.5000
vt 0.0300 0.5000
vt 0.0300 0.5000
vt 0.0300 0.5000
vt 0.0300 0.5000
vt 0.0300 0.5000
vt 0.0300 0.5000
vt 0.0300 0.5000
vt 0.0300 0.5000
vt 0.0300 0.5000
vt 0.0300 0.5000
vt 0.0300 0.5000
vt 0.0300 0.5000
vt 0.0300 0.5000
vt 0.0300 0.5000
vt 0.0300 0.5000
vt 0.0300 0.5000
vt 0.0300 0.5000
vt 0.0300 0.5000
vt 0.0300 0.5000
vt 0.0300 0.5000
vt 0.0300 0.5000
vt 0.0300 0.5000
vt 0.0300 0.5000
vt 0.0300 0.5000
vt 0.0300 0.5000
vt 0.0300 0.5000
vt 0.0300 0.5000
vt 0.0300 0.5000
vt 0.0300 0.5000
vt 0.0300 0.5000
vt 0.0300 0.5000
vt 0.0300 0.5000
vt 0.0300 0.5000
vt 0.0300 0.5000
vt 0.0300 0.5000
vt 0.0300 0.5000
vt 0.0300 0.5000
vt 0.0300 0.5000
vt 0.0300 0.5000
vt 0.0300 0.5000
vt 0.0300 0.5000
vt 0.0300 0.5000
vt 0.0300 0.5000
vt 0.0300 0.5000
vt 0.0300 0.5000
vt 0.0300 0.5000
vt 0.0300 0.5000
vt 0.0300 0.5000
vt 0.0300 0.5000
vt 0.0300 0.5000
vt 0.0300 0.5000
vt 0.0300 0.5000
vt 0.0300 0.5000
vt 0.0300 0.5000
vt 0.0300 0.5000
vt 0.0300 0.5000
vt 0.0300 0.5000
vt 0.0300 0.5000
vt 0.0300 0.5000
vt 0.0300 0.5000
vt 0.0300 0.5000
vt 0.0300 0.5000
vt 0.0300 0.5000
vt 0.0300 0.5000
vt 0.0300 0.5000
vt 0.0300 0.5000
vt 0.0300 0.5000
vt 0.0300 0.5000
vt 0.0300 0.5000
vt 0.0300 0.5000
vt 0.0300 0.5000
vt 0.0300 0.5000
vt 0.0300 0.5000
vt 0.0300 0.5000
vt 0.0300 0.5000
vt 0.0300 0.5000
vt 0.0300 0.5000
vt 0.0300 0.5000
vt 0.0300 0.5000
vt 0.0300 0.5000
vt 0.0300 0.5000
vt 0.0300 0.5000
vt 0.0300 0.5000
vt 0.0300 0.5000
vt 0.0300 0.5000
vt 0.0300 0.5000
vt 0.0300 0.5000
vt 0.0300 0.5000
vt 0.0300 0.5000
vt 0.0300 0.5000
vt 0.0300 0.5000
vt 0.0300 0.5000
vt 0.0300 0.5000
vt 0.0300 0.5000
vt 0.0300 0.5000
vt 0.0300 0.5000
vt 0.0300 0.5000
vt 0.0300 0.5000
vt 0.0300 0.5000
vt 0.0300 0.5000
vt 0.0300 0.5000
vt 0.0300 0.5000
vt 0.0300 0.5000
vt 0.0300 0.5000
vt 0.0300 0.5000
vt 0.0300 0.5000
vt 0.0300 0.5000
vt 0.0300 0.5000
vt 0.0300 0.5000
vt 0.0300 0.5000
vt 0.0300 0.5000
vt 0.0300 0.5000
vt 0.0300 0.5000
vt 0.0300 0.5000
vt 0.0300 0.5000
vt 0.0300 0.5000
vt 0.0300 0.5000
vt 0.0300 0.5000
vt 0.0300 0.5000
vt 0.0300 0.5000
vt 0.0300 0.5000
vt 0.0300 0.5000
vt 0.0300 0.5000
vt 0.0300 0.5000
vt 0.0300 0.5000
vt 0.0300 0.5000
vt 0.0300 0.5000
vt 0.0300 0.5000
vt 0.0300 0.5000
vt 0.0300 0.5000
vt 0.0300 0.5000
vt 0.0300 0.5000
vt 0.0300 0.5000
vt 0.0300 0.5000
vt 0.0300 0.5000
vt 0.0300 0.5000
vt 0.0300 0.5000
vt 0.0300 0.5000
vt 0.0300 0.5000
vt 0.0300 0.5000
vt 0.0300 0.5000
vt 0.0300 0.5000
vt 0.0300 0.5000
vt 0.0300 0.5000
vt 0.0300 0.5000
vt 0.0300 0.5000
vt 0.0300 0.5000
vt 0.0300 0.5000
vt 0.0300 0.5000
vt 0.0300 0.5000
vt 0.0300 0.5000
vt 0.0300 0.5000
vt 0.0300 0.5000
vt 0.0300 0.5000
vt 0.0300 0.5000
vt 0.0300 0.5000
vt 0.0300 0.5000
vt 0.0300 0.5000
vt 0.0300 0.5000
vt 0.0300 0.5000
vt 0.0300 0.5000
vt 0.0300 0.5000
vt 0.0300 0.5000
vt 0.0300 0.5000
vt 0.0300 0.5000
vt 0.0300 0.5000
vt 0.0300 0.5000
vt 0.0300 0.5000
vt 0.0300 0.5000
vt 0.0300 0.5000
vt 0.0300 0.5000
vt 0.0300 0.5000
vt 0.0300 0.5000
vt 0.0300 0.5000
vt 0.0300 0.5000
vt 0.0300 0.5000
vt 0.0300 0.5000
vt 0.0300 0.5000
vt 0.0300 0.5000
vt 0.0300 0.5000
vt 0.0300 0.5000
vt 0.0300 0.5000
vt 0.0300 0.5000
vt 0.0300 0.5000
vt 0.0300 0.5000
vt 0.0300 0.5000
vt 0.0300 0.5000
vt 0.0300 0.5000
vt 0.0300 0.5000
vt 0.0300 0.5000
vt 0.0300 0.5000
vt 0.0300 0.5000
vt 0.0300 0.5000
vt 0.0300 0.5000
vt 0.0300 0.5000
vt 0.0300 0.5000
vt 0.0300 0.5000
vt 0.0300 0.5000
vt 0.0300 0.5000
vt 0.0300 0.5000
vt 0.0300 0.5000
vt 0.0300 0.5000
vt 0.0300 0.5000
vt 0.0300 0.5000
vt 0.0300 0.5000
vt 0.0300 0.5000
vt 0.0300 0.5000
vt 0.0300 0.5000
vt 0.0300 0.5000
vt 0.0300 0.5000
vt 0.0300 0.5000
vt 0.0300 0.5000
vt 0.0300 0.5000
vt 0.0300 0.5000
vt 0.0300 0.5000
vt 0.0300 0.5000
vt 0.0300 0.5000
vt 0.0300 0.5000
vt 0.0300 0.5000
vt 0.0300 0.5000
vt 0.0300 0.5000
vt 0.0300 0.5000
vt 0.0300 0.5000
vt 0.0300 0.5000
vt 0.0300 0.5000
vt 0.0300 0.5000
vt 0.0300 0.5000
vt 0.0300 0.5000
vt 0.0300 0.5000
vt 0.0300 0.5000
vt 0.0300 0.5000
vt 0.0300 0.5000
vt 0.0300 0.5000
vt 0.0300 0.5000
vt 0.0300 0.5000
vt 0.0300 0.5000
vt 0.0300 0.5000
vt 0.0300 0.5000
vt 0.0300 0.5000
vt 0.0300 0.5000
vt 0.0300 0.5000
vt 0.0300 0.5000
vt 0.0300 0.5000
vt 0.0300 0.5000
vt 0.0300 0.5000
vt 0.0300 0.5000
vt 0.0300 0.5000
vt 0.0300 0.5000
vt 0.0300 0.5000
vt 0.0300 0.5000
vt 0.0300 0.5000
vt 0.0300 0.5000
vt 0.0300 0.5000
vt 0.0300 0.5000
vt 0.0300 0.5000
vt 0.0300 0.5000
vt 0.0300 0.5000
vt 0.0300 0.5000
vt 0.0300 0.5000
vt 0.0300 0.5000
vt 0.0300 0.5000
vt 0.0300 0.5000
vt 0.0300 0.5000
vt 0.0300 0.5000
vt 0.0300 0.5000
vt 0.0300 0.5000
vt 0.0300 0.5000
vt 0.0300 0.5000
vt 0.0300 0.5000
vt 0.0300 0.5000
vt 0.0300 0.5000
vt 0.0300 0.5000
vt 0.0300 0.5000
vt 0.0300 0.5000
vt 0.0300 0.5000
vt 0.0300 0.5000
vt 0.0300 0.5000
vt 0.0300 0.5000
vt 0.0300 0.5000
vt 0.0300 0.5000
vt 0.0300 0.5000
vt 0.0300 0.5000
vt 0.0300 0.5000
vt 0.0300 0.5000
vt 0.0300 0.5000
vt 0.0300 0.5000
vt 0.0300 0.5000
vt 0.0300 0.5000
vt 0.0300 0.5000
vt 0.0300 0.5000
vt 0.0300 0.5000
vt 0.0300 0.5000
vt 0.0300 0.5000
vt 0.0300 0.5000
vt 0.0300 0.5000
vt 0.0300 0.5000
vt 0.0300 0.5000
vt 0.0300 0.5000
vt 0.0300 0.5000
vt 0.0300 0.5000
vt 0.0300 0.5000
vt 0.0300 0.5000
vt 0.0300 0.5000
vt 0.0300 0.5000
vt 0.0300 0.5000
vt 0.0300 0.5000
vt 0.0300 0.5000
vt 0.0300 0.5000
vt 0.0300 0.5000
vt 0.0300 0.5000
vt 0.0300 0.5000
vt 0.0300 0.5000
vt 0.0300 0.5000
vt 0.0300 0.5000
vt 0.0300 0.5000
vt 0.0300 0.5000
vt 0.0300 0.5000
vt 0.0300 0.5000
vt 0.0300 0.5000
vt 0.0300 0.5000
vt 0.0300 0.5000
vt 0.0300 0.5000
vt 0.0300 0.5000
vt 0.0300 0.5000
vt 0.0300 0.5000
vt 0.0300 0.5000
vt 0.0300 0.5000
vt 0.0300 0.5000
vt 0.0300 0.5000
vt 0.0300 0.5000
vt 0.0300 0.5000
vt 0.0300 0.5000
vt 0.0300 0.5000
vt 0.0300 0.5000
vt 0.0300 0.5000
vt 0.0300 0.5000
vt 0.0300 0.5000
vt 0.0300 0.5000
vt 0.0300 0.5000
vt 0.0300 0.5000
vt 0.0300 0.5000
vt 0.0300 0.5000
vt 0.0300 0.5000
vt 0.0300 0.5000
vt 0.0300 0.5000
vt 0.0300 0.5000
vt 0.0300 0.5000
vt 0.0300 0.5000
vt 0.0300 0.5000
vt 0.0300 0.5000
vt 0.0300 0.5000
vt 0.0300 0.5000
vt 0.0300 0.5000
vt 0.0300 0.5000
vt 0.0300 0.5000
vt 0.0300 0.5000
vt 0.0300 0.5000
vt 0.0300 0.5000
vt 0.0300 0.5000
vt 0.0300 0.5000
vt 0.0300 0.5000
vt 0.0300 0.5000
vt 0.0300 0.5000
vt 0.0300 0.5000
vt 0.0300 0.5000
vt 0.0300 0.5000
vt 0.0300 0.5000
vt 0.0300 0.5000
vt 0.0300 0.5000
vt 0.0300 0.5000
vt 0.0300 0.5000
vt 0.0300 0.5000
vt 0.0300 0.5000
vt 0.0300 0.5000
vt 0.0300 0.5000
vt 0.0300 0.5000
vt 0.0300 0.5000
vt 0.0300 0.5000
vt 0.0300 0.5000
vt 0.0300 0.5000
vt 0.0300 0.5000
vt 0.0300 0.5000
vt 0.0300 0.5000
vt 0.0300 0.5000
vt 0.0300 0.5000
vt 0.0300 0.5000
vt 0.0300 0.5000
vt 0.0300 0.5000
vt 0.0300 0.5000
vt 0.0300 0.5000
vt 0.0300 0.5000
vt 0.0300 0.5000
vt 0.0300 0.5000
vt 0.0300 0.5000
vt 0.0300 0.5000
vt 0.0300 0.5000
vt 0.0300 0.5000
vt 0.0300 0.5000
vt 0.0300 0.5000
vt 0.0300 0.5000
vt 0.0300 0.5000
vt 0.0300 0.5000
vt 0.0300 0.5000
vt 0.0300 0.5000
vt 0.0300 0.5000
vt 0.0300 0.5000
vt 0.0300 0.5000
vt 0.0300 0.5000
vt 0.0300 0.5000
vt 0.0300 0.5000
vt 0.0300 0.5000
vt 0.0300 0.5000
vt 0.0300 0.5000
vt 0.0300 0.5000
vt 0.0300 0.5000
vt 0.0300 0.5000
vt 0.0300 0.5000
vt 0.0300 0.5000
vt 0.0300 0.5000
vt 0.0300 0.5000
vt 0.0300 0.5000
vt 0.0300 0.5000
vt 0.0300 0.5000
vt 0.0300 0.5000
vt 0.0300 0.5000
vt 0.0300 0.5000
vt 0.0300 0.5000
vt 0.0300 0.5000
vt 0.0300 0.5000
vt 0.0300 0.5000
vt 0.0300 0.5000
vt 0.0300 0.5000
vt 0.0300 0.5000
vt 0.0300 0.5000
vt 0.0300 0.5000
vt 0.0300 0.5000
vt 0.0300 0.5000
vt 0.0300 0.5000
vt 0.0300 0.5000
vt 0.0300 0.5000
vt 0.0300 0.5000
vt 0.0300 0.5000
vt 0.0300 0.5000
vt 0.0300 0.5000
vt 0.0300 0.5000
vt 0.0300 0.5000
vt 0.0300 0.5000
vt 0.0300 0.5000
vt 0.0300 0.5000
vt 0.0300 0.5000
vt 0.0300 0.5000
vt 0.0300 0.5000
vt 0.0300 0.5000
vt 0.0300 0.5000
vt 0.0300 0.5000
vt 0.0300 0.5000
vt 0.0300 0.5000
vt 0.0300 0.5000
vt 0.0300 0.5000
vt 0.0300 0.5000
vt 0.0300 0.5000
vt 0.0300 0.5000
vt 0.0300 0.5000
vt 0.0300 0.5000
vt 0.0300 0.5000
vt 0.0300 0.5000
vt 0.0300 0.5000
vt 0.0300 0.5000
vt 0.0300 0.5000
vt 0.0300 0.5000
vt 0.0300 0.5000
vt 0.0300 0.5000
vt 0.0300 0.5000
vt 0.0300 0.5000
vt 0.0300 0.5000
vt 0.0300 0.5000
vt 0.0300 0.5000
vt 0.0300 0.5000
vt 0.0300 0.5000
vt 0.0300 0.5000
vt 0.0300 0.5000
vt 0.0300 0.5000
vt 0.0300 0.5000
vt 0.0300 0.5000
vt 0.0300 0.5000
vt 0.0300 0.5000
vt 0.0300 0.5000
vt 0.0300 0.5000
vt 0.0300 0.5000
vt 0.0300 0.5000
vt 0.0300 0.5000
vt 0.0300 0.5000
vt 0.0300 0.5000
vt 0.0300 0.5000
vt 0.0300 0.5000
vt 0.0300 0.5000
vt 0.0300 0.5000
vt 0.0300 0.5000
vt 0.0300 0.5000
vt 0.0300 0.5000
vt 0.0300 0.5000
vt 0.0300 0.5000
vt 0.0300 0.5000
vt 0.0300 0.5000
vt 0.0300 0.5000
vt 0.0300 0.5000
vt 0.0300 0.5000
vt 0.0300 0.5000
vt 0.0300 0.5000
vt 0.0300 0.5000
vt 0.0300 0.5000
vt 0.0300 0.5000
vt 0.0300 0.5000
vt 0.0300 0.5000
vt 0.0300 0.5000
vt 0.0300 0.5000
vt 0.0300 0.5000
vt 0.0300 0.5000
vt 0.0300 0.5000
vt 0.0300 0.5000
vt 0.0300 0.5000
vt 0.0300 0.5000
vt 0.0300 0.5000
vt 0.0300 0.5000
vt 0.0300 0.5000
vt 0.0300 0.5000
vt 0.0300 0.5000
vt 0.0300 0.5000
vt 0.0300 0.5000
vt 0.0300 0.5000
vt 0.0300 0.5000
vt 0.0300 0.5000
vt 0.0300 0.5000
vt 0.0300 0.5000
vt 0.0300 0.5000
vt 0.0300 0.5000
vt 0.0300 0.5000
vt 0.0300 0.5000
vt 0.0300 0.5000
vt 0.0300 0.5000
vt 0.0300 0.5000
vt 0.0300 0.5000
vt 0.0300 0.5000
vt 0.0300 0.5000
vt 0.0300 0.5000
vt 0.0300 0.5000
vt 0.0300 0.5000
vt 0.0300 0.5000
vt 0.0300 0.5000
vt 0.0300 0.5000
vt 0.0300 0.5000
vt 0.0300 0.5000
vt 0.0300 0.5000
vt 0.0300 0.5000
vt 0.0300 0.5000
vt 0.0300 0.5000
vt 0.0300 0.5000
vt 0.0300 0.5000
vt 0.0300 0.5000
vt 0.0300 0.5000
vt 0.0300 0.5000
vt 0.0300 0.5000
vt 0.0300 0.5000
vt 0.0300 0.5000
vt 0.0300 0.5000
vt 0.0300 0.5000
vt 0.0300 0.5000
vt 0.0300 0.5000
vt 0.0300 0.5000
vt 0.0300 0.5000
vt 0.0300 0.5000
vt 0.0300 0.5000
vt 0.0300 0.5000
vt 0.0300 0.5000
vt 0.0300 0.5000
vt 0.0300 0.5000
vt 0.0300 0.5000
vt 0.0300 0.5000
vt 0.0300 0.5000
vt 0.0300 0.5000
vt 0.0300 0.5000
vt 0.0300 0.5000
vt 0.0300 0.5000
vt 0.0300 0.5000
vt 0.0300 0.5000
vt 0.0300 0.5000
vt 0.0300 0.5000
vt 0.0300 0.5000
vt 0.0300 0.5000
vt 0.0300 0.5000
vt 0.0300 0.5000
vt 0.0300 0.5000
vt 0.0300 0.5000
vt 0.0300 0.5000
vt 0.0300 0.5000
vt 0.0300 0.5000
vt 0.0300 0.5000
vt 0.0300 0.5000
vt 0.0300 0.5000
vt 0.0300 0.5000
vt 0.0300 0.5000
vt 0.0300 0.5000
vt 0.0300 0.5000
vt 0.0300 0.5000
vt 0.0300 0.5000
vt 0.0300 0.5000
vt 0.0300 0.5000
vt 0.0300 0.5000
vt 0.0300 0.5000
vt 0.0300 0.5000
vt 0.0300 0.5000
vt 0.0300 0.5000
vt 0.0300 0.5000
vt 0.0300 0.5000
vt 0.0300 0.5000
vt 0.0300 0.5000
vt 0.0300 0.5000
vt 0.0300 0.5000
vt 0.0300 0.5000
vt 0.0300 0.5000
vt 0.0300 0.5000
vt 0.0300 0.5000
vt 0.0300 0.5000
vt 0.0300 0.5000
vt 0.0300 0.5000
vt 0.0300 0.5000
vt 0.0300 0.5000
vt 0.0300 0.5000
vt 0.0300 0.5000
vt 0.0300 0.5000
vt 0.0300 0.5000
vt 0.0300 0.5000
vt 0.0300 0.5000
vt 0.0300 0.5000
vt 0.0300 0.5000
vt 0.0300 0.5000
vt 0.0300 0.5000
vt 0.0300 0.5000
vt 0.0300 0.5000
vt 0.0300 0.5000
vt 0.0300 0.5000
vt 0.0300 0.5000
vt 0.0300 0.5000
vt 0.0300 0.5000
vt 0.0300 0.5000
vt 0.0300 0.5000
vt 0.0300 0.5000
vt 0.0300 0.5000
vt 0.0300 0.5000
vt 0.0300 0.5000
vt 0.0300 0.5000
vt 0.0300 0.5000
vt 0.0300 0.5000
vt 0.0300 0.5000
vt 0.0300 0.5000
vt 0.0300 0.5000
vt 0.0300 0.5000
vt 0.0300 0.5000
vt 0.0300 0.5000
vt 0.0300 0.5000
vt 0.0300 0.5000
vt 0.0300 0.5000
vt 0.0300 0.5000
vt 0.0300 0.5000
vt 0.0300 0.5000
vt 0.0300 0.5000
vt 0.0300 0.5000
vt 0.0300 0.5000
vt 0.0300 0.5000
vt 0.0300 0.5000
vt 0.0300 0.5000
vt 0.0300 0.5000
vt 0.0300 0.5000
vt 0.0300 0.5000
vt 0.0300 0.5000
vt 0.0300 0.5000
vt 0.0300 0.5000
vt 0.0300 0.5000
vt 0.0300 0.5000
vt 0.0300 0.5000
vt 0.0300 0.5000
vt 0.0300 0.5000
vt 0.0300 0.5000
vt 0.0300 0.5000
vt 0.0300 0.5000
vt 0.0300 0.5000
vt 0.0300 0.5000
vt 0.0300 0.5000
vt 0.0300 0.5000
vt 0.0300 0.5000
vt 0.0300 0.5000
vt 0.0300 0.5000
vt 0.0300 0.5000
vt 0.0300 0.5000
vt 0.0300 0.5000
vt 0.0300 0.5000
vt 0.0300 0.5000
vt 0.0300 0.5000
vt 0.0300 0.5000
vt 0.0300 0.5000
vt 0.0300 0.5000
vt 0.0300 0.5000
vt 0.0300 0.5000
vt 0.0300 0.5000
vt 0.0300 0.5000
vt 0.0300 0.5000
vt 0.0300 0.5000
vt 0.0300 0.5000
vt 0.0300 0.5000
vt 0.0300 0.5000
vt 0.0300 0.5000
vt 0.0300 0.5000
vt 0.0300 0.5000
vt 0.0300 0.5000
vt 0.0300 0.5000
vt 0.0300 0.5000
vt 0.0300 0.5000
vt 0.0300 0.5000
vt 0.0300 0.5000
vt 0.0300 0.5000
vt 0.0300 0.5000
vt 0.0300 0.5000
vt 0.0300 0.5000
vt 0.0300 0.5000
vt 0.0300 0.5000
vt 0.0300 0.5000
vt 0.0300 0.5000
vt 0.0300 0.5000
vt 0.0300 0.5000
vt 0.0300 0.5000
vt 0.0300 0.5000
vt 0.0300 0.5000
vt 0.0300 0.5000
vt 0.0300 0.5000
vt 0.0300 0.5000
vt 0.0300 0.5000
vt 0.0300 0.5000
vt 0.0300 0.5000
vt 0.0300 0.5000
vt 0.0300 0.5000
vt 0.0300 0.5000
vt 0.0300 0.5000
vt 0.0300 0.5000
vt 0.0300 0.5000
vt 0.0300 0.5000
vt 0.0300 0.5000
vt 0.0300 0.5000
vt 0.0300 0.5000
vt 0.0300 0.5000
vt 0.0300 0.5000
vt 0.0300 0.5000
vt 0.0300 0.5000
vt 0.0300 0.5000
vt 0.0300 0.5000
vt 0.0300 0.5000
vt 0.0300 0.5000
vt 0.0300 0.5000
vt 0.0300 0.5000
vt 0.0300 0.5000
vt 0.0300 0.5000
vt 0.0300 0.5000
vt 0.0300 0.5000
vt 0.0300 0.5000
vt 0.0300 0.5000
vt 0.0300 0.5000
vt 0.0300 0.5000
vt 0.0300 0.5000
vt 0.0300 0.5000
vt 0.0300 0.5000
vt 0.0300 0.5000
vt 0.0300 0.5000
vt 0.0300 0.5000
vt 0.0300 0.5000
vt 0.0300 0.5000
vt 0.0300 0.5000
vt 0.0300 0.5000
vt 0.0300 0.5000
vt 0.0300 0.5000
vt 0.0300 0.5000
vt 0.0300 0.5000
vt 0.0300 0.5000
vt 0.0300 0.5000
vt 0.0300 0.5000
vt 0.0300 0.5000
vt 0.0300 0.5000
vt 0.0300 0.5000
vt 0.0300 0.5000
vt 0.0300 0.5000
vt 0.0300 0.5000
vt 0.0300 0.5000
vt 0.0300 0.5000
vt 0.0300 0.5000
vt 0.0300 0.5000
vt 0.0300 0.5000
vt 0.0300 0.5000
vt 0.0300 0.5000
vt 0.0300 0.5000
vt 0.0300 0.5000
vt 0.0300 0.5000
vt 0.0300 0.5000
vt 0.0300 0.5000
vt 0.0300 0.5000
vt 0.0300 0.5000
vt 0.0300 0.5000
vt 0.0300 0.5000
vt 0.0300 0.5000
vt 0.0300 0.5000
vt 0.0300 0.5000
vt 0.0300 0.5000
vt 0.0300 0.5000
vt 0.0300 0.5000
vt 0.0300 0.5000
vt 0.0300 0.5000
vt 0.0300 0.5000
vt 0.0300 0.5000
vt 0.0300 0.5000
vt 0.0300 0.5000
vt 0.0300 0.5000
vt 0.0300 0.5000
vt 0.0300 0.5000
vt 0.0300 0.5000
vt 0.0300 0.5000
vt 0.0300 0.5000
vt 0.0300 0.5000
vt 0.0300 0.5000
vt 0.0300 0.5000
vt 0.0300 0.5000
vt 0.0300 0.5000
vt 0.0300 0.5000
vt 0.0300 0.5000
vt 0.0300 0.5000
vt 0.0300 0.5000
vt 0.0300 0.5000
vt 0.0300 0.5000
vt 0.0300 0.5000
vt 0.0300 0.5000
vt 0.0300 0.5000
vt 0.0300 0.5000
vt 0.0300 0.5000
vt 0.0300 0.5000
vt 0.0300 0.5000
vt 0.0300 0.5000
vt 0.0300 0.5000
vt 0.0300 0.5000
vt 0.0300 0.5000
vt 0.0300 0.5000
vt 0.0300 0.5000
vt 0.0300 0.5000
vt 0.0300 0.5000
vt 0.0300 0.5000
vt 0.0300 0.5000
vt 0.0300 0.5000
vt 0.0300 0.5000
vt 0.0300 0.5000
vt 0.0300 0.5000
vt 0.0300 0.5000
vt 0.0300 0.5000
vt 0.0300 0.5000
vt 0.0300 0.5000
vt 0.0300 0.5000
vt 0.0300 0.5000
vt 0.0300 0.5000
vt 0.0300 0.5000
vt 0.0300 0.5000
vt 0.0300 0.5000
vt 0.0300 0.5000
vt 0.0300 0.5000
vt 0.0300 0.5000
vt 0.0300 0.5000
vt 0.0300 0.5000
vt 0.0300 0.5000
vt 0.0300 0.5000
vt 0.0300 0.5000
vt 0.0300 0.5000
vt 0.0300 0.5000
vt 0.0300 0.5000
vt 0.0300 0.5000
vt 0.0300 0.5000
vt 0.0300 0.5000
vt 0.0300 0.5000
vt 0.0300 0.5000
vt 0.0300 0.5000
vt 0.0300 0.5000
vt 0.0300 0.5000
vt 0.0300 0.5000
vt 0.0300 0.5000
vt 0.0300 0.5000
vt 0.0300 0.5000
vt 0.0300 0.5000
vt 0.0300 0.5000
vt 0.0300 0.5000
vt 0.0300 0.5000
vt 0.0300 0.5000
vt 0.0300 0.5000
vt 0.0300 0.5000
vt 0.0300 0.5000
vt 0.0300 0.5000
vt 0.0300 0.5000
vt 0.0300 0.5000
vt 0.0300 0.5000
vt 0.0300 0.5000
vt 0.0300 0.5000
vt 0.0300 0.5000
vt 0.0300 0.5000
vt 0.0300 0.5000
vt 0.0300 0.5000
vt 0.0300 0.5000
vt 0.0300 0.5000
vt 0.0300 0.5000
vt 0.0300 0.5000
vt 0.0300 0.5000
vt 0.0300 0.5000
vt 0.0300 0.5000
vt 0.0300 0.5000
vt 0.0300 0.5000
vt 0.0300 0.5000
vt 0.0300 0.5000
vt 0.0300 0.5000
vt 0.0300 0.5000
vt 0.0300 0.5000
vt 0.0300 0.5000
vt 0.0300 0.5000
vt 0.0300 0.5000
vt 0.0300 0.5000
vt 0.0300 0.5000
vt 0.0300 0.5000
vt 0.0300 0.5000
vt 0.0300 0.5000
vt 0.0300 0.5000
vt 0.0300 0.5000
vt 0.0300 0.5000
vt 0.0300 0.5000
vt 0.0300 0.5000
vt 0.0300 0.5000
vt 0.0300 0.5000
vt 0.0300 0.5000
vt 0.0300 0.5000
vt 0.0300 0.5000
vt 0.0300 0.5000
vt 0.0300 0.5000
vt 0.0300 0.5000
vt 0.0300 0.5000
vt 0.0300 0.5000
vt 0.0300 0.5000
vt 0.0300 0.5000
vt 0.0300 0.5000
vt 0.0300 0.5000
vt 0.0300 0.5000
vt 0.0300 0.5000
vt 0.0300 0.5000
vt 0.0300 0.5000
vt 0.0300 0.5000
vt 0.0300 0.5000
vt 0.0300 0.5000
vt 0.0300 0.5000
vt 0.0300 0.5000
vt 0.0300 0.5000
vt 0.0300 0.5000
vt 0.0300 0.5000
vt 0.0300 0.5000
vt 0.0300 0.5000
vt 0.0300 0.5000
vt 0.0300 0.5000
vt 0.0300 0.5000
vt 0.0300 0.5000
vt 0.0300 0.5000
vt 0.0300 0.5000
vt 0.0300 0.5000
vt 0.0300 0.5000
vt 0.0300 0.5000
vt 0.0300 0.5000
vt 0.0300 0.5000
vt 0.0300 0.5000
vt 0.0300 0.5000
vt 0.0300 0.5000
vt 0.0300 0.5000
vt 0.0300 0.5000
vt 0.0300 0.5000
vt 0.0300 0.5000
vt 0.0300 0.5000
vt 0.0300 0.5000
vt 0.0300 0.5000
vt 0.0300 0.5000
vt 0.0300 0.5000
vt 0.0300 0.5000
vt 0.0300 0.5000
vt 0.0300 0.5000
vt 0.0300 0.5000
vt 0.0300 0.5000
vt 0.0300 0.5000
vt 0.0300 0.5000
vt 0.0300 0.5000
vt 0.0300 0.5000
vt 0.0300 0.5000
vt 0.0300 0.5000
vt 0.0300 0.5000
vt 0.0300 0.5000
vt 0.0300 0.5000
vt 0.0300 0.5000
vt 0.0300 0.5000
vt 0.0300 0.5000
vt 0.0300 0.5000
vt 0.0300 0.5000
vt 0.0300 0.5000
vt 0.0300 0.5000
vt 0.0300 0.5000
vt 0.0300 0.5000
vt 0.0300 0.5000
vt 0.0300 0.5000
vt 0.0300 0.5000
vt 0.0300 0.5000
vt 0.0300 0.5000
vt 0.0300 0.5000
vt 0.0300 0.5000
vt 0.0300 0.5000
vt 0.0300 0.5000
vt 0.0300 0.5000
vt 0.0300 0.5000
vt 0.0300 0.5000
vt 0.0300 0.5000
vt 0.0300 0.5000
vt 0.0300 0.5000
vt 0.0300 0.5000
vt 0.0300 0.5000
vt 0.0300 0.5000
vt 0.0300 0.5000
vt 0.0300 0.5000
vt 0.0300 0.5000
vt 0.0300 0.5000
vt 0.0300 0.5000
vt 0.0300 0.5000
vt 0.0300 0.5000
vt 0.0300 0.5000
vt 0.0300 0.5000
vt 0.0300 0.5000
vt 0.0300 0.5000
vt 0.0300 0.5000
vt 0.0300 0.5000
vt 0.0300 0.5000
vt 0.0300 0.5000
vt 0.0300 0.5000
vt 0.0300 0.5000
vt 0.0300 0.5000
vt 0.0300 0.5000
vt 0.0300 0.5000
vt 0.0300 0.5000
vt 0.0300 0.5000
vt 0.0300 0.5000
vt 0.0300 0.5000
vt 0.0300 0.5000
vt 0.0300 0.5000
vt 0.0300 0.5000
vt 0.0300 0.5000
vt 0.0300 0.5000
vt 0.0300 0.5000
vt 0.0300 0.5000
vt 0.0300 0.5000
vt 0.0300 0.5000
vt 0.0300 0.5000
vt 0.0300 0.5000
vt 0.0300 0.5000
vt 0.0300 0.5000
vt 0.0300 0.5000
vt 0.0300 0.5000
vt 0.0300 0.5000
vt 0.0300 0.5000
vt 0.0300 0.5000
vt 0.0300 0.5000
vt 0.0300 0.5000
vt 0.0300 0.5000
vt 0.0300 0.5000
vt 0.0300 0.5000
vt 0.0300 0.5000
vt 0.0300 0.5000
vt 0.0300 0.5000
vt 0.0300 0.5000
vt 0.0300 0.5000
vt 0.0300 0.5000
vt 0.0300 0.5000
vt 0.0300 0.5000
vt 0.0300 0.5000
vt 0.0300 0.5000
vt 0.0300 0.5000
vt 0.0300 0.5000
vt 0.0300 0.5000
vt 0.0300 0.5000
vt 0.0300 0.5000
vt 0.0300 0.5000
vt 0.0300 0.5000
vt 0.0300 0.5000
vt 0.0300 0.5000
vt 0.0300 0.5000
vt 0.0300 0.5000
vt 0.0300 0.5000
vt 0.0300 0.5000
vt 0.0300 0.5000
vt 0.0300 0.5000
vt 0.0300 0.5000
vt 0.0300 0.5000
vt 0.0300 0.5000
vt 0.0300 0.5000
vt 0.0300 0.5000
vt 0.0300 0.5000
vt 0.0300 0.5000
vt 0.0300 0.5000
vt 0.0300 0.5000
vt 0.0300 0.5000
vt 0.0300 0.5000
vt 0.0300 0.5000
vt 0.0300 0.5000
vt 0.0300 0.5000
vt 0.0300 0.5000
vt 0.0300 0.5000
vt 0.0300 0.5000
vt 0.0300 0.5000
vt 0.0300 0.5000
vt 0.0300 0.5000
vt 0.0300 0.5000
vt 0.0300 0.5000
vt 0.0300 0.5000
vt 0.0300 0.5000
vt 0.0300 0.5000
vt 0.0300 0.5000
vt 0.0300 0.5000
vt 0.0300 0.5000
vt 0.0300 0.5000
vt 0.0300 0.5000
vt 0.0300 0.5000
vt 0.0300 0.5000
vt 0.0300 0.5000
vt 0.0300 0.5000
vt 0.0300 0.5000
vt 0.0300 0.5000
vt 0.0300 0.5000
vt 0.0300 0.5000
vt 0.0300 0.5000
vt 0.0300 0.5000
vt 0.0300 0.5000
vt 0.0300 0.5000
vt 0.0300 0.5000
vt 0.0300 0.5000
vt 0.0300 0.5000
vt 0.0300 0.5000
vt 0.0300 0.5000
vt 0.0300 0.5000
vt 0.0300 0.5000
vt 0.0300 0.5000
vt 0.0300 0.5000
vt 0.0300 0.5000
vt 0.0300 0.5000
vt 0.0300 0.5000
vt 0.0300 0.5000
vt 0.0300 0.5000
vt 0.0300 0.5000
vt 0.0300 0.5000
vt 0.0300 0.5000
vt 0.0300 0.5000
vt 0.0300 0.5000
vt 0.0300 0.5000
vt 0.0300 0.5000
vt 0.0300 0.5000
vt 0.0300 0.5000
vt 0.0300 0.5000
vt 0.0300 0.5000
vt 0.0300 0.5000
vt 0.0300 0.5000
vt 0.0300 0.5000
vt 0.0300 0.5000
vt 0.0300 0.5000
vt 0.0300 0.5000
vt 0.0300 0.5000
vt 0.0300 0.5000
vt 0.0300 0.5000
vt 0.0300 0.5000
vt 0.0300 0.5000
vt 0.0300 0.5000
vt 0.0300 0.5000
vt 0.0300 0.5000
vt 0.0300 0.5000
vt 0.0300 0.5000
vt 0.0300 0.5000
vt 0.0300 0.5000
vt 0.0300 0.5000
vt 0.0300 0.5000
vt 0.0300 0.5000
vt 0.0300 0.5000
vt 0.0300 0.5000
vt 0.0300 0.5000
vt 0.0300 0.5000
vt 0.0300 0.5000
vt 0.0300 0.5000
vt 0.0300 0.5000
vt 0.0300 0.5000
vt 0.0300 0.5000
vt 0.0300 0.5000
vt 0.0300 0.5000
vt 0.0300 0.5000
vt 0.0300 0.5000
vt 0.0300 0.5000
vt 0.0300 0.5000
vt 0.0300 0.5000
vt 0.0300 0.5000
vt 0.0300 0.5000
vt 0.0300 0.5000
vt 0.0300 0.5000
vt 0.0300 0.5000
vt 0.0300 0.5000
vt 0.0300 0.5000
vt 0.0300 0.5000
vt 0.0300 0.5000
vt 0.0300 0.5000
vt 0.0300 0.5000
vt 0.0300 0.5000
vt 0.0300 0.5000
vt 0.0300 0.5000
vt 0.0300 0.5000
vt 0.0300 0.5000
vt 0.0300 0.5000
vt 0.0300 0.5000
vt 0.0300 0.5000
vt 0.0300 0.5000
vt 0.0300 0.5000
vt 0.0300 0.5000
vt 0.0300 0.5000
vt 0.0300 0.5000
vt 0.0300 0.5000
vt 0.0300 0.5000
vt 0.0300 0.5000
vt 0.0300 0.5000
vt 0.0300 0.5000
vt 0.0300 0.5000
vt 0.0300 0.5000
vt 0.0300 0.5000
vt 0.0300 0.5000
vt 0.0300 0.5000
vt 0.0300 0.5000
vt 0.0300 0.5000
vt 0.0300 0.5000
vt 0.0300 0.5000
vt 0.0300 0.5000
vt 0.0300 0.5000
vt 0.0300 0.5000
vt 0.0300 0.5000
vt 0.0300 0.5000
vt 0.0300 0.5000
vt 0.0300 0.5000
vt 0.0300 0.5000
vt 0.0300 0.5000
vt 0.0300 0.5000
vt 0.0300 0.5000
vt 0.0300 0.5000
vt 0.0300 0.5000
vt 0.0300 0.5000
vt 0.0300 0.5000
vt 0.0300 0.5000
vt 0.0300 0.5000
vt 0.0300 0.5000
vt 0.0300 0.5000
vt 0.0300 0.5000
vt 0.0300 0.5000
vt 0.0300 0.5000
vt 0.0300 0.5000
vt 0.0300 0.5000
vt 0.0300 0.5000
vt 0.0300 0.5000
vt 0.0300 0.5000
vt 0.0300 0.5000
vt 0.0300 0.5000
vt 0.0300 0.5000
vt 0.0300 0.5000
vt 0.0300 0.5000
vt 0.0300 0.5000
vt 0.0300 0.5000
vt 0.0300 0.5000
vt 0.0300 0.5000
vt 0.0300 0.5000
vt 0.0300 0.5000
vt 0.0300 0.5000
vt 0.0300 0.5000
vt 0.0300 0.5000
vt 0.0300 0.5000
vt 0.0300 0.5000
vt 0.0300 0.5000
vt 0.0300 0.5000
vt 0.0300 0.5000
vt 0.0300 0.5000
vt 0.0300 0.5000
vt 0.0300 0.5000
vt 0.0300 0.5000
vt 0.0300 0.5000
vt 0.0300 0.5000
vt 0.0300 0.5000
vt 0.0300 0.5000
vt 0.0300 0.5000
vt 0.0300 0.5000
vt 0.0300 0.5000
vt 0.0300 0.5000
vt 0.0300 0.5000
vt 0.0300 0.5000
vt 0.0300 0.5000
vt 0.0300 0.5000
vt 0.0300 0.5000
vt 0.0300 0.5000
vt 0.0300 0.5000
vt 0.0300 0.5000
vt 0.0300 0.5000
vt 0.0300 0.5000
vt 0.0300 0.5000
vt 0.0300 0.5000
vt 0.0300 0.5000
vt 0.0300 0.5000
vt 0.0300 0.5000
vt 0.0300 0.5000
vt 0.0300 0.5000
vt 0.0300 0.5000
vt 0.0300 0.5000
vt 0.0300 0.5000
vt 0.0300 0.5000
vt 0.0300 0.5000
vt 0.0300 0.5000
vt 0.0300 0.5000
vt 0.0300 0.5000
vt 0.0300 0.5000
vt 0.0300 0.5000
vt 0.0300 0.5000
vt 0.0300 0.5000
vt 0.0300 0.5000
vt 0.0300 0.5000
vt 0.0300 0.5000
vt 0.0300 0.5000
vt 0.0300 0.5000
vt 0.0300 0.5000
vt 0.0300 0.5000
vt 0.0300 0.5000
vt 0.0300 0.5000
vt 0.0300 0.5000
vt 0.0300 0.5000
vt 0.0300 0.5000
vt 0.0300 0.5000
vt 0.0300 0.5000
vt 0.0300 0.5000
vt 0.0300 0.5000
vt 0.0300 0.5000
vt 0.0300 0.5000
vt 0.0300 0.5000
vt 0.0300 0.5000
vt 0.0300 0.5000
vt 0.0300 0.5000
vt 0.0300 0.5000
vt 0.0300 0.5000
vt 0.0300 0.5000
vt 0.0300 0.5000
vt 0.0300 0.5000
vt 0.0300 0.5000
vt 0.0300 0.5000
vt 0.0300 0.5000
vt 0.0300 0.5000
vt 0.0300 0.5000
vt 0.0300 0.5000
vt 0.0300 0.5000
vt 0.0300 0.5000
vt 0.0300 0.5000
vt 0.0300 0.5000
vt 0.0300 0.5000
vt 0.0300 0.5000
vt 0.0300 0.5000
vt 0.0300 0.5000
vt 0.0300 0.5000
vt 0.0300 0.5000
vt 0.0300 0.5000
vt 0.0300 0.5000
vt 0.0300 0.5000
vt 0.0300 0.5000
vt 0.0300 0.5000
vt 0.0300 0.5000
vt 0.0300 0.5000
vt 0.0300 0.5000
vt 0.0300 0.5000
vt 0.0300 0.5000
vt 0.0300 0.5000
vt 0.0300 0.5000
vt 0.0300 0.5000
vt 0.0300 0.5000
vt 0.0300 0.5000
vt 0.0300 0.5000
vt 0.0300 0.5000
vt 0.0300 0.5000
vt 0.0300 0.5000
vt 0.0300 0.5000
vt 0.0300 0.5000
vt 0.0300 0.5000
vt 0.0300 0.5000
vt 0.0300 0.5000
vt 0.0300 0.5000
vt 0.0300 0.5000
vt 0.0300 0.5000
vt 0.0300 0.5000
vt 0.0300 0.5000
vt 0.0300 0.5000
vt 0.0300 0.5000
vt 0.0300 0.5000
vt 0.0300 0.5000
vt 0.0300 0.5000
vt 0.0300 0.5000
vt 0.0300 0.5000
vt 0.0300 0.5000
vt 0.0300 0.5000
vt 0.0300 0.5000
vt 0.0300 0.5000
vt 0.0300 0.5000
vt 0.0300 0.5000
vt 0.0300 0.5000
vt 0.0300 0.5000
vt 0.0300 0.5000
vt 0.0300 0.5000
vt 0.0300 0.5000
vt 0.0300 0.5000
vt 0.0300 0.5000
vt 0.0300 0.5000
vt 0.0300 0.5000
vt 0.0300 0.5000
vt 0.0300 0.5000
vt 0.0300 0.5000
vt 0.0300 0.5000
vt 0.0300 0.5000
vt 0.0300 0.5000
vt 0.0300 0.5000
vt 0.0300 0.5000
vt 0.0300 0.5000
vt 0.0300 0.5000
vt 0.0300 0.5000
vt 0.0300 0.5000
vt 0.0300 0.5000
vt 0.0300 0.5000
vt 0.0300 0.5000
vt 0.0300 0.5000
vt 0.0300 0.5000
vt 0.0300 0.5000
vt 0.0300 0.5000
vt 0.0300 0.5000
vt 0.0300 0.5000
vt 0.0300 0.5000
vt 0.0300 0.5000
vt 0.0300 0.5000
vt 0.0300 0.5000
vt 0.0300 0.5000
vt 0.0300 0.5000
vt 0.0300 0.5000
vt 0.0300 0.5000
vt 0.0300 0.5000
vt 0.0300 0.5000
vt 0.0300 0.5000
vt 0.0300 0.5000
vt 0.0300 0.5000
vt 0.0300 0.5000
vt 0.0300 0.5000
vt 0.0300 0.5000
vt 0.0300 0.5000
vt 0.0300 0.5000
vt 0.0300 0.5000
vt 0.0300 0.5000
vt 0.0300 0.5000
vt 0.0300 0.5000
vt 0.0300 0.5000
vt 0.0300 0.5000
vt 0.0300 0.5000
vt 0.0300 0.5000
vt 0.0300 0.5000
vt 0.0300 0.5000
vt 0.0300 0.5000
vt 0.0300 0.5000
vt 0.0300 0.5000
vt 0.0300 0.5000
vt 0.0300 0.5000
vt 0.0300 0.5000
vt 0.0300 0.5000
vt 0.0300 0.5000
vt 0.0300 0.5000
vt 0.0300 0.5000
vt 0.0300 0.5000
vt 0.0300 0.5000
vt 0.0300 0.5000
vt 0.0300 0.5000
vt 0.0300 0.5000
vt 0.0300 0.5000
vt 0.0300 0.5000
vt 0.0300 0.5000
vt 0.0300 0.5000
vt 0.0300 0.5000
vt 0.0300 0.5000
vt 0.0300 0.5000
vt 0.0300 0.5000
vt 0.0300 0.5000
vt 0.0300 0.5000
vt 0.0300 0.5000
vt 0.0300 0.5000
vt 0.0300 0.5000
vt 0.0300 0.5000
vt 0.0300 0.5000
vt 0.0300 0.5000
vt 0.0300 0.5000
vt 0.0300 0.5000
vt 0.0300 0.5000
vt 0.0300 0.5000
vt 0.0300 0.5000
vt 0.0300 0.5000
vt 0.0300 0.5000
vt 0.0300 0.5000
vt 0.0300 0.5000
vt 0.0300 0.5000
vt 0.0300 0.5000
vt 0.0300 0.5000
vt 0.0300 0.5000
vt 0.0300 0.5000
vt 0.0300 0.5000
vt 0.0300 0.5000
vt 0.0300 0.5000
vt 0.0300 0.5000
vt 0.0300 0.5000
vt 0.0300 0.5000
vt 0.0300 0.5000
vt 0.0300 0.5000
vt 0.0300 0.5000
vt 0.0300 0.5000
vt 0.0300 0.5000
vt 0.0300 0.5000
vt 0.0300 0.5000
vt 0.0300 0.5000
vt 0.0300 0.5000
vn 0.5752 0.3783 -0.7253
vn 0.3667 0.0217 -0.9301
vn 0.4694 0.0740 -0.8799
vn 0.8886 -0.0099 -0.4586
vn 0.6133 -0.2140 -0.7603
vn 0.6003 0.0045 -0.7998
vn 0.6157 -0.0134 0.7879
vn 0.8084 -0.3388 0.4813
vn 0.9026 0.0678 0.4252
vn 0.4568 -0.5224 0.7200
vn 0.5477 -0.8071 0.2204
vn 0.8084 -0.3388 0.4813
vn 0.8084 -0.3388 0.4813
vn 0.5477 -0.8071 0.2204
vn 0.9066 -0.4214 0.0235
vn 0.6133 -0.2140 -0.7603
vn 0.8026 -0.4699 -0.3674
vn 0.3834 -0.5760 -0.7220
vn 0.7934 0.2068 0.5725
vn 0.9132 0.0291 0.4066
vn 0.7290 0.5145 0.4515
vn 0.9866 0.0522 0.1545
vn 0.9514 -0.2807 0.1264
vn 0.7934 0.2068 0.5725
vn 0.6080 0.2042 0.7672
vn 0.6837 0.5138 0.5183
vn 0.9132 0.0291 0.4066
vn -0.1108 0.9233 -0.3677
vn 0.3925 0.7449 -0.5395
vn -0.3001 0.5027 -0.8107
vn -0.5706 0.7738 0.2749
vn -0.1108 0.9233 -0.3677
vn -0.6340 0.7193 -0.2842
vn -0.1108 0.9233 -0.3677
vn -0.3001 0.5027 -0.8107
vn -0.6340 0.7193 -0.2842
vn 0.0001 -0.0991 -0.9951
vn 0.2574 -0.2298 -0.9386
vn 0.0186 -0.4888 -0.8722
vn 0.0186 -0.4888 -0.8722
vn -0.0892 -0.8298 -0.5509
vn -0.2505 -0.4326 -0.8661
vn -0.2505 -0.4326 -0.8661
vn -0.4585 -0.6725 -0.5810
vn -0.6129 -0.1640 -0.7729
vn 0.8609 0.1655 -0.4811
vn 0.8856 -0.4276 -0.1815
vn 0.6356 -0.2327 -0.7361
vn 0.8696 -0.1771 0.4610
vn 0.5949 -0.5378 0.5974
vn 0.3838 -0.8634 0.3275
vn -0.9232 0.1653 0.3468
vn -0.8973 -0.4396 0.0410
vn -0.7206 -0.3032 0.6235
vn -0.7966 -0.1409 -0.5878
vn -0.4929 -0.4800 -0.7257
vn -0.3715 -0.8118 -0.4505
vn -0.3198 -0.0423 -0.9465
vn -0.1106 -0.3371 -0.9350
vn -0.5640 -0.2882 -0.7739
vn -0.1586 -0.1913 -0.9686
vn -0.1106 -0.3371 -0.9350
vn -0.3198 -0.0423 -0.9465
vn -0.3080 -0.2501 -0.9179
vn -0.0119 -0.3295 -0.9441
vn -0.1586 -0.1913 -0.9686
vn 0.1623 -0.2085 -0.9645
vn 0.4694 0.0740 -0.8799
vn 0.3667 0.0217 -0.9301
vn 0.0172 -0.3231 -0.9462
vn 0.2573 -0.1750 -0.9503
vn 0.4809 -0.3499 -0.8039
vn 0.0019 0.5595 0.8288
vn 0.0047 0.4466 0.8947
vn 0.3216 0.5418 0.7765
vn 0.5099 0.7574 0.4078
vn 0.1577 0.6304 0.7601
vn 0.3938 0.7000 0.5958
vn -0.3336 0.5470 0.7678
vn -0.1314 0.4164 0.8997
vn 0.0019 0.5595 0.8288
vn 0.3216 0.5418 0.7765
vn 0.0047 0.4466 0.8947
vn 0.1904 0.3403 0.9209
vn 0.3216 0.5418 0.7765
vn 0.1904 0.3403 0.9209
vn 0.7934 0.2068 0.5725
vn 0.6837 0.5138 0.5183
vn 0.6426 0.7316 0.2275
vn 0.7290 0.5145 0.4515
vn 0.2380 -0.0040 -0.9713
vn -0.9887 -0.1329 -0.0696
vn 0.9686 -0.0915 -0.2312
vn 0.9479 0.3163 0.0375
vn 0.9555 -0.2749 0.1070
vn 0.9866 0.0522 0.1545
vn 0.9686 -0.0915 -0.2312
vn 0.9479 0.3163 0.0375
vn 0.9729 -0.0603 -0.2232
vn -0.9242 0.0123 0.3817
vn -0.7960 0.1892 0.5750
vn -0.7346 0.5174 0.4389
vn -0.6947 0.5037 0.5135
vn -0.5997 0.1741 0.7811
vn -0.9242 0.0123 0.3817
vn -0.9561 -0.2742 0.1033
vn -0.9877 0.0560 0.1463
vn -0.7960 0.1892 0.5750
vn -0.9566 -0.2733 0.1010
vn -0.9887 0.1223 -0.0871
vn -0.9877 0.0560 0.1463
vn -0.9887 0.1223 -0.0871
vn -0.9316 -0.1869 -0.3117
vn -1.0000 0.0001 0.0081
vn -0.5267 0.3000 -0.7954
vn -0.3198 -0.0423 -0.9465
vn -0.3952 0.2883 -0.8722
vn -0.3952 0.2883 -0.8722
vn -0.3198 -0.0423 -0.9465
vn -0.2125 -0.0238 -0.9769
vn 0.9888 -0.1213 -0.0875
vn -0.2125 -0.0238 -0.9769
vn -0.9933 0.1142 -0.0188
vn -0.3952 0.2883 -0.8722
vn -0.5179 0.5524 -0.6531
vn -0.5267 0.3000 -0.7954
vn -0.6510 0.7312 0.2037
vn -0.6947 0.5037 0.5135
vn -0.7346 0.5174 0.4389
vn -0.1235 -0.9860 0.1124
vn 0.2284 -0.9402 0.2528
vn -0.1136 -0.8793 0.4626
vn 0.3366 -0.8749 -0.3482
vn -0.0989 -0.9732 -0.2076
vn -0.0892 -0.8298 -0.5509
vn -0.5235 0.6840 0.5080
vn -0.7059 0.7005 0.1051
vn -0.4322 0.7220 0.5403
vn -0.7773 0.3570 -0.5181
vn -0.4793 0.0688 -0.8750
vn -0.5267 0.3000 -0.7954
vn 0.5099 0.7574 0.4078
vn 0.6426 0.7316 0.2275
vn 0.7756 0.6298 -0.0426
vn 0.6426 0.7316 0.2275
vn 0.6476 0.7599 -0.0563
vn 0.7756 0.6298 -0.0426
vn -0.0213 -0.2736 0.9616
vn 0.1024 -0.6916 0.7150
vn 0.2501 -0.2256 0.9416
vn 0.2501 -0.2256 0.9416
vn 0.4568 -0.5224 0.7200
vn 0.6157 -0.0134 0.7879
vn -0.6129 -0.1640 -0.7729
vn -0.8172 -0.4275 -0.3866
vn -0.8972 -0.0032 -0.4417
vn -0.4585 -0.6725 -0.5810
vn -0.5343 -0.8449 -0.0266
vn -0.8172 -0.4275 -0.3866
vn -0.8172 -0.4275 -0.3866
vn -0.5343 -0.8449 -0.0266
vn -0.9063 -0.4138 0.0864
vn 0.2753 -0.0270 -0.9610
vn 0.0001 -0.0991 -0.9951
vn -0.0154 -0.0475 -0.9988
vn 0.8916 0.0245 -0.4521
vn 0.9960 0.0892 0.0009
vn 0.8886 -0.0099 -0.4586
vn 0.2659 0.1236 0.9560
vn 0.0041 0.1398 0.9902
vn 0.2671 0.1008 0.9584
vn -0.5996 0.0793 0.7964
vn -0.2676 0.0818 0.9601
vn -0.2588 0.1309 0.9570
vn 0.5819 0.0982 0.8073
vn 0.2671 0.1008 0.9584
vn 0.6157 -0.0134 0.7879
vn -0.9961 0.0807 -0.0363
vn -0.8941 0.0554 0.4443
vn -0.8830 0.0201 0.4689
vn 0.0052 -0.2652 -0.9642
vn 0.2617 -0.1730 -0.9495
vn -0.0154 -0.0475 -0.9988
vn 0.9880 -0.1536 0.0136
vn 0.8681 0.0406 0.4948
vn 0.9960 0.0892 0.0009
vn 0.5874 -0.3030 -0.7504
vn 0.8900 -0.1975 -0.4109
vn 0.5934 -0.0528 -0.8032
vn 0.0002 0.1885 0.9821
vn 0.2659 0.1236 0.9560
vn 0.2490 0.1881 0.9500
vn -0.8866 -0.1989 -0.4176
vn -0.9891 -0.1428 0.0365
vn -0.9891 -0.1289 0.0711
vn -0.5481 0.1092 0.8292
vn -0.8830 0.0201 0.4689
vn -0.5942 0.1025 0.7978
vn 0.0052 -0.2652 -0.9642
vn -0.2651 -0.2277 -0.9370
vn -0.2323 -0.3575 -0.9045
vn 0.2579 -0.3582 -0.8973
vn 0.5874 -0.3030 -0.7504
vn 0.2617 -0.1730 -0.9495
vn 0.5407 -0.3641 -0.7583
vn 0.8553 -0.2914 -0.4284
vn 0.5874 -0.3030 -0.7504
vn 0.8701 0.0170 0.4925
vn 0.9880 -0.1536 0.0136
vn 0.9841 -0.1750 0.0303
vn -0.2385 0.2610 0.9354
vn -0.5481 0.1092 0.8292
vn -0.2553 0.1150 0.9600
vn -0.6012 -0.2301 -0.7652
vn -0.8866 -0.1989 -0.4176
vn -0.8565 -0.2907 -0.4265
vn 0.0172 -0.3231 -0.9462
vn -0.2323 -0.3575 -0.9045
vn -0.1106 -0.3371 -0.9350
vn -0.1106 -0.3371 -0.9350
vn -0.5264 -0.3690 -0.7660
vn -0.5640 -0.2882 -0.7739
vn 0.1423 -0.3963 -0.9070
vn 0.5407 -0.3641 -0.7583
vn 0.2579 -0.3582 -0.8973
vn 0.0172 -0.3231 -0.9462
vn 0.2579 -0.3582 -0.8973
vn 0.0052 -0.2652 -0.9642
vn -0.2323 -0.3575 -0.9045
vn -0.6012 -0.2301 -0.7652
vn -0.5264 -0.3690 -0.7660
vn 0.9729 -0.0603 -0.2232
vn 0.5407 -0.3641 -0.7583
vn 0.4809 -0.3499 -0.8039
vn 0.9866 0.0522 0.1545
vn 0.5605 0.2263 0.7966
vn 0.8701 0.0170 0.4925
vn 0.8701 0.0170 0.4925
vn 0.9841 -0.1750 0.0303
vn 0.9989 -0.0382 0.0290
vn 0.1904 0.3403 0.9209
vn 0.5605 0.2263 0.7966
vn 0.7934 0.2068 0.5725
vn 0.0047 0.4466 0.8947
vn -0.1314 0.4164 0.8997
vn -0.0049 0.3339 0.9426
vn -0.1314 0.4164 0.8997
vn -0.5499 0.2591 0.7940
vn -0.2385 0.2610 0.9354
vn -0.0049 0.3339 0.9426
vn -0.2385 0.2610 0.9354
vn 0.0002 0.1885 0.9821
vn -1.0000 0.0001 0.0081
vn -0.9316 -0.1869 -0.3117
vn -0.9891 -0.1289 0.0711
vn -1.0000 0.0001 0.0081
vn -0.8886 0.0913 0.4496
vn -0.9877 0.0560 0.1463
vn -0.9316 -0.1869 -0.3117
vn -0.5264 -0.3690 -0.7660
vn -0.8565 -0.2907 -0.4265
vn -0.8886 0.0913 0.4496
vn -0.9891 -0.1289 0.0711
vn -0.8568 -0.0255 0.5150
vn 0.6841 -0.1140 -0.7204
vn 0.1623 -0.2085 -0.9645
vn 0.3322 -0.3331 -0.8824
vn -0.6521 -0.1423 -0.7446
vn -0.3080 -0.2501 -0.9179
vn -0.4793 0.0688 -0.8750
vn 0.9117 0.3766 0.1641
vn 0.8760 0.4398 -0.1977
vn 0.9873 0.1357 -0.0823
vn 0.8794 0.0600 -0.4724
vn 0.8760 0.4398 -0.1977
vn 0.7412 0.4882 -0.4607
vn 0.6766 0.5506 0.4889
vn 0.2437 0.5659 0.7876
vn 0.5967 0.6241 0.5044
vn -0.1219 0.6299 0.7670
vn 0.0019 0.5595 0.8288
vn -0.0154 0.5690 0.8222
vn -0.6521 -0.1423 -0.7446
vn -0.7773 0.3570 -0.5181
vn -0.8971 0.0042 -0.4418
vn -0.8867 0.4226 0.1876
vn -0.8268 0.5237 -0.2052
vn -0.7059 0.7005 0.1051
vn -0.6812 0.5040 0.5310
vn -0.8867 0.4226 0.1876
vn -0.5235 0.6840 0.5080
vn -0.5433 -0.1699 -0.8221
vn -0.0119 -0.3295 -0.9441
vn -0.3080 -0.2501 -0.9179
vn 0.6766 0.5506 0.4889
vn 0.9117 0.3766 0.1641
vn 0.9323 0.3610 0.0231
vn 0.2137 0.6987 0.6827
vn -0.0154 0.5690 0.8222
vn 0.2437 0.5659 0.7876
vn -0.9487 0.3136 0.0411
vn -0.9804 0.1800 -0.0799
vn -0.8867 0.4226 0.1876
vn 0.5360 0.8440 -0.0180
vn 0.9323 0.3610 0.0231
vn 0.8702 0.2448 -0.4276
vn 0.3925 0.7449 -0.5395
vn 0.5360 0.8440 -0.0180
vn 0.8702 0.2448 -0.4276
vn -0.2747 0.7504 0.6012
vn 0.2137 0.6987 0.6827
vn 0.1443 0.9698 0.1965
vn -0.8459 0.1912 -0.4979
vn -0.9487 0.3136 0.0411
vn -0.6340 0.7193 -0.2842
vn 0.1717 -0.9611 -0.2164
vn -0.8670 -0.4930 -0.0719
vn 0.2144 -0.9732 0.0827
vn 0.1974 -0.7178 -0.6677
vn -0.8670 -0.4930 -0.0719
vn 0.1717 -0.9611 -0.2164
vn 0.2144 -0.9732 0.0827
vn -0.8670 -0.4930 -0.0719
vn -0.9566 -0.2733 0.1010
vn -0.2125 -0.0238 -0.9769
vn 0.9888 -0.1213 -0.0875
vn -0.0758 -0.3423 -0.9365
vn -0.6510 0.7312 0.2037
vn -0.6498 0.7535 -0.0998
vn -0.7392 0.6636 0.1149
vn -0.7392 0.6636 0.1149
vn -0.6155 0.6967 -0.3685
vn -0.6093 0.5593 -0.5620
vn -0.6155 0.6967 -0.3685
vn -0.5179 0.5524 -0.6531
vn -0.6093 0.5593 -0.5620
vn -0.5783 0.3088 0.7551
vn -0.5997 0.1741 0.7811
vn -0.6947 0.5037 0.5135
vn -0.2211 -0.3383 0.9147
vn -0.1655 -0.8087 0.5644
vn -0.3387 -0.2703 0.9012
vn -0.3387 -0.2703 0.9012
vn -0.9561 -0.2742 0.1033
vn -0.9242 0.0123 0.3817
vn -0.2534 -0.7743 0.5799
vn 0.0855 -0.9733 0.2129
vn -0.1655 -0.8087 0.5644
vn -0.3361 0.1770 -0.9250
vn -0.2125 -0.0238 -0.9769
vn -0.0758 -0.3423 -0.9365
vn -0.9525 0.2322 -0.1969
vn -0.7392 0.6636 0.1149
vn -0.6093 0.5593 -0.5620
vn -0.9232 0.1653 0.3468
vn -0.7392 0.6636 0.1149
vn -0.9525 0.2322 -0.1969
vn -0.7206 -0.3032 0.6235
vn -0.2211 -0.3383 0.9147
vn -0.5783 0.3088 0.7551
vn -0.2534 -0.7743 0.5799
vn -0.2211 -0.3383 0.9147
vn -0.7206 -0.3032 0.6235
vn 0.6837 0.5138 0.5183
vn 0.6080 0.2042 0.7672
vn 0.5075 0.1361 0.8508
vn 0.6080 0.2042 0.7672
vn 0.9132 0.0291 0.4066
vn 0.3218 -0.2559 0.9116
vn 0.3218 -0.2559 0.9116
vn 0.9514 -0.2807 0.1264
vn 0.1440 -0.8033 0.5780
vn 0.7970 0.6019 -0.0500
vn 0.6143 0.6960 -0.3718
vn 0.6476 0.7599 -0.0563
vn 0.6977 0.5288 0.4832
vn 0.7970 0.6019 -0.0500
vn 0.6426 0.7316 0.2275
vn 0.5951 0.5609 -0.5756
vn 0.5199 0.5110 -0.6845
vn 0.6143 0.6960 -0.3718
vn 0.3194 0.2087 -0.9244
vn 0.2380 -0.0040 -0.9713
vn 0.3609 0.2601 -0.8956
vn 0.5951 0.5609 -0.5756
vn 0.3194 0.2087 -0.9244
vn 0.5199 0.5110 -0.6845
vn 0.3838 -0.8634 0.3275
vn -0.2467 -0.9542 0.1693
vn -0.1051 -0.9619 -0.2526
vn 0.3838 -0.8634 0.3275
vn -0.1051 -0.9619 -0.2526
vn 0.5355 -0.8303 -0.1543
vn 0.3303 -0.7018 -0.6312
vn -0.1051 -0.9619 -0.2526
vn -0.2320 -0.7094 -0.6655
vn 0.9831 0.1481 0.1077
vn 0.7970 0.6019 -0.0500
vn 0.6977 0.5288 0.4832
vn 0.8609 0.1655 -0.4811
vn 0.7970 0.6019 -0.0500
vn 0.9831 0.1481 0.1077
vn 0.6356 -0.2327 -0.7361
vn 0.0597 -0.3352 -0.9402
vn 0.3194 0.2087 -0.9244
vn 0.3303 -0.7018 -0.6312
vn 0.0597 -0.3352 -0.9402
vn 0.6356 -0.2327 -0.7361
vn 0.2573 -0.1750 -0.9503
vn 0.3667 0.0217 -0.9301
vn 0.3609 0.2601 -0.8956
vn 0.2380 -0.0040 -0.9713
vn 0.8026 -0.4699 -0.3674
vn 0.8886 -0.0099 -0.4586
vn 0.9999 0.0060 -0.0120
vn 0.9066 -0.4214 0.0235
vn 0.4809 -0.3499 -0.8039
vn 0.2573 -0.1750 -0.9503
vn 0.2380 -0.0040 -0.9713
vn 0.9066 -0.4214 0.0235
vn 0.9999 0.0060 -0.0120
vn 0.9026 0.0678 0.4252
vn 0.8084 -0.3388 0.4813
vn 0.5477 -0.8071 0.2204
vn 0.3366 -0.8749 -0.3482
vn 0.8026 -0.4699 -0.3674
vn 0.9066 -0.4214 0.0235
vn 0.6157 -0.0134 0.7879
vn 0.4568 -0.5224 0.7200
vn 0.8084 -0.3388 0.4813
vn -0.2505 -0.4326 -0.8661
vn -0.2650 -0.0778 -0.9611
vn 0.0001 -0.0991 -0.9951
vn 0.0186 -0.4888 -0.8722
vn 0.3834 -0.5760 -0.7220
vn 0.8026 -0.4699 -0.3674
vn 0.3366 -0.8749 -0.3482
vn 0.6133 -0.2140 -0.7603
vn 0.8886 -0.0099 -0.4586
vn 0.8026 -0.4699 -0.3674
vn 0.9514 -0.2807 0.1264
vn 0.9132 0.0291 0.4066
vn 0.7934 0.2068 0.5725
vn 0.9132 0.0291 0.4066
vn 0.6837 0.5138 0.5183
vn 0.7290 0.5145 0.4515
vn 0.3667 0.0217 -0.9301
vn 0.5752 0.3783 -0.7253
vn 0.5199 0.5110 -0.6845
vn 0.3609 0.2601 -0.8956
vn 0.5360 0.8440 -0.0180
vn 0.3925 0.7449 -0.5395
vn -0.1108 0.9233 -0.3677
vn -0.5706 0.7738 0.2749
vn 0.1443 0.9698 0.1965
vn -0.1108 0.9233 -0.3677
vn 0.1443 0.9698 0.1965
vn 0.5360 0.8440 -0.0180
vn -0.1108 0.9233 -0.3677
vn -0.3001 0.5027 -0.8107
vn 0.3925 0.7449 -0.5395
vn 0.5355 0.1947 -0.8218
vn 0.2574 -0.2298 -0.9386
vn 0.2753 -0.0270 -0.9610
vn 0.6003 0.0045 -0.7998
vn 0.6133 -0.2140 -0.7603
vn 0.0186 -0.4888 -0.8722
vn 0.2574 -0.2298 -0.9386
vn 0.3834 -0.5760 -0.7220
vn 0.2753 -0.0270 -0.9610
vn 0.2574 -0.2298 -0.9386
vn 0.0001 -0.0991 -0.9951
vn 0.3366 -0.8749 -0.3482
vn -0.0892 -0.8298 -0.5509
vn 0.0186 -0.4888 -0.8722
vn 0.3834 -0.5760 -0.7220
vn 0.2574 -0.2298 -0.9386
vn 0.6133 -0.2140 -0.7603
vn 0.3834 -0.5760 -0.7220
vn 0.3838 -0.8634 0.3275
vn 0.5355 -0.8303 -0.1543
vn 0.8856 -0.4276 -0.1815
vn 0.8696 -0.1771 0.4610
vn -0.2505 -0.4326 -0.8661
vn -0.0892 -0.8298 -0.5509
vn -0.4585 -0.6725 -0.5810
vn -0.2650 -0.0778 -0.9611
vn -0.2505 -0.4326 -0.8661
vn -0.6129 -0.1640 -0.7729
vn 0.3303 -0.7018 -0.6312
vn 0.6356 -0.2327 -0.7361
vn 0.8856 -0.4276 -0.1815
vn 0.5355 -0.8303 -0.1543
vn 0.8609 0.1655 -0.4811
vn 0.9831 0.1481 0.1077
vn 0.8856 -0.4276 -0.1815
vn 0.9831 0.1481 0.1077
vn 0.8696 -0.1771 0.4610
vn 0.8856 -0.4276 -0.1815
vn -0.3715 -0.8118 -0.4505
vn -0.5498 -0.8349 0.0273
vn -0.8973 -0.4396 0.0410
vn -0.7966 -0.1409 -0.5878
vn -0.2534 -0.7743 0.5799
vn -0.7206 -0.3032 0.6235
vn -0.8973 -0.4396 0.0410
vn -0.5498 -0.8349 0.0273
vn -0.9232 0.1653 0.3468
vn -0.9525 0.2322 -0.1969
vn -0.8973 -0.4396 0.0410
vn -0.9525 0.2322 -0.1969
vn -0.7966 -0.1409 -0.5878
vn -0.8973 -0.4396 0.0410
vn 0.0172 -0.3231 -0.9462
vn -0.1106 -0.3371 -0.9350
vn -0.1586 -0.1913 -0.9686
vn -0.0119 -0.3295 -0.9441
vn 0.3667 0.0217 -0.9301
vn 0.2573 -0.1750 -0.9503
vn 0.0172 -0.3231 -0.9462
vn 0.1623 -0.2085 -0.9645
vn 0.0172 -0.3231 -0.9462
vn -0.0119 -0.3295 -0.9441
vn 0.1623 -0.2085 -0.9645
vn -0.4793 0.0688 -0.8750
vn -0.3080 -0.2501 -0.9179
vn -0.1586 -0.1913 -0.9686
vn 0.0019 0.5595 0.8288
vn -0.1219 0.6299 0.7670
vn -0.4322 0.7220 0.5403
vn -0.3336 0.5470 0.7678
vn 0.1423 -0.3963 -0.9070
vn 0.0172 -0.3231 -0.9462
vn 0.4809 -0.3499 -0.8039
vn 0.0019 0.5595 0.8288
vn -0.1314 0.4164 0.8997
vn 0.0047 0.4466 0.8947
vn -0.5235 0.6840 0.5080
vn -0.4322 0.7220 0.5403
vn -0.1219 0.6299 0.7670
vn 0.0019 0.5595 0.8288
vn 0.3216 0.5418 0.7765
vn 0.3938 0.7000 0.5958
vn 0.1577 0.6304 0.7601
vn 0.3216 0.5418 0.7765
vn 0.7934 0.2068 0.5725
vn 0.7290 0.5145 0.4515
vn 0.3938 0.7000 0.5958
vn 0.9686 -0.0915 -0.2312
vn -0.9887 -0.1329 -0.0696
vn 0.8675 -0.4931 -0.0660
vn 0.2380 -0.0040 -0.9713
vn 0.9686 -0.0915 -0.2312
vn 0.4809 -0.3499 -0.8039
vn 0.7290 0.5145 0.4515
vn 0.5099 0.7574 0.4078
vn 0.3938 0.7000 0.5958
vn -0.5640 -0.2882 -0.7739
vn -0.9316 -0.1869 -0.3117
vn -0.9887 0.1223 -0.0871
vn -0.9933 0.1142 -0.0188
vn 0.9729 -0.0603 -0.2232
vn 0.9479 0.3163 0.0375
vn 0.9866 0.0522 0.1545
vn 0.4809 -0.3499 -0.8039
vn 0.9686 -0.0915 -0.2312
vn 0.9729 -0.0603 -0.2232
vn 0.9686 -0.0915 -0.2312
vn 0.8675 -0.4931 -0.0660
vn 0.9479 0.3163 0.0375
vn 0.9479 0.3163 0.0375
vn 0.8675 -0.4931 -0.0660
vn 0.9555 -0.2749 0.1070
vn 0.9866 0.0522 0.1545
vn 0.9555 -0.2749 0.1070
vn 0.9514 -0.2807 0.1264
vn 0.9989 -0.0382 0.0290
vn 0.9729 -0.0603 -0.2232
vn 0.9866 0.0522 0.1545
vn -0.7960 0.1892 0.5750
vn -0.9242 0.0123 0.3817
vn -0.9561 -0.2742 0.1033
vn -0.7346 0.5174 0.4389
vn -0.6947 0.5037 0.5135
vn -0.9242 0.0123 0.3817
vn -0.7960 0.1892 0.5750
vn -0.9877 0.0560 0.1463
vn -0.5499 0.2591 0.7940
vn -0.9561 -0.2742 0.1033
vn -0.9566 -0.2733 0.1010
vn -0.9877 0.0560 0.1463
vn -0.9566 -0.2733 0.1010
vn -0.8670 -0.4930 -0.0719
vn -0.9887 0.1223 -0.0871
vn -0.9887 0.1223 -0.0871
vn -0.8670 -0.4930 -0.0719
vn -0.9933 0.1142 -0.0188
vn -0.5267 0.3000 -0.7954
vn -0.4793 0.0688 -0.8750
vn -0.1586 -0.1913 -0.9686
vn -0.3198 -0.0423 -0.9465
vn -0.9877 0.0560 0.1463
vn -0.9887 0.1223 -0.0871
vn -1.0000 0.0001 0.0081
vn -0.3336 0.5470 0.7678
vn -0.4322 0.7220 0.5403
vn -0.7346 0.5174 0.4389
vn -0.7960 0.1892 0.5750
vn -0.2125 -0.0238 -0.9769
vn -0.3198 -0.0423 -0.9465
vn -0.5640 -0.2882 -0.7739
vn -0.8670 -0.4930 -0.0719
vn 0.9888 -0.1213 -0.0875
vn -0.9933 0.1142 -0.0188
vn -0.5640 -0.2882 -0.7739
vn -0.9933 0.1142 -0.0188
vn -0.2125 -0.0238 -0.9769
vn -0.7960 0.1892 0.5750
vn -0.5499 0.2591 0.7940
vn -0.1314 0.4164 0.8997
vn -0.3336 0.5470 0.7678
vn -0.1235 -0.9860 0.1124
vn -0.0989 -0.9732 -0.2076
vn 0.3366 -0.8749 -0.3482
vn 0.2284 -0.9402 0.2528
vn -0.5267 0.3000 -0.7954
vn -0.5179 0.5524 -0.6531
vn -0.6155 0.6967 -0.3685
vn -0.0989 -0.9732 -0.2076
vn -0.5343 -0.8449 -0.0266
vn -0.4585 -0.6725 -0.5810
vn -0.0892 -0.8298 -0.5509
vn 0.4568 -0.5224 0.7200
vn 0.1024 -0.6916 0.7150
vn 0.2284 -0.9402 0.2528
vn 0.5477 -0.8071 0.2204
vn 0.3366 -0.8749 -0.3482
vn 0.5477 -0.8071 0.2204
vn 0.2284 -0.9402 0.2528
vn -0.3852 -0.7101 0.5894
vn -0.5343 -0.8449 -0.0266
vn -0.1235 -0.9860 0.1124
vn -0.1136 -0.8793 0.4626
vn -0.1136 -0.8793 0.4626
vn 0.2284 -0.9402 0.2528
vn 0.1024 -0.6916 0.7150
vn -0.1136 -0.8793 0.4626
vn 0.1024 -0.6916 0.7150
vn -0.3852 -0.7101 0.5894
vn -0.6510 0.7312 0.2037
vn -0.7346 0.5174 0.4389
vn -0.4322 0.7220 0.5403
vn -0.7059 0.7005 0.1051
vn -0.5343 -0.8449 -0.0266
vn -0.0989 -0.9732 -0.2076
vn -0.1235 -0.9860 0.1124
vn -0.6155 0.6967 -0.3685
vn -0.6498 0.7535 -0.0998
vn -0.8268 0.5237 -0.2052
vn -0.7773 0.3570 -0.5181
vn -0.6155 0.6967 -0.3685
vn -0.7773 0.3570 -0.5181
vn -0.5267 0.3000 -0.7954
vn -0.6498 0.7535 -0.0998
vn -0.6510 0.7312 0.2037
vn -0.7059 0.7005 0.1051
vn -0.8268 0.5237 -0.2052
vn 0.6143 0.6960 -0.3718
vn 0.7412 0.4882 -0.4607
vn 0.7756 0.6298 -0.0426
vn 0.6476 0.7599 -0.0563
vn 0.5099 0.7574 0.4078
vn 0.7290 0.5145 0.4515
vn 0.6426 0.7316 0.2275
vn 0.5752 0.3783 -0.7253
vn 0.7412 0.4882 -0.4607
vn 0.6143 0.6960 -0.3718
vn 0.5199 0.5110 -0.6845
vn 0.2501 -0.2256 0.9416
vn 0.2671 0.1008 0.9584
vn -0.0012 0.0812 0.9967
vn -0.0213 -0.2736 0.9616
vn 0.7412 0.4882 -0.4607
vn 0.5752 0.3783 -0.7253
vn 0.4694 0.0740 -0.8799
vn 0.8760 0.4398 -0.1977
vn 0.7756 0.6298 -0.0426
vn 0.7412 0.4882 -0.4607
vn -0.2335 -0.2498 0.9397
vn -0.0213 -0.2736 0.9616
vn -0.0012 0.0812 0.9967
vn -0.2676 0.0818 0.9601
vn -0.5594 -0.2373 0.7942
vn -0.2335 -0.2498 0.9397
vn -0.2676 0.0818 0.9601
vn -0.5996 0.0793 0.7964
vn -0.3852 -0.7101 0.5894
vn 0.1024 -0.6916 0.7150
vn -0.0213 -0.2736 0.9616
vn -0.2335 -0.2498 0.9397
vn -0.2335 -0.2498 0.9397
vn -0.5594 -0.2373 0.7942
vn -0.3852 -0.7101 0.5894
vn -0.9063 -0.4138 0.0864
vn -0.8038 -0.3721 0.4643
vn -0.8941 0.0554 0.4443
vn -0.9999 0.0103 -0.0060
vn 0.2501 -0.2256 0.9416
vn 0.1024 -0.6916 0.7150
vn 0.4568 -0.5224 0.7200
vn 0.2671 0.1008 0.9584
vn 0.2501 -0.2256 0.9416
vn 0.6157 -0.0134 0.7879
vn -0.8172 -0.4275 -0.3866
vn -0.9063 -0.4138 0.0864
vn -0.9999 0.0103 -0.0060
vn -0.8972 -0.0032 -0.4417
vn -0.5343 -0.8449 -0.0266
vn -0.3852 -0.7101 0.5894
vn -0.8038 -0.3721 0.4643
vn -0.9063 -0.4138 0.0864
vn -0.6129 -0.1640 -0.7729
vn -0.4585 -0.6725 -0.5810
vn -0.8172 -0.4275 -0.3866
vn -0.8038 -0.3721 0.4643
vn -0.5594 -0.2373 0.7942
vn -0.5996 0.0793 0.7964
vn -0.8941 0.0554 0.4443
vn -0.5594 -0.2373 0.7942
vn -0.8038 -0.3721 0.4643
vn -0.3852 -0.7101 0.5894
vn 0.0001 -0.0991 -0.9951
vn -0.2650 -0.0778 -0.9611
vn -0.2814 -0.0569 -0.9579
vn -0.0154 -0.0475 -0.9988
vn 0.2617 -0.1730 -0.9495
vn 0.2753 -0.0270 -0.9610
vn -0.0154 -0.0475 -0.9988
vn 0.2753 -0.0270 -0.9610
vn 0.2617 -0.1730 -0.9495
vn 0.5934 -0.0528 -0.8032
vn 0.6003 0.0045 -0.7998
vn -0.2650 -0.0778 -0.9611
vn -0.6129 -0.1640 -0.7729
vn -0.6033 -0.0334 -0.7968
vn -0.2814 -0.0569 -0.9579
vn 0.9026 0.0678 0.4252
vn 0.9999 0.0060 -0.0120
vn 0.9960 0.0892 0.0009
vn 0.8681 0.0406 0.4948
vn 0.8886 -0.0099 -0.4586
vn 0.9960 0.0892 0.0009
vn 0.9999 0.0060 -0.0120
vn 0.6157 -0.0134 0.7879
vn 0.9026 0.0678 0.4252
vn 0.8681 0.0406 0.4948
vn 0.5819 0.0982 0.8073
vn 0.6003 0.0045 -0.7998
vn 0.5934 -0.0528 -0.8032
vn 0.8916 0.0245 -0.4521
vn 0.8886 -0.0099 -0.4586
vn -0.0012 0.0812 0.9967
vn 0.0041 0.1398 0.9902
vn -0.2588 0.1309 0.9570
vn -0.2676 0.0818 0.9601
vn 0.2671 0.1008 0.9584
vn 0.0041 0.1398 0.9902
vn -0.0012 0.0812 0.9967
vn -0.9999 0.0103 -0.0060
vn -0.9961 0.0807 -0.0363
vn -0.8899 0.0146 -0.4560
vn -0.8972 -0.0032 -0.4417
vn -0.5942 0.1025 0.7978
vn -0.5996 0.0793 0.7964
vn -0.2588 0.1309 0.9570
vn 0.5819 0.0982 0.8073
vn 0.2659 0.1236 0.9560
vn 0.2671 0.1008 0.9584
vn -0.9961 0.0807 -0.0363
vn -0.9999 0.0103 -0.0060
vn -0.8941 0.0554 0.4443
vn -0.6129 -0.1640 -0.7729
vn -0.8972 -0.0032 -0.4417
vn -0.8899 0.0146 -0.4560
vn -0.6033 -0.0334 -0.7968
vn -0.5996 0.0793 0.7964
vn -0.5942 0.1025 0.7978
vn -0.8830 0.0201 0.4689
vn -0.8941 0.0554 0.4443
vn -0.2814 -0.0569 -0.9579
vn -0.2651 -0.2277 -0.9370
vn 0.0052 -0.2652 -0.9642
vn -0.0154 -0.0475 -0.9988
vn 0.2617 -0.1730 -0.9495
vn 0.5874 -0.3030 -0.7504
vn 0.5934 -0.0528 -0.8032
vn -0.6033 -0.0334 -0.7968
vn -0.6012 -0.2301 -0.7652
vn -0.2651 -0.2277 -0.9370
vn -0.2814 -0.0569 -0.9579
vn 0.8681 0.0406 0.4948
vn 0.8701 0.0170 0.4925
vn 0.5574 0.1064 0.8234
vn 0.5819 0.0982 0.8073
vn 0.8701 0.0170 0.4925
vn 0.8681 0.0406 0.4948
vn 0.9880 -0.1536 0.0136
vn 0.9960 0.0892 0.0009
vn 0.8916 0.0245 -0.4521
vn 0.8900 -0.1975 -0.4109
vn 0.9880 -0.1536 0.0136
vn -0.2588 0.1309 0.9570
vn 0.0041 0.1398 0.9902
vn 0.0002 0.1885 0.9821
vn -0.2553 0.1150 0.9600
vn 0.5934 -0.0528 -0.8032
vn 0.8900 -0.1975 -0.4109
vn 0.8916 0.0245 -0.4521
vn 0.0002 0.1885 0.9821
vn 0.0041 0.1398 0.9902
vn 0.2659 0.1236 0.9560
vn 0.5819 0.0982 0.8073
vn 0.5574 0.1064 0.8234
vn 0.2490 0.1881 0.9500
vn 0.2659 0.1236 0.9560
vn -0.5942 0.1025 0.7978
vn -0.2588 0.1309 0.9570
vn -0.2553 0.1150 0.9600
vn -0.5481 0.1092 0.8292
vn -0.9891 -0.1428 0.0365
vn -0.8830 0.0201 0.4689
vn -0.8568 -0.0255 0.5150
vn -0.9891 -0.1289 0.0711
vn -0.5481 0.1092 0.8292
vn -0.8568 -0.0255 0.5150
vn -0.8830 0.0201 0.4689
vn -0.8899 0.0146 -0.4560
vn -0.8866 -0.1989 -0.4176
vn -0.6012 -0.2301 -0.7652
vn -0.6033 -0.0334 -0.7968
vn -0.9961 0.0807 -0.0363
vn -0.9891 -0.1428 0.0365
vn -0.8866 -0.1989 -0.4176
vn -0.8899 0.0146 -0.4560
vn 0.9880 -0.1536 0.0136
vn 0.8900 -0.1975 -0.4109
vn 0.8553 -0.2914 -0.4284
vn 0.9841 -0.1750 0.0303
vn -0.9891 -0.1428 0.0365
vn -0.9961 0.0807 -0.0363
vn -0.8830 0.0201 0.4689
vn 0.0052 -0.2652 -0.9642
vn 0.2579 -0.3582 -0.8973
vn 0.2617 -0.1730 -0.9495
vn 0.2579 -0.3582 -0.8973
vn 0.5407 -0.3641 -0.7583
vn 0.5874 -0.3030 -0.7504
vn -0.2323 -0.3575 -0.9045
vn -0.2651 -0.2277 -0.9370
vn -0.6012 -0.2301 -0.7652
vn 0.8553 -0.2914 -0.4284
vn 0.9729 -0.0603 -0.2232
vn 0.9989 -0.0382 0.0290
vn 0.9841 -0.1750 0.0303
vn 0.5874 -0.3030 -0.7504
vn 0.8553 -0.2914 -0.4284
vn 0.8900 -0.1975 -0.4109
vn 0.0002 0.1885 0.9821
vn -0.2385 0.2610 0.9354
vn -0.2553 0.1150 0.9600
vn -0.8565 -0.2907 -0.4265
vn -0.8866 -0.1989 -0.4176
vn -0.9891 -0.1289 0.0711
vn 0.0172 -0.3231 -0.9462
vn 0.1423 -0.3963 -0.9070
vn 0.2579 -0.3582 -0.8973
vn 0.1423 -0.3963 -0.9070
vn 0.4809 -0.3499 -0.8039
vn 0.5407 -0.3641 -0.7583
vn 0.0172 -0.3231 -0.9462
vn 0.0052 -0.2652 -0.9642
vn -0.2323 -0.3575 -0.9045
vn -0.1106 -0.3371 -0.9350
vn -0.2323 -0.3575 -0.9045
vn -0.5264 -0.3690 -0.7660
vn 0.9989 -0.0382 0.0290
vn 0.9866 0.0522 0.1545
vn 0.8701 0.0170 0.4925
vn 0.9866 0.0522 0.1545
vn 0.7934 0.2068 0.5725
vn 0.5605 0.2263 0.7966
vn 0.5605 0.2263 0.7966
vn 0.5574 0.1064 0.8234
vn 0.8701 0.0170 0.4925
vn 0.2490 0.1881 0.9500
vn 0.1904 0.3403 0.9209
vn -0.0049 0.3339 0.9426
vn 0.0002 0.1885 0.9821
vn 0.5407 -0.3641 -0.7583
vn 0.9729 -0.0603 -0.2232
vn 0.8553 -0.2914 -0.4284
vn -0.0049 0.3339 0.9426
vn -0.1314 0.4164 0.8997
vn -0.2385 0.2610 0.9354
vn 0.0047 0.4466 0.8947
vn -0.0049 0.3339 0.9426
vn 0.1904 0.3403 0.9209
vn -0.2385 0.2610 0.9354
vn -0.5499 0.2591 0.7940
vn -0.5481 0.1092 0.8292
vn 0.5574 0.1064 0.8234
vn 0.5605 0.2263 0.7966
vn 0.1904 0.3403 0.9209
vn 0.2490 0.1881 0.9500
vn -0.8568 -0.0255 0.5150
vn -0.5481 0.1092 0.8292
vn -0.5499 0.2591 0.7940
vn -0.8886 0.0913 0.4496
vn -1.0000 0.0001 0.0081
vn -0.9891 -0.1289 0.0711
vn -0.8886 0.0913 0.4496
vn -0.9891 -0.1289 0.0711
vn -0.9316 -0.1869 -0.3117
vn -0.8565 -0.2907 -0.4265
vn -0.9877 0.0560 0.1463
vn -0.8886 0.0913 0.4496
vn -0.5499 0.2591 0.7940
vn -0.9316 -0.1869 -0.3117
vn -0.5640 -0.2882 -0.7739
vn -0.5264 -0.3690 -0.7660
vn -0.5264 -0.3690 -0.7660
vn -0.6012 -0.2301 -0.7652
vn -0.8565 -0.2907 -0.4265
vn 0.7756 0.6298 -0.0426
vn 0.9117 0.3766 0.1641
vn 0.5967 0.6241 0.5044
vn 0.5099 0.7574 0.4078
vn 0.3322 -0.3331 -0.8824
vn 0.1623 -0.2085 -0.9645
vn -0.0119 -0.3295 -0.9441
vn 0.6841 -0.1140 -0.7204
vn 0.4694 0.0740 -0.8799
vn 0.1623 -0.2085 -0.9645
vn 0.8794 0.0600 -0.4724
vn 0.9873 0.1357 -0.0823
vn 0.8760 0.4398 -0.1977
vn 0.9117 0.3766 0.1641
vn 0.6766 0.5506 0.4889
vn 0.5967 0.6241 0.5044
vn 0.7412 0.4882 -0.4607
vn 0.4694 0.0740 -0.8799
vn 0.6841 -0.1140 -0.7204
vn 0.8794 0.0600 -0.4724
vn 0.9117 0.3766 0.1641
vn 0.7756 0.6298 -0.0426
vn 0.8760 0.4398 -0.1977
vn -0.1219 0.6299 0.7670
vn -0.3216 0.5744 0.7528
vn -0.6812 0.5040 0.5310
vn -0.5235 0.6840 0.5080
vn -0.3216 0.5744 0.7528
vn -0.1219 0.6299 0.7670
vn -0.0154 0.5690 0.8222
vn 0.0019 0.5595 0.8288
vn 0.1577 0.6304 0.7601
vn 0.2437 0.5659 0.7876
vn -0.0154 0.5690 0.8222
vn 0.1577 0.6304 0.7601
vn 0.5099 0.7574 0.4078
vn 0.5967 0.6241 0.5044
vn 0.2437 0.5659 0.7876
vn -0.8268 0.5237 -0.2052
vn -0.9804 0.1800 -0.0799
vn -0.8971 0.0042 -0.4418
vn -0.7773 0.3570 -0.5181
vn -0.8867 0.4226 0.1876
vn -0.9804 0.1800 -0.0799
vn -0.8268 0.5237 -0.2052
vn -0.0119 -0.3295 -0.9441
vn -0.0468 -0.0220 -0.9987
vn 0.2756 -0.0648 -0.9591
vn 0.3322 -0.3331 -0.8824
vn -0.6521 -0.1423 -0.7446
vn -0.4793 0.0688 -0.8750
vn -0.7773 0.3570 -0.5181
vn -0.5235 0.6840 0.5080
vn -0.8867 0.4226 0.1876
vn -0.7059 0.7005 0.1051
vn -0.5433 -0.1699 -0.8221
vn -0.0468 -0.0220 -0.9987
vn -0.0119 -0.3295 -0.9441
vn 0.3322 -0.3331 -0.8824
vn 0.2756 -0.0648 -0.9591
vn 0.5355 0.1947 -0.8218
vn 0.6841 -0.1140 -0.7204
vn 0.6841 -0.1140 -0.7204
vn 0.5355 0.1947 -0.8218
vn 0.8702 0.2448 -0.4276
vn 0.8794 0.0600 -0.4724
vn -0.6521 -0.1423 -0.7446
vn -0.5433 -0.1699 -0.8221
vn -0.3080 -0.2501 -0.9179
vn 0.8794 0.0600 -0.4724
vn 0.8702 0.2448 -0.4276
vn 0.9323 0.3610 0.0231
vn 0.9873 0.1357 -0.0823
vn -0.0154 0.5690 0.8222
vn 0.2137 0.6987 0.6827
vn -0.2747 0.7504 0.6012
vn -0.3216 0.5744 0.7528
vn 0.9323 0.3610 0.0231
vn 0.9117 0.3766 0.1641
vn 0.9873 0.1357 -0.0823
vn 0.6766 0.5506 0.4889
vn 0.2137 0.6987 0.6827
vn 0.2437 0.5659 0.7876
vn -0.3216 0.5744 0.7528
vn -0.2747 0.7504 0.6012
vn -0.5706 0.7738 0.2749
vn -0.6812 0.5040 0.5310
vn -0.8867 0.4226 0.1876
vn -0.6812 0.5040 0.5310
vn -0.5706 0.7738 0.2749
vn -0.9487 0.3136 0.0411
vn -0.8971 0.0042 -0.4418
vn -0.9804 0.1800 -0.0799
vn -0.9487 0.3136 0.0411
vn -0.8459 0.1912 -0.4979
vn -0.6521 -0.1423 -0.7446
vn -0.8971 0.0042 -0.4418
vn -0.8459 0.1912 -0.4979
vn -0.5433 -0.1699 -0.8221
vn 0.2756 -0.0648 -0.9591
vn -0.0468 -0.0220 -0.9987
vn -0.3001 0.5027 -0.8107
vn 0.5355 0.1947 -0.8218
vn 0.2137 0.6987 0.6827
vn 0.6766 0.5506 0.4889
vn 0.5360 0.8440 -0.0180
vn 0.1443 0.9698 0.1965
vn -0.3001 0.5027 -0.8107
vn -0.0468 -0.0220 -0.9987
vn -0.5433 -0.1699 -0.8221
vn 0.5355 0.1947 -0.8218
vn 0.3925 0.7449 -0.5395
vn 0.8702 0.2448 -0.4276
vn 0.5360 0.8440 -0.0180
vn 0.6766 0.5506 0.4889
vn 0.9323 0.3610 0.0231
vn 0.1443 0.9698 0.1965
vn -0.5706 0.7738 0.2749
vn -0.2747 0.7504 0.6012
vn -0.9566 -0.2733 0.1010
vn -0.9561 -0.2742 0.1033
vn -0.1655 -0.8087 0.5644
vn 0.2144 -0.9732 0.0827
vn -0.6340 0.7193 -0.2842
vn -0.3001 0.5027 -0.8107
vn -0.8459 0.1912 -0.4979
vn -0.3001 0.5027 -0.8107
vn -0.5433 -0.1699 -0.8221
vn -0.8459 0.1912 -0.4979
vn -0.5706 0.7738 0.2749
vn -0.6340 0.7193 -0.2842
vn -0.9487 0.3136 0.0411
vn -0.1655 -0.8087 0.5644
vn 0.0855 -0.9733 0.2129
vn 0.2144 -0.9732 0.0827
vn 0.0855 -0.9733 0.2129
vn 0.1717 -0.9611 -0.2164
vn 0.2144 -0.9732 0.0827
vn -0.3952 0.2883 -0.8722
vn -0.3361 0.1770 -0.9250
vn -0.6093 0.5593 -0.5620
vn -0.5179 0.5524 -0.6531
vn -0.3361 0.1770 -0.9250
vn -0.3952 0.2883 -0.8722
vn -0.2125 -0.0238 -0.9769
vn -0.8670 -0.4930 -0.0719
vn 0.1974 -0.7178 -0.6677
vn -0.0758 -0.3423 -0.9365
vn 0.9888 -0.1213 -0.0875
vn -0.6510 0.7312 0.2037
vn -0.7392 0.6636 0.1149
vn -0.5783 0.3088 0.7551
vn -0.6947 0.5037 0.5135
vn -0.7392 0.6636 0.1149
vn -0.6498 0.7535 -0.0998
vn -0.6155 0.6967 -0.3685
vn -0.3387 -0.2703 0.9012
vn -0.5997 0.1741 0.7811
vn -0.5783 0.3088 0.7551
vn -0.2211 -0.3383 0.9147
vn 0.0855 -0.9733 0.2129
vn -0.5498 -0.8349 0.0273
vn -0.3715 -0.8118 -0.4505
vn 0.1717 -0.9611 -0.2164
vn -0.3387 -0.2703 0.9012
vn -0.1655 -0.8087 0.5644
vn -0.9561 -0.2742 0.1033
vn -0.5997 0.1741 0.7811
vn -0.3387 -0.2703 0.9012
vn -0.9242 0.0123 0.3817
vn -0.2534 -0.7743 0.5799
vn -0.5498 -0.8349 0.0273
vn 0.0855 -0.9733 0.2129
vn -0.0758 -0.3423 -0.9365
vn -0.4929 -0.4800 -0.7257
vn -0.7966 -0.1409 -0.5878
vn -0.3361 0.1770 -0.9250
vn -0.3715 -0.8118 -0.4505
vn 0.1974 -0.7178 -0.6677
vn 0.1717 -0.9611 -0.2164
vn -0.0758 -0.3423 -0.9365
vn 0.1974 -0.7178 -0.6677
vn -0.3715 -0.8118 -0.4505
vn -0.4929 -0.4800 -0.7257
vn -0.7966 -0.1409 -0.5878
vn -0.6093 0.5593 -0.5620
vn -0.3361 0.1770 -0.9250
vn 0.8675 -0.4931 -0.0660
vn -0.1051 -0.9619 -0.2526
vn -0.2467 -0.9542 0.1693
vn -0.2405 -0.9664 0.0907
vn -0.9232 0.1653 0.3468
vn -0.5783 0.3088 0.7551
vn -0.7392 0.6636 0.1149
vn -0.7966 -0.1409 -0.5878
vn -0.9525 0.2322 -0.1969
vn -0.6093 0.5593 -0.5620
vn -0.2211 -0.3383 0.9147
vn -0.2534 -0.7743 0.5799
vn -0.1655 -0.8087 0.5644
vn -0.9232 0.1653 0.3468
vn -0.7206 -0.3032 0.6235
vn -0.5783 0.3088 0.7551
vn -0.2320 -0.7094 -0.6655
vn -0.1051 -0.9619 -0.2526
vn 0.8675 -0.4931 -0.0660
vn -0.2405 -0.9664 0.0907
vn -0.2467 -0.9542 0.1693
vn -0.0865 -0.7532 0.6521
vn 0.1440 -0.8033 0.5780
vn 0.9555 -0.2749 0.1070
vn -0.2405 -0.9664 0.0907
vn 0.1440 -0.8033 0.5780
vn 0.9514 -0.2807 0.1264
vn 0.1440 -0.8033 0.5780
vn -0.0865 -0.7532 0.6521
vn 0.2422 -0.3586 0.9015
vn 0.3218 -0.2559 0.9116
vn -0.2405 -0.9664 0.0907
vn 0.9555 -0.2749 0.1070
vn 0.8675 -0.4931 -0.0660
vn 0.3218 -0.2559 0.9116
vn 0.2422 -0.3586 0.9015
vn 0.5075 0.1361 0.8508
vn 0.6080 0.2042 0.7672
vn 0.8675 -0.4931 -0.0660
vn -0.9887 -0.1329 -0.0696
vn 0.0597 -0.3352 -0.9402
vn -0.2320 -0.7094 -0.6655
vn 0.3218 -0.2559 0.9116
vn 0.9132 0.0291 0.4066
vn 0.9514 -0.2807 0.1264
vn 0.7970 0.6019 -0.0500
vn 0.5951 0.5609 -0.5756
vn 0.6143 0.6960 -0.3718
vn 0.6426 0.7316 0.2275
vn 0.7970 0.6019 -0.0500
vn 0.6476 0.7599 -0.0563
vn 0.6837 0.5138 0.5183
vn 0.6977 0.5288 0.4832
vn 0.6426 0.7316 0.2275
vn 0.2380 -0.0040 -0.9713
vn 0.0597 -0.3352 -0.9402
vn -0.9887 -0.1329 -0.0696
vn 0.2422 -0.3586 0.9015
vn 0.5949 -0.5378 0.5974
vn 0.8696 -0.1771 0.4610
vn 0.5075 0.1361 0.8508
vn 0.5199 0.5110 -0.6845
vn 0.3194 0.2087 -0.9244
vn 0.3609 0.2601 -0.8956
vn 0.3303 -0.7018 -0.6312
vn 0.5355 -0.8303 -0.1543
vn -0.1051 -0.9619 -0.2526
vn 0.3838 -0.8634 0.3275
vn -0.0865 -0.7532 0.6521
vn -0.2467 -0.9542 0.1693
vn 0.2422 -0.3586 0.9015
vn -0.0865 -0.7532 0.6521
vn 0.3838 -0.8634 0.3275
vn 0.5949 -0.5378 0.5974
vn 0.8696 -0.1771 0.4610
vn 0.6977 0.5288 0.4832
vn 0.5075 0.1361 0.8508
vn 0.6977 0.5288 0.4832
vn 0.6837 0.5138 0.5183
vn 0.5075 0.1361 0.8508
vn 0.3194 0.2087 -0.9244
vn 0.5951 0.5609 -0.5756
vn 0.8609 0.1655 -0.4811
vn 0.6356 -0.2327 -0.7361
vn 0.8609 0.1655 -0.4811
vn 0.5951 0.5609 -0.5756
vn 0.7970 0.6019 -0.0500
vn 0.8696 -0.1771 0.4610
vn 0.9831 0.1481 0.1077
vn 0.6977 0.5288 0.4832
vn 0.3303 -0.7018 -0.6312
vn -0.2320 -0.7094 -0.6655
vn 0.0597 -0.3352 -0.9402
vn 0.3194 0.2087 -0.9244
vn 0.0597 -0.3352 -0.9402
vn 0.2380 -0.0040 -0.9713
vn 0.4614 0.4990 0.7335
vn -0.2415 0.9685 -0.0605
vn -0.6797 -0.0087 0.7334
vn -0.6797 -0.0087 0.7334
vn -0.2415 0.9685 -0.0605
vn -0.8621 0.2555 -0.4376
vn -0.2415 0.9685 -0.0605
vn 0.3415 0.2070 -0.9168
vn -0.8621 0.2555 -0.4376
vn -0.5142 -0.8278 -0.2244
vn 0.2441 -0.6991 -0.6721
vn 0.6319 -0.7231 0.2789
vn 0.8744 0.4658 -0.1358
vn -0.2415 0.9685 -0.0605
vn 0.4614 0.4990 0.7335
vn 0.2461 0.7008 0.6695
vn -0.2577 0.9645 0.0568
vn -0.7017 0.0105 0.7124
vn -0.7017 0.0105 0.7124
vn -0.7046 0.6233 -0.3392
vn -0.8620 -0.3038 -0.4057
vn -0.7017 0.0105 0.7124
vn -0.2577 0.9645 0.0568
vn -0.7046 0.6233 -0.3392
vn -0.2577 0.9645 0.0568
vn 0.2501 0.6996 -0.6693
vn -0.7046 0.6233 -0.3392
vn -0.1021 -0.2704 -0.9573
vn 0.2501 0.6996 -0.6693
vn 0.6953 -0.2518 -0.6732
vn 0.2501 0.6996 -0.6693
vn -0.2577 0.9645 0.0568
vn 0.7263 0.6872 -0.0124
vn 0.7263 0.6872 -0.0124
vn -0.2577 0.9645 0.0568
vn 0.2461 0.7008 0.6695
vn 0.2461 0.7008 0.6695
vn 0.0390 -0.2815 0.9588
vn 0.8951 -0.2673 0.3569
vn 0.4766 -0.8538 -0.2094
vn -0.3065 -0.7325 0.6079
vn -0.5426 -0.7304 -0.4149
vn -0.4502 0.2513 0.8569
vn 0.0144 0.9997 0.0196
vn -0.9273 0.2801 -0.2482
vn 0.0144 0.9997 0.0196
vn 0.0399 0.2124 -0.9764
vn -0.9273 0.2801 -0.2482
vn 0.0399 0.2124 -0.9764
vn 0.0144 0.9997 0.0196
vn 0.8802 0.2435 -0.4073
vn 0.0144 0.9997 0.0196
vn 0.6930 0.0317 0.7202
vn 0.8802 0.2435 -0.4073
vn 0.6930 0.0317 0.7202
vn -0.4502 0.2513 0.8569
vn -0.3065 -0.7325 0.6079
vn 0.0144 0.9997 0.0196
vn -0.4502 0.2513 0.8569
vn 0.6930 0.0317 0.7202
vn 0.0333 0.2875 0.9572
vn -0.2267 0.9720 0.0617
vn -0.7096 0.2306 0.6659
vn -0.7096 0.2306 0.6659
vn -0.2267 0.9720 0.0617
vn -0.9018 0.2769 -0.3318
vn 0.2998 -0.8360 -0.4595
vn -0.2730 -0.7308 0.6256
vn -0.6715 -0.7392 -0.0515
vn -0.6715 -0.7392 -0.0515
vn -0.9018 0.2769 -0.3318
vn -0.2433 -0.5803 -0.7772
vn -0.6715 -0.7392 -0.0515
vn -0.2433 -0.5803 -0.7772
vn 0.2998 -0.8360 -0.4595
vn 0.0458 0.2863 -0.9570
vn 0.2608 0.9637 -0.0577
vn 0.8764 0.2602 -0.4052
vn 0.8764 0.2602 -0.4052
vn 0.6468 -0.7524 0.1248
vn 0.2998 -0.8360 -0.4595
vn 0.2608 0.9637 -0.0577
vn 0.6728 0.0633 0.7371
vn 0.8764 0.2602 -0.4052
vn 0.2998 -0.8360 -0.4595
vn 0.6468 -0.7524 0.1248
vn -0.2730 -0.7308 0.6256
vn 0.6728 0.0633 0.7371
vn 0.0333 0.2875 0.9572
vn -0.2730 -0.7308 0.6256
vn -0.2130 0.4389 0.8729
vn -0.7712 -0.5380 0.3404
vn 0.3075 -0.7733 0.5544
vn -0.2130 0.4389 0.8729
vn -0.0962 0.9712 -0.2179
vn -0.9025 0.2887 -0.3196
vn -0.1401 -0.8133 -0.5648
vn 0.3075 -0.7733 0.5544
vn -0.7712 -0.5380 0.3404
vn -0.7712 -0.5380 0.3404
vn -0.9025 0.2887 -0.3196
vn -0.1401 -0.8133 -0.5648
vn -0.0962 0.9712 -0.2179
vn 0.0387 0.2314 -0.9721
vn -0.9025 0.2887 -0.3196
vn 0.0387 0.2314 -0.9721
vn 0.9000 -0.0888 -0.4267
vn -0.1401 -0.8133 -0.5648
vn 0.0387 0.2314 -0.9721
vn -0.0962 0.9712 -0.2179
vn 0.9000 -0.0888 -0.4267
vn 0.9000 -0.0888 -0.4267
vn 0.3075 -0.7733 0.5544
vn -0.1401 -0.8133 -0.5648
vn 0.9000 -0.0888 -0.4267
vn 0.7590 0.4828 0.4368
vn 0.3075 -0.7733 0.5544
vn 0.7590 0.4828 0.4368
vn -0.0962 0.9712 -0.2179
vn -0.2130 0.4389 0.8729
vn 0.1073 0.2393 0.9650
vn -0.1365 0.9629 0.2326
vn -0.7079 0.2529 0.6595
vn 0.2370 -0.9712 -0.0238
vn -0.2501 -0.6996 0.6693
vn -0.7263 -0.6872 0.0124
vn -0.7079 0.2529 0.6595
vn -0.1365 0.9629 0.2326
vn -0.8997 0.2715 -0.3418
vn -0.7263 -0.6872 0.0124
vn -0.8997 0.2715 -0.3418
vn -0.2616 -0.6989 -0.6656
vn 0.2370 -0.9712 -0.0238
vn -0.7263 -0.6872 0.0124
vn -0.2616 -0.6989 -0.6656
vn 0.2745 0.8796 -0.3885
vn -0.0471 0.2430 -0.9689
vn -0.8997 0.2715 -0.3418
vn -0.0471 0.2430 -0.9689
vn 0.2745 0.8796 -0.3885
vn 0.6894 -0.2049 -0.6948
vn -0.0471 0.2430 -0.9689
vn 0.6894 -0.2049 -0.6948
vn -0.2616 -0.6989 -0.6656
vn -0.1365 0.9629 0.2326
vn 0.1073 0.2393 0.9650
vn 0.8810 0.2958 0.3692
vn 0.3859 0.2226 0.8953
vn -0.6606 0.0473 0.7493
vn 0.2552 -0.8246 0.5049
vn 0.3859 0.2226 0.8953
vn -0.2328 0.9667 0.1064
vn -0.6606 0.0473 0.7493
vn -0.6606 0.0473 0.7493
vn -0.2328 0.9667 0.1064
vn -0.8720 0.2827 -0.3996
vn 0.2552 -0.8246 0.5049
vn -0.6336 -0.7679 0.0948
vn -0.2283 -0.6683 -0.7080
vn -0.6336 -0.7679 0.0948
vn -0.8720 0.2827 -0.3996
vn -0.2283 -0.6683 -0.7080
vn -0.2328 0.9667 0.1064
vn 0.1735 0.4662 -0.8675
vn -0.8720 0.2827 -0.3996
vn 0.2552 -0.8246 0.5049
vn -0.2283 -0.6683 -0.7080
vn 0.7697 -0.5208 -0.3691
vn 0.1735 0.4662 -0.8675
vn 0.7697 -0.5208 -0.3691
vn -0.2283 -0.6683 -0.7080
vn 0.1735 0.4662 -0.8675
vn -0.2328 0.9667 0.1064
vn 0.8606 0.4946 0.1218
vn -0.1312 0.4508 0.8829
vn -0.7782 -0.5089 0.3681
vn -0.0362 -0.7734 0.6329
vn 0.5218 -0.8235 0.2228
vn -0.0362 -0.7734 0.6329
vn -0.7782 -0.5089 0.3681
vn -0.1312 0.4508 0.8829
vn 0.2239 0.9704 -0.0908
vn -0.8329 0.5406 -0.1184
vn 0.5218 -0.8235 0.2228
vn -0.7782 -0.5089 0.3681
vn -0.2832 -0.7590 -0.5863
vn 0.0031 0.2989 -0.9543
vn 0.7112 -0.0157 -0.7029
vn -0.2832 -0.7590 -0.5863
vn 0.0031 0.2989 -0.9543
vn 0.2239 0.9704 -0.0908
vn 0.7112 -0.0157 -0.7029
vn 0.7112 -0.0157 -0.7029
vn 0.2239 0.9704 -0.0908
vn 0.8673 0.2578 0.4259
vn 0.2239 0.9704 -0.0908
vn -0.1312 0.4508 0.8829
vn 0.8673 0.2578 0.4259
vn 0.3438 0.4126 0.8436
vn -0.0450 0.9133 -0.4047
vn -0.7396 0.5224 0.4244
vn -0.2021 -0.8963 -0.3947
vn 0.2093 -0.6948 0.6881
vn -0.8191 -0.4946 0.2905
vn -0.8191 -0.4946 0.2905
vn -0.3972 0.0168 -0.9176
vn -0.2021 -0.8963 -0.3947
vn -0.7396 0.5224 0.4244
vn -0.3972 0.0168 -0.9176
vn -0.8191 -0.4946 0.2905
vn -0.3972 0.0168 -0.9176
vn 0.8205 -0.5223 -0.2324
vn -0.2021 -0.8963 -0.3947
vn 0.7631 0.5176 -0.3870
vn 0.3438 0.4126 0.8436
vn 0.8205 -0.5223 -0.2324
vn 0.7631 0.5176 -0.3870
vn -0.0450 0.9133 -0.4047
vn 0.3438 0.4126 0.8436
vn -0.2021 -0.8963 -0.3947
vn 0.8205 -0.5223 -0.2324
vn 0.2093 -0.6948 0.6881
vn 0.8205 -0.5223 -0.2324
vn 0.3438 0.4126 0.8436
vn 0.2093 -0.6948 0.6881
vn 0.3415 0.2070 -0.9168
vn 0.2441 -0.6991 -0.6721
vn -0.5142 -0.8278 -0.2244
vn -0.8621 0.2555 -0.4376
vn -0.0285 -0.3053 0.9518
vn 0.4614 0.4990 0.7335
vn -0.6797 -0.0087 0.7334
vn -0.6797 -0.0087 0.7334
vn -0.8621 0.2555 -0.4376
vn -0.5142 -0.8278 -0.2244
vn 0.6319 -0.7231 0.2789
vn 0.2441 -0.6991 -0.6721
vn 0.3415 0.2070 -0.9168
vn 0.8744 0.4658 -0.1358
vn 0.3415 0.2070 -0.9168
vn -0.2415 0.9685 -0.0605
vn 0.8744 0.4658 -0.1358
vn -0.1021 -0.2704 -0.9573
vn 0.2311 -0.9710 -0.0607
vn -0.2544 -0.9636 0.0817
vn -0.8620 -0.3038 -0.4057
vn 0.6319 -0.7231 0.2789
vn 0.8744 0.4658 -0.1358
vn 0.4614 0.4990 0.7335
vn 0.6319 -0.7231 0.2789
vn 0.4614 0.4990 0.7335
vn -0.0285 -0.3053 0.9518
vn 0.0390 -0.2815 0.9588
vn -0.7017 0.0105 0.7124
vn -0.2544 -0.9636 0.0817
vn 0.0390 -0.2815 0.9588
vn 0.2461 0.7008 0.6695
vn -0.7017 0.0105 0.7124
vn -0.7017 0.0105 0.7124
vn -0.8620 -0.3038 -0.4057
vn -0.2544 -0.9636 0.0817
vn -0.1021 -0.2704 -0.9573
vn -0.8620 -0.3038 -0.4057
vn -0.7046 0.6233 -0.3392
vn 0.2501 0.6996 -0.6693
vn 0.7263 0.6872 -0.0124
vn 0.8951 -0.2673 0.3569
vn 0.6953 -0.2518 -0.6732
vn 0.2501 0.6996 -0.6693
vn -0.1021 -0.2704 -0.9573
vn 0.6953 -0.2518 -0.6732
vn 0.2311 -0.9710 -0.0607
vn 0.6953 -0.2518 -0.6732
vn 0.8951 -0.2673 0.3569
vn 0.2311 -0.9710 -0.0607
vn 0.0390 -0.2815 0.9588
vn -0.2544 -0.9636 0.0817
vn 0.2311 -0.9710 -0.0607
vn 0.8951 -0.2673 0.3569
vn 0.7263 0.6872 -0.0124
vn 0.2461 0.7008 0.6695
vn 0.8951 -0.2673 0.3569
vn -0.5426 -0.7304 -0.4149
vn -0.3065 -0.7325 0.6079
vn -0.4502 0.2513 0.8569
vn -0.9273 0.2801 -0.2482
vn 0.4766 -0.8538 -0.2094
vn -0.5426 -0.7304 -0.4149
vn 0.0399 0.2124 -0.9764
vn 0.8802 0.2435 -0.4073
vn -0.5426 -0.7304 -0.4149
vn -0.9273 0.2801 -0.2482
vn 0.0399 0.2124 -0.9764
vn -0.6715 -0.7392 -0.0515
vn -0.2730 -0.7308 0.6256
vn -0.7096 0.2306 0.6659
vn -0.9018 0.2769 -0.3318
vn 0.4766 -0.8538 -0.2094
vn 0.8802 0.2435 -0.4073
vn 0.6930 0.0317 0.7202
vn 0.4766 -0.8538 -0.2094
vn 0.6930 0.0317 0.7202
vn -0.3065 -0.7325 0.6079
vn 0.0333 0.2875 0.9572
vn -0.7096 0.2306 0.6659
vn -0.2730 -0.7308 0.6256
vn 0.0458 0.2863 -0.9570
vn -0.9018 0.2769 -0.3318
vn -0.2267 0.9720 0.0617
vn 0.2608 0.9637 -0.0577
vn -0.2433 -0.5803 -0.7772
vn -0.9018 0.2769 -0.3318
vn 0.0458 0.2863 -0.9570
vn 0.2998 -0.8360 -0.4595
vn -0.2433 -0.5803 -0.7772
vn 0.0458 0.2863 -0.9570
vn 0.8764 0.2602 -0.4052
vn 0.0333 0.2875 0.9572
vn 0.6728 0.0633 0.7371
vn 0.2608 0.9637 -0.0577
vn -0.2267 0.9720 0.0617
vn 0.6468 -0.7524 0.1248
vn 0.8764 0.2602 -0.4052
vn 0.6728 0.0633 0.7371
vn -0.7263 -0.6872 0.0124
vn -0.2501 -0.6996 0.6693
vn -0.7079 0.2529 0.6595
vn -0.8997 0.2715 -0.3418
vn 0.6468 -0.7524 0.1248
vn 0.6728 0.0633 0.7371
vn -0.2730 -0.7308 0.6256
vn -0.7712 -0.5380 0.3404
vn -0.2130 0.4389 0.8729
vn -0.9025 0.2887 -0.3196
vn -0.1401 -0.8133 -0.5648
vn -0.9025 0.2887 -0.3196
vn 0.0387 0.2314 -0.9721
vn 0.9000 -0.0888 -0.4267
vn -0.0962 0.9712 -0.2179
vn 0.7590 0.4828 0.4368
vn 0.3075 -0.7733 0.5544
vn 0.7590 0.4828 0.4368
vn -0.2130 0.4389 0.8729
vn 0.1073 0.2393 0.9650
vn -0.7079 0.2529 0.6595
vn -0.2501 -0.6996 0.6693
vn 0.1073 0.2393 0.9650
vn -0.2501 -0.6996 0.6693
vn 0.7092 -0.6096 0.3542
vn 0.8810 0.2958 0.3692
vn -0.1365 0.9629 0.2326
vn 0.2745 0.8796 -0.3885
vn -0.8997 0.2715 -0.3418
vn -0.2616 -0.6989 -0.6656
vn -0.8997 0.2715 -0.3418
vn -0.0471 0.2430 -0.9689
vn -0.2616 -0.6989 -0.6656
vn 0.6894 -0.2049 -0.6948
vn 0.2370 -0.9712 -0.0238
vn 0.6894 -0.2049 -0.6948
vn 0.7092 -0.6096 0.3542
vn 0.2370 -0.9712 -0.0238
vn 0.6894 -0.2049 -0.6948
vn 0.2745 0.8796 -0.3885
vn 0.8810 0.2958 0.3692
vn 0.6894 -0.2049 -0.6948
vn 0.8810 0.2958 0.3692
vn 0.7092 -0.6096 0.3542
vn 0.2745 0.8796 -0.3885
vn -0.1365 0.9629 0.2326
vn 0.8810 0.2958 0.3692
vn 0.2370 -0.9712 -0.0238
vn 0.7092 -0.6096 0.3542
vn -0.2501 -0.6996 0.6693
vn 0.3859 0.2226 0.8953
vn 0.2552 -0.8246 0.5049
vn 0.7697 -0.5208 -0.3691
vn 0.8606 0.4946 0.1218
vn 0.2552 -0.8246 0.5049
vn -0.6606 0.0473 0.7493
vn -0.6336 -0.7679 0.0948
vn -0.6606 0.0473 0.7493
vn -0.8720 0.2827 -0.3996
vn -0.6336 -0.7679 0.0948
vn -0.2283 -0.6683 -0.7080
vn -0.8720 0.2827 -0.3996
vn 0.1735 0.4662 -0.8675
vn 0.7697 -0.5208 -0.3691
vn 0.1735 0.4662 -0.8675
vn 0.8606 0.4946 0.1218
vn -0.6516 0.2054 -0.7302
vn -0.2832 -0.7590 -0.5863
vn -0.7782 -0.5089 0.3681
vn -0.8329 0.5406 -0.1184
vn 0.8606 0.4946 0.1218
vn -0.2328 0.9667 0.1064
vn 0.3859 0.2226 0.8953
vn -0.7782 -0.5089 0.3681
vn -0.1312 0.4508 0.8829
vn -0.8329 0.5406 -0.1184
vn 0.0031 0.2989 -0.9543
vn -0.6516 0.2054 -0.7302
vn -0.8329 0.5406 -0.1184
vn 0.2239 0.9704 -0.0908
vn -0.2832 -0.7590 -0.5863
vn -0.6516 0.2054 -0.7302
vn 0.0031 0.2989 -0.9543
vn -0.1312 0.4508 0.8829
vn -0.0362 -0.7734 0.6329
vn 0.5218 -0.8235 0.2228
vn 0.8673 0.2578 0.4259
vn -0.2832 -0.7590 -0.5863
vn 0.7112 -0.0157 -0.7029
vn 0.5218 -0.8235 0.2228
vn -0.5142 -0.8278 -0.2244
vn 0.6319 -0.7231 0.2789
vn -0.0285 -0.3053 0.9518
vn -0.6797 -0.0087 0.7334
vn 0.7112 -0.0157 -0.7029
vn 0.8673 0.2578 0.4259
vn 0.5218 -0.8235 0.2228
vn -0.8191 -0.4946 0.2905
vn 0.2093 -0.6948 0.6881
vn 0.3438 0.4126 0.8436
vn -0.7396 0.5224 0.4244
vn -0.7396 0.5224 0.4244
vn -0.0450 0.9133 -0.4047
vn -0.3972 0.0168 -0.9176
vn -0.3972 0.0168 -0.9176
vn 0.7631 0.5176 -0.3870
vn 0.8205 -0.5223 -0.2324
vn -0.3972 0.0168 -0.9176
vn -0.0450 0.9133 -0.4047
vn 0.7631 0.5176 -0.3870
f 20/1/1 24/2/2 16/3/3
f 88/4/4 86/5/5 103/6/6
f 107/7/7 163/8/8 90/9/9
f 91/10/10 53/11/11 163/12/12
f 163/13/13 53/14/14 162/15/15
f 86/16/16 161/17/17 87/18/18
f 49/19/19 164/20/20 70/21/21
f 71/22/22 72/23/23 49/24/24
f 231/25/25 19/26/26 164/27/27
f 165/28/28 34/29/29 25/30/30
f 7/31/31 165/32/32 215/33/33
f 165/34/34 25/35/35 215/36/36
f 84/37/37 167/38/38 169/39/39
f 169/40/40 54/41/41 168/42/42
f 168/43/43 1/44/44 82/45/45
f 14/46/46 170/47/47 238/48/48
f 171/49/49 234/50/50 80/51/51
f 11/52/52 172/53/53 227/54/54
f 173/55/55 223/56/56 10/57/57
f 178/58/58 35/59/59 4/60/60
f 38/61/61 35/62/62 178/63/63
f 139/64/64 197/65/65 38/66/66
f 39/67/67 16/68/68 24/69/69
f 36/70/70 160/71/71 23/72/72
f 45/73/73 29/74/74 174/75/75
f 17/76/76 46/77/77 175/78/78
f 179/79/79 30/80/80 45/81/81
f 174/82/82 29/83/83 28/84/84
f 174/85/85 28/86/86 49/87/87
f 19/88/88 51/89/89 70/90/90
f 22/91/91 74/92/92 69/93/93
f 176/94/94 76/95/95 71/96/96
f 69/97/97 176/98/98 27/99/99
f 64/100/100 59/101/101 58/102/102
f 148/103/103 219/104/104 64/105/105
f 62/106/106 31/107/107 59/108/108
f 66/109/109 177/110/110 31/111/111
f 177/112/112 33/113/113 32/114/114
f 9/115/115 178/116/116 56/117/117
f 56/118/118 178/119/119 147/120/120
f 67/121/121 147/122/122 65/123/123
f 56/124/124 63/125/125 9/126/126
f 60/127/127 148/128/128 58/129/129
f 181/130/130 182/131/131 183/132/132
f 55/133/133 180/134/134 54/135/135
f 141/136/136 184/137/137 52/138/138
f 42/139/139 15/140/140 9/141/141
f 17/142/142 51/143/143 185/144/144
f 51/145/145 50/146/146 185/147/147
f 187/148/148 47/149/149 186/150/150
f 186/151/151 91/152/152 107/153/153
f 82/154/154 191/155/155 98/156/156
f 1/157/157 57/158/158 191/159/159
f 191/160/160 57/161/161 190/162/162
f 85/163/163 84/164/164 101/165/165
f 104/166/166 105/167/167 88/168/168
f 108/169/169 109/170/170 92/171/171
f 111/172/172 94/173/173 110/174/174
f 121/175/175 92/176/176 107/177/177
f 113/178/178 96/179/179 112/180/180
f 117/181/181 102/182/182 101/183/183
f 120/184/184 106/185/185 105/186/186
f 125/187/187 119/188/188 118/189/189
f 130/190/190 108/191/191 129/192/192
f 123/193/193 192/194/194 133/195/195
f 3/196/196 112/197/197 122/198/198
f 117/199/199 116/200/200 194/201/201
f 124/202/202 125/203/203 102/204/204
f 136/205/205 126/206/206 125/207/207
f 128/208/208 120/209/209 127/210/210
f 131/211/211 3/212/212 193/213/213
f 115/214/214 123/215/215 134/216/216
f 36/217/217 194/218/218 35/219/219
f 35/220/220 135/221/221 4/222/222
f 37/223/223 136/224/224 124/225/225
f 36/226/226 124/227/227 117/228/228
f 194/229/229 115/230/230 135/231/231
f 27/232/232 136/233/233 23/234/234
f 71/235/235 137/236/236 128/237/237
f 128/238/238 127/239/239 26/240/240
f 28/241/241 137/242/242 49/243/243
f 29/244/244 30/245/245 195/246/246
f 30/247/247 5/248/248 131/249/249
f 195/250/250 131/251/251 130/252/252
f 32/253/253 33/254/254 133/255/255
f 32/256/256 196/257/257 31/258/258
f 33/259/259 135/260/260 134/261/261
f 196/262/262 133/263/263 132/264/264
f 142/265/265 39/266/266 198/267/267
f 138/268/268 139/269/269 15/270/270
f 201/271/271 41/272/272 200/273/273
f 199/274/274 41/275/275 40/276/276
f 144/277/277 202/278/278 140/279/279
f 44/280/280 45/281/281 203/282/282
f 138/283/283 42/284/284 207/285/285
f 205/286/286 43/287/287 184/288/288
f 143/289/289 205/290/290 141/291/291
f 18/292/292 197/293/293 139/294/294
f 144/295/295 201/296/296 211/297/297
f 214/298/298 203/299/299 202/300/300
f 217/301/301 206/302/302 205/303/303
f 166/304/304 211/305/305 210/306/306
f 34/307/307 166/308/308 210/309/309
f 213/310/310 214/311/311 212/312/312
f 216/313/313 217/314/314 215/315/315
f 222/316/316 146/317/317 218/318/318
f 150/319/319 146/320/320 222/321/321
f 218/322/322 146/323/323 66/324/324
f 147/325/325 67/326/326 224/327/327
f 60/328/328 61/329/329 226/330/330
f 226/331/331 68/332/332 151/333/333
f 68/334/334 63/335/335 151/336/336
f 152/337/337 219/338/338 148/339/339
f 228/340/340 145/341/341 220/342/342
f 220/343/343 62/344/344 64/345/345
f 149/346/346 221/347/347 145/348/348
f 225/349/349 147/350/350 224/351/351
f 77/352/352 226/353/353 151/354/354
f 11/355/355 226/356/356 77/357/357
f 227/358/358 228/359/359 152/360/360
f 149/361/361 228/362/362 227/363/363
f 19/364/364 231/365/365 236/366/366
f 231/367/367 164/368/368 230/369/369
f 230/370/370 72/371/371 154/372/372
f 237/373/373 73/374/374 50/375/375
f 158/376/376 237/377/377 51/378/378
f 159/379/379 13/380/380 73/381/381
f 155/382/382 22/383/383 21/384/384
f 159/385/385 155/386/386 13/387/387
f 80/388/388 233/389/389 232/390/390
f 80/391/391 232/392/392 81/393/393
f 156/394/394 232/395/395 153/396/396
f 79/397/397 237/398/398 158/399/399
f 14/400/400 237/401/401 79/402/402
f 238/403/403 239/404/404 155/405/405
f 156/406/406 239/407/407 238/408/408
f 160/409/409 24/410/410 21/411/411 22/412/412
f 161/413/413 88/414/414 89/415/415 162/416/416
f 23/417/417 160/418/418 22/419/419
f 162/420/420 89/421/421 90/422/422 163/423/423
f 53/424/424 55/425/425 161/426/426 162/427/427
f 107/428/428 91/429/429 163/430/430
f 168/431/431 83/432/432 84/433/433 169/434/434
f 87/435/435 161/436/436 55/437/437
f 86/438/438 88/439/439 161/440/440
f 72/441/441 164/442/442 49/443/443
f 164/444/444 19/445/445 70/446/446
f 24/447/447 20/448/448 13/449/449 21/450/450
f 166/451/451 34/452/452 165/453/453
f 7/454/454 212/455/455 165/456/456
f 212/457/457 166/458/458 165/459/459
f 25/460/460 34/461/461 6/462/462
f 167/463/463 85/464/464 103/465/465 86/466/466
f 169/467/467 167/468/468 87/469/469
f 85/470/470 167/471/471 84/472/472
f 55/473/473 54/474/474 169/475/475 87/476/476
f 167/477/477 86/478/478 87/479/479
f 80/480/480 81/481/481 170/482/482 171/483/483
f 168/484/484 54/485/485 1/486/486
f 83/487/487 168/488/488 82/489/489
f 156/490/490 238/491/491 170/492/492 81/493/493
f 14/494/494 79/495/495 170/496/496
f 79/497/497 171/498/498 170/499/499
f 10/500/500 78/501/501 172/502/502 173/503/503
f 149/504/504 227/505/505 172/506/506 78/507/507
f 11/508/508 77/509/509 172/510/510
f 77/511/511 173/512/512 172/513/513
f 36/514/514 35/515/515 38/516/516 197/517/517
f 24/518/518 160/519/519 36/520/520 39/521/521
f 36/522/522 197/523/523 39/524/524
f 15/525/525 139/526/526 38/527/527
f 45/528/528 44/529/529 52/530/530 179/531/531
f 37/532/532 36/533/533 23/534/534
f 45/535/535 30/536/536 29/537/537
f 141/538/538 52/539/539 44/540/540
f 45/541/541 174/542/542 175/543/543 46/544/544
f 174/545/545 49/546/546 70/547/547 175/548/548
f 69/549/549 74/550/550 75/551/551
f 22/552/552 69/553/553 23/554/554
f 70/555/555 17/556/556 175/557/557
f 4/558/558 33/559/559 177/560/560 65/561/561
f 27/562/562 176/563/563 71/564/564
f 23/565/565 69/566/566 27/567/567
f 69/568/568 75/569/569 176/570/570
f 176/571/571 75/572/572 76/573/573
f 71/574/574 76/575/575 72/576/576
f 26/577/577 27/578/578 71/579/579
f 59/580/580 64/581/581 62/582/582
f 58/583/583 148/584/584 64/585/585
f 59/586/586 31/587/587 5/588/588
f 62/589/589 66/590/590 31/591/591
f 66/592/592 146/593/593 177/594/594
f 177/595/595 146/596/596 65/597/597
f 9/598/598 15/599/599 38/600/600 178/601/601
f 31/602/602 177/603/603 32/604/604
f 179/605/605 52/606/606 58/607/607 59/608/608
f 147/609/609 178/610/610 4/611/611
f 146/612/612 67/613/613 65/614/614
f 4/615/615 65/616/616 147/617/617
f 59/618/618 5/619/619 30/620/620 179/621/621
f 181/622/622 180/623/623 55/624/624 182/625/625
f 9/626/626 63/627/627 68/628/628
f 180/629/629 57/630/630 1/631/631 54/632/632
f 91/633/633 47/634/634 182/635/635 53/636/636
f 55/637/637 53/638/638 182/639/639
f 48/640/640 57/641/641 181/642/642 183/643/643
f 183/644/644 182/645/645 47/646/646
f 183/647/647 47/648/648 48/649/649
f 60/650/650 58/651/651 52/652/652 184/653/653
f 57/654/654 180/655/655 181/656/656
f 68/657/657 61/658/658 43/659/659 42/660/660
f 68/661/661 42/662/662 9/663/663
f 61/664/664 60/665/665 184/666/666 43/667/667
f 73/668/668 40/669/669 185/670/670 50/671/671
f 17/672/672 70/673/673 51/674/674
f 20/675/675 40/676/676 73/677/677 13/678/678
f 186/679/679 92/680/680 93/681/681 187/682/682
f 40/683/683 20/684/684 16/685/685
f 41/686/686 185/687/687 40/688/688
f 188/689/689 187/690/690 93/691/691 94/692/692
f 95/693/693 188/694/694 94/695/695 111/696/696
f 48/697/697 47/698/698 187/699/699 188/700/700
f 188/701/701 95/702/702 48/703/703
f 190/704/704 189/705/705 96/706/706 97/707/707
f 186/708/708 47/709/709 91/710/710
f 92/711/711 186/712/712 107/713/713
f 191/714/714 190/715/715 97/716/716 98/717/717
f 57/718/718 48/719/719 189/720/720 190/721/721
f 82/722/722 1/723/723 191/724/724
f 189/725/725 95/726/726 111/727/727 96/728/728
f 95/729/729 189/730/730 48/731/731
f 84/732/732 83/733/733 100/734/734 101/735/735
f 102/736/736 85/737/737 101/738/738
f 85/739/739 102/740/740 118/741/741 103/742/742
f 83/743/743 82/744/744 99/745/745 100/746/746
f 90/747/747 89/748/748 105/749/749 106/750/750
f 88/751/751 105/752/752 89/753/753
f 107/754/754 90/755/755 106/756/756 121/757/757
f 103/758/758 118/759/759 104/760/760 88/761/761
f 93/762/762 109/763/763 110/764/764 94/765/765
f 92/766/766 109/767/767 93/768/768
f 97/769/769 113/770/770 114/771/771 98/772/772
f 122/773/773 111/774/774 110/775/775
f 121/776/776 108/777/777 92/778/778
f 113/779/779 97/780/780 96/781/781
f 82/782/782 98/783/783 114/784/784 99/785/785
f 111/786/786 122/787/787 112/788/788 96/789/789
f 100/790/790 116/791/791 117/792/792 101/793/793
f 102/794/794 125/795/795 118/796/796
f 99/797/797 115/798/798 116/799/799 100/800/800
f 106/801/801 128/802/802 2/803/803 121/804/804
f 128/805/805 106/806/806 120/807/807
f 105/808/808 104/809/809 119/810/810 120/811/811
f 110/812/812 109/813/813 130/814/814 193/815/815
f 118/816/816 119/817/817 104/818/818
f 130/819/819 109/820/820 108/821/821
f 121/822/822 2/823/823 129/824/824 108/825/825
f 122/826/826 110/827/827 193/828/828 3/829/829
f 192/830/830 112/831/831 132/832/832 133/833/833
f 3/834/834 132/835/835 112/836/836
f 114/837/837 123/838/838 115/839/839 99/840/840
f 113/841/841 192/842/842 123/843/843 114/844/844
f 120/845/845 119/846/846 126/847/847 127/848/848
f 192/849/849 113/850/850 112/851/851
f 117/852/852 124/853/853 102/854/854
f 124/855/855 136/856/856 125/857/857
f 194/858/858 116/859/859 115/860/860
f 126/861/861 27/862/862 26/863/863 127/864/864
f 125/865/865 126/866/866 119/867/867
f 130/868/868 131/869/869 193/870/870
f 134/871/871 123/872/872 133/873/873
f 36/874/874 37/875/875 124/876/876
f 37/877/877 23/878/878 136/879/879
f 36/880/880 117/881/881 194/882/882
f 35/883/883 194/884/884 135/885/885
f 26/886/886 71/887/887 128/888/888
f 71/889/889 49/890/890 137/891/891
f 137/892/892 2/893/893 128/894/894
f 129/895/895 28/896/896 195/897/897 130/898/898
f 136/899/899 27/900/900 126/901/901
f 195/902/902 30/903/903 131/904/904
f 29/905/905 195/906/906 28/907/907
f 131/908/908 5/909/909 3/910/910
f 2/911/911 137/912/912 28/913/913 129/914/914
f 132/915/915 3/916/916 5/917/917 196/918/918
f 32/919/919 133/920/920 196/921/921
f 133/922/922 33/923/923 134/924/924
f 31/925/925 196/926/926 5/927/927
f 33/928/928 4/929/929 135/930/930
f 135/931/931 115/932/932 134/933/933
f 185/934/934 201/935/935 140/936/936 17/937/937
f 198/938/938 39/939/939 197/940/940
f 142/941/941 16/942/942 39/943/943
f 199/944/944 200/945/945 41/946/946
f 201/947/947 144/948/948 140/949/949
f 40/950/950 16/951/951 142/952/952 199/953/953
f 201/954/954 185/955/955 41/956/956
f 44/957/957 204/958/958 143/959/959 141/960/960
f 204/961/961 44/962/962 203/963/963
f 45/964/964 46/965/965 202/966/966 203/967/967
f 46/968/968 17/969/969 140/970/970 202/971/971
f 43/972/972 206/973/973 207/974/974 42/975/975
f 205/976/976 206/977/977 43/978/978
f 197/979/979 209/980/980 208/981/981 198/982/982
f 138/983/983 15/984/984 42/985/985
f 141/986/986 205/987/987 184/988/988
f 18/989/989 209/990/990 197/991/991
f 198/992/992 208/993/993 6/994/994 142/995/995
f 142/996/996 6/997/997 210/998/998 199/999/999
f 138/1000/1000 18/1001/1001 139/1002/1002
f 199/1003/1003 210/1004/1004 211/1005/1005 200/1006/1006
f 203/1007/1007 214/1008/1008 213/1009/1009 204/1010/1010
f 211/1011/1011 201/1012/1012 200/1013/1013
f 144/1014/1014 214/1015/1015 202/1016/1016
f 204/1017/1017 213/1018/1018 7/1019/1019 143/1020/1020
f 205/1021/1021 143/1022/1022 7/1023/1023 217/1024/1024
f 207/1025/1025 206/1026/1026 217/1027/1027 216/1028/1028
f 138/1029/1029 207/1030/1030 216/1031/1031 18/1032/1032
f 208/1033/1033 209/1034/1034 25/1035/1035 6/1036/1036
f 214/1037/1037 144/1038/1038 166/1039/1039 212/1040/1040
f 25/1041/1041 209/1042/1042 18/1043/1043
f 6/1044/1044 34/1045/1045 210/1046/1046
f 166/1047/1047 144/1048/1048 211/1049/1049
f 212/1050/1050 7/1051/1051 213/1052/1052
f 66/1053/1053 62/1054/1054 145/1055/1055 218/1056/1056
f 215/1057/1057 25/1058/1058 216/1059/1059
f 25/1060/1060 18/1061/1061 216/1062/1062
f 7/1063/1063 215/1064/1064 217/1065/1065
f 145/1066/1066 221/1067/1067 218/1068/1068
f 221/1069/1069 222/1070/1070 218/1071/1071
f 56/1072/1072 225/1073/1073 151/1074/1074 63/1075/1075
f 225/1076/1076 56/1077/1077 147/1078/1078
f 146/1079/1079 150/1080/1080 224/1081/1081 67/1082/1082
f 60/1083/1083 226/1084/1084 152/1085/1085 148/1086/1086
f 226/1087/1087 61/1088/1088 68/1089/1089
f 220/1090/1090 219/1091/1091 152/1092/1092 228/1093/1093
f 221/1094/1094 78/1095/1095 10/1096/1096 222/1097/1097
f 220/1098/1098 145/1099/1099 62/1100/1100
f 219/1101/1101 220/1102/1102 64/1103/1103
f 149/1104/1104 78/1105/1105 221/1106/1106
f 224/1107/1107 223/1108/1108 173/1109/1109 225/1110/1110
f 10/1111/1111 150/1112/1112 222/1113/1113
f 224/1114/1114 150/1115/1115 10/1116/1116 223/1117/1117
f 173/1118/1118 151/1119/1119 225/1120/1120
f 75/1121/1121 232/1122/1122 233/1123/1123 229/1124/1124
f 11/1125/1125 152/1126/1126 226/1127/1127
f 173/1128/1128 77/1129/1129 151/1130/1130
f 228/1131/1131 149/1132/1132 145/1133/1133
f 11/1134/1134 227/1135/1135 152/1136/1136
f 153/1137/1137 232/1138/1138 75/1139/1139
f 229/1140/1140 233/1141/1141 157/1142/1142 154/1143/1143
f 76/1144/1144 229/1145/1145 154/1146/1146 72/1147/1147
f 154/1148/1148 157/1149/1149 235/1150/1150 230/1151/1151
f 229/1152/1152 76/1153/1153 75/1154/1154
f 230/1155/1155 235/1156/1156 236/1157/1157 231/1158/1158
f 75/1159/1159 74/1160/1160 239/1161/1161 153/1162/1162
f 230/1163/1163 164/1164/1164 72/1165/1165
f 237/1166/1166 159/1167/1167 73/1168/1168
f 51/1169/1169 237/1170/1170 50/1171/1171
f 19/1172/1172 158/1173/1173 51/1174/1174
f 22/1175/1175 239/1176/1176 74/1177/1177
f 235/1178/1178 234/1179/1179 171/1180/1180 236/1181/1181
f 13/1182/1182 155/1183/1183 21/1184/1184
f 156/1185/1185 81/1186/1186 232/1187/1187
f 80/1188/1188 157/1189/1189 233/1190/1190
f 235/1191/1191 157/1192/1192 80/1193/1193 234/1194/1194
f 171/1195/1195 158/1196/1196 236/1197/1197
f 158/1198/1198 19/1199/1199 236/1200/1200
f 155/1201/1201 159/1202/1202 14/1203/1203 238/1204/1204
f 14/1205/1205 159/1206/1206 237/1207/1207
f 171/1208/1208 79/1209/1209 158/1210/1210
f 156/1211/1211 153/1212/1212 239/1213/1213
f 155/1214/1214 239/1215/1215 22/1216/1216
f 249/1217/1217 240/1218/1218 242/1219/1219
f 242/1220/1220 240/1221/1221 243/1222/1222
f 240/1223/1223 246/1224/1224 243/1225/1225
f 244/1226/1226 247/1227/1227 248/1228/1228
f 245/1229/1229 240/1230/1230 249/1231/1231
f 262/1232/1232 250/1233/1233 252/1234/1234
f 252/1235/1235 253/1236/1236 254/1237/1237
f 252/1238/1238 250/1239/1239 253/1240/1240
f 250/1241/1241 258/1242/1242 253/1243/1243
f 256/1244/1244 258/1245/1245 259/1246/1246
f 258/1247/1247 250/1248/1248 260/1249/1249
f 260/1250/1250 250/1251/1251 262/1252/1252
f 262/1253/1253 251/1254/1254 261/1255/1255
f 270/1256/1256 265/1257/1257 267/1258/1258
f 264/1259/1259 263/1260/1260 266/1261/1261
f 263/1262/1262 268/1263/1263 266/1264/1264
f 268/1265/1265 263/1266/1266 269/1267/1267
f 263/1268/1268 271/1269/1269 269/1270/1270
f 271/1271/1271 264/1272/1272 265/1273/1273
f 263/1274/1274 264/1275/1275 271/1276/1276
f 284/1277/1277 273/1278/1278 274/1279/1279
f 274/1280/1280 273/1281/1281 276/1282/1282
f 281/1283/1283 275/1284/1284 277/1285/1285
f 277/1286/1286 276/1287/1287 278/1288/1288
f 277/1289/1289 278/1290/1290 281/1291/1291
f 279/1292/1292 272/1293/1293 280/1294/1294
f 280/1295/1295 282/1296/1296 281/1297/1297
f 272/1298/1298 283/1299/1299 280/1300/1300
f 281/1301/1301 282/1302/1302 275/1303/1303
f 283/1304/1304 284/1305/1305 275/1306/1306
f 286/1307/1307 287/1308/1308 293/1309/1309
f 286/1310/1310 285/1311/1311 288/1312/1312
f 290/1313/1313 293/1314/1314 287/1315/1315
f 287/1316/1316 288/1317/1317 290/1318/1318
f 285/1319/1319 289/1320/1320 288/1321/1321
f 289/1322/1322 291/1323/1323 290/1324/1324
f 289/1325/1325 285/1326/1326 291/1327/1327
f 291/1328/1328 293/1329/1329 290/1330/1330
f 291/1331/1331 292/1332/1332 293/1333/1333
f 292/1334/1334 285/1335/1335 286/1336/1336
f 306/1337/1337 295/1338/1338 296/1339/1339
f 305/1340/1340 297/1341/1341 298/1342/1342
f 296/1343/1343 295/1344/1344 299/1345/1345
f 298/1346/1346 299/1347/1347 300/1348/1348
f 305/1349/1349 298/1350/1350 300/1351/1351
f 294/1352/1352 301/1353/1353 299/1354/1354
f 301/1355/1355 294/1356/1356 302/1357/1357
f 301/1358/1358 302/1359/1359 300/1360/1360
f 295/1361/1361 306/1362/1362 303/1363/1363
f 315/1364/1364 308/1365/1365 316/1366/1366
f 315/1367/1367 307/1368/1368 308/1369/1369
f 308/1370/1370 307/1371/1371 310/1372/1372
f 316/1373/1373 309/1374/1374 312/1375/1375
f 309/1376/1376 310/1377/1377 312/1378/1378
f 307/1379/1379 311/1380/1380 310/1381/1381
f 316/1382/1382 312/1383/1383 313/1384/1384
f 311/1385/1385 313/1386/1386 312/1387/1387
f 311/1388/1388 307/1389/1389 314/1390/1390
f 318/1391/1391 321/1392/1392 319/1393/1393
f 327/1394/1394 319/1395/1395 321/1396/1396
f 318/1397/1397 317/1398/1398 320/1399/1399
f 327/1400/1400 321/1401/1401 324/1402/1402
f 323/1403/1403 325/1404/1404 324/1405/1405
f 323/1406/1406 317/1407/1407 325/1408/1408
f 325/1409/1409 317/1410/1410 326/1411/1411
f 317/1412/1412 318/1413/1413 326/1414/1414
f 328/1415/1415 332/1416/1416 329/1417/1417
f 331/1418/1418 336/1419/1419 330/1420/1420
f 330/1421/1421 333/1422/1422 331/1423/1423
f 329/1424/1424 333/1425/1425 330/1426/1426
f 333/1427/1427 335/1428/1428 331/1429/1429
f 334/1430/1430 328/1431/1431 335/1432/1432
f 334/1433/1433 332/1434/1434 328/1435/1435
f 331/1436/1436 335/1437/1437 336/1438/1438
f 335/1439/1439 328/1440/1440 336/1441/1441
f 246/1442/1442 247/1443/1443 244/1444/1444 243/1445/1445
f 241/1446/1446 249/1447/1447 242/1448/1448
f 242/1449/1449 243/1450/1450 244/1451/1451
f 248/1452/1452 247/1453/1453 246/1454/1454 245/1455/1455
f 246/1456/1456 240/1457/1457 245/1458/1458
f 256/1459/1459 257/1460/1460 255/1461/1461 254/1462/1462
f 248/1463/1463 245/1464/1464 249/1465/1465
f 248/1466/1466 249/1467/1467 241/1468/1468
f 251/1469/1469 252/1470/1470 255/1471/1471
f 251/1472/1472 262/1473/1473 252/1474/1474
f 252/1475/1475 254/1476/1476 255/1477/1477
f 256/1478/1478 254/1479/1479 253/1480/1480 258/1481/1481
f 260/1482/1482 261/1483/1483 259/1484/1484 258/1485/1485
f 256/1486/1486 259/1487/1487 257/1488/1488
f 259/1489/1489 261/1490/1490 257/1491/1491
f 251/1492/1492 255/1493/1493 257/1494/1494 261/1495/1495
f 260/1496/1496 262/1497/1497 261/1498/1498
f 267/1499/1499 265/1500/1500 264/1501/1501 266/1502/1502
f 270/1503/1503 267/1504/1504 268/1505/1505 269/1506/1506
f 267/1507/1507 266/1508/1508 268/1509/1509
f 277/1510/1510 275/1511/1511 274/1512/1512 276/1513/1513
f 270/1514/1514 269/1515/1515 271/1516/1516
f 270/1517/1517 271/1518/1518 265/1519/1519
f 284/1520/1520 274/1521/1521 275/1522/1522
f 279/1523/1523 276/1524/1524 273/1525/1525 272/1526/1526
f 278/1527/1527 276/1528/1528 279/1529/1529
f 281/1530/1530 278/1531/1531 279/1532/1532 280/1533/1533
f 284/1534/1534 283/1535/1535 272/1536/1536 273/1537/1537
f 282/1538/1538 280/1539/1539 283/1540/1540
f 298/1541/1541 297/1542/1542 296/1543/1543 299/1544/1544
f 282/1545/1545 283/1546/1546 275/1547/1547
f 287/1548/1548 286/1549/1549 288/1550/1550
f 290/1551/1551 288/1552/1552 289/1553/1553
f 291/1554/1554 285/1555/1555 292/1556/1556
f 293/1557/1557 292/1558/1558 286/1559/1559
f 306/1560/1560 296/1561/1561 297/1562/1562
f 306/1563/1563 297/1564/1564 304/1565/1565 303/1566/1566
f 295/1567/1567 294/1568/1568 299/1569/1569
f 300/1570/1570 299/1571/1571 301/1572/1572
f 300/1573/1573 302/1574/1574 305/1575/1575
f 302/1576/1576 304/1577/1577 305/1578/1578
f 302/1579/1579 294/1580/1580 303/1581/1581
f 302/1582/1582 303/1583/1583 304/1584/1584
f 294/1585/1585 295/1586/1586 303/1587/1587
f 305/1588/1588 304/1589/1589 297/1590/1590
f 315/1591/1591 316/1592/1592 313/1593/1593 314/1594/1594
f 316/1595/1595 308/1596/1596 309/1597/1597
f 308/1598/1598 310/1599/1599 309/1600/1600
f 312/1601/1601 310/1602/1602 311/1603/1603
f 313/1604/1604 311/1605/1605 314/1606/1606
f 322/1607/1607 324/1608/1608 321/1609/1609 320/1610/1610
f 314/1611/1611 307/1612/1612 315/1613/1613
f 321/1614/1614 318/1615/1615 320/1616/1616
f 323/1617/1617 322/1618/1618 320/1619/1619 317/1620/1620
f 324/1621/1621 322/1622/1622 323/1623/1623
f 318/1624/1624 319/1625/1625 327/1626/1626 326/1627/1627
f 324/1628/1628 325/1629/1629 327/1630/1630
f 244/1631/1631 248/1632/1632 241/1633/1633 242/1634/1634
f 325/1635/1635 326/1636/1636 327/1637/1637
f 330/1638/1638 336/1639/1639 328/1640/1640 329/1641/1641
f 329/1642/1642 332/1643/1643 333/1644/1644
f 333/1645/1645 334/1646/1646 335/1647/1647
f 333/1648/1648 332/1649/1649 334/1650/1650
