# head - exported from blender/silhouette.blend by tools/blender_export.py
o head
v -0.00000 0.31114 -0.18213
v -0.00064 0.31416 -0.17392
v -0.00127 0.31642 -0.16543
v -0.00190 0.31789 -0.15669
v -0.00252 0.31857 -0.14773
v -0.00313 0.31847 -0.13861
v -0.00373 0.31757 -0.12935
v -0.00431 0.31589 -0.11999
v -0.00487 0.31343 -0.11058
v -0.00541 0.31021 -0.10116
v -0.00593 0.30622 -0.09176
v -0.00642 0.30151 -0.08243
v -0.00689 0.29607 -0.07320
v -0.00732 0.28994 -0.06412
v -0.00773 0.28315 -0.05523
v -0.00810 0.27571 -0.04656
v -0.00843 0.26767 -0.03815
v -0.00874 0.25906 -0.03003
v -0.00900 0.24991 -0.02225
v -0.00922 0.24027 -0.01483
v -0.00941 0.23017 -0.00780
v -0.00955 0.21966 -0.00120
v -0.00966 0.20879 0.00494
v -0.00972 0.19759 0.01061
v -0.00974 0.18612 0.01576
v -0.00972 0.17443 0.02040
v -0.00966 0.15925 0.02589
v -0.00955 0.14155 0.03182
v -0.00941 0.12385 0.03715
v -0.00922 0.10624 0.04184
v -0.00900 0.08877 0.04588
v -0.00874 0.07154 0.04925
v -0.00843 0.05461 0.05194
v -0.00810 0.03805 0.05392
v -0.00773 0.02195 0.05521
v -0.00732 0.00635 0.05578
v -0.00689 -0.00866 0.05564
v -0.00642 -0.02302 0.05478
v -0.00593 -0.03668 0.05322
v -0.00541 -0.04957 0.05095
v -0.00487 -0.06163 0.04799
v -0.00431 -0.07283 0.04436
v -0.00373 -0.08310 0.04005
v -0.00313 -0.09241 0.03511
v -0.00252 -0.10071 0.02953
v -0.00190 -0.10797 0.02336
v -0.00127 -0.11416 0.01661
v -0.00127 0.31412 -0.17402
v -0.00253 0.31634 -0.16561
v -0.00379 0.31777 -0.15696
v -0.00502 0.31842 -0.14810
v -0.00624 0.31827 -0.13906
v -0.00743 0.31734 -0.12988
v -0.00858 0.31563 -0.12061
v -0.00970 0.31313 -0.11128
v -0.01078 0.30988 -0.10194
v -0.01181 0.30586 -0.09261
v -0.01279 0.30111 -0.08335
v -0.01372 0.29565 -0.07420
v -0.01459 0.28950 -0.06518
v -0.01540 0.28268 -0.05634
v -0.01613 0.27522 -0.04773
v -0.01681 0.26716 -0.03936
v -0.01740 0.25853 -0.03129
v -0.01793 0.24936 -0.02355
v -0.01838 0.23971 -0.01616
v -0.01874 0.22960 -0.00916
v -0.01903 0.21908 -0.00258
v -0.01924 0.20820 0.00355
v -0.01936 0.19700 0.00920
v -0.01941 0.18553 0.01436
v -0.01936 0.17384 0.01899
v -0.01924 0.15866 0.02449
v -0.01903 0.14097 0.03044
v -0.01874 0.12328 0.03579
v -0.01838 0.10567 0.04051
v -0.01793 0.08822 0.04458
v -0.01740 0.07101 0.04799
v -0.01681 0.05409 0.05072
v -0.01613 0.03756 0.05275
v -0.01540 0.02147 0.05409
v -0.01459 0.00591 0.05472
v -0.01372 -0.00908 0.05464
v -0.01279 -0.02341 0.05385
v -0.01181 -0.03704 0.05236
v -0.01078 -0.04990 0.05017
v -0.00970 -0.06193 0.04729
v -0.00858 -0.07309 0.04373
v -0.00743 -0.08333 0.03952
v -0.00624 -0.09260 0.03465
v -0.00502 -0.10086 0.02917
v -0.00379 -0.10809 0.02309
v -0.00253 -0.11424 0.01643
v -0.00189 0.31406 -0.17417
v -0.00378 0.31621 -0.16592
v -0.00564 0.31758 -0.15742
v -0.00749 0.31816 -0.14870
v -0.00930 0.31796 -0.13981
v -0.01107 0.31697 -0.13078
v -0.01279 0.31519 -0.12164
v -0.01446 0.31264 -0.11245
v -0.01607 0.30933 -0.10323
v -0.01761 0.30526 -0.09403
v -0.01907 0.30046 -0.08489
v -0.02045 0.29495 -0.07585
v -0.02175 0.28875 -0.06693
v -0.02295 0.28189 -0.05819
v -0.02405 0.27440 -0.04967
v -0.02505 0.26630 -0.04138
v -0.02594 0.25764 -0.03338
v -0.02672 0.24845 -0.02570
v -0.02739 0.23877 -0.01837
v -0.02794 0.22865 -0.01141
v -0.02837 0.21811 -0.00487
v -0.02868 0.20722 0.00124
v -0.02886 0.19601 0.00687
v -0.02892 0.18454 0.01203
v -0.02886 0.17286 0.01667
v -0.02868 0.15768 0.02218
v -0.02837 0.14000 0.02816
v -0.02794 0.12233 0.03354
v -0.02739 0.10474 0.03830
v -0.02672 0.08731 0.04243
v -0.02594 0.07012 0.04590
v -0.02505 0.05324 0.04870
v -0.02405 0.03674 0.05081
v -0.02295 0.02069 0.05224
v -0.02175 0.00517 0.05297
v -0.02045 -0.00977 0.05299
v -0.01907 -0.02406 0.05232
v -0.01761 -0.03764 0.05094
v -0.01607 -0.05044 0.04888
v -0.01446 -0.06242 0.04612
v -0.01279 -0.07353 0.04270
v -0.01107 -0.08370 0.03862
v -0.00930 -0.09292 0.03391
v -0.00749 -0.10112 0.02857
v -0.00564 -0.10828 0.02263
v -0.00378 -0.11437 0.01613
v -0.00250 0.31397 -0.17438
v -0.00499 0.31603 -0.16634
v -0.00746 0.31731 -0.15805
v -0.00989 0.31781 -0.14954
v -0.01229 0.31752 -0.14085
v -0.01463 0.31644 -0.13202
v -0.01690 0.31459 -0.12308
v -0.01911 0.31196 -0.11407
v -0.02123 0.30857 -0.10503
v -0.02327 0.30443 -0.09601
v -0.02520 0.29956 -0.08703
v -0.02703 0.29399 -0.07814
v -0.02874 0.28772 -0.06937
v -0.03032 0.28081 -0.06077
v -0.03178 0.27326 -0.05236
v -0.03310 0.26512 -0.04419
v -0.03428 0.25641 -0.03629
v -0.03531 0.24719 -0.02869
v -0.03619 0.23748 -0.02143
v -0.03692 0.22732 -0.01454
v -0.03749 0.21677 -0.00805
v -0.03789 0.20586 -0.00198
v -0.03814 0.19465 0.00364
v -0.03822 0.18317 0.00879
v -0.03814 0.17149 0.01343
v -0.03789 0.15633 0.01897
v -0.03749 0.13866 0.02498
v -0.03692 0.12100 0.03041
v -0.03619 0.10344 0.03523
v -0.03531 0.08605 0.03944
v -0.03428 0.06889 0.04299
v -0.03310 0.05205 0.04589
v -0.03178 0.03560 0.04812
v -0.03032 0.01961 0.04967
v -0.02874 0.00414 0.05053
v -0.02703 -0.01074 0.05070
v -0.02520 -0.02497 0.05018
v -0.02327 -0.03847 0.04897
v -0.02123 -0.05120 0.04707
v -0.01911 -0.06311 0.04450
v -0.01690 -0.07413 0.04127
v -0.01463 -0.08423 0.03738
v -0.01229 -0.09336 0.03286
v -0.00989 -0.10147 0.02773
v -0.00746 -0.10855 0.02200
v -0.00499 -0.11455 0.01570
v -0.00309 0.31386 -0.17465
v -0.00616 0.31580 -0.16688
v -0.00921 0.31697 -0.15885
v -0.01222 0.31736 -0.15061
v -0.01518 0.31696 -0.14218
v -0.01807 0.31578 -0.13360
v -0.02089 0.31381 -0.12490
v -0.02361 0.31109 -0.11613
v -0.02624 0.30760 -0.10732
v -0.02875 0.30337 -0.09852
v -0.03114 0.29841 -0.08975
v -0.03340 0.29275 -0.08105
v -0.03551 0.28641 -0.07247
v -0.03747 0.27942 -0.06404
v -0.03927 0.27181 -0.05579
v -0.04090 0.26361 -0.04776
v -0.04236 0.25485 -0.03999
v -0.04363 0.24558 -0.03250
v -0.04472 0.23583 -0.02534
v -0.04562 0.22564 -0.01853
v -0.04632 0.21506 -0.01209
v -0.04682 0.20413 -0.00607
v -0.04713 0.19291 -0.00047
v -0.04723 0.18143 0.00466
v -0.04713 0.16975 0.00932
v -0.04682 0.15460 0.01488
v -0.04632 0.13695 0.02093
v -0.04562 0.11932 0.02643
v -0.04472 0.10179 0.03133
v -0.04363 0.08444 0.03563
v -0.04236 0.06733 0.03929
v -0.04090 0.05054 0.04232
v -0.03927 0.03415 0.04469
v -0.03747 0.01822 0.04640
v -0.03551 0.00282 0.04743
v -0.03340 -0.01198 0.04778
v -0.03114 -0.02612 0.04746
v -0.02875 -0.03953 0.04646
v -0.02624 -0.05217 0.04478
v -0.02361 -0.06398 0.04244
v -0.02089 -0.07490 0.03945
v -0.01807 -0.08490 0.03581
v -0.01518 -0.09392 0.03154
v -0.01222 -0.10192 0.02666
v -0.00921 -0.10889 0.02120
v -0.00616 -0.11477 0.01516
v -0.00365 0.31372 -0.17498
v -0.00729 0.31553 -0.16753
v -0.01090 0.31656 -0.15982
v -0.01446 0.31681 -0.15190
v -0.01796 0.31628 -0.14378
v -0.02138 0.31497 -0.13550
v -0.02471 0.31288 -0.12710
v -0.02794 0.31003 -0.11862
v -0.03104 0.30643 -0.11009
v -0.03401 0.30209 -0.10155
v -0.03684 0.29702 -0.09303
v -0.03951 0.29127 -0.08457
v -0.04201 0.28483 -0.07621
v -0.04433 0.27775 -0.06798
v -0.04646 0.27006 -0.05993
v -0.04839 0.26179 -0.05207
v -0.05011 0.25296 -0.04445
v -0.05162 0.24363 -0.03710
v -0.05291 0.23383 -0.03005
v -0.05397 0.22361 -0.02333
v -0.05480 0.21300 -0.01697
v -0.05540 0.20205 -0.01100
v -0.05576 0.19081 -0.00544
v -0.05588 0.17933 -0.00031
v -0.05576 0.16765 0.00435
v -0.05540 0.15251 0.00994
v -0.05480 0.13488 0.01605
v -0.05397 0.11729 0.02162
v -0.05291 0.09980 0.02662
v -0.05162 0.08249 0.03103
v -0.05011 0.06544 0.03483
v -0.04839 0.04872 0.03801
v -0.04646 0.03240 0.04056
v -0.04433 0.01655 0.04245
v -0.04201 0.00124 0.04369
v -0.03951 -0.01346 0.04427
v -0.03684 -0.02750 0.04418
v -0.03401 -0.04081 0.04343
v -0.03104 -0.05334 0.04202
v -0.02794 -0.06503 0.03996
v -0.02471 -0.07583 0.03725
v -0.02138 -0.08570 0.03390
v -0.01796 -0.09459 0.02994
v -0.01446 -0.10247 0.02537
v -0.01090 -0.10930 0.02022
v -0.00729 -0.11505 0.01452
v -0.00419 0.31356 -0.17535
v -0.00837 0.31521 -0.16828
v -0.01250 0.31608 -0.16095
v -0.01659 0.31618 -0.15339
v -0.02060 0.31549 -0.14564
v -0.02453 0.31403 -0.13771
v -0.02835 0.31180 -0.12966
v -0.03205 0.30881 -0.12151
v -0.03561 0.30507 -0.11331
v -0.03902 0.30060 -0.10507
v -0.04226 0.29541 -0.09685
v -0.04532 0.28953 -0.08866
v -0.04819 0.28299 -0.08056
v -0.05085 0.27581 -0.07258
v -0.05330 0.26803 -0.06474
v -0.05551 0.25967 -0.05708
v -0.05749 0.25077 -0.04964
v -0.05922 0.24137 -0.04245
v -0.06070 0.23152 -0.03553
v -0.06191 0.22124 -0.02892
v -0.06287 0.21059 -0.02265
v -0.06355 0.19962 -0.01674
v -0.06396 0.18837 -0.01122
v -0.06410 0.17688 -0.00610
v -0.06396 0.16521 -0.00142
v -0.06355 0.15008 0.00420
v -0.06287 0.13248 0.01038
v -0.06191 0.11492 0.01603
v -0.06070 0.09748 0.02114
v -0.05922 0.08023 0.02568
v -0.05749 0.06325 0.02964
v -0.05551 0.04660 0.03300
v -0.05330 0.03037 0.03574
v -0.05085 0.01461 0.03786
v -0.04819 -0.00060 0.03934
v -0.04532 -0.01519 0.04017
v -0.04226 -0.02912 0.04036
v -0.03902 -0.04230 0.03991
v -0.03561 -0.05470 0.03880
v -0.03205 -0.06626 0.03706
v -0.02835 -0.07692 0.03468
v -0.02453 -0.08664 0.03169
v -0.02060 -0.09538 0.02808
v -0.01659 -0.10310 0.02387
v -0.01250 -0.10977 0.01910
v -0.00837 -0.11537 0.01376
v -0.00470 0.31338 -0.17578
v -0.00938 0.31485 -0.16914
v -0.01401 0.31554 -0.16223
v -0.01859 0.31546 -0.15509
v -0.02309 0.31460 -0.14775
v -0.02749 0.31297 -0.14023
v -0.03177 0.31058 -0.13256
v -0.03592 0.30742 -0.12479
v -0.03991 0.30353 -0.11695
v -0.04373 0.29891 -0.10906
v -0.04736 0.29358 -0.10117
v -0.05079 0.28757 -0.09330
v -0.05401 0.28091 -0.08550
v -0.05699 0.27361 -0.07778
v -0.05973 0.26572 -0.07019
v -0.06221 0.25726 -0.06276
v -0.06442 0.24828 -0.05553
v -0.06636 0.23881 -0.04851
v -0.06802 0.22889 -0.04174
v -0.06938 0.21856 -0.03526
v -0.07045 0.20787 -0.02908
v -0.07122 0.19687 -0.02324
v -0.07168 0.18560 -0.01776
v -0.07183 0.17410 -0.01266
v -0.07168 0.16244 -0.00797
v -0.07122 0.14733 -0.00230
v -0.07045 0.12976 0.00394
v -0.06938 0.11224 0.00969
v -0.06802 0.09486 0.01492
v -0.06636 0.07767 0.01962
v -0.06442 0.06076 0.02376
v -0.06221 0.04420 0.02732
v -0.05973 0.02806 0.03029
v -0.05699 0.01241 0.03265
v -0.05401 -0.00268 0.03440
v -0.05079 -0.01716 0.03553
v -0.04736 -0.03095 0.03604
v -0.04373 -0.04399 0.03591
v -0.03991 -0.05624 0.03516
v -0.03592 -0.06764 0.03378
v -0.03177 -0.07814 0.03178
v -0.02749 -0.08770 0.02918
v -0.02309 -0.09627 0.02597
v -0.01859 -0.10382 0.02218
v -0.01401 -0.11032 0.01782
v -0.00938 -0.11573 0.01290
v -0.00517 0.31318 -0.17626
v -0.01031 0.31444 -0.17009
v -0.01542 0.31494 -0.16365
v -0.02045 0.31466 -0.15698
v -0.02540 0.31361 -0.15009
v -0.03024 0.31179 -0.14301
v -0.03495 0.30921 -0.13578
v -0.03951 0.30588 -0.12843
v -0.04390 0.30182 -0.12099
v -0.04810 0.29703 -0.11350
v -0.05210 0.29155 -0.10597
v -0.05588 0.28540 -0.09845
v -0.05941 0.27859 -0.09097
v -0.06269 0.27117 -0.08356
v -0.06570 0.26316 -0.07625
v -0.06843 0.25460 -0.06907
v -0.07087 0.24552 -0.06205
v -0.07300 0.23597 -0.05523
v -0.07483 0.22597 -0.04864
v -0.07633 0.21559 -0.04229
v -0.07750 0.20486 -0.03622
v -0.07834 0.19382 -0.03046
v -0.07885 0.18253 -0.02502
v -0.07902 0.17103 -0.01994
v -0.07885 0.15937 -0.01523
v -0.07834 0.14428 -0.00952
v -0.07750 0.12674 -0.00320
v -0.07633 0.10927 0.00266
v -0.07483 0.09194 0.00803
v -0.07300 0.07483 0.01289
v -0.07087 0.05800 0.01723
v -0.06843 0.04154 0.02101
v -0.06570 0.02550 0.02423
v -0.06269 0.00997 0.02688
v -0.05941 -0.00500 0.02893
v -0.05588 -0.01933 0.03039
v -0.05210 -0.03297 0.03124
v -0.04810 -0.04587 0.03148
v -0.04390 -0.05795 0.03111
v -0.03951 -0.06918 0.03014
v -0.03495 -0.07950 0.02856
v -0.03024 -0.08888 0.02639
v -0.02540 -0.09726 0.02363
v -0.02045 -0.10462 0.02029
v -0.01542 -0.11092 0.01640
v -0.01031 -0.11613 0.01195
v -0.00560 0.31296 -0.17678
v -0.01117 0.31401 -0.17113
v -0.01670 0.31429 -0.16520
v -0.02216 0.31379 -0.15903
v -0.02752 0.31253 -0.15264
v -0.03276 0.31051 -0.14605
v -0.03786 0.30773 -0.13930
v -0.04280 0.30420 -0.13241
v -0.04756 0.29995 -0.12541
v -0.05211 0.29499 -0.11833
v -0.05644 0.28934 -0.11121
v -0.06053 0.28302 -0.10407
v -0.06436 0.27607 -0.09694
v -0.06792 0.26851 -0.08986
v -0.07118 0.26037 -0.08285
v -0.07414 0.25169 -0.07595
v -0.07678 0.24251 -0.06918
v -0.07909 0.23286 -0.06257
v -0.08106 0.22279 -0.05616
v -0.08269 0.21235 -0.04996
v -0.08396 0.20156 -0.04401
v -0.08487 0.19049 -0.03834
v -0.08542 0.17918 -0.03295
v -0.08561 0.16767 -0.02789
v -0.08542 0.15602 -0.02316
v -0.08487 0.14095 -0.01739
v -0.08396 0.12345 -0.01099
v -0.08269 0.10603 -0.00501
v -0.08106 0.08876 0.00051
v -0.07909 0.07172 0.00555
v -0.07678 0.05499 0.01010
v -0.07414 0.03863 0.01413
v -0.07118 0.02271 0.01763
v -0.06792 0.00730 0.02057
v -0.06436 -0.00752 0.02296
v -0.06053 -0.02171 0.02477
v -0.05644 -0.03519 0.02600
v -0.05211 -0.04791 0.02664
v -0.04756 -0.05982 0.02670
v -0.04280 -0.07086 0.02617
v -0.03786 -0.08099 0.02505
v -0.03276 -0.09016 0.02335
v -0.02752 -0.09834 0.02108
v -0.02216 -0.10549 0.01824
v -0.01670 -0.11157 0.01485
v -0.01117 -0.11657 0.01092
v -0.00599 0.31272 -0.17734
v -0.01195 0.31353 -0.17224
v -0.01786 0.31358 -0.16687
v -0.02369 0.31286 -0.16124
v -0.02942 0.31137 -0.15539
v -0.03503 0.30913 -0.14932
v -0.04049 0.30613 -0.14308
v -0.04577 0.30240 -0.13668
v -0.05086 0.29794 -0.13016
v -0.05573 0.29279 -0.12354
v -0.06036 0.28695 -0.11684
v -0.06473 0.28047 -0.11011
v -0.06882 0.27335 -0.10337
v -0.07262 0.26564 -0.09664
v -0.07611 0.25736 -0.08996
v -0.07928 0.24856 -0.08335
v -0.08210 0.23927 -0.07685
v -0.08457 0.22952 -0.07047
v -0.08668 0.21937 -0.06426
v -0.08842 0.20885 -0.05822
v -0.08978 0.19802 -0.05240
v -0.09076 0.18691 -0.04681
v -0.09134 0.17557 -0.04148
v -0.09154 0.16405 -0.03644
v -0.09134 0.15241 -0.03169
v -0.09076 0.13737 -0.02587
v -0.08978 0.11991 -0.01937
v -0.08842 0.10254 -0.01327
v -0.08668 0.08534 -0.00759
v -0.08457 0.06838 -0.00234
v -0.08210 0.05175 0.00244
v -0.07928 0.03550 0.00673
v -0.07611 0.01970 0.01052
v -0.07262 0.00444 0.01379
v -0.06882 -0.01024 0.01653
v -0.06473 -0.02426 0.01872
v -0.06036 -0.03757 0.02036
v -0.05573 -0.05011 0.02144
v -0.05086 -0.06183 0.02195
v -0.04577 -0.07267 0.02189
v -0.04049 -0.08259 0.02127
v -0.03503 -0.09155 0.02008
v -0.02942 -0.09950 0.01833
v -0.02369 -0.10642 0.01602
v -0.01786 -0.11228 0.01318
v -0.00633 0.31247 -0.17793
v -0.01263 0.31303 -0.17343
v -0.01888 0.31283 -0.16864
v -0.02505 0.31186 -0.16360
v -0.03111 0.31014 -0.15831
v -0.03704 0.30766 -0.15280
v -0.04280 0.30443 -0.14710
v -0.04839 0.30048 -0.14122
v -0.05377 0.29581 -0.13521
v -0.05892 0.29045 -0.12907
v -0.06381 0.28442 -0.12284
v -0.06843 0.27775 -0.11654
v -0.07276 0.27046 -0.11020
v -0.07678 0.26259 -0.10385
v -0.08047 0.25417 -0.09752
v -0.08381 0.24523 -0.09122
v -0.08680 0.23582 -0.08500
v -0.08941 0.22597 -0.07887
v -0.09164 0.21573 -0.07286
v -0.09348 0.20514 -0.06700
v -0.09492 0.19425 -0.06131
v -0.09595 0.18310 -0.05582
v -0.09657 0.17173 -0.05055
v -0.09678 0.16021 -0.04552
v -0.09657 0.14858 -0.04076
v -0.09595 0.13356 -0.03488
v -0.09492 0.11614 -0.02829
v -0.09348 0.09882 -0.02205
v -0.09164 0.08170 -0.01619
v -0.08941 0.06483 -0.01074
v -0.08680 0.04830 -0.00572
v -0.08381 0.03217 -0.00114
v -0.08047 0.01651 0.00296
v -0.07678 0.00139 0.00658
v -0.07276 -0.01313 0.00970
v -0.06843 -0.02698 0.01230
v -0.06381 -0.04011 0.01437
v -0.05892 -0.05245 0.01591
v -0.05377 -0.06396 0.01690
v -0.04839 -0.07459 0.01735
v -0.04280 -0.08429 0.01725
v -0.03704 -0.09302 0.01660
v -0.03111 -0.10074 0.01541
v -0.02505 -0.10742 0.01367
v -0.01888 -0.11303 0.01140
v -0.00662 0.31220 -0.17856
v -0.01322 0.31251 -0.17468
v -0.01976 0.31204 -0.17051
v -0.02621 0.31082 -0.16607
v -0.03256 0.30884 -0.16138
v -0.03876 0.30611 -0.15646
v -0.04480 0.30264 -0.15132
v -0.05064 0.29846 -0.14600
v -0.05627 0.29356 -0.14052
v -0.06166 0.28799 -0.13489
v -0.06678 0.28176 -0.12914
v -0.07162 0.27489 -0.12330
v -0.07615 0.26742 -0.11739
v -0.08035 0.25938 -0.11143
v -0.08421 0.25081 -0.10546
v -0.08771 0.24173 -0.09950
v -0.09084 0.23220 -0.09357
v -0.09357 0.22224 -0.08770
v -0.09591 0.21191 -0.08191
v -0.09783 0.20124 -0.07623
v -0.09933 0.19028 -0.07069
v -0.10041 0.17909 -0.06530
v -0.10106 0.16770 -0.06009
v -0.10128 0.15617 -0.05508
v -0.10106 0.14454 -0.05030
v -0.10041 0.12955 -0.04435
v -0.09933 0.11217 -0.03766
v -0.09783 0.09492 -0.03128
v -0.09591 0.07787 -0.02524
v -0.09357 0.06110 -0.01957
v -0.09084 0.04468 -0.01429
v -0.08771 0.02867 -0.00942
v -0.08421 0.01315 -0.00498
v -0.08035 -0.00182 -0.00100
v -0.07615 -0.01617 0.00251
v -0.07162 -0.02984 0.00554
v -0.06678 -0.04277 0.00807
v -0.06166 -0.05491 0.01009
v -0.05627 -0.06621 0.01159
v -0.05064 -0.07661 0.01257
v -0.04480 -0.08608 0.01302
v -0.03876 -0.09456 0.01294
v -0.03256 -0.10204 0.01233
v -0.02621 -0.10846 0.01120
v -0.01976 -0.11381 0.00954
v -0.00687 0.31193 -0.17921
v -0.01371 0.31196 -0.17598
v -0.02049 0.31122 -0.17245
v -0.02718 0.30973 -0.16865
v -0.03375 0.30749 -0.16458
v -0.04019 0.30450 -0.16027
v -0.04645 0.30078 -0.15573
v -0.05251 0.29635 -0.15098
v -0.05834 0.29123 -0.14605
v -0.06393 0.28543 -0.14095
v -0.06924 0.27898 -0.13570
v -0.07425 0.27192 -0.13034
v -0.07895 0.26426 -0.12487
v -0.08331 0.25605 -0.11933
v -0.08731 0.24731 -0.11374
v -0.09094 0.23809 -0.10812
v -0.09418 0.22842 -0.10250
v -0.09702 0.21835 -0.09690
v -0.09944 0.20792 -0.09134
v -0.10143 0.19717 -0.08585
v -0.10299 0.18616 -0.08045
v -0.10411 0.17492 -0.07517
v -0.10479 0.16350 -0.07002
v -0.10501 0.15196 -0.06504
v -0.10479 0.14034 -0.06023
v -0.10411 0.12538 -0.05422
v -0.10299 0.10805 -0.04743
v -0.10143 0.09086 -0.04090
v -0.09944 0.07389 -0.03467
v -0.09702 0.05721 -0.02877
v -0.09418 0.04090 -0.02322
v -0.09094 0.02502 -0.01804
v -0.08731 0.00965 -0.01326
v -0.08331 -0.00516 -0.00890
v -0.07895 -0.01933 -0.00497
v -0.07425 -0.03281 -0.00150
v -0.06924 -0.04555 0.00151
v -0.06393 -0.05747 0.00403
v -0.05834 -0.06854 0.00606
v -0.05251 -0.07871 0.00759
v -0.04645 -0.08794 0.00862
v -0.04019 -0.09617 0.00913
v -0.03375 -0.10339 0.00913
v -0.02718 -0.10955 0.00862
v -0.00706 0.31164 -0.17988
v -0.01409 0.31139 -0.17732
v -0.02106 0.31037 -0.17446
v -0.02794 0.30861 -0.17131
v -0.03470 0.30609 -0.16788
v -0.04131 0.30284 -0.16420
v -0.04774 0.29886 -0.16027
v -0.05397 0.29418 -0.15612
v -0.05997 0.28881 -0.15176
v -0.06571 0.28278 -0.14720
v -0.07117 0.27612 -0.14248
v -0.07633 0.26884 -0.13760
v -0.08116 0.26099 -0.13260
v -0.08564 0.25260 -0.12749
v -0.08975 0.24370 -0.12229
v -0.09348 0.23433 -0.11702
v -0.09681 0.22453 -0.11172
v -0.09973 0.21434 -0.10639
v -0.10221 0.20381 -0.10107
v -0.10427 0.19298 -0.09577
v -0.10587 0.18190 -0.09053
v -0.10702 0.17061 -0.08536
v -0.10771 0.15917 -0.08028
v -0.10794 0.14762 -0.07531
v -0.10771 0.13601 -0.07049
v -0.10702 0.12107 -0.06441
v -0.10587 0.10378 -0.05750
v -0.10427 0.08666 -0.05082
v -0.10221 0.06977 -0.04440
v -0.09973 0.05320 -0.03826
v -0.09681 0.03700 -0.03243
v -0.09348 0.02126 -0.02694
v -0.08975 0.00604 -0.02180
v -0.08564 -0.00860 -0.01705
v -0.08116 -0.02260 -0.01270
v -0.07633 -0.03589 -0.00877
v -0.07117 -0.04841 -0.00527
v -0.06571 -0.06012 -0.00223
v -0.05997 -0.07096 0.00035
v -0.05397 -0.08089 0.00246
v -0.04774 -0.08986 0.00407
v -0.04131 -0.09784 0.00520
v -0.03470 -0.10478 0.00583
v -0.00720 0.31135 -0.18057
v -0.01436 0.31081 -0.17869
v -0.02147 0.30951 -0.17651
v -0.02848 0.30745 -0.17403
v -0.03538 0.30466 -0.17126
v -0.04212 0.30113 -0.16823
v -0.04868 0.29689 -0.16493
v -0.05503 0.29195 -0.16138
v -0.06114 0.28634 -0.15760
v -0.06700 0.28008 -0.15361
v -0.07256 0.27318 -0.14941
v -0.07782 0.26570 -0.14504
v -0.08274 0.25765 -0.14051
v -0.08731 0.24907 -0.13583
v -0.09151 0.24000 -0.13103
v -0.09531 0.23047 -0.12613
v -0.09870 0.22054 -0.12115
v -0.10168 0.21023 -0.11611
v -0.10421 0.19960 -0.11103
v -0.10630 0.18868 -0.10594
v -0.10794 0.17753 -0.10085
v -0.10911 0.16620 -0.09579
v -0.10982 0.15473 -0.09077
v -0.11005 0.14317 -0.08583
v -0.10982 0.13157 -0.08098
v -0.10911 0.11666 -0.07484
v -0.10794 0.09942 -0.06782
v -0.10630 0.08236 -0.06099
v -0.10421 0.06556 -0.05436
v -0.10168 0.04909 -0.04798
v -0.09870 0.03302 -0.04187
v -0.09531 0.01741 -0.03605
v -0.09151 0.00234 -0.03055
v -0.08731 -0.01213 -0.02540
v -0.08274 -0.02594 -0.02061
v -0.07782 -0.03903 -0.01620
v -0.07256 -0.05134 -0.01221
v -0.06700 -0.06283 -0.00863
v -0.06114 -0.07343 -0.00549
v -0.05503 -0.08311 -0.00280
v -0.04868 -0.09183 -0.00058
v -0.00728 0.31106 -0.18127
v -0.01453 0.31022 -0.18009
v -0.02172 0.30863 -0.17859
v -0.02881 0.30628 -0.17679
v -0.03578 0.30321 -0.17470
v -0.04260 0.29941 -0.17231
v -0.04924 0.29489 -0.16965
v -0.05566 0.28970 -0.16672
v -0.06185 0.28383 -0.16354
v -0.06777 0.27733 -0.16011
v -0.07340 0.27021 -0.15646
v -0.07872 0.26250 -0.15260
v -0.08370 0.25425 -0.14854
v -0.08832 0.24549 -0.14431
v -0.09256 0.23624 -0.13991
v -0.09641 0.22656 -0.13538
v -0.09984 0.21649 -0.13073
v -0.10285 0.20606 -0.12598
v -0.10542 0.19532 -0.12115
v -0.10753 0.18432 -0.11626
v -0.10919 0.17310 -0.11133
v -0.11037 0.16172 -0.10638
v -0.11109 0.15022 -0.10143
v -0.11133 0.13865 -0.09652
v -0.11109 0.12706 -0.09164
v -0.11037 0.11219 -0.08543
v -0.10919 0.09499 -0.07830
v -0.10753 0.07800 -0.07130
v -0.10542 0.06128 -0.06448
v -0.10285 0.04492 -0.05785
v -0.09984 0.02896 -0.05145
v -0.09641 0.01350 -0.04530
v -0.09256 -0.00142 -0.03943
v -0.08832 -0.01572 -0.03387
v -0.08370 -0.02934 -0.02864
v -0.07872 -0.04222 -0.02376
v -0.07340 -0.05432 -0.01925
v -0.06777 -0.06558 -0.01513
v -0.06185 -0.07594 -0.01143
v -0.00731 0.31076 -0.18197
v -0.01459 0.30962 -0.18149
v -0.02180 0.30774 -0.18069
v -0.02892 0.30511 -0.17958
v -0.03592 0.30174 -0.17816
v -0.04277 0.29766 -0.17643
v -0.04943 0.29288 -0.17441
v -0.05588 0.28742 -0.17210
v -0.06209 0.28130 -0.16952
v -0.06803 0.27455 -0.16666
v -0.07368 0.26721 -0.16356
v -0.07902 0.25929 -0.16021
v -0.08402 0.25083 -0.15663
v -0.08866 0.24188 -0.15285
v -0.09292 0.23246 -0.14887
v -0.09678 0.22262 -0.14471
v -0.10023 0.21240 -0.14039
v -0.10324 0.20185 -0.13592
v -0.10582 0.19101 -0.13134
v -0.10794 0.17992 -0.12665
v -0.10960 0.16864 -0.12188
v -0.11079 0.15721 -0.11705
v -0.11151 0.14568 -0.11218
v -0.11175 0.13410 -0.10728
v -0.11151 0.12252 -0.10239
v -0.11079 0.10767 -0.09611
v -0.10960 0.09053 -0.08886
v -0.10794 0.07360 -0.08170
v -0.10582 0.05697 -0.07467
v -0.10324 0.04071 -0.06780
v -0.10023 0.02488 -0.06110
v -0.09678 0.00956 -0.05462
v -0.09292 -0.00520 -0.04838
v -0.08866 -0.01933 -0.04241
v -0.08402 -0.03276 -0.03673
v -0.07902 -0.04544 -0.03137
v -0.07368 -0.05732 -0.02635
v -0.06803 -0.06835 -0.02169
v -0.06209 -0.07847 -0.01741
v -0.00728 0.31046 -0.18268
v -0.01453 0.30903 -0.18290
v -0.02172 0.30685 -0.18279
v -0.02881 0.30393 -0.18237
v -0.03578 0.30028 -0.18162
v -0.04260 0.29592 -0.18055
v -0.04924 0.29087 -0.17917
v -0.05566 0.28514 -0.17749
v -0.06185 0.27877 -0.17550
v -0.06777 0.27178 -0.17322
v -0.07340 0.26420 -0.17065
v -0.07872 0.25607 -0.16782
v -0.08370 0.24741 -0.16473
v -0.08832 0.23826 -0.16139
v -0.09256 0.22867 -0.15782
v -0.09641 0.21868 -0.15403
v -0.09984 0.20832 -0.15004
v -0.10285 0.19765 -0.14587
v -0.10542 0.18670 -0.14153
v -0.10753 0.17553 -0.13705
v -0.10919 0.16418 -0.13244
v -0.11037 0.15270 -0.12772
v -0.11109 0.14114 -0.12292
v -0.11133 0.12955 -0.11805
v -0.11109 0.11798 -0.11313
v -0.11037 0.10316 -0.10678
v -0.10919 0.08606 -0.09942
v -0.10753 0.06921 -0.09210
v -0.10542 0.05266 -0.08487
v -0.10285 0.03651 -0.07774
v -0.09984 0.02080 -0.07076
v -0.09641 0.00561 -0.06395
v -0.09256 -0.00899 -0.05734
v -0.08832 -0.02294 -0.05095
v -0.08370 -0.03618 -0.04483
v -0.07872 -0.04866 -0.03898
v -0.07340 -0.06032 -0.03345
v -0.06777 -0.07112 -0.02824
v -0.06185 -0.08100 -0.02339
v -0.00720 0.31017 -0.18337
v -0.01436 0.30844 -0.18429
v -0.02147 0.30597 -0.18488
v -0.02848 0.30276 -0.18513
v -0.03538 0.29883 -0.18505
v -0.04212 0.29419 -0.18464
v -0.04868 0.28887 -0.18390
v -0.05503 0.28289 -0.18283
v -0.06114 0.27627 -0.18143
v -0.06700 0.26903 -0.17972
v -0.07256 0.26123 -0.17770
v -0.07782 0.25287 -0.17537
v -0.08274 0.24401 -0.17276
v -0.08731 0.23468 -0.16986
v -0.09151 0.22492 -0.16670
v -0.09531 0.21477 -0.16328
v -0.09870 0.20427 -0.15962
v -0.10168 0.19347 -0.15574
v -0.10421 0.18242 -0.15165
v -0.10630 0.17116 -0.14737
v -0.10794 0.15975 -0.14292
v -0.10911 0.14822 -0.13832
v -0.10982 0.13663 -0.13358
v -0.11005 0.12503 -0.12873
v -0.10982 0.11347 -0.12379
v -0.10911 0.09868 -0.11737
v -0.10794 0.08163 -0.10989
v -0.10630 0.06484 -0.10242
v -0.10421 0.04839 -0.09498
v -0.10168 0.03233 -0.08761
v -0.09870 0.01675 -0.08034
v -0.09531 0.00170 -0.07320
v -0.09151 -0.01274 -0.06622
v -0.08731 -0.02652 -0.05943
v -0.08274 -0.03958 -0.05286
v -0.07782 -0.05185 -0.04654
v -0.07256 -0.06330 -0.04049
v -0.06700 -0.07387 -0.03474
v -0.06114 -0.08351 -0.02932
v -0.00706 0.30988 -0.18406
v -0.01409 0.30786 -0.18566
v -0.02106 0.30510 -0.18693
v -0.02794 0.30161 -0.18785
v -0.03470 0.29740 -0.18844
v -0.04131 0.29249 -0.18867
v -0.04774 0.28690 -0.18855
v -0.05397 0.28066 -0.18809
v -0.05997 0.27379 -0.18728
v -0.06571 0.26633 -0.18612
v -0.07117 0.25829 -0.18463
v -0.07633 0.24973 -0.18281
v -0.08116 0.24067 -0.18067
v -0.08564 0.23115 -0.17821
v -0.08975 0.22122 -0.17545
v -0.09348 0.21092 -0.17239
v -0.09681 0.20028 -0.16906
v -0.09973 0.18936 -0.16546
v -0.10221 0.17821 -0.16161
v -0.10427 0.16687 -0.15753
v -0.10587 0.15538 -0.15324
v -0.10702 0.14381 -0.14875
v -0.10771 0.13219 -0.14408
v -0.10794 0.12059 -0.13925
v -0.10771 0.10904 -0.13429
v -0.10702 0.09427 -0.12780
v -0.10587 0.07727 -0.12021
v -0.10427 0.06055 -0.11258
v -0.10221 0.04418 -0.10494
v -0.09973 0.02822 -0.09733
v -0.09681 0.01276 -0.08978
v -0.09348 -0.00215 -0.08231
v -0.08975 -0.01644 -0.07497
v -0.08564 -0.03005 -0.06777
v -0.08116 -0.04292 -0.06077
v -0.07633 -0.05500 -0.05398
v -0.07117 -0.06623 -0.04743
v -0.06571 -0.07657 -0.04115
v -0.05997 -0.08598 -0.03517
v -0.00687 0.30959 -0.18473
v -0.01371 0.30729 -0.18701
v -0.02049 0.30425 -0.18893
v -0.02718 0.30048 -0.19051
v -0.03375 0.29600 -0.19174
v -0.04019 0.29083 -0.19260
v -0.04645 0.28498 -0.19310
v -0.05251 0.27849 -0.19323
v -0.05834 0.27138 -0.19299
v -0.06393 0.26368 -0.19238
v -0.06924 0.25543 -0.19141
v -0.07425 0.24666 -0.19008
v -0.07895 0.23740 -0.18839
v -0.08331 0.22771 -0.18636
v -0.08731 0.21761 -0.18399
v -0.09094 0.20715 -0.18129
v -0.09418 0.19638 -0.17827
v -0.09702 0.18535 -0.17495
v -0.09944 0.17410 -0.17134
v -0.10143 0.16267 -0.16746
v -0.10299 0.15112 -0.16332
v -0.10411 0.13950 -0.15893
v -0.10479 0.12786 -0.15433
v -0.10501 0.11624 -0.14953
v -0.10479 0.10470 -0.14454
v -0.10411 0.08997 -0.13799
v -0.10299 0.07301 -0.13029
v -0.10143 0.05635 -0.12251
v -0.09944 0.04006 -0.11468
v -0.09702 0.02421 -0.10683
v -0.09418 0.00886 -0.09899
v -0.09094 -0.00591 -0.09121
v -0.08731 -0.02005 -0.08351
v -0.08331 -0.03350 -0.07593
v -0.07895 -0.04619 -0.06849
v -0.07425 -0.05807 -0.06124
v -0.06924 -0.06910 -0.05420
v -0.06393 -0.07922 -0.04740
v -0.05834 -0.08839 -0.04088
v -0.00662 0.30932 -0.18539
v -0.01322 0.30674 -0.18830
v -0.01976 0.30343 -0.19088
v -0.02621 0.29939 -0.19309
v -0.03256 0.29465 -0.19494
v -0.03876 0.28922 -0.19641
v -0.04480 0.28312 -0.19750
v -0.05064 0.27639 -0.19820
v -0.05627 0.26904 -0.19852
v -0.06166 0.26112 -0.19844
v -0.06678 0.25265 -0.19797
v -0.07162 0.24368 -0.19712
v -0.07615 0.23424 -0.19588
v -0.08035 0.22437 -0.19426
v -0.08421 0.21411 -0.19227
v -0.08771 0.20351 -0.18991
v -0.09084 0.19261 -0.18720
v -0.09357 0.18146 -0.18415
v -0.09591 0.17011 -0.18077
v -0.09783 0.15860 -0.17707
v -0.09933 0.14699 -0.17308
v -0.10041 0.13533 -0.16880
v -0.10106 0.12366 -0.16426
v -0.10128 0.11203 -0.15948
v -0.10098 0.10053 -0.15444
v -0.09989 0.08609 -0.14767
v -0.09841 0.06956 -0.13978
v -0.09688 0.05316 -0.13192
v -0.09531 0.03674 -0.12402
v -0.09343 0.02050 -0.11601
v -0.09084 0.00509 -0.10792
v -0.08771 -0.00956 -0.09983
v -0.08421 -0.02355 -0.09179
v -0.08035 -0.03684 -0.08383
v -0.07615 -0.04935 -0.07598
v -0.07162 -0.06105 -0.06828
v -0.06678 -0.07187 -0.06077
v -0.06166 -0.08178 -0.05346
v -0.00633 0.30905 -0.18601
v -0.01263 0.30622 -0.18955
v -0.01888 0.30264 -0.19274
v -0.02505 0.29835 -0.19557
v -0.03111 0.29335 -0.19801
v -0.03704 0.28767 -0.20007
v -0.04280 0.28133 -0.20173
v -0.04839 0.27437 -0.20298
v -0.05377 0.26680 -0.20383
v -0.05892 0.25866 -0.20426
v -0.06381 0.24999 -0.20428
v -0.06843 0.24082 -0.20388
v -0.07276 0.23120 -0.20307
v -0.07678 0.22116 -0.20184
v -0.08047 0.21075 -0.20022
v -0.08381 0.20001 -0.19819
v -0.08680 0.18899 -0.19578
v -0.08941 0.17773 -0.19298
v -0.09164 0.16628 -0.18982
v -0.09348 0.15470 -0.18631
v -0.09492 0.14303 -0.18245
v -0.09595 0.13132 -0.17828
v -0.09657 0.11962 -0.17380
v -0.09612 0.10817 -0.16862
v -0.09439 0.09732 -0.16273
v -0.09222 0.08414 -0.15553
v -0.09026 0.06872 -0.14753
v -0.08888 0.05301 -0.13985
v -0.08804 0.03657 -0.13227
v -0.08735 0.01948 -0.12453
v -0.08618 0.00247 -0.11645
v -0.08381 -0.01306 -0.10811
v -0.08047 -0.02691 -0.09973
v -0.07678 -0.04004 -0.09141
v -0.07276 -0.05239 -0.08317
v -0.06843 -0.06391 -0.07504
v -0.06381 -0.07454 -0.06707
v -0.05892 -0.08424 -0.05928
v -0.00599 0.30880 -0.18660
v -0.01195 0.30572 -0.19074
v -0.01786 0.30189 -0.19451
v -0.02369 0.29735 -0.19792
v -0.02942 0.29212 -0.20093
v -0.03503 0.28620 -0.20355
v -0.04049 0.27963 -0.20575
v -0.04577 0.27244 -0.20753
v -0.05086 0.26466 -0.20888
v -0.05573 0.25632 -0.20979
v -0.06036 0.24746 -0.21027
v -0.06473 0.23811 -0.21030
v -0.06882 0.22831 -0.20990
v -0.07262 0.21811 -0.20905
v -0.07611 0.20755 -0.20777
v -0.07928 0.19668 -0.20606
v -0.08210 0.18554 -0.20393
v -0.08457 0.17418 -0.20138
v -0.08668 0.16264 -0.19843
v -0.08842 0.15099 -0.19509
v -0.08978 0.13926 -0.19137
v -0.09076 0.12751 -0.18729
v -0.09079 0.11590 -0.18241
v -0.08896 0.10499 -0.17613
v -0.08610 0.09501 -0.16930
v -0.08315 0.08337 -0.16169
v -0.08088 0.06920 -0.15362
v -0.07971 0.05429 -0.14626
v -0.07958 0.03793 -0.13922
v -0.07993 0.02014 -0.13201
v -0.07997 0.00177 -0.12428
v -0.07889 -0.01562 -0.11595
v -0.07611 -0.03011 -0.10729
v -0.07262 -0.04309 -0.09862
v -0.06882 -0.05528 -0.09000
v -0.06473 -0.06662 -0.08147
v -0.06036 -0.07707 -0.07306
v -0.00560 0.30857 -0.18716
v -0.01117 0.30524 -0.19185
v -0.01670 0.30119 -0.19618
v -0.02216 0.29642 -0.20013
v -0.02752 0.29095 -0.20368
v -0.03276 0.28482 -0.20682
v -0.03786 0.27804 -0.20953
v -0.04280 0.27064 -0.21180
v -0.04756 0.26265 -0.21363
v -0.05211 0.25412 -0.21500
v -0.05644 0.24507 -0.21590
v -0.06053 0.23555 -0.21635
v -0.06436 0.22559 -0.21632
v -0.06792 0.21524 -0.21583
v -0.07118 0.20455 -0.21488
v -0.07414 0.19355 -0.21346
v -0.07678 0.18230 -0.21159
v -0.07909 0.17084 -0.20928
v -0.08106 0.15922 -0.20652
v -0.08269 0.14750 -0.20334
v -0.08396 0.13572 -0.19975
v -0.08486 0.12393 -0.19575
v -0.08414 0.11251 -0.19014
v -0.08163 0.10209 -0.18298
v -0.07824 0.09282 -0.17536
v -0.07492 0.08236 -0.16731
v -0.07252 0.06915 -0.15910
v -0.07155 0.05481 -0.15197
v -0.07188 0.03845 -0.14543
v -0.07286 0.02015 -0.13875
v -0.07359 0.00090 -0.13142
v -0.07327 -0.01762 -0.12323
v -0.07118 -0.03311 -0.11440
v -0.06792 -0.04596 -0.10540
v -0.06436 -0.05800 -0.09643
v -0.06053 -0.06918 -0.08751
v -0.00517 0.30835 -0.18768
v -0.01031 0.30481 -0.19289
v -0.01542 0.30053 -0.19773
v -0.02045 0.29555 -0.20219
v -0.02540 0.28987 -0.20623
v -0.03024 0.28353 -0.20986
v -0.03495 0.27655 -0.21304
v -0.03951 0.26896 -0.21577
v -0.04390 0.26079 -0.21804
v -0.04810 0.25208 -0.21983
v -0.05210 0.24286 -0.22114
v -0.05588 0.23318 -0.22197
v -0.05941 0.22307 -0.22230
v -0.06269 0.21258 -0.22214
v -0.06570 0.20176 -0.22148
v -0.06843 0.19064 -0.22034
v -0.07087 0.17929 -0.21872
v -0.07300 0.16774 -0.21662
v -0.07482 0.15604 -0.21404
v -0.07631 0.14425 -0.21100
v -0.07750 0.13242 -0.20754
v -0.07832 0.12060 -0.20361
v -0.07756 0.10925 -0.19782
v -0.07515 0.09898 -0.19034
v -0.07194 0.08992 -0.18233
v -0.06881 0.07973 -0.17395
v -0.06656 0.06674 -0.16552
v -0.06567 0.05251 -0.15835
v -0.06605 0.03612 -0.15191
v -0.06702 0.01772 -0.14540
v -0.06779 -0.00168 -0.13819
v -0.06756 -0.02033 -0.13001
v -0.06570 -0.03590 -0.12100
v -0.06269 -0.04862 -0.11170
v -0.05941 -0.06052 -0.10240
v -0.00470 0.30814 -0.18816
v -0.00938 0.30440 -0.19384
v -0.01401 0.29993 -0.19915
v -0.01859 0.29475 -0.20407
v -0.02309 0.28889 -0.20857
v -0.02749 0.28235 -0.21264
v -0.03177 0.27519 -0.21626
v -0.03592 0.26742 -0.21941
v -0.03991 0.25908 -0.22208
v -0.04373 0.25020 -0.22426
v -0.04736 0.24083 -0.22594
v -0.05079 0.23100 -0.22711
v -0.05401 0.22075 -0.22777
v -0.05708 0.21026 -0.22811
v -0.06006 0.19955 -0.22820
v -0.06255 0.18827 -0.22730
v -0.06404 0.17627 -0.22454
v -0.06473 0.16413 -0.22048
v -0.06536 0.15238 -0.21649
v -0.06640 0.14097 -0.21328
v -0.06802 0.12957 -0.21097
v -0.06994 0.11784 -0.20900
v -0.07085 0.10609 -0.20544
v -0.06939 0.09546 -0.19868
v -0.06695 0.08600 -0.19090
v -0.06449 0.07504 -0.18244
v -0.06263 0.06140 -0.17379
v -0.06175 0.04678 -0.16623
v -0.06176 0.03043 -0.15935
v -0.06221 0.01243 -0.15243
v -0.06243 -0.00626 -0.14488
v -0.06178 -0.02394 -0.13639
v -0.05973 -0.03846 -0.12706
v -0.00419 0.30796 -0.18859
v -0.00837 0.30404 -0.19470
v -0.01250 0.29939 -0.20043
v -0.01659 0.29404 -0.20577
v -0.02060 0.28799 -0.21068
v -0.02453 0.28129 -0.21515
v -0.02835 0.27396 -0.21916
v -0.03205 0.26603 -0.22269
v -0.03561 0.25754 -0.22573
v -0.03902 0.24851 -0.22826
v -0.04226 0.23900 -0.23027
v -0.04532 0.22904 -0.23175
v -0.04842 0.21907 -0.23330
v -0.05191 0.20947 -0.23573
v -0.05515 0.19907 -0.23736
v -0.05678 0.18675 -0.23518
v -0.05604 0.17303 -0.22801
v -0.05426 0.15997 -0.21918
v -0.05322 0.14848 -0.21238
v -0.05366 0.13800 -0.20877
v -0.05543 0.12756 -0.20766
v -0.05824 0.11641 -0.20817
v -0.06128 0.10430 -0.20870
v -0.06281 0.09219 -0.20642
v -0.06196 0.08153 -0.20034
v -0.06034 0.06915 -0.19210
v -0.05896 0.05440 -0.18329
v -0.05807 0.03912 -0.17517
v -0.05764 0.02281 -0.16747
v -0.05737 0.00559 -0.15970
v -0.05682 -0.01168 -0.15137
v -0.00365 0.30780 -0.18897
v -0.00729 0.30372 -0.19545
v -0.01090 0.29891 -0.20156
v -0.01446 0.29340 -0.20727
v -0.01796 0.28721 -0.21254
v -0.02138 0.28036 -0.21737
v -0.02471 0.27288 -0.22172
v -0.02794 0.26481 -0.22559
v -0.03104 0.25618 -0.22894
v -0.03401 0.24702 -0.23178
v -0.03684 0.23739 -0.23409
v -0.03952 0.22733 -0.23588
v -0.04269 0.21816 -0.23914
v -0.04629 0.20918 -0.24349
v -0.04944 0.19875 -0.24617
v -0.04994 0.18503 -0.24150
v -0.04783 0.17013 -0.23045
v -0.04454 0.15650 -0.21726
v -0.04191 0.14526 -0.20657
v -0.04163 0.13575 -0.20192
v -0.04339 0.12633 -0.20191
v -0.04665 0.11580 -0.20481
v -0.05050 0.10371 -0.20840
v -0.05387 0.09050 -0.21040
v -0.05540 0.07775 -0.20848
v -0.05475 0.06376 -0.20110
v -0.05385 0.04784 -0.19233
v -0.05301 0.03192 -0.18370
v -0.05224 0.01578 -0.17513
v -0.05137 -0.00036 -0.16634
v -0.05011 -0.01567 -0.15704
v -0.00309 0.30766 -0.18929
v -0.00616 0.30345 -0.19610
v -0.00921 0.29850 -0.20253
v -0.01222 0.29286 -0.20855
v -0.01518 0.28653 -0.21414
v -0.01807 0.27955 -0.21927
v -0.02089 0.27195 -0.22392
v -0.02361 0.26376 -0.22807
v -0.02624 0.25501 -0.23171
v -0.02875 0.24574 -0.23481
v -0.03114 0.23600 -0.23737
v -0.03343 0.22591 -0.23950
v -0.03625 0.21695 -0.24360
v -0.03948 0.20810 -0.24887
v -0.04210 0.19736 -0.25165
v -0.04213 0.18306 -0.24570
v -0.03971 0.16771 -0.23244
v -0.03619 0.15402 -0.21681
v -0.03323 0.14309 -0.20393
v -0.03257 0.13418 -0.19830
v -0.03421 0.12533 -0.19914
v -0.03738 0.11509 -0.20369
v -0.04119 0.10294 -0.20919
v -0.04463 0.08937 -0.21307
v -0.04674 0.07578 -0.21320
v -0.04682 0.06075 -0.20709
v -0.04632 0.04411 -0.19865
v -0.04562 0.02789 -0.18983
v -0.04472 0.01216 -0.18067
v -0.04363 -0.00302 -0.17122
v -0.03987 -0.00818 -0.15852
v -0.00250 0.30755 -0.18956
v -0.00499 0.30322 -0.19664
v -0.00746 0.29816 -0.20334
v -0.00989 0.29241 -0.20962
v -0.01229 0.28597 -0.21547
v -0.01463 0.27888 -0.22085
v -0.01690 0.27118 -0.22575
v -0.01911 0.26288 -0.23014
v -0.02123 0.25404 -0.23400
v -0.02327 0.24468 -0.23732
v -0.02520 0.23485 -0.24008
v -0.02703 0.22460 -0.24230
v -0.02915 0.21510 -0.24588
v -0.03158 0.20579 -0.25061
v -0.03355 0.19486 -0.25307
v -0.03358 0.18080 -0.24724
v -0.03185 0.16596 -0.23476
v -0.02931 0.15271 -0.22007
v -0.02727 0.14197 -0.20824
v -0.02695 0.13295 -0.20327
v -0.02824 0.12386 -0.20403
v -0.03071 0.11340 -0.20845
v -0.03367 0.10110 -0.21384
v -0.03632 0.08747 -0.21758
v -0.03789 0.07395 -0.21749
v -0.03789 0.05902 -0.21118
v -0.03749 0.04240 -0.20269
v -0.02686 0.05785 -0.17118
v -0.02094 0.06607 -0.15347
v -0.01741 0.06986 -0.14246
v -0.01509 0.07124 -0.13473
v -0.00189 0.30746 -0.18977
v -0.00378 0.30304 -0.19706
v -0.00564 0.29790 -0.20397
v -0.00749 0.29205 -0.21046
v -0.00930 0.28553 -0.21651
v -0.01107 0.27836 -0.22209
v -0.01279 0.27057 -0.22718
v -0.01446 0.26220 -0.23176
v -0.01607 0.25328 -0.23580
v -0.01761 0.24385 -0.23929
v -0.01907 0.23395 -0.24222
v -0.02045 0.22362 -0.24457
v -0.02182 0.21316 -0.24678
v -0.02334 0.20301 -0.24989
v -0.02472 0.19210 -0.25202
v -0.02507 0.17898 -0.24817
v -0.02436 0.16515 -0.23888
v -0.02323 0.15249 -0.22803
v -0.02252 0.14162 -0.21997
v -0.02258 0.13176 -0.21608
v -0.02345 0.12176 -0.21607
v -0.02497 0.11067 -0.21881
v -0.02674 0.09819 -0.22213
v -0.02822 0.08488 -0.22370
v -0.02885 0.07221 -0.22140
v -0.01965 0.08400 -0.18164
v -0.01429 0.09133 -0.15866
v -0.01104 0.09592 -0.14482
v -0.00886 0.09928 -0.13563
v -0.00739 0.10136 -0.12935
v -0.00645 0.10189 -0.12502
v 0.00000 -0.08245 -0.02908
v 0.00000 -0.04277 -0.02154
v 0.00000 0.09631 -0.08034
v 0.00000 0.11664 -0.11325
v 0.00296 -0.09618 -0.03858
v 0.00577 -0.08282 -0.02996
v 0.00830 -0.06494 -0.02472
v 0.01040 -0.04344 -0.02312
v 0.01199 -0.01941 -0.02524
v 0.01297 0.00595 -0.03097
v 0.01330 0.03138 -0.04003
v -0.00127 0.30740 -0.18993
v -0.00253 0.30291 -0.19737
v -0.00379 0.29770 -0.20442
v -0.00502 0.29180 -0.21106
v -0.00624 0.28521 -0.21726
v -0.00743 0.27798 -0.22298
v -0.00858 0.27014 -0.22821
v -0.00970 0.26171 -0.23292
v -0.01078 0.25273 -0.23710
v -0.01181 0.24325 -0.24071
v -0.01279 0.23330 -0.24376
v -0.01372 0.22292 -0.24622
v -0.01459 0.21216 -0.24809
v -0.01540 0.20111 -0.24942
v -0.01618 0.18986 -0.25043
v -0.01677 0.17799 -0.24976
v -0.01689 0.16533 -0.24530
v -0.01683 0.15309 -0.23963
v -0.01680 0.14160 -0.23456
v -0.01699 0.13061 -0.23137
v -0.01750 0.11948 -0.23037
v -0.01822 0.10770 -0.23071
v -0.01894 0.09523 -0.23080
v -0.01938 0.08275 -0.22874
v -0.01180 0.09579 -0.17824
v -0.00826 0.10227 -0.15489
v -0.00601 0.10725 -0.14036
v -0.00446 0.11137 -0.13064
v -0.00340 0.11456 -0.12414
v -0.00272 0.11665 -0.11996
v -0.00233 0.11741 -0.11747
v 0.01297 0.05559 -0.05195
v 0.01199 0.07738 -0.06616
v 0.01040 0.09564 -0.08192
v 0.00830 0.10946 -0.09846
v 0.00577 0.11626 -0.11413
v 0.00296 0.11665 -0.12856
v 0.00572 -0.09674 -0.03989
v 0.01115 -0.08390 -0.03253
v 0.01603 -0.06650 -0.02841
v 0.02010 -0.04540 -0.02775
v 0.02316 -0.02167 -0.03057
v 0.02506 0.00351 -0.03674
v 0.02570 0.02888 -0.04595
v 0.02506 0.05315 -0.05773
v 0.02316 0.07512 -0.07149
v 0.02010 0.09368 -0.08655
v -0.00064 0.30736 -0.19002
v -0.00127 0.30283 -0.19755
v -0.00190 0.29759 -0.20470
v -0.00252 0.29164 -0.21143
v -0.00313 0.28502 -0.21771
v -0.00373 0.27775 -0.22352
v -0.00431 0.26987 -0.22883
v -0.00487 0.26141 -0.23363
v -0.00541 0.25240 -0.23788
v -0.00593 0.24289 -0.24157
v -0.00642 0.23290 -0.24469
v -0.00689 0.22250 -0.24721
v -0.00732 0.21172 -0.24914
v -0.00773 0.20060 -0.25047
v -0.00810 0.18920 -0.25117
v -0.00843 0.17757 -0.25127
v -0.00873 0.16573 -0.25068
v -0.00893 0.15364 -0.24854
v -0.00908 0.14163 -0.24569
v -0.00924 0.12975 -0.24309
v -0.00944 0.11782 -0.24092
v -0.00962 0.10573 -0.23858
v -0.00946 0.09483 -0.23159
v -0.00601 0.10200 -0.18321
v -0.00369 0.11001 -0.15202
v -0.00285 0.11204 -0.14044
v -0.00213 0.11501 -0.13095
v -0.00147 0.11910 -0.12281
v -0.00102 0.12233 -0.11753
v -0.00075 0.12446 -0.11436
v -0.00062 0.12524 -0.11276
v 0.01603 0.10790 -0.10215
v 0.01115 0.11518 -0.11670
v 0.00572 0.11609 -0.12988
v 0.00809 -0.09763 -0.04199
v 0.01577 -0.08563 -0.03662
v 0.02266 -0.06898 -0.03429
v 0.02842 -0.04852 -0.03512
v 0.03275 -0.02526 -0.03906
v 0.03544 -0.00037 -0.04593
v 0.03635 0.02489 -0.05537
v 0.03544 0.04927 -0.06691
v 0.03275 0.07153 -0.07998
v 0.02842 0.09057 -0.09392
v 0.02266 0.10542 -0.10802
v 0.01577 0.11345 -0.12079
v 0.00809 0.11520 -0.13197
v -0.00000 0.30734 -0.19005
v -0.00000 0.30281 -0.19761
v -0.00000 0.29755 -0.20479
v -0.00000 0.29159 -0.21155
v -0.00000 0.28496 -0.21786
v -0.00000 0.27768 -0.22370
v -0.00000 0.26978 -0.22904
v -0.00000 0.26131 -0.23386
v -0.00000 0.25229 -0.23814
v -0.00000 0.24276 -0.24186
v -0.00000 0.23277 -0.24500
v -0.00000 0.22236 -0.24755
v -0.00000 0.21157 -0.24950
v -0.00000 0.20045 -0.25084
v -0.00000 0.18904 -0.25156
v -0.00000 0.17740 -0.25167
v -0.00000 0.16557 -0.25116
v -0.00000 0.15360 -0.25004
v -0.00000 0.14156 -0.24830
v -0.00000 0.12948 -0.24596
v -0.00000 0.11742 -0.24303
v -0.00000 0.10547 -0.23934
v -0.00000 0.09660 -0.22584
v -0.00000 0.11014 -0.16395
v -0.00000 0.11810 -0.13702
v -0.00000 0.11790 -0.13166
v -0.00000 0.11748 -0.12794
v -0.00000 0.12156 -0.12030
v -0.00000 0.12483 -0.11538
v -0.00000 0.12698 -0.11253
v -0.00000 0.12777 -0.11121
v 0.00991 -0.09878 -0.04472
v 0.01932 -0.08788 -0.04194
v 0.02776 -0.07222 -0.04194
v 0.03481 -0.05257 -0.04472
v 0.04011 -0.02993 -0.05012
v 0.04340 -0.00543 -0.05790
v 0.04452 0.01970 -0.06765
v 0.04340 0.04421 -0.07889
v 0.04011 0.06685 -0.09104
v 0.03481 0.08651 -0.10352
v 0.02776 0.10218 -0.11568
v 0.01932 0.11120 -0.12611
v 0.00991 0.11405 -0.13471
v 0.01105 -0.10013 -0.04790
v 0.02154 -0.09051 -0.04815
v 0.03096 -0.07599 -0.05086
v 0.00064 0.30736 -0.19002
v 0.00127 0.30283 -0.19755
v 0.00190 0.29759 -0.20470
v 0.00252 0.29164 -0.21143
v 0.00313 0.28502 -0.21771
v 0.00373 0.27775 -0.22352
v 0.00431 0.26987 -0.22883
v 0.00487 0.26141 -0.23363
v 0.00541 0.25240 -0.23788
v 0.00593 0.24289 -0.24157
v 0.00642 0.23290 -0.24469
v 0.00689 0.22250 -0.24721
v 0.00732 0.21172 -0.24914
v 0.00773 0.20060 -0.25047
v 0.00810 0.18920 -0.25117
v 0.00843 0.17757 -0.25127
v 0.00874 0.16575 -0.25074
v 0.00900 0.15379 -0.24960
v 0.00922 0.14175 -0.24786
v 0.00941 0.12967 -0.24549
v 0.00953 0.11765 -0.24232
v 0.00964 0.10568 -0.23883
v 0.00946 0.09483 -0.23159
v 0.00601 0.10200 -0.18321
v 0.00369 0.11001 -0.15202
v 0.00285 0.11204 -0.14044
v 0.00213 0.11501 -0.13095
v 0.00147 0.11910 -0.12281
v 0.00102 0.12233 -0.11753
v 0.00075 0.12446 -0.11436
v 0.00062 0.12524 -0.11276
v 0.03882 -0.05730 -0.05589
v 0.04474 -0.03538 -0.06301
v 0.04841 -0.01133 -0.07184
v 0.04965 0.01366 -0.08195
v 0.04841 0.03831 -0.09283
v 0.04474 0.06141 -0.10393
v 0.03882 0.08178 -0.11470
v 0.03096 0.09841 -0.12459
v 0.02154 0.10857 -0.13232
v 0.01105 0.11270 -0.13789
v 0.01144 -0.10157 -0.05132
v 0.02230 -0.09332 -0.05481
v 0.03205 -0.08003 -0.06042
v 0.04019 -0.06237 -0.06789
v 0.04631 -0.04123 -0.07683
v 0.05012 -0.01765 -0.08680
v 0.00127 0.30740 -0.18993
v 0.00253 0.30291 -0.19737
v 0.00379 0.29770 -0.20442
v 0.00502 0.29180 -0.21106
v 0.00624 0.28521 -0.21726
v 0.00743 0.27798 -0.22298
v 0.00858 0.27014 -0.22821
v 0.00970 0.26171 -0.23292
v 0.01078 0.25273 -0.23710
v 0.01181 0.24325 -0.24071
v 0.01279 0.23330 -0.24376
v 0.01372 0.22292 -0.24622
v 0.01459 0.21216 -0.24809
v 0.01540 0.20111 -0.24942
v 0.01618 0.18986 -0.25043
v 0.01685 0.17821 -0.25046
v 0.01741 0.16629 -0.24953
v 0.01791 0.15432 -0.24816
v 0.01804 0.14216 -0.24395
v 0.01793 0.13041 -0.23822
v 0.01789 0.11915 -0.23315
v 0.01809 0.10788 -0.22987
v 0.01854 0.09605 -0.22820
v 0.01906 0.08358 -0.22678
v 0.01178 0.09583 -0.17815
v 0.00826 0.10227 -0.15489
v 0.00601 0.10725 -0.14036
v 0.00446 0.11137 -0.13064
v 0.00340 0.11456 -0.12414
v 0.00271 0.11665 -0.11996
v 0.00233 0.11741 -0.11747
v 0.05141 0.00717 -0.09729
v 0.05012 0.03199 -0.10779
v 0.04631 0.05556 -0.11775
v 0.04019 0.07671 -0.12669
v 0.03205 0.09437 -0.13416
v 0.02230 0.10576 -0.13898
v 0.01144 0.11126 -0.14130
v 0.01105 -0.10301 -0.05473
v 0.02154 -0.09614 -0.06146
v 0.03096 -0.08408 -0.06999
v 0.03882 -0.06744 -0.07989
v 0.04474 -0.04707 -0.09066
v 0.04841 -0.02398 -0.10176
v 0.04965 0.00068 -0.11264
v 0.04841 0.02566 -0.12275
v 0.04474 0.04972 -0.13158
v 0.00189 0.30746 -0.18977
v 0.00378 0.30304 -0.19706
v 0.00564 0.29790 -0.20397
v 0.00749 0.29205 -0.21046
v 0.00930 0.28553 -0.21651
v 0.01107 0.27836 -0.22209
v 0.01279 0.27057 -0.22718
v 0.01446 0.26220 -0.23176
v 0.01607 0.25328 -0.23580
v 0.01761 0.24385 -0.23929
v 0.01907 0.23395 -0.24222
v 0.02045 0.22362 -0.24457
v 0.02182 0.21316 -0.24678
v 0.02334 0.20301 -0.24989
v 0.02476 0.19218 -0.25221
v 0.02582 0.18032 -0.25237
v 0.02646 0.16782 -0.25017
v 0.02618 0.15482 -0.24333
v 0.02532 0.14255 -0.23395
v 0.02439 0.13157 -0.22482
v 0.02385 0.12155 -0.21792
v 0.02408 0.11151 -0.21483
v 0.02514 0.10034 -0.21526
v 0.02667 0.08760 -0.21728
v 0.02806 0.07391 -0.21827
v 0.01963 0.08404 -0.18157
v 0.01429 0.09133 -0.15866
v 0.01104 0.09592 -0.14482
v 0.00886 0.09928 -0.13563
v 0.00739 0.10136 -0.12935
v 0.00645 0.10189 -0.12502
v 0.03882 0.07164 -0.13869
v 0.03096 0.09032 -0.14373
v 0.02154 0.10294 -0.14563
v 0.01105 0.10982 -0.14472
v 0.00991 -0.10436 -0.05792
v 0.01932 -0.09876 -0.06767
v 0.02776 -0.08785 -0.07891
v 0.03481 -0.07217 -0.09107
v 0.04011 -0.05252 -0.10354
v 0.04340 -0.02987 -0.11570
v 0.04452 -0.00537 -0.12694
v 0.04340 0.01977 -0.13669
v 0.04011 0.04427 -0.14446
v 0.03481 0.06691 -0.14987
v 0.02776 0.08655 -0.15264
v 0.01932 0.10032 -0.15184
v 0.00250 0.30755 -0.18956
v 0.00499 0.30322 -0.19664
v 0.00746 0.29816 -0.20334
v 0.00989 0.29241 -0.20962
v 0.01229 0.28597 -0.21547
v 0.01463 0.27888 -0.22085
v 0.01690 0.27118 -0.22575
v 0.01911 0.26288 -0.23014
v 0.02123 0.25404 -0.23400
v 0.02327 0.24468 -0.23732
v 0.02520 0.23485 -0.24008
v 0.02703 0.22460 -0.24230
v 0.02915 0.21510 -0.24588
v 0.03158 0.20579 -0.25061
v 0.03381 0.19533 -0.25418
v 0.03535 0.18326 -0.25461
v 0.03578 0.16989 -0.25048
v 0.03421 0.15581 -0.23891
v 0.03171 0.14325 -0.22464
v 0.02962 0.13283 -0.21275
v 0.02835 0.12382 -0.20442
v 0.02858 0.11484 -0.20144
v 0.03039 0.10431 -0.20346
v 0.03311 0.09159 -0.20783
v 0.03581 0.07725 -0.21143
v 0.03751 0.05986 -0.21017
v 0.03749 0.04240 -0.20269
v 0.02686 0.05785 -0.17118
v 0.02094 0.06607 -0.15347
v 0.01741 0.06986 -0.14246
v 0.01509 0.07124 -0.13473
v 0.00991 0.10847 -0.14790
v 0.00809 -0.10551 -0.06065
v 0.01577 -0.10101 -0.07300
v 0.02266 -0.09108 -0.08656
v 0.02842 -0.07623 -0.10067
v 0.03275 -0.05719 -0.11460
v 0.03544 -0.03493 -0.12767
v 0.03635 -0.01056 -0.13922
v 0.03544 0.01471 -0.14866
v 0.03275 0.03959 -0.15552
v 0.02842 0.06285 -0.15947
v 0.02266 0.08332 -0.16030
v 0.01577 0.09807 -0.15717
v 0.00809 0.10732 -0.15063
v 0.00572 -0.10640 -0.06274
v 0.01115 -0.10274 -0.07708
v 0.00309 0.30766 -0.18929
v 0.00616 0.30345 -0.19610
v 0.00921 0.29850 -0.20253
v 0.01222 0.29286 -0.20855
v 0.01518 0.28653 -0.21414
v 0.01807 0.27955 -0.21927
v 0.02089 0.27195 -0.22392
v 0.02361 0.26376 -0.22807
v 0.02624 0.25501 -0.23171
v 0.02875 0.24574 -0.23481
v 0.03114 0.23600 -0.23737
v 0.03343 0.22591 -0.23950
v 0.03625 0.21695 -0.24360
v 0.03948 0.20810 -0.24887
v 0.04249 0.19794 -0.25297
v 0.04451 0.18583 -0.25352
v 0.04481 0.17203 -0.24853
v 0.04246 0.15748 -0.23580
v 0.03889 0.14461 -0.22039
v 0.03594 0.13418 -0.20772
v 0.03422 0.12532 -0.19918
v 0.03448 0.11657 -0.19619
v 0.03683 0.10624 -0.19841
v 0.04038 0.09364 -0.20299
v 0.04392 0.07930 -0.20681
v 0.04622 0.06179 -0.20586
v 0.04632 0.04411 -0.19865
v 0.04562 0.02789 -0.18983
v 0.04472 0.01216 -0.18067
v 0.04363 -0.00302 -0.17122
v 0.03987 -0.00818 -0.15852
v 0.01603 -0.09357 -0.09244
v 0.02010 -0.07934 -0.10803
v 0.02316 -0.06078 -0.12309
v 0.02506 -0.03881 -0.13686
v 0.02570 -0.01454 -0.14864
v 0.02506 0.01082 -0.15784
v 0.02316 0.03600 -0.16401
v 0.02010 0.05974 -0.16684
v 0.01603 0.08083 -0.16617
v 0.01115 0.09634 -0.16125
v 0.00572 0.10643 -0.15273
v 0.00296 -0.10696 -0.06406
v 0.00577 -0.10383 -0.07965
v 0.00830 -0.09513 -0.09613
v 0.01040 -0.08130 -0.11266
v 0.01199 -0.06304 -0.12843
v 0.00365 0.30780 -0.18897
v 0.00729 0.30372 -0.19545
v 0.01090 0.29891 -0.20156
v 0.01446 0.29340 -0.20727
v 0.01796 0.28721 -0.21254
v 0.02138 0.28036 -0.21737
v 0.02471 0.27288 -0.22172
v 0.02794 0.26481 -0.22559
v 0.03104 0.25618 -0.22894
v 0.03401 0.24702 -0.23178
v 0.03684 0.23739 -0.23409
v 0.03952 0.22733 -0.23588
v 0.04269 0.21816 -0.23914
v 0.04629 0.20918 -0.24349
v 0.04963 0.19900 -0.24671
v 0.05192 0.18705 -0.24682
v 0.05273 0.17382 -0.24307
v 0.05096 0.15974 -0.23312
v 0.04784 0.14683 -0.22061
v 0.04532 0.13590 -0.21031
v 0.04390 0.12624 -0.20303
v 0.04430 0.11672 -0.19991
v 0.04662 0.10605 -0.20063
v 0.05006 0.09358 -0.20311
v 0.05314 0.08005 -0.20435
v 0.05453 0.06408 -0.20073
v 0.05385 0.04784 -0.19233
v 0.05301 0.03192 -0.18370
v 0.05224 0.01578 -0.17513
v 0.05137 -0.00036 -0.16634
v 0.05011 -0.01567 -0.15704
v 0.01297 -0.04126 -0.14263
v 0.01330 -0.01704 -0.15456
v 0.01297 0.00838 -0.16362
v 0.01199 0.03375 -0.16935
v 0.01040 0.05778 -0.17147
v 0.00830 0.07927 -0.16987
v 0.00577 0.09525 -0.16382
v 0.00296 0.10587 -0.15404
v -0.00000 -0.10715 -0.06451
v -0.00000 -0.10420 -0.08053
v 0.00000 -0.09566 -0.09739
v -0.00000 -0.08197 -0.11424
v 0.00000 -0.06381 -0.13025
v 0.00000 -0.04209 -0.14460
v 0.00000 -0.01790 -0.15658
v 0.00000 0.00755 -0.16559
v 0.00419 0.30796 -0.18859
v 0.00837 0.30404 -0.19470
v 0.01250 0.29939 -0.20043
v 0.01659 0.29404 -0.20577
v 0.02060 0.28799 -0.21068
v 0.02453 0.28129 -0.21515
v 0.02835 0.27396 -0.21916
v 0.03205 0.26603 -0.22269
v 0.03561 0.25754 -0.22573
v 0.03902 0.24851 -0.22826
v 0.04226 0.23900 -0.23027
v 0.04532 0.22904 -0.23175
v 0.04842 0.21907 -0.23330
v 0.05191 0.20947 -0.23573
v 0.05515 0.19907 -0.23736
v 0.05754 0.18745 -0.23689
v 0.05891 0.17503 -0.23420
v 0.05921 0.16232 -0.22938
v 0.05829 0.14985 -0.22239
v 0.05723 0.13826 -0.21552
v 0.05665 0.12742 -0.20986
v 0.05727 0.11671 -0.20648
v 0.05909 0.10536 -0.20508
v 0.06080 0.09352 -0.20326
v 0.06143 0.08198 -0.19955
v 0.06034 0.06915 -0.19210
v 0.05896 0.05440 -0.18329
v 0.05807 0.03912 -0.17517
v 0.05764 0.02281 -0.16747
v 0.05737 0.00559 -0.15970
v 0.05682 -0.01168 -0.15137
v 0.00000 0.03298 -0.17117
v -0.00000 0.05711 -0.17305
v 0.00000 0.07874 -0.17113
v -0.00000 0.09488 -0.16470
v -0.00000 0.10568 -0.15449
v -0.00296 -0.10696 -0.06406
v -0.00577 -0.10383 -0.07965
v -0.00830 -0.09513 -0.09613
v -0.01040 -0.08130 -0.11266
v -0.01199 -0.06304 -0.12843
v -0.01297 -0.04126 -0.14263
v -0.01330 -0.01704 -0.15456
v -0.01297 0.00838 -0.16362
v -0.01199 0.03375 -0.16935
v -0.01040 0.05778 -0.17147
v -0.00830 0.07927 -0.16987
v 0.00470 0.30814 -0.18816
v 0.00938 0.30440 -0.19384
v 0.01401 0.29993 -0.19915
v 0.01859 0.29475 -0.20407
v 0.02309 0.28889 -0.20857
v 0.02749 0.28235 -0.21264
v 0.03177 0.27519 -0.21626
v 0.03592 0.26742 -0.21941
v 0.03991 0.25908 -0.22208
v 0.04373 0.25020 -0.22426
v 0.04736 0.24083 -0.22594
v 0.05079 0.23100 -0.22711
v 0.05401 0.22075 -0.22777
v 0.05708 0.21026 -0.22811
v 0.06006 0.19955 -0.22820
v 0.06255 0.18827 -0.22730
v 0.06453 0.17659 -0.22544
v 0.06636 0.16489 -0.22334
v 0.06796 0.15311 -0.22083
v 0.06872 0.14121 -0.21699
v 0.06925 0.12948 -0.21285
v 0.07003 0.11782 -0.20914
v 0.07045 0.10625 -0.20489
v 0.06936 0.09547 -0.19864
v 0.06695 0.08600 -0.19090
v 0.06449 0.07504 -0.18244
v 0.06263 0.06140 -0.17379
v 0.06175 0.04678 -0.16623
v 0.06176 0.03043 -0.15935
v 0.06221 0.01243 -0.15243
v 0.06243 -0.00626 -0.14488
v 0.06178 -0.02394 -0.13639
v 0.05973 -0.03846 -0.12706
v -0.00577 0.09525 -0.16382
v -0.00296 0.10587 -0.15404
v -0.00572 -0.10640 -0.06274
v -0.01115 -0.10274 -0.07708
v -0.01603 -0.09357 -0.09244
v -0.02010 -0.07934 -0.10803
v -0.02316 -0.06078 -0.12309
v -0.02506 -0.03881 -0.13686
v -0.02570 -0.01454 -0.14864
v -0.02506 0.01082 -0.15784
v -0.02316 0.03600 -0.16401
v -0.02010 0.05974 -0.16684
v -0.01603 0.08083 -0.16617
v -0.01115 0.09634 -0.16125
v 0.00517 0.30835 -0.18768
v 0.01031 0.30481 -0.19289
v 0.01542 0.30053 -0.19773
v 0.02045 0.29555 -0.20219
v 0.02540 0.28987 -0.20623
v 0.03024 0.28353 -0.20986
v 0.03495 0.27655 -0.21304
v 0.03951 0.26896 -0.21577
v 0.04390 0.26079 -0.21804
v 0.04810 0.25208 -0.21983
v 0.05210 0.24286 -0.22114
v 0.05588 0.23318 -0.22197
v 0.05941 0.22307 -0.22230
v 0.06269 0.21258 -0.22214
v 0.06570 0.20176 -0.22149
v 0.06843 0.19064 -0.22034
v 0.07087 0.17929 -0.21872
v 0.07300 0.16774 -0.21662
v 0.07483 0.15604 -0.21404
v 0.07633 0.14425 -0.21102
v 0.07750 0.13242 -0.20754
v 0.07832 0.12060 -0.20361
v 0.07756 0.10925 -0.19782
v 0.07515 0.09898 -0.19034
v 0.07194 0.08992 -0.18233
v 0.06881 0.07973 -0.17395
v 0.06656 0.06674 -0.16552
v 0.06567 0.05251 -0.15835
v 0.06605 0.03612 -0.15191
v 0.06702 0.01772 -0.14540
v 0.06779 -0.00168 -0.13819
v 0.06756 -0.02033 -0.13001
v 0.06570 -0.03590 -0.12100
v 0.06269 -0.04862 -0.11170
v 0.05941 -0.06052 -0.10240
v -0.00572 0.10643 -0.15273
v -0.00809 -0.10551 -0.06065
v -0.01577 -0.10101 -0.07300
v -0.02266 -0.09108 -0.08656
v -0.02842 -0.07623 -0.10067
v -0.03275 -0.05719 -0.11460
v -0.03544 -0.03493 -0.12767
v -0.03635 -0.01056 -0.13922
v -0.03544 0.01471 -0.14866
v -0.03275 0.03959 -0.15552
v -0.02842 0.06285 -0.15947
v -0.02266 0.08332 -0.16030
v 0.00560 0.30857 -0.18716
v 0.01117 0.30524 -0.19185
v 0.01670 0.30119 -0.19618
v 0.02216 0.29642 -0.20013
v 0.02752 0.29095 -0.20368
v 0.03276 0.28482 -0.20682
v 0.03786 0.27804 -0.20953
v 0.04280 0.27064 -0.21180
v 0.04756 0.26265 -0.21363
v 0.05211 0.25412 -0.21500
v 0.05644 0.24507 -0.21590
v 0.06053 0.23555 -0.21635
v 0.06436 0.22559 -0.21633
v 0.06792 0.21524 -0.21583
v 0.07118 0.20455 -0.21488
v 0.07414 0.19355 -0.21346
v 0.07678 0.18230 -0.21159
v 0.07909 0.17084 -0.20928
v 0.08106 0.15922 -0.20652
v 0.08269 0.14750 -0.20334
v 0.08396 0.13572 -0.19975
v 0.08486 0.12393 -0.19575
v 0.08414 0.11251 -0.19014
v 0.08163 0.10209 -0.18298
v 0.07824 0.09282 -0.17536
v 0.07492 0.08236 -0.16731
v 0.07252 0.06915 -0.15910
v 0.07155 0.05481 -0.15197
v 0.07188 0.03845 -0.14543
v 0.07286 0.02015 -0.13875
v 0.07359 0.00090 -0.13142
v 0.07327 -0.01762 -0.12323
v 0.07118 -0.03311 -0.11440
v 0.06792 -0.04596 -0.10540
v 0.06436 -0.05800 -0.09643
v 0.06053 -0.06918 -0.08751
v -0.01577 0.09807 -0.15717
v -0.00809 0.10732 -0.15063
v -0.00991 -0.10436 -0.05792
v -0.01932 -0.09876 -0.06767
v -0.02776 -0.08785 -0.07891
v -0.03481 -0.07217 -0.09107
v -0.04011 -0.05252 -0.10354
v -0.04340 -0.02987 -0.11570
v -0.04452 -0.00537 -0.12694
v -0.04340 0.01977 -0.13669
v -0.04011 0.04427 -0.14446
v 0.00599 0.30880 -0.18660
v 0.01195 0.30572 -0.19074
v 0.01786 0.30189 -0.19451
v 0.02369 0.29735 -0.19792
v 0.02942 0.29212 -0.20093
v 0.03503 0.28620 -0.20355
v 0.04049 0.27963 -0.20575
v 0.04577 0.27244 -0.20753
v 0.05086 0.26466 -0.20888
v 0.05573 0.25632 -0.20979
v 0.06036 0.24746 -0.21027
v 0.06473 0.23811 -0.21030
v 0.06882 0.22831 -0.20990
v 0.07262 0.21811 -0.20905
v 0.07611 0.20755 -0.20777
v 0.07928 0.19668 -0.20606
v 0.08210 0.18554 -0.20393
v 0.08457 0.17418 -0.20138
v 0.08668 0.16264 -0.19843
v 0.08842 0.15099 -0.19509
v 0.08978 0.13926 -0.19137
v 0.09076 0.12751 -0.18729
v 0.09079 0.11590 -0.18241
v 0.08896 0.10499 -0.17613
v 0.08610 0.09501 -0.16930
v 0.08315 0.08337 -0.16169
v 0.08088 0.06920 -0.15362
v 0.07971 0.05429 -0.14626
v 0.07958 0.03793 -0.13922
v 0.07993 0.02014 -0.13201
v 0.07997 0.00177 -0.12428
v 0.07889 -0.01562 -0.11595
v 0.07611 -0.03011 -0.10729
v 0.07262 -0.04309 -0.09862
v 0.06882 -0.05528 -0.09000
v 0.06473 -0.06662 -0.08147
v 0.06036 -0.07707 -0.07306
v -0.03481 0.06691 -0.14987
v -0.02776 0.08655 -0.15264
v -0.01932 0.10032 -0.15184
v -0.00991 0.10847 -0.14790
v -0.01105 -0.10301 -0.05473
v -0.02154 -0.09614 -0.06146
v -0.03096 -0.08408 -0.06999
v -0.03882 -0.06744 -0.07989
v -0.04474 -0.04707 -0.09066
v -0.04841 -0.02398 -0.10176
v 0.00633 0.30905 -0.18601
v 0.01263 0.30622 -0.18955
v 0.01888 0.30264 -0.19274
v 0.02505 0.29835 -0.19557
v 0.03111 0.29335 -0.19801
v 0.03704 0.28767 -0.20007
v 0.04280 0.28133 -0.20173
v 0.04839 0.27437 -0.20298
v 0.05377 0.26680 -0.20383
v 0.05892 0.25866 -0.20426
v 0.06381 0.24999 -0.20428
v 0.06843 0.24082 -0.20388
v 0.07276 0.23120 -0.20307
v 0.07678 0.22116 -0.20184
v 0.08047 0.21075 -0.20022
v 0.08381 0.20001 -0.19819
v 0.08680 0.18899 -0.19578
v 0.08941 0.17773 -0.19298
v 0.09164 0.16628 -0.18982
v 0.09348 0.15470 -0.18631
v 0.09492 0.14303 -0.18245
v 0.09595 0.13132 -0.17828
v 0.09657 0.11962 -0.17380
v 0.09612 0.10817 -0.16862
v 0.09439 0.09732 -0.16273
v 0.09222 0.08414 -0.15553
v 0.09026 0.06872 -0.14753
v 0.08888 0.05301 -0.13985
v 0.08804 0.03657 -0.13227
v 0.08735 0.01948 -0.12453
v 0.08618 0.00247 -0.11645
v 0.08381 -0.01306 -0.10811
v 0.08047 -0.02691 -0.09973
v 0.07678 -0.04004 -0.09141
v 0.07276 -0.05239 -0.08317
v 0.06843 -0.06391 -0.07504
v 0.06381 -0.07454 -0.06707
v 0.05892 -0.08424 -0.05928
v -0.04965 0.00068 -0.11264
v -0.04841 0.02566 -0.12275
v -0.04474 0.04972 -0.13158
v -0.03882 0.07164 -0.13869
v -0.03096 0.09032 -0.14373
v -0.02154 0.10294 -0.14563
v -0.01105 0.10982 -0.14472
v -0.01144 -0.10157 -0.05132
v -0.02230 -0.09332 -0.05481
v 0.00662 0.30932 -0.18539
v 0.01322 0.30674 -0.18830
v 0.01976 0.30343 -0.19088
v 0.02621 0.29939 -0.19309
v 0.03256 0.29465 -0.19494
v 0.03876 0.28922 -0.19641
v 0.04480 0.28312 -0.19750
v 0.05064 0.27639 -0.19820
v 0.05627 0.26904 -0.19852
v 0.06166 0.26112 -0.19844
v 0.06678 0.25265 -0.19797
v 0.07162 0.24368 -0.19712
v 0.07615 0.23424 -0.19588
v 0.08035 0.22437 -0.19426
v 0.08421 0.21411 -0.19227
v 0.08771 0.20351 -0.18991
v 0.09084 0.19261 -0.18720
v 0.09357 0.18146 -0.18415
v 0.09591 0.17011 -0.18077
v 0.09783 0.15860 -0.17707
v 0.09933 0.14699 -0.17308
v 0.10041 0.13533 -0.16880
v 0.10106 0.12366 -0.16426
v 0.10128 0.11203 -0.15948
v 0.10098 0.10053 -0.15444
v 0.09989 0.08609 -0.14767
v 0.09841 0.06956 -0.13978
v 0.09688 0.05316 -0.13192
v 0.09531 0.03674 -0.12402
v 0.09343 0.02050 -0.11601
v 0.09084 0.00509 -0.10792
v 0.08771 -0.00956 -0.09983
v 0.08421 -0.02355 -0.09179
v 0.08035 -0.03684 -0.08383
v 0.07615 -0.04935 -0.07598
v 0.07162 -0.06105 -0.06828
v 0.06678 -0.07187 -0.06077
v 0.06166 -0.08178 -0.05346
v -0.03205 -0.08003 -0.06042
v -0.04019 -0.06237 -0.06789
v -0.04631 -0.04123 -0.07683
v -0.05012 -0.01765 -0.08680
v -0.05141 0.00717 -0.09729
v -0.05012 0.03199 -0.10779
v -0.04631 0.05556 -0.11775
v -0.04019 0.07671 -0.12669
v -0.03205 0.09437 -0.13416
v 0.00687 0.30959 -0.18473
v 0.01371 0.30729 -0.18701
v 0.02049 0.30425 -0.18893
v 0.02718 0.30048 -0.19051
v 0.03375 0.29600 -0.19174
v 0.04019 0.29083 -0.19260
v 0.04645 0.28498 -0.19310
v 0.05251 0.27849 -0.19323
v 0.05834 0.27138 -0.19299
v 0.06393 0.26368 -0.19238
v 0.06924 0.25543 -0.19141
v 0.07425 0.24666 -0.19008
v 0.07895 0.23740 -0.18839
v 0.08331 0.22771 -0.18636
v 0.08731 0.21761 -0.18399
v 0.09094 0.20715 -0.18129
v 0.09418 0.19638 -0.17827
v 0.09702 0.18535 -0.17495
v 0.09944 0.17410 -0.17134
v 0.10143 0.16267 -0.16746
v 0.10299 0.15112 -0.16332
v 0.10411 0.13950 -0.15893
v 0.10479 0.12786 -0.15433
v 0.10501 0.11624 -0.14953
v 0.10479 0.10470 -0.14454
v 0.10411 0.08997 -0.13799
v 0.10299 0.07301 -0.13029
v 0.10143 0.05635 -0.12251
v 0.09944 0.04006 -0.11468
v 0.09702 0.02421 -0.10683
v 0.09418 0.00886 -0.09899
v 0.09094 -0.00591 -0.09121
v 0.08731 -0.02005 -0.08351
v 0.08331 -0.03350 -0.07593
v 0.07895 -0.04619 -0.06849
v 0.07425 -0.05807 -0.06124
v 0.06924 -0.06910 -0.05420
v 0.06393 -0.07922 -0.04740
v 0.05834 -0.08839 -0.04088
v -0.02230 0.10576 -0.13898
v -0.01144 0.11126 -0.14130
v -0.01105 -0.10013 -0.04790
v -0.02154 -0.09051 -0.04815
v -0.03096 -0.07599 -0.05086
v -0.03882 -0.05730 -0.05589
v -0.04474 -0.03538 -0.06301
v -0.04841 -0.01133 -0.07184
v 0.00706 0.30988 -0.18406
v 0.01409 0.30786 -0.18566
v 0.02106 0.30510 -0.18693
v 0.02794 0.30161 -0.18786
v 0.03470 0.29740 -0.18844
v 0.04131 0.29249 -0.18867
v 0.04774 0.28690 -0.18855
v 0.05397 0.28066 -0.18809
v 0.05997 0.27379 -0.18728
v 0.06571 0.26633 -0.18612
v 0.07117 0.25829 -0.18463
v 0.07633 0.24973 -0.18281
v 0.08116 0.24067 -0.18067
v 0.08564 0.23115 -0.17821
v 0.08975 0.22122 -0.17545
v 0.09348 0.21092 -0.17239
v 0.09681 0.20028 -0.16906
v 0.09973 0.18936 -0.16546
v 0.10221 0.17821 -0.16161
v 0.10427 0.16687 -0.15753
v 0.10587 0.15538 -0.15324
v 0.10702 0.14381 -0.14875
v 0.10771 0.13219 -0.14408
v 0.10794 0.12059 -0.13925
v 0.10771 0.10904 -0.13429
v 0.10702 0.09427 -0.12780
v 0.10587 0.07727 -0.12021
v 0.10427 0.06055 -0.11258
v 0.10221 0.04418 -0.10494
v 0.09973 0.02822 -0.09733
v 0.09681 0.01276 -0.08978
v 0.09348 -0.00215 -0.08231
v 0.08975 -0.01644 -0.07497
v 0.08564 -0.03005 -0.06777
v 0.08116 -0.04292 -0.06077
v 0.07633 -0.05500 -0.05398
v 0.07117 -0.06623 -0.04743
v 0.06571 -0.07657 -0.04115
v 0.05997 -0.08598 -0.03517
v -0.04965 0.01366 -0.08195
v -0.04841 0.03831 -0.09283
v -0.04474 0.06141 -0.10393
v -0.03882 0.08178 -0.11470
v -0.03096 0.09841 -0.12459
v -0.02154 0.10857 -0.13232
v -0.01105 0.11270 -0.13789
v -0.00991 -0.09878 -0.04472
v 0.00720 0.31017 -0.18337
v 0.01436 0.30844 -0.18429
v 0.02147 0.30597 -0.18488
v 0.02848 0.30276 -0.18513
v 0.03538 0.29883 -0.18505
v 0.04212 0.29419 -0.18464
v 0.04868 0.28887 -0.18390
v 0.05503 0.28289 -0.18283
v 0.06114 0.27627 -0.18143
v 0.06700 0.26903 -0.17972
v 0.07256 0.26123 -0.17770
v 0.07782 0.25287 -0.17537
v 0.08274 0.24401 -0.17276
v 0.08731 0.23468 -0.16986
v 0.09151 0.22492 -0.16670
v 0.09531 0.21477 -0.16328
v 0.09870 0.20427 -0.15962
v 0.10168 0.19347 -0.15574
v 0.10421 0.18242 -0.15165
v 0.10630 0.17116 -0.14737
v 0.10794 0.15975 -0.14292
v 0.10911 0.14822 -0.13832
v 0.10982 0.13663 -0.13358
v 0.11005 0.12503 -0.12873
v 0.10982 0.11347 -0.12379
v 0.10911 0.09868 -0.11737
v 0.10794 0.08163 -0.10989
v 0.10630 0.06484 -0.10242
v 0.10421 0.04839 -0.09498
v 0.10168 0.03233 -0.08761
v 0.09870 0.01675 -0.08034
v 0.09531 0.00170 -0.07320
v 0.09151 -0.01274 -0.06622
v 0.08731 -0.02652 -0.05943
v 0.08274 -0.03958 -0.05286
v 0.07782 -0.05185 -0.04654
v 0.07256 -0.06330 -0.04049
v 0.06700 -0.07387 -0.03474
v 0.06114 -0.08351 -0.02932
v -0.01932 -0.08788 -0.04194
v -0.02776 -0.07222 -0.04194
v -0.03481 -0.05257 -0.04471
v -0.04011 -0.02993 -0.05012
v -0.04340 -0.00543 -0.05790
v -0.04452 0.01970 -0.06765
v -0.04340 0.04421 -0.07889
v -0.04011 0.06685 -0.09104
v 0.00728 0.31046 -0.18268
v 0.01453 0.30903 -0.18290
v 0.02172 0.30685 -0.18279
v 0.02881 0.30393 -0.18237
v 0.03578 0.30028 -0.18162
v 0.04260 0.29592 -0.18055
v 0.04924 0.29087 -0.17917
v 0.05566 0.28514 -0.17749
v 0.06185 0.27877 -0.17550
v 0.06777 0.27178 -0.17322
v 0.07340 0.26420 -0.17065
v 0.07872 0.25607 -0.16782
v 0.08370 0.24741 -0.16473
v 0.08832 0.23826 -0.16139
v 0.09256 0.22867 -0.15782
v 0.09641 0.21868 -0.15403
v 0.09985 0.20832 -0.15004
v 0.10285 0.19765 -0.14587
v 0.10542 0.18670 -0.14153
v 0.10753 0.17553 -0.13705
v 0.10919 0.16418 -0.13244
v 0.11037 0.15270 -0.12772
v 0.11109 0.14114 -0.12292
v 0.11133 0.12955 -0.11805
v 0.11109 0.11798 -0.11313
v 0.11037 0.10316 -0.10678
v 0.10919 0.08606 -0.09942
v 0.10753 0.06921 -0.09210
v 0.10542 0.05266 -0.08487
v 0.10285 0.03651 -0.07774
v 0.09985 0.02080 -0.07076
v 0.09641 0.00561 -0.06395
v 0.09256 -0.00899 -0.05734
v 0.08832 -0.02294 -0.05095
v 0.08370 -0.03618 -0.04483
v 0.07872 -0.04866 -0.03898
v 0.07340 -0.06032 -0.03345
v 0.06777 -0.07112 -0.02824
v 0.06185 -0.08100 -0.02339
v -0.03481 0.08651 -0.10352
v -0.02776 0.10218 -0.11568
v -0.01932 0.11120 -0.12611
v -0.00991 0.11405 -0.13471
v -0.00809 -0.09763 -0.04199
v -0.01577 -0.08563 -0.03662
v -0.02266 -0.06898 -0.03429
v -0.02842 -0.04852 -0.03512
v 0.00731 0.31076 -0.18197
v 0.01459 0.30962 -0.18149
v 0.02180 0.30774 -0.18069
v 0.02892 0.30511 -0.17958
v 0.03592 0.30174 -0.17816
v 0.04277 0.29766 -0.17643
v 0.04943 0.29288 -0.17441
v 0.05588 0.28742 -0.17210
v 0.06209 0.28130 -0.16952
v 0.06803 0.27455 -0.16666
v 0.07368 0.26721 -0.16356
v 0.07902 0.25929 -0.16021
v 0.08402 0.25083 -0.15663
v 0.08866 0.24188 -0.15285
v 0.09292 0.23246 -0.14887
v 0.09678 0.22262 -0.14471
v 0.10023 0.21240 -0.14039
v 0.10324 0.20185 -0.13592
v 0.10582 0.19101 -0.13134
v 0.10794 0.17992 -0.12665
v 0.10960 0.16864 -0.12188
v 0.11079 0.15721 -0.11705
v 0.11151 0.14568 -0.11218
v 0.11175 0.13410 -0.10728
v 0.11151 0.12252 -0.10239
v 0.11079 0.10767 -0.09611
v 0.10960 0.09053 -0.08886
v 0.10794 0.07360 -0.08170
v 0.10582 0.05697 -0.07467
v 0.10324 0.04071 -0.06780
v 0.10023 0.02488 -0.06110
v 0.09678 0.00956 -0.05462
v 0.09292 -0.00520 -0.04839
v 0.08866 -0.01933 -0.04241
v 0.08402 -0.03276 -0.03673
v 0.07902 -0.04544 -0.03137
v 0.07368 -0.05732 -0.02635
v 0.06803 -0.06835 -0.02169
v 0.06209 -0.07847 -0.01741
v -0.03275 -0.02526 -0.03906
v -0.03544 -0.00037 -0.04593
v -0.03635 0.02489 -0.05537
v -0.03544 0.04927 -0.06691
v -0.03275 0.07153 -0.07998
v -0.02842 0.09057 -0.09392
v -0.02266 0.10542 -0.10802
v -0.01577 0.11345 -0.12079
v 0.00728 0.31106 -0.18127
v 0.01453 0.31022 -0.18009
v 0.02172 0.30863 -0.17859
v 0.02881 0.30628 -0.17679
v 0.03578 0.30321 -0.17470
v 0.04260 0.29941 -0.17231
v 0.04924 0.29489 -0.16965
v 0.05566 0.28970 -0.16672
v 0.06185 0.28383 -0.16354
v 0.06777 0.27733 -0.16011
v 0.07340 0.27021 -0.15646
v 0.07872 0.26250 -0.15260
v 0.08370 0.25425 -0.14854
v 0.08832 0.24549 -0.14431
v 0.09256 0.23624 -0.13991
v 0.09641 0.22656 -0.13538
v 0.09985 0.21649 -0.13073
v 0.10285 0.20606 -0.12598
v 0.10542 0.19532 -0.12115
v 0.10753 0.18432 -0.11626
v 0.10919 0.17310 -0.11133
v 0.11037 0.16172 -0.10638
v 0.11109 0.15022 -0.10143
v 0.11133 0.13865 -0.09652
v 0.11109 0.12706 -0.09164
v 0.11037 0.11219 -0.08543
v 0.10919 0.09499 -0.07830
v 0.10753 0.07800 -0.07130
v 0.10542 0.06128 -0.06448
v 0.10285 0.04492 -0.05785
v 0.09985 0.02896 -0.05145
v 0.09641 0.01350 -0.04530
v 0.09256 -0.00142 -0.03943
v 0.08832 -0.01572 -0.03387
v 0.08370 -0.02934 -0.02864
v 0.07872 -0.04222 -0.02376
v 0.07340 -0.05432 -0.01925
v 0.06777 -0.06558 -0.01513
v 0.06185 -0.07594 -0.01143
v -0.00809 0.11520 -0.13197
v -0.00572 -0.09674 -0.03989
v -0.01115 -0.08390 -0.03253
v -0.01603 -0.06650 -0.02841
v -0.02010 -0.04540 -0.02775
v -0.02316 -0.02167 -0.03057
v -0.02506 0.00351 -0.03674
v -0.02570 0.02888 -0.04595
v 0.00720 0.31135 -0.18057
v 0.01436 0.31081 -0.17869
v 0.02147 0.30951 -0.17651
v 0.02848 0.30745 -0.17403
v 0.03538 0.30466 -0.17126
v 0.04212 0.30113 -0.16823
v 0.04868 0.29689 -0.16493
v 0.05503 0.29195 -0.16138
v 0.06114 0.28634 -0.15760
v 0.06700 0.28008 -0.15361
v 0.07256 0.27318 -0.14941
v 0.07782 0.26570 -0.14504
v 0.08274 0.25765 -0.14051
v 0.08731 0.24907 -0.13583
v 0.09151 0.24000 -0.13103
v 0.09531 0.23047 -0.12613
v 0.09870 0.22054 -0.12115
v 0.10168 0.21023 -0.11611
v 0.10421 0.19960 -0.11103
v 0.10630 0.18868 -0.10594
v 0.10794 0.17753 -0.10085
v 0.10911 0.16620 -0.09579
v 0.10982 0.15473 -0.09077
v 0.11005 0.14317 -0.08583
v 0.10982 0.13157 -0.08098
v 0.10911 0.11666 -0.07484
v 0.10794 0.09942 -0.06782
v 0.10630 0.08236 -0.06099
v 0.10421 0.06556 -0.05436
v 0.10168 0.04909 -0.04798
v 0.09870 0.03302 -0.04187
v 0.09531 0.01741 -0.03605
v 0.09151 0.00234 -0.03055
v 0.08731 -0.01213 -0.02540
v 0.08274 -0.02594 -0.02061
v 0.07782 -0.03903 -0.01620
v 0.07256 -0.05134 -0.01221
v 0.06700 -0.06283 -0.00863
v 0.06114 -0.07343 -0.00549
v 0.05503 -0.08311 -0.00280
v 0.04868 -0.09183 -0.00058
v -0.02506 0.05315 -0.05773
v -0.02316 0.07512 -0.07149
v -0.02010 0.09368 -0.08655
v -0.01603 0.10790 -0.10215
v -0.01115 0.11518 -0.11670
v -0.00572 0.11609 -0.12988
v 0.00706 0.31164 -0.17988
v 0.01409 0.31139 -0.17732
v 0.02106 0.31037 -0.17446
v 0.02794 0.30861 -0.17131
v 0.03470 0.30609 -0.16788
v 0.04131 0.30284 -0.16420
v 0.04774 0.29886 -0.16027
v 0.05397 0.29418 -0.15612
v 0.05997 0.28881 -0.15176
v 0.06571 0.28278 -0.14720
v 0.07117 0.27612 -0.14248
v 0.07633 0.26884 -0.13760
v 0.08116 0.26099 -0.13260
v 0.08564 0.25260 -0.12749
v 0.08975 0.24370 -0.12229
v 0.09348 0.23433 -0.11702
v 0.09681 0.22453 -0.11172
v 0.09973 0.21434 -0.10639
v 0.10221 0.20381 -0.10107
v 0.10427 0.19298 -0.09577
v 0.10587 0.18190 -0.09053
v 0.10702 0.17061 -0.08536
v 0.10771 0.15917 -0.08028
v 0.10794 0.14762 -0.07531
v 0.10771 0.13601 -0.07049
v 0.10702 0.12107 -0.06441
v 0.10587 0.10378 -0.05750
v 0.10427 0.08666 -0.05082
v 0.10221 0.06977 -0.04440
v 0.09973 0.05320 -0.03826
v 0.09681 0.03700 -0.03243
v 0.09348 0.02126 -0.02694
v 0.08975 0.00604 -0.02180
v 0.08564 -0.00860 -0.01705
v 0.08116 -0.02260 -0.01270
v 0.07633 -0.03589 -0.00877
v 0.07117 -0.04841 -0.00527
v 0.06571 -0.06012 -0.00223
v 0.05997 -0.07096 0.00035
v 0.05397 -0.08089 0.00246
v 0.04774 -0.08986 0.00407
v 0.04131 -0.09784 0.00520
v 0.03470 -0.10478 0.00583
v -0.00296 -0.09618 -0.03858
v -0.00577 -0.08282 -0.02996
v -0.00830 -0.06494 -0.02472
v -0.01040 -0.04344 -0.02312
v 0.00687 0.31193 -0.17921
v 0.01371 0.31196 -0.17598
v 0.02049 0.31122 -0.17245
v 0.02718 0.30973 -0.16865
v 0.03375 0.30749 -0.16458
v 0.04019 0.30450 -0.16027
v 0.04645 0.30078 -0.15573
v 0.05251 0.29635 -0.15098
v 0.05834 0.29123 -0.14605
v 0.06393 0.28543 -0.14095
v 0.06924 0.27898 -0.13570
v 0.07425 0.27192 -0.13034
v 0.07895 0.26426 -0.12487
v 0.08331 0.25604 -0.11933
v 0.08731 0.24731 -0.11374
v 0.09094 0.23809 -0.10812
v 0.09418 0.22842 -0.10250
v 0.09702 0.21835 -0.09690
v 0.09944 0.20792 -0.09134
v 0.10143 0.19717 -0.08585
v 0.10299 0.18616 -0.08045
v 0.10411 0.17492 -0.07517
v 0.10479 0.16350 -0.07002
v 0.10501 0.15196 -0.06504
v 0.10479 0.14034 -0.06023
v 0.10411 0.12538 -0.05422
v 0.10299 0.10805 -0.04743
v 0.10143 0.09086 -0.04090
v 0.09944 0.07389 -0.03467
v 0.09702 0.05721 -0.02877
v 0.09418 0.04090 -0.02322
v 0.09094 0.02502 -0.01804
v 0.08731 0.00965 -0.01326
v 0.08331 -0.00516 -0.00890
v 0.07895 -0.01933 -0.00497
v 0.07425 -0.03281 -0.00150
v 0.06924 -0.04555 0.00151
v 0.06393 -0.05747 0.00403
v 0.05834 -0.06854 0.00606
v 0.05251 -0.07871 0.00759
v 0.04645 -0.08794 0.00862
v 0.04019 -0.09617 0.00913
v 0.03375 -0.10339 0.00913
v 0.02718 -0.10955 0.00862
v -0.01199 -0.01941 -0.02524
v -0.01297 0.00595 -0.03097
v -0.01330 0.03138 -0.04003
v 0.00662 0.31220 -0.17856
v 0.01322 0.31251 -0.17468
v 0.01976 0.31204 -0.17051
v 0.02621 0.31082 -0.16607
v 0.03256 0.30884 -0.16138
v 0.03876 0.30611 -0.15646
v 0.04480 0.30264 -0.15132
v 0.05064 0.29846 -0.14600
v 0.05627 0.29356 -0.14052
v 0.06166 0.28799 -0.13489
v 0.06678 0.28176 -0.12914
v 0.07162 0.27489 -0.12330
v 0.07615 0.26742 -0.11739
v 0.08035 0.25938 -0.11143
v 0.08421 0.25081 -0.10546
v 0.08771 0.24173 -0.09950
v 0.09084 0.23220 -0.09357
v 0.09357 0.22224 -0.08770
v 0.09591 0.21191 -0.08191
v 0.09783 0.20124 -0.07623
v 0.09933 0.19028 -0.07069
v 0.10041 0.17909 -0.06530
v 0.10106 0.16770 -0.06009
v 0.10128 0.15617 -0.05508
v 0.10106 0.14454 -0.05030
v 0.10041 0.12955 -0.04435
v 0.09933 0.11217 -0.03766
v 0.09783 0.09492 -0.03128
v 0.09591 0.07787 -0.02524
v 0.09357 0.06110 -0.01957
v 0.09084 0.04468 -0.01429
v 0.08771 0.02867 -0.00942
v 0.08421 0.01315 -0.00498
v 0.08035 -0.00182 -0.00100
v 0.07615 -0.01617 0.00251
v 0.07162 -0.02984 0.00554
v 0.06678 -0.04277 0.00807
v 0.06166 -0.05491 0.01009
v 0.05627 -0.06621 0.01159
v 0.05064 -0.07661 0.01257
v 0.04480 -0.08608 0.01302
v 0.03876 -0.09456 0.01294
v 0.03256 -0.10204 0.01233
v 0.02621 -0.10846 0.01120
v 0.01976 -0.11381 0.00954
v -0.01297 0.05559 -0.05195
v -0.01199 0.07738 -0.06616
v 0.00633 0.31247 -0.17793
v 0.01263 0.31303 -0.17343
v 0.01888 0.31283 -0.16864
v 0.02505 0.31186 -0.16360
v 0.03111 0.31014 -0.15831
v 0.03704 0.30766 -0.15280
v 0.04280 0.30443 -0.14710
v 0.04839 0.30048 -0.14122
v 0.05377 0.29581 -0.13521
v 0.05892 0.29045 -0.12907
v 0.06381 0.28442 -0.12284
v 0.06843 0.27775 -0.11654
v 0.07276 0.27046 -0.11020
v 0.07678 0.26259 -0.10385
v 0.08047 0.25417 -0.09752
v 0.08381 0.24523 -0.09122
v 0.08680 0.23582 -0.08500
v 0.08941 0.22597 -0.07887
v 0.09164 0.21573 -0.07286
v 0.09348 0.20514 -0.06700
v 0.09492 0.19425 -0.06131
v 0.09595 0.18310 -0.05582
v 0.09657 0.17173 -0.05055
v 0.09678 0.16021 -0.04552
v 0.09657 0.14858 -0.04076
v 0.09595 0.13356 -0.03488
v 0.09492 0.11614 -0.02829
v 0.09348 0.09882 -0.02205
v 0.09164 0.08170 -0.01619
v 0.08941 0.06483 -0.01074
v 0.08680 0.04830 -0.00572
v 0.08381 0.03217 -0.00114
v 0.08047 0.01651 0.00296
v 0.07678 0.00139 0.00658
v 0.07276 -0.01313 0.00970
v 0.06843 -0.02698 0.01230
v 0.06381 -0.04011 0.01437
v 0.05892 -0.05245 0.01591
v 0.05377 -0.06396 0.01690
v 0.04839 -0.07459 0.01735
v 0.04280 -0.08429 0.01725
v 0.03704 -0.09302 0.01660
v 0.03111 -0.10074 0.01541
v 0.02505 -0.10742 0.01367
v 0.01888 -0.11303 0.01140
v -0.01040 0.09564 -0.08192
v -0.00830 0.10946 -0.09846
v 0.00599 0.31272 -0.17734
v 0.01195 0.31353 -0.17224
v 0.01786 0.31358 -0.16687
v 0.02369 0.31286 -0.16124
v 0.02942 0.31137 -0.15539
v 0.03503 0.30913 -0.14932
v 0.04049 0.30613 -0.14308
v 0.04577 0.30240 -0.13668
v 0.05086 0.29794 -0.13016
v 0.05573 0.29279 -0.12354
v 0.06036 0.28695 -0.11684
v 0.06473 0.28047 -0.11011
v 0.06882 0.27335 -0.10337
v 0.07262 0.26564 -0.09664
v 0.07611 0.25736 -0.08996
v 0.07928 0.24856 -0.08335
v 0.08210 0.23927 -0.07685
v 0.08457 0.22952 -0.07047
v 0.08668 0.21937 -0.06426
v 0.08842 0.20885 -0.05822
v 0.08978 0.19802 -0.05240
v 0.09076 0.18691 -0.04681
v 0.09135 0.17557 -0.04148
v 0.09154 0.16405 -0.03644
v 0.09135 0.15241 -0.03169
v 0.09076 0.13737 -0.02587
v 0.08978 0.11991 -0.01937
v 0.08842 0.10254 -0.01327
v 0.08668 0.08534 -0.00759
v 0.08457 0.06838 -0.00234
v 0.08210 0.05175 0.00244
v 0.07928 0.03550 0.00673
v 0.07611 0.01970 0.01052
v 0.07262 0.00444 0.01379
v 0.06882 -0.01024 0.01653
v 0.06473 -0.02426 0.01872
v 0.06036 -0.03757 0.02036
v 0.05573 -0.05011 0.02144
v 0.05086 -0.06183 0.02195
v 0.04577 -0.07267 0.02189
v 0.04049 -0.08259 0.02127
v 0.03503 -0.09155 0.02008
v 0.02942 -0.09950 0.01833
v 0.02369 -0.10642 0.01602
v 0.01786 -0.11228 0.01318
v -0.00577 0.11626 -0.11413
v -0.00296 0.11665 -0.12856
v 0.00560 0.31296 -0.17678
v 0.01117 0.31401 -0.17113
v 0.01670 0.31429 -0.16520
v 0.02216 0.31379 -0.15903
v 0.02752 0.31253 -0.15264
v 0.03276 0.31051 -0.14605
v 0.03786 0.30773 -0.13930
v 0.04280 0.30420 -0.13241
v 0.04756 0.29995 -0.12541
v 0.05211 0.29499 -0.11833
v 0.05644 0.28934 -0.11121
v 0.06053 0.28302 -0.10407
v 0.06436 0.27607 -0.09694
v 0.06792 0.26851 -0.08986
v 0.07118 0.26037 -0.08285
v 0.07414 0.25169 -0.07595
v 0.07678 0.24251 -0.06918
v 0.07909 0.23286 -0.06257
v 0.08106 0.22279 -0.05616
v 0.08269 0.21235 -0.04996
v 0.08396 0.20156 -0.04401
v 0.08487 0.19049 -0.03834
v 0.08542 0.17918 -0.03295
v 0.08561 0.16767 -0.02789
v 0.08542 0.15602 -0.02316
v 0.08487 0.14095 -0.01739
v 0.08396 0.12345 -0.01099
v 0.08269 0.10603 -0.00501
v 0.08106 0.08876 0.00051
v 0.07909 0.07172 0.00555
v 0.07678 0.05499 0.01010
v 0.07414 0.03863 0.01413
v 0.07118 0.02271 0.01763
v 0.06792 0.00730 0.02057
v 0.06436 -0.00752 0.02296
v 0.06053 -0.02171 0.02477
v 0.05644 -0.03519 0.02600
v 0.05211 -0.04791 0.02664
v 0.04756 -0.05982 0.02670
v 0.04280 -0.07086 0.02617
v 0.03786 -0.08099 0.02505
v 0.03276 -0.09016 0.02335
v 0.02752 -0.09834 0.02108
v 0.02216 -0.10549 0.01824
v 0.01670 -0.11157 0.01485
v 0.01117 -0.11657 0.01092
v -0.00000 -0.10437 -0.05014
v 0.00517 0.31318 -0.17626
v 0.01031 0.31444 -0.17009
v 0.01542 0.31494 -0.16365
v 0.02045 0.31466 -0.15698
v 0.02540 0.31361 -0.15009
v 0.03024 0.31179 -0.14301
v 0.03495 0.30921 -0.13578
v 0.03951 0.30588 -0.12843
v 0.04390 0.30182 -0.12099
v 0.04810 0.29703 -0.11350
v 0.05210 0.29155 -0.10597
v 0.05588 0.28540 -0.09845
v 0.05941 0.27859 -0.09097
v 0.06269 0.27117 -0.08356
v 0.06570 0.26316 -0.07625
v 0.06843 0.25460 -0.06907
v 0.07087 0.24552 -0.06205
v 0.07300 0.23597 -0.05523
v 0.07483 0.22597 -0.04864
v 0.07633 0.21559 -0.04229
v 0.07750 0.20486 -0.03622
v 0.07834 0.19382 -0.03046
v 0.07885 0.18253 -0.02502
v 0.07902 0.17103 -0.01994
v 0.07885 0.15937 -0.01523
v 0.07834 0.14428 -0.00952
v 0.07750 0.12674 -0.00320
v 0.07633 0.10927 0.00266
v 0.07483 0.09194 0.00803
v 0.07300 0.07483 0.01289
v 0.07087 0.05800 0.01723
v 0.06843 0.04154 0.02101
v 0.06570 0.02550 0.02423
v 0.06269 0.00997 0.02688
v 0.05941 -0.00500 0.02893
v 0.05588 -0.01933 0.03039
v 0.05210 -0.03297 0.03124
v 0.04810 -0.04587 0.03148
v 0.04390 -0.05795 0.03111
v 0.03951 -0.06918 0.03014
v 0.03495 -0.07950 0.02856
v 0.03024 -0.08888 0.02639
v 0.02540 -0.09726 0.02363
v 0.02045 -0.10462 0.02029
v 0.01542 -0.11092 0.01640
v 0.01031 -0.11613 0.01195
v -0.00000 -0.09599 -0.03813
v 0.00470 0.31338 -0.17578
v 0.00938 0.31485 -0.16914
v 0.01401 0.31554 -0.16223
v 0.01859 0.31546 -0.15509
v 0.02309 0.31460 -0.14775
v 0.02749 0.31297 -0.14023
v 0.03177 0.31058 -0.13256
v 0.03592 0.30742 -0.12479
v 0.03991 0.30353 -0.11695
v 0.04373 0.29891 -0.10906
v 0.04736 0.29358 -0.10117
v 0.05079 0.28757 -0.09330
v 0.05401 0.28091 -0.08550
v 0.05699 0.27361 -0.07778
v 0.05973 0.26572 -0.07019
v 0.06221 0.25726 -0.06276
v 0.06442 0.24828 -0.05553
v 0.06636 0.23881 -0.04851
v 0.06802 0.22889 -0.04174
v 0.06938 0.21856 -0.03526
v 0.07045 0.20787 -0.02908
v 0.07122 0.19687 -0.02324
v 0.07168 0.18560 -0.01776
v 0.07183 0.17410 -0.01266
v 0.07168 0.16244 -0.00797
v 0.07122 0.14733 -0.00230
v 0.07045 0.12976 0.00394
v 0.06938 0.11224 0.00969
v 0.06802 0.09486 0.01492
v 0.06636 0.07767 0.01962
v 0.06442 0.06076 0.02376
v 0.06221 0.04420 0.02732
v 0.05973 0.02806 0.03029
v 0.05699 0.01241 0.03265
v 0.05401 -0.00268 0.03440
v 0.05079 -0.01716 0.03553
v 0.04736 -0.03095 0.03604
v 0.04373 -0.04399 0.03591
v 0.03991 -0.05624 0.03516
v 0.03592 -0.06764 0.03378
v 0.03177 -0.07814 0.03178
v 0.02749 -0.08770 0.02918
v 0.02309 -0.09627 0.02597
v 0.01859 -0.10382 0.02218
v 0.01401 -0.11032 0.01782
v 0.00938 -0.11573 0.01290
v -0.00000 -0.06440 -0.02346
v 0.00419 0.31356 -0.17535
v 0.00837 0.31521 -0.16828
v 0.01250 0.31608 -0.16095
v 0.01659 0.31618 -0.15339
v 0.02060 0.31549 -0.14564
v 0.02453 0.31403 -0.13771
v 0.02835 0.31180 -0.12966
v 0.03205 0.30881 -0.12151
v 0.03561 0.30507 -0.11331
v 0.03902 0.30060 -0.10507
v 0.04226 0.29541 -0.09685
v 0.04532 0.28953 -0.08866
v 0.04819 0.28299 -0.08056
v 0.05085 0.27581 -0.07258
v 0.05330 0.26803 -0.06474
v 0.05551 0.25967 -0.05708
v 0.05749 0.25077 -0.04964
v 0.05922 0.24137 -0.04245
v 0.06070 0.23152 -0.03553
v 0.06191 0.22124 -0.02892
v 0.06287 0.21059 -0.02265
v 0.06355 0.19962 -0.01674
v 0.06396 0.18837 -0.01122
v 0.06410 0.17688 -0.00610
v 0.06396 0.16521 -0.00142
v 0.06355 0.15008 0.00421
v 0.06287 0.13248 0.01038
v 0.06191 0.11492 0.01603
v 0.06070 0.09748 0.02114
v 0.05922 0.08023 0.02568
v 0.05749 0.06325 0.02964
v 0.05551 0.04660 0.03300
v 0.05330 0.03037 0.03574
v 0.05085 0.01461 0.03786
v 0.04819 -0.00060 0.03934
v 0.04532 -0.01519 0.04017
v 0.04226 -0.02912 0.04036
v 0.03902 -0.04230 0.03991
v 0.03561 -0.05470 0.03880
v 0.03205 -0.06626 0.03706
v 0.02835 -0.07692 0.03468
v 0.02453 -0.08664 0.03169
v 0.02060 -0.09538 0.02808
v 0.01659 -0.10310 0.02387
v 0.01250 -0.10977 0.01910
v 0.00837 -0.11537 0.01376
v -0.00000 -0.01864 -0.02342
v 0.00365 0.31372 -0.17498
v 0.00729 0.31553 -0.16753
v 0.01090 0.31656 -0.15982
v 0.01446 0.31681 -0.15190
v 0.01796 0.31628 -0.14378
v 0.02138 0.31497 -0.13550
v 0.02471 0.31288 -0.12710
v 0.02794 0.31003 -0.11862
v 0.03104 0.30643 -0.11009
v 0.03401 0.30209 -0.10155
v 0.03684 0.29702 -0.09303
v 0.03951 0.29127 -0.08457
v 0.04201 0.28483 -0.07621
v 0.04433 0.27775 -0.06798
v 0.04646 0.27006 -0.05993
v 0.04839 0.26179 -0.05207
v 0.05011 0.25296 -0.04445
v 0.05162 0.24363 -0.03710
v 0.05291 0.23383 -0.03005
v 0.05397 0.22361 -0.02333
v 0.05480 0.21300 -0.01697
v 0.05540 0.20205 -0.01100
v 0.05576 0.19081 -0.00544
v 0.05588 0.17933 -0.00031
v 0.05576 0.16765 0.00435
v 0.05540 0.15251 0.00995
v 0.05480 0.13488 0.01605
v 0.05397 0.11729 0.02162
v 0.05291 0.09980 0.02662
v 0.05162 0.08249 0.03103
v 0.05011 0.06544 0.03483
v 0.04839 0.04872 0.03801
v 0.04646 0.03240 0.04056
v 0.04433 0.01655 0.04245
v 0.04201 0.00124 0.04369
v 0.03951 -0.01346 0.04427
v 0.03684 -0.02750 0.04418
v 0.03401 -0.04081 0.04343
v 0.03104 -0.05334 0.04202
v 0.02794 -0.06503 0.03996
v 0.02471 -0.07583 0.03725
v 0.02138 -0.08570 0.03390
v 0.01796 -0.09459 0.02994
v 0.01446 -0.10247 0.02537
v 0.01090 -0.10930 0.02022
v 0.00729 -0.11505 0.01452
v -0.00000 0.00679 -0.02900
v 0.00309 0.31386 -0.17465
v 0.00616 0.31580 -0.16688
v 0.00921 0.31697 -0.15885
v 0.01222 0.31736 -0.15061
v 0.01518 0.31696 -0.14218
v 0.01807 0.31578 -0.13360
v 0.02089 0.31381 -0.12490
v 0.02361 0.31109 -0.11613
v 0.02624 0.30760 -0.10732
v 0.02875 0.30337 -0.09852
v 0.03114 0.29841 -0.08975
v 0.03340 0.29275 -0.08105
v 0.03551 0.28641 -0.07247
v 0.03747 0.27942 -0.06404
v 0.03927 0.27181 -0.05579
v 0.04090 0.26361 -0.04776
v 0.04236 0.25485 -0.03999
v 0.04363 0.24558 -0.03250
v 0.04472 0.23583 -0.02534
v 0.04562 0.22564 -0.01853
v 0.04632 0.21506 -0.01209
v 0.04682 0.20413 -0.00607
v 0.04713 0.19291 -0.00047
v 0.04723 0.18143 0.00466
v 0.04713 0.16975 0.00932
v 0.04682 0.15460 0.01488
v 0.04632 0.13695 0.02093
v 0.04562 0.11932 0.02643
v 0.04472 0.10179 0.03133
v 0.04363 0.08444 0.03563
v 0.04236 0.06733 0.03929
v 0.04090 0.05054 0.04232
v 0.03927 0.03415 0.04469
v 0.03747 0.01822 0.04640
v 0.03551 0.00282 0.04743
v 0.03340 -0.01198 0.04778
v 0.03114 -0.02612 0.04746
v 0.02875 -0.03953 0.04646
v 0.02624 -0.05217 0.04478
v 0.02361 -0.06398 0.04244
v 0.02089 -0.07490 0.03945
v 0.01807 -0.08490 0.03581
v 0.01518 -0.09392 0.03154
v 0.01222 -0.10192 0.02666
v 0.00921 -0.10889 0.02120
v 0.00616 -0.11477 0.01516
v -0.00000 0.03223 -0.03801
v 0.00250 0.31397 -0.17438
v 0.00499 0.31603 -0.16634
v 0.00746 0.31731 -0.15805
v 0.00989 0.31781 -0.14954
v 0.01229 0.31752 -0.14085
v 0.01463 0.31644 -0.13202
v 0.01690 0.31459 -0.12308
v 0.01911 0.31196 -0.11407
v 0.02123 0.30857 -0.10503
v 0.02327 0.30443 -0.09601
v 0.02520 0.29956 -0.08703
v 0.02703 0.29399 -0.07814
v 0.02874 0.28772 -0.06937
v 0.03032 0.28081 -0.06077
v 0.03178 0.27326 -0.05236
v 0.03310 0.26512 -0.04419
v 0.03428 0.25641 -0.03629
v 0.03531 0.24719 -0.02869
v 0.03619 0.23748 -0.02143
v 0.03692 0.22732 -0.01454
v 0.03749 0.21677 -0.00805
v 0.03789 0.20586 -0.00198
v 0.03814 0.19465 0.00364
v 0.03822 0.18317 0.00879
v 0.03814 0.17149 0.01343
v 0.03789 0.15633 0.01897
v 0.03749 0.13866 0.02498
v 0.03692 0.12100 0.03041
v 0.03619 0.10344 0.03523
v 0.03531 0.08605 0.03944
v 0.03428 0.06889 0.04299
v 0.03310 0.05205 0.04589
v 0.03178 0.03560 0.04812
v 0.03032 0.01961 0.04967
v 0.02874 0.00414 0.05053
v 0.02703 -0.01074 0.05070
v 0.02520 -0.02497 0.05018
v 0.02327 -0.03847 0.04897
v 0.02123 -0.05120 0.04707
v 0.01911 -0.06311 0.04450
v 0.01690 -0.07413 0.04127
v 0.01463 -0.08423 0.03738
v 0.01229 -0.09336 0.03286
v 0.00989 -0.10147 0.02773
v 0.00746 -0.10855 0.02200
v 0.00499 -0.11455 0.01570
v -0.00000 0.05642 -0.04998
v 0.00189 0.31406 -0.17417
v 0.00378 0.31621 -0.16592
v 0.00564 0.31758 -0.15742
v 0.00749 0.31816 -0.14870
v 0.00930 0.31796 -0.13981
v 0.01107 0.31697 -0.13078
v 0.01279 0.31519 -0.12164
v 0.01446 0.31264 -0.11245
v 0.01607 0.30933 -0.10323
v 0.01761 0.30526 -0.09403
v 0.01907 0.30046 -0.08489
v 0.02045 0.29495 -0.07585
v 0.02175 0.28875 -0.06693
v 0.02295 0.28189 -0.05819
v 0.02405 0.27440 -0.04967
v 0.02505 0.26630 -0.04138
v 0.02594 0.25764 -0.03338
v 0.02672 0.24845 -0.02570
v 0.02739 0.23877 -0.01837
v 0.02794 0.22865 -0.01141
v 0.02837 0.21811 -0.00487
v 0.02868 0.20722 0.00124
v 0.02886 0.19601 0.00688
v 0.02892 0.18454 0.01203
v 0.02886 0.17286 0.01667
v 0.02868 0.15768 0.02218
v 0.02837 0.14000 0.02816
v 0.02794 0.12233 0.03354
v 0.02739 0.10474 0.03830
v 0.02672 0.08731 0.04243
v 0.02594 0.07012 0.04590
v 0.02505 0.05324 0.04870
v 0.02405 0.03674 0.05081
v 0.02295 0.02069 0.05224
v 0.02175 0.00517 0.05297
v 0.02045 -0.00977 0.05299
v 0.01907 -0.02406 0.05232
v 0.01761 -0.03764 0.05094
v 0.01607 -0.05044 0.04888
v 0.01446 -0.06242 0.04613
v 0.01279 -0.07353 0.04270
v 0.01107 -0.08370 0.03862
v 0.00930 -0.09292 0.03391
v 0.00749 -0.10112 0.02857
v 0.00564 -0.10828 0.02263
v 0.00378 -0.11437 0.01613
v -0.00000 0.07814 -0.06434
v 0.00127 0.31412 -0.17402
v 0.00253 0.31634 -0.16561
v 0.00379 0.31777 -0.15696
v 0.00502 0.31842 -0.14810
v 0.00624 0.31827 -0.13906
v 0.00743 0.31734 -0.12988
v 0.00858 0.31563 -0.12061
v 0.00970 0.31313 -0.11128
v 0.01078 0.30988 -0.10194
v 0.01181 0.30586 -0.09261
v 0.01279 0.30111 -0.08335
v 0.01372 0.29565 -0.07420
v 0.01459 0.28950 -0.06518
v 0.01540 0.28268 -0.05634
v 0.01614 0.27522 -0.04773
v 0.01681 0.26716 -0.03936
v 0.01740 0.25853 -0.03129
v 0.01793 0.24936 -0.02355
v 0.01838 0.23971 -0.01616
v 0.01874 0.22960 -0.00916
v 0.01903 0.21908 -0.00258
v 0.01924 0.20820 0.00355
v 0.01936 0.19700 0.00920
v 0.01941 0.18553 0.01436
v 0.01936 0.17384 0.01899
v 0.01924 0.15866 0.02449
v 0.01903 0.14097 0.03044
v 0.01874 0.12328 0.03579
v 0.01838 0.10567 0.04051
v 0.01793 0.08822 0.04458
v 0.01740 0.07101 0.04799
v 0.01681 0.05409 0.05072
v 0.01614 0.03756 0.05275
v 0.01540 0.02147 0.05409
v 0.01459 0.00591 0.05472
v 0.01372 -0.00908 0.05464
v 0.01279 -0.02341 0.05385
v 0.01181 -0.03704 0.05236
v 0.01078 -0.04990 0.05017
v 0.00970 -0.06193 0.04729
v 0.00858 -0.07309 0.04373
v 0.00743 -0.08333 0.03952
v 0.00624 -0.09260 0.03465
v 0.00502 -0.10086 0.02917
v 0.00379 -0.10809 0.02309
v 0.00253 -0.11424 0.01643
v -0.00000 0.11000 -0.09720
v 0.00064 0.31416 -0.17392
v 0.00127 0.31642 -0.16543
v 0.00190 0.31789 -0.15669
v 0.00252 0.31857 -0.14773
v 0.00313 0.31847 -0.13861
v 0.00373 0.31757 -0.12935
v 0.00431 0.31589 -0.11999
v 0.00487 0.31343 -0.11058
v 0.00541 0.31021 -0.10116
v 0.00593 0.30622 -0.09176
v 0.00642 0.30151 -0.08243
v 0.00689 0.29607 -0.07320
v 0.00732 0.28994 -0.06412
v 0.00773 0.28315 -0.05523
v 0.00810 0.27571 -0.04656
v 0.00843 0.26767 -0.03815
v 0.00874 0.25906 -0.03003
v 0.00900 0.24991 -0.02225
v 0.00922 0.24027 -0.01483
v 0.00941 0.23017 -0.00780
v 0.00955 0.21966 -0.00120
v 0.00966 0.20879 0.00494
v 0.00972 0.19759 0.01061
v 0.00974 0.18612 0.01576
v 0.00972 0.17443 0.02040
v 0.00966 0.15925 0.02589
v 0.00955 0.14155 0.03182
v 0.00941 0.12385 0.03715
v 0.00922 0.10624 0.04184
v 0.00900 0.08877 0.04588
v 0.00874 0.07154 0.04925
v 0.00843 0.05461 0.05194
v 0.00810 0.03805 0.05392
v 0.00773 0.02195 0.05521
v 0.00732 0.00635 0.05578
v 0.00689 -0.00866 0.05564
v 0.00642 -0.02302 0.05478
v 0.00593 -0.03668 0.05322
v 0.00541 -0.04957 0.05095
v 0.00487 -0.06163 0.04799
v 0.00431 -0.07283 0.04436
v 0.00373 -0.08310 0.04005
v 0.00313 -0.09241 0.03511
v 0.00252 -0.10071 0.02953
v 0.00190 -0.10797 0.02336
v 0.00127 -0.11416 0.01661
v -0.00000 0.11684 -0.12811
v 0.00000 0.31418 -0.17389
v 0.00000 0.31644 -0.16537
v 0.00000 0.31793 -0.15660
v 0.00000 0.31862 -0.14761
v 0.00000 0.31853 -0.13846
v 0.00000 0.31765 -0.12917
v 0.00000 0.31598 -0.11978
v 0.00000 0.31353 -0.11035
v 0.00000 0.31032 -0.10090
v 0.00000 0.30635 -0.09147
v 0.00000 0.30164 -0.08212
v 0.00000 0.29621 -0.07287
v 0.00000 0.29009 -0.06377
v 0.00000 0.28331 -0.05486
v 0.00000 0.27588 -0.04617
v 0.00000 0.26785 -0.03774
v 0.00000 0.25924 -0.02961
v 0.00000 0.25010 -0.02181
v 0.00000 0.24046 -0.01438
v 0.00000 0.23036 -0.00735
v 0.00000 0.21986 -0.00074
v 0.00000 0.20898 0.00541
v 0.00000 0.19779 0.01107
v 0.00000 0.18632 0.01623
v 0.00000 0.17463 0.02087
v 0.00000 0.15945 0.02635
v 0.00000 0.14175 0.03228
v 0.00000 0.12405 0.03760
v 0.00000 0.10642 0.04229
v 0.00000 0.08896 0.04632
v 0.00000 0.07172 0.04967
v 0.00000 0.05478 0.05234
v 0.00000 0.03822 0.05431
v 0.00000 0.02210 0.05558
v 0.00000 0.00650 0.05613
v 0.00000 -0.00852 0.05597
v 0.00000 -0.02289 0.05509
v 0.00000 -0.03656 0.05350
v 0.00000 -0.04946 0.05121
v 0.00000 -0.06153 0.04823
v 0.00000 -0.07274 0.04456
v 0.00000 -0.08302 0.04023
v 0.00000 -0.09234 0.03526
v 0.00000 -0.10066 0.02966
v 0.00000 -0.10793 0.02345
v 0.00000 -0.11413 0.01668
v -0.00000 0.11312 -0.14209
vt 0.9700 0.5000
vt 0.9700 0.5000
vt 0.0300 0.5000
vt 0.0300 0.5000
vt 0.9700 0.5000
vt 0.9700 0.5000
vt 0.0300 0.5000
vt 0.0300 0.5000
vt 0.9700 0.5000
vt 0.9700 0.5000
vt 0.0300 0.5000
vt 0.0300 0.5000
vt 0.9700 0.5000
vt 0.9700 0.5000
vt 0.0300 0.5000
vt 0.0300 0.5000
vt 0.9700 0.5000
vt 0.9700 0.5000
vt 0.0300 0.5000
vt 0.0300 0.5000
vt 0.9700 0.5000
vt 0.9700 0.5000
vt 0.0300 0.5000
vt 0.0300 0.5000
vt 0.9700 0.5000
vt 0.9700 0.5000
vt 0.0300 0.5000
vt 0.0300 0.5000
vt 0.9700 0.5000
vt 0.9700 0.5000
vt 0.0300 0.5000
vt 0.0300 0.5000
vt 0.9700 0.5000
vt 0.9700 0.5000
vt 0.0300 0.5000
vt 0.0300 0.5000
vt 0.9700 0.5000
vt 0.9700 0.5000
vt 0.0300 0.5000
vt 0.0300 0.5000
vt 0.9700 0.5000
vt 0.9700 0.5000
vt 0.0300 0.5000
vt 0.0300 0.5000
vt 0.9700 0.5000
vt 0.9700 0.5000
vt 0.0300 0.5000
vt 0.0300 0.5000
vt 0.9700 0.5000
vt 0.9700 0.5000
vt 0.0300 0.5000
vt 0.0300 0.5000
vt 0.9700 0.5000
vt 0.9700 0.5000
vt 0.0300 0.5000
vt 0.0300 0.5000
vt 0.9700 0.5000
vt 0.9700 0.5000
vt 0.0300 0.5000
vt 0.0300 0.5000
vt 0.9700 0.5000
vt 0.9700 0.5000
vt 0.0300 0.5000
vt 0.0300 0.5000
vt 0.9700 0.5000
vt 0.9700 0.5000
vt 0.0300 0.5000
vt 0.0300 0.5000
vt 0.9700 0.5000
vt 0.9700 0.5000
vt 0.0300 0.5000
vt 0.0300 0.5000
vt 0.9700 0.5000
vt 0.9700 0.5000
vt 0.0300 0.5000
vt 0.0300 0.5000
vt 0.9700 0.5000
vt 0.9700 0.5000
vt 0.0300 0.5000
vt 0.0300 0.5000
vt 0.9700 0.5000
vt 0.0300 0.5000
vt 0.0300 0.5000
vt 0.9700 0.5000
vt 0.9700 0.5000
vt 0.0300 0.5000
vt 0.0300 0.5000
vt 0.9700 0.5000
vt 0.9700 0.5000
vt 0.0300 0.5000
vt 0.0300 0.5000
vt 0.9700 0.5000
vt 0.9700 0.5000
vt 0.0300 0.5000
vt 0.0300 0.5000
vt 0.9700 0.5000
vt 0.9700 0.5000
vt 0.0300 0.5000
vt 0.0300 0.5000
vt 0.9700 0.5000
vt 0.9700 0.5000
vt 0.0300 0.5000
vt 0.0300 0.5000
vt 0.9700 0.5000
vt 0.9700 0.5000
vt 0.0300 0.5000
vt 0.0300 0.5000
vt 0.9700 0.5000
vt 0.9700 0.5000
vt 0.0300 0.5000
vt 0.0300 0.5000
vt 0.9700 0.5000
vt 0.9700 0.5000
vt 0.0300 0.5000
vt 0.0300 0.5000
vt 0.9700 0.5000
vt 0.9700 0.5000
vt 0.0300 0.5000
vt 0.0300 0.5000
vt 0.9700 0.5000
vt 0.9700 0.5000
vt 0.0300 0.5000
vt 0.0300 0.5000
vt 0.9700 0.5000
vt 0.9700 0.5000
vt 0.0300 0.5000
vt 0.0300 0.5000
vt 0.9700 0.5000
vt 0.9700 0.5000
vt 0.0300 0.5000
vt 0.0300 0.5000
vt 0.9700 0.5000
vt 0.9700 0.5000
vt 0.0300 0.5000
vt 0.0300 0.5000
vt 0.9700 0.5000
vt 0.9700 0.5000
vt 0.0300 0.5000
vt 0.0300 0.5000
vt 0.9700 0.5000
vt 0.9700 0.5000
vt 0.0300 0.5000
vt 0.0300 0.5000
vt 0.9700 0.5000
vt 0.9700 0.5000
vt 0.0300 0.5000
vt 0.0300 0.5000
vt 0.9700 0.5000
vt 0.9700 0.5000
vt 0.0300 0.5000
vt 0.0300 0.5000
vt 0.9700 0.5000
vt 0.9700 0.5000
vt 0.0300 0.5000
vt 0.0300 0.5000
vt 0.9700 0.5000
vt 0.9700 0.5000
vt 0.0300 0.5000
vt 0.0300 0.5000
vt 0.9700 0.5000
vt 0.9700 0.5000
vt 0.0300 0.5000
vt 0.0300 0.5000
vt 0.9700 0.5000
vt 0.9700 0.5000
vt 0.0300 0.5000
vt 0.0300 0.5000
vt 0.9700 0.5000
vt 0.9700 0.5000
vt 0.0300 0.5000
vt 0.0300 0.5000
vt 0.9700 0.5000
vt 0.9700 0.5000
vt 0.0300 0.5000
vt 0.0300 0.5000
vt 0.9700 0.5000
vt 0.9700 0.5000
vt 0.0300 0.5000
vt 0.0300 0.5000
vt 0.9700 0.5000
vt 0.9700 0.5000
vt 0.0300 0.5000
vt 0.0300 0.5000
vt 0.0300 0.5000
vt 0.0300 0.5000
vt 0.0300 0.5000
vt 0.0300 0.5000
vt 0.0300 0.5000
vt 0.0300 0.5000
vt 0.0300 0.5000
vt 0.0300 0.5000
vt 0.0300 0.5000
vt 0.0300 0.5000
vt 0.0300 0.5000
vt 0.0300 0.5000
vt 0.0300 0.5000
vt 0.0300 0.5000
vt 0.0300 0.5000
vt 0.0300 0.5000
vt 0.0300 0.5000
vt 0.0300 0.5000
vt 0.0300 0.5000
vt 0.0300 0.5000
vt 0.0300 0.5000
vt 0.0300 0.5000
vt 0.0300 0.5000
vt 0.0300 0.5000
vt 0.0300 0.5000
vt 0.0300 0.5000
vt 0.0300 0.5000
vt 0.0300 0.5000
vt 0.0300 0.5000
vt 0.0300 0.5000
vt 0.0300 0.5000
vt 0.0300 0.5000
vt 0.0300 0.5000
vt 0.0300 0.5000
vt 0.0300 0.5000
vt 0.0300 0.5000
vt 0.0300 0.5000
vt 0.0300 0.5000
vt 0.0300 0.5000
vt 0.0300 0.5000
vt 0.0300 0.5000
vt 0.0300 0.5000
vt 0.0300 0.5000
vt 0.0300 0.5000
vt 0.0300 0.5000
vt 0.0300 0.5000
vt 0.0300 0.5000
vt 0.0300 0.5000
vt 0.0300 0.5000
vt 0.0300 0.5000
vt 0.0300 0.5000
vt 0.0300 0.5000
vt 0.0300 0.5000
vt 0.0300 0.5000
vt 0.0300 0.5000
vt 0.0300 0.5000
vt 0.0300 0.5000
vt 0.0300 0.5000
vt 0.0300 0.5000
vt 0.0300 0.5000
vt 0.0300 0.5000
vt 0.0300 0.5000
vt 0.0300 0.5000
vt 0.0300 0.5000
vt 0.0300 0.5000
vt 0.0300 0.5000
vt 0.0300 0.5000
vt 0.0300 0.5000
vt 0.0300 0.5000
vt 0.0300 0.5000
vt 0.0300 0.5000
vt 0.0300 0.5000
vt 0.0300 0.5000
vt 0.0300 0.5000
vt 0.0300 0.5000
vt 0.0300 0.5000
vt 0.0300 0.5000
vt 0.0300 0.5000
vt 0.0300 0.5000
vt 0.0300 0.5000
vt 0.0300 0.5000
vt 0.0300 0.5000
vt 0.0300 0.5000
vt 0.0300 0.5000
vt 0.0300 0.5000
vt 0.0300 0.5000
vt 0.0300 0.5000
vt 0.0300 0.5000
vt 0.0300 0.5000
vt 0.0300 0.5000
vt 0.0300 0.5000
vt 0.0300 0.5000
vt 0.0300 0.5000
vt 0.0300 0.5000
vt 0.0300 0.5000
vt 0.0300 0.5000
vt 0.0300 0.5000
vt 0.0300 0.5000
vt 0.0300 0.5000
vt 0.0300 0.5000
vt 0.0300 0.5000
vt 0.0300 0.5000
vt 0.0300 0.5000
vt 0.0300 0.5000
vt 0.0300 0.5000
vt 0.0300 0.5000
vt 0.0300 0.5000
vt 0.0300 0.5000
vt 0.0300 0.5000
vt 0.0300 0.5000
vt 0.0300 0.5000
vt 0.0300 0.5000
vt 0.0300 0.5000
vt 0.0300 0.5000
vt 0.0300 0.5000
vt 0.0300 0.5000
vt 0.0300 0.5000
vt 0.0300 0.5000
vt 0.0300 0.5000
vt 0.0300 0.5000
vt 0.0300 0.5000
vt 0.0300 0.5000
vt 0.0300 0.5000
vt 0.0300 0.5000
vt 0.0300 0.5000
vt 0.0300 0.5000
vt 0.0300 0.5000
vt 0.0300 0.5000
vt 0.0300 0.5000
vt 0.0300 0.5000
vt 0.0300 0.5000
vt 0.0300 0.5000
vt 0.0300 0.5000
vt 0.0300 0.5000
vt 0.0300 0.5000
vt 0.0300 0.5000
vt 0.0300 0.5000
vt 0.0300 0.5000
vt 0.0300 0.5000
vt 0.0300 0.5000
vt 0.0300 0.5000
vt 0.0300 0.5000
vt 0.0300 0.5000
vt 0.0300 0.5000
vt 0.0300 0.5000
vt 0.0300 0.5000
vt 0.0300 0.5000
vt 0.0300 0.5000
vt 0.0300 0.5000
vt 0.0300 0.5000
vt 0.0300 0.5000
vt 0.0300 0.5000
vt 0.0300 0.5000
vt 0.0300 0.5000
vt 0.0300 0.5000
vt 0.0300 0.5000
vt 0.0300 0.5000
vt 0.0300 0.5000
vt 0.0300 0.5000
vt 0.0300 0.5000
vt 0.0300 0.5000
vt 0.0300 0.5000
vt 0.0300 0.5000
vt 0.0300 0.5000
vt 0.0300 0.5000
vt 0.0300 0.5000
vt 0.0300 0.5000
vt 0.0300 0.5000
vt 0.0300 0.5000
vt 0.0300 0.5000
vt 0.0300 0.5000
vt 0.0300 0.5000
vt 0.0300 0.5000
vt 0.0300 0.5000
vt 0.0300 0.5000
vt 0.0300 0.5000
vt 0.0300 0.5000
vt 0.0300 0.5000
vt 0.0300 0.5000
vt 0.0300 0.5000
vt 0.0300 0.5000
vt 0.0300 0.5000
vt 0.0300 0.5000
vt 0.0300 0.5000
vt 0.0300 0.5000
vt 0.0300 0.5000
vt 0.0300 0.5000
vt 0.0300 0.5000
vt 0.0300 0.5000
vt 0.0300 0.5000
vt 0.0300 0.5000
vt 0.0300 0.5000
vt 0.0300 0.5000
vt 0.0300 0.5000
vt 0.0300 0.5000
vt 0.0300 0.5000
vt 0.0300 0.5000
vt 0.0300 0.5000
vt 0.0300 0.5000
vt 0.0300 0.5000
vt 0.0300 0.5000
vt 0.0300 0.5000
vt 0.0300 0.5000
vt 0.0300 0.5000
vt 0.0300 0.5000
vt 0.0300 0.5000
vt 0.0300 0.5000
vt 0.0300 0.5000
vt 0.0300 0.5000
vt 0.0300 0.5000
vt 0.0300 0.5000
vt 0.0300 0.5000
vt 0.0300 0.5000
vt 0.0300 0.5000
vt 0.0300 0.5000
vt 0.0300 0.5000
vt 0.0300 0.5000
vt 0.0300 0.5000
vt 0.0300 0.5000
vt 0.0300 0.5000
vt 0.0300 0.5000
vt 0.0300 0.5000
vt 0.0300 0.5000
vt 0.0300 0.5000
vt 0.0300 0.5000
vt 0.0300 0.5000
vt 0.0300 0.5000
vt 0.0300 0.5000
vt 0.0300 0.5000
vt 0.0300 0.5000
vt 0.0300 0.5000
vt 0.0300 0.5000
vt 0.0300 0.5000
vt 0.0300 0.5000
vt 0.0300 0.5000
vt 0.0300 0.5000
vt 0.0300 0.5000
vt 0.0300 0.5000
vt 0.0300 0.5000
vt 0.0300 0.5000
vt 0.0300 0.5000
vt 0.0300 0.5000
vt 0.0300 0.5000
vt 0.0300 0.5000
vt 0.0300 0.5000
vt 0.0300 0.5000
vt 0.0300 0.5000
vt 0.0300 0.5000
vt 0.0300 0.5000
vt 0.0300 0.5000
vt 0.0300 0.5000
vt 0.0300 0.5000
vt 0.0300 0.5000
vt 0.0300 0.5000
vt 0.0300 0.5000
vt 0.0300 0.5000
vt 0.0300 0.5000
vt 0.0300 0.5000
vt 0.0300 0.5000
vt 0.0300 0.5000
vt 0.0300 0.5000
vt 0.0300 0.5000
vt 0.0300 0.5000
vt 0.0300 0.5000
vt 0.0300 0.5000
vt 0.0300 0.5000
vt 0.0300 0.5000
vt 0.0300 0.5000
vt 0.0300 0.5000
vt 0.0300 0.5000
vt 0.0300 0.5000
vt 0.0300 0.5000
vt 0.0300 0.5000
vt 0.0300 0.5000
vt 0.0300 0.5000
vt 0.0300 0.5000
vt 0.0300 0.5000
vt 0.0300 0.5000
vt 0.0300 0.5000
vt 0.0300 0.5000
vt 0.0300 0.5000
vt 0.0300 0.5000
vt 0.0300 0.5000
vt 0.0300 0.5000
vt 0.0300 0.5000
vt 0.0300 0.5000
vt 0.0300 0.5000
vt 0.0300 0.5000
vt 0.0300 0.5000
vt 0.0300 0.5000
vt 0.0300 0.5000
vt 0.0300 0.5000
vt 0.0300 0.5000
vt 0.0300 0.5000
vt 0.0300 0.5000
vt 0.0300 0.5000
vt 0.0300 0.5000
vt 0.0300 0.5000
vt 0.0300 0.5000
vt 0.0300 0.5000
vt 0.0300 0.5000
vt 0.0300 0.5000
vt 0.0300 0.5000
vt 0.0300 0.5000
vt 0.0300 0.5000
vt 0.0300 0.5000
vt 0.0300 0.5000
vt 0.0300 0.5000
vt 0.0300 0.5000
vt 0.0300 0.5000
vt 0.0300 0.5000
vt 0.0300 0.5000
vt 0.0300 0.5000
vt 0.0300 0.5000
vt 0.0300 0.5000
vt 0.0300 0.5000
vt 0.0300 0.5000
vt 0.0300 0.5000
vt 0.0300 0.5000
vt 0.0300 0.5000
vt 0.0300 0.5000
vt 0.0300 0.5000
vt 0.0300 0.5000
vt 0.0300 0.5000
vt 0.0300 0.5000
vt 0.0300 0.5000
vt 0.0300 0.5000
vt 0.0300 0.5000
vt 0.0300 0.5000
vt 0.0300 0.5000
vt 0.0300 0.5000
vt 0.0300 0.5000
vt 0.0300 0.5000
vt 0.0300 0.5000
vt 0.0300 0.5000
vt 0.0300 0.5000
vt 0.0300 0.5000
vt 0.0300 0.5000
vt 0.0300 0.5000
vt 0.0300 0.5000
vt 0.0300 0.5000
vt 0.0300 0.5000
vt 0.0300 0.5000
vt 0.0300 0.5000
vt 0.0300 0.5000
vt 0.0300 0.5000
vt 0.0300 0.5000
vt 0.0300 0.5000
vt 0.0300 0.5000
vt 0.0300 0.5000
vt 0.0300 0.5000
vt 0.0300 0.5000
vt 0.0300 0.5000
vt 0.0300 0.5000
vt 0.0300 0.5000
vt 0.0300 0.5000
vt 0.0300 0.5000
vt 0.0300 0.5000
vt 0.0300 0.5000
vt 0.0300 0.5000
vt 0.0300 0.5000
vt 0.0300 0.5000
vt 0.0300 0.5000
vt 0.0300 0.5000
vt 0.0300 0.5000
vt 0.0300 0.5000
vt 0.0300 0.5000
vt 0.0300 0.5000
vt 0.0300 0.5000
vt 0.0300 0.5000
vt 0.0300 0.5000
vt 0.0300 0.5000
vt 0.0300 0.5000
vt 0.0300 0.5000
vt 0.0300 0.5000
vt 0.0300 0.5000
vt 0.0300 0.5000
vt 0.0300 0.5000
vt 0.0300 0.5000
vt 0.0300 0.5000
vt 0.0300 0.5000
vt 0.0300 0.5000
vt 0.0300 0.5000
vt 0.0300 0.5000
vt 0.0300 0.5000
vt 0.0300 0.5000
vt 0.0300 0.5000
vt 0.0300 0.5000
vt 0.0300 0.5000
vt 0.0300 0.5000
vt 0.0300 0.5000
vt 0.0300 0.5000
vt 0.0300 0.5000
vt 0.0300 0.5000
vt 0.0300 0.5000
vt 0.0300 0.5000
vt 0.0300 0.5000
vt 0.0300 0.5000
vt 0.0300 0.5000
vt 0.0300 0.5000
vt 0.0300 0.5000
vt 0.0300 0.5000
vt 0.0300 0.5000
vt 0.0300 0.5000
vt 0.0300 0.5000
vt 0.0300 0.5000
vt 0.0300 0.5000
vt 0.0300 0.5000
vt 0.0300 0.5000
vt 0.0300 0.5000
vt 0.0300 0.5000
vt 0.0300 0.5000
vt 0.0300 0.5000
vt 0.0300 0.5000
vt 0.0300 0.5000
vt 0.0300 0.5000
vt 0.0300 0.5000
vt 0.0300 0.5000
vt 0.0300 0.5000
vt 0.0300 0.5000
vt 0.0300 0.5000
vt 0.0300 0.5000
vt 0.0300 0.5000
vt 0.0300 0.5000
vt 0.0300 0.5000
vt 0.0300 0.5000
vt 0.0300 0.5000
vt 0.0300 0.5000
vt 0.0300 0.5000
vt 0.0300 0.5000
vt 0.0300 0.5000
vt 0.0300 0.5000
vt 0.0300 0.5000
vt 0.0300 0.5000
vt 0.0300 0.5000
vt 0.0300 0.5000
vt 0.0300 0.5000
vt 0.0300 0.5000
vt 0.0300 0.5000
vt 0.0300 0.5000
vt 0.0300 0.5000
vt 0.0300 0.5000
vt 0.0300 0.5000
vt 0.0300 0.5000
vt 0.0300 0.5000
vt 0.0300 0.5000
vt 0.0300 0.5000
vt 0.0300 0.5000
vt 0.0300 0.5000
vt 0.0300 0.5000
vt 0.0300 0.5000
vt 0.0300 0.5000
vt 0.0300 0.5000
vt 0.0300 0.5000
vt 0.0300 0.5000
vt 0.0300 0.5000
vt 0.0300 0.5000
vt 0.0300 0.5000
vt 0.0300 0.5000
vt 0.0300 0.5000
vt 0.0300 0.5000
vt 0.0300 0.5000
vt 0.0300 0.5000
vt 0.0300 0.5000
vt 0.0300 0.5000
vt 0.0300 0.5000
vt 0.0300 0.5000
vt 0.0300 0.5000
vt 0.0300 0.5000
vt 0.0300 0.5000
vt 0.0300 0.5000
vt 0.0300 0.5000
vt 0.0300 0.5000
vt 0.0300 0.5000
vt 0.0300 0.5000
vt 0.0300 0.5000
vt 0.0300 0.5000
vt 0.0300 0.5000
vt 0.0300 0.5000
vt 0.0300 0.5000
vt 0.0300 0.5000
vt 0.0300 0.5000
vt 0.0300 0.5000
vt 0.0300 0.5000
vt 0.0300 0.5000
vt 0.0300 0.5000
vt 0.0300 0.5000
vt 0.0300 0.5000
vt 0.0300 0.5000
vt 0.0300 0.5000
vt 0.0300 0.5000
vt 0.0300 0.5000
vt 0.0300 0.5000
vt 0.0300 0.5000
vt 0.0300 0.5000
vt 0.0300 0.5000
vt 0.0300 0.5000
vt 0.0300 0.5000
vt 0.0300 0.5000
vt 0.0300 0.5000
vt 0.0300 0.5000
vt 0.0300 0.5000
vt 0.0300 0.5000
vt 0.0300 0.5000
vt 0.0300 0.5000
vt 0.0300 0.5000
vt 0.0300 0.5000
vt 0.0300 0.5000
vt 0.0300 0.5000
vt 0.0300 0.5000
vt 0.0300 0.5000
vt 0.0300 0.5000
vt 0.0300 0.5000
vt 0.0300 0.5000
vt 0.0300 0.5000
vt 0.0300 0.5000
vt 0.0300 0.5000
vt 0.0300 0.5000
vt 0.0300 0.5000
vt 0.0300 0.5000
vt 0.0300 0.5000
vt 0.0300 0.5000
vt 0.0300 0.5000
vt 0.0300 0.5000
vt 0.0300 0.5000
vt 0.0300 0.5000
vt 0.0300 0.5000
vt 0.0300 0.5000
vt 0.0300 0.5000
vt 0.0300 0.5000
vt 0.0300 0.5000
vt 0.0300 0.5000
vt 0.0300 0.5000
vt 0.0300 0.5000
vt 0.0300 0.5000
vt 0.0300 0.5000
vt 0.0300 0.5000
vt 0.0300 0.5000
vt 0.0300 0.5000
vt 0.0300 0.5000
vt 0.0300 0.5000
vt 0.0300 0.5000
vt 0.0300 0.5000
vt 0.0300 0.5000
vt 0.0300 0.5000
vt 0.0300 0.5000
vt 0.0300 0.5000
vt 0.0300 0.5000
vt 0.0300 0.5000
vt 0.0300 0.5000
vt 0.0300 0.5000
vt 0.0300 0.5000
vt 0.0300 0.5000
vt 0.0300 0.5000
vt 0.0300 0.5000
vt 0.0300 0.5000
vt 0.0300 0.5000
vt 0.0300 0.5000
vt 0.0300 0.5000
vt 0.0300 0.5000
vt 0.0300 0.5000
vt 0.0300 0.5000
vt 0.0300 0.5000
vt 0.0300 0.5000
vt 0.0300 0.5000
vt 0.0300 0.5000
vt 0.0300 0.5000
vt 0.0300 0.5000
vt 0.0300 0.5000
vt 0.0300 0.5000
vt 0.0300 0.5000
vt 0.0300 0.5000
vt 0.0300 0.5000
vt 0.0300 0.5000
vt 0.0300 0.5000
vt 0.0300 0.5000
vt 0.0300 0.5000
vt 0.0300 0.5000
vt 0.0300 0.5000
vt 0.0300 0.5000
vt 0.0300 0.5000
vt 0.0300 0.5000
vt 0.0300 0.5000
vt 0.0300 0.5000
vt 0.0300 0.5000
vt 0.0300 0.5000
vt 0.0300 0.5000
vt 0.0300 0.5000
vt 0.0300 0.5000
vt 0.0300 0.5000
vt 0.0300 0.5000
vt 0.0300 0.5000
vt 0.0300 0.5000
vt 0.0300 0.5000
vt 0.0300 0.5000
vt 0.0300 0.5000
vt 0.0300 0.5000
vt 0.0300 0.5000
vt 0.0300 0.5000
vt 0.0300 0.5000
vt 0.0300 0.5000
vt 0.0300 0.5000
vt 0.0300 0.5000
vt 0.0300 0.5000
vt 0.0300 0.5000
vt 0.0300 0.5000
vt 0.0300 0.5000
vt 0.0300 0.5000
vt 0.0300 0.5000
vt 0.0300 0.5000
vt 0.0300 0.5000
vt 0.0300 0.5000
vt 0.0300 0.5000
vt 0.0300 0.5000
vt 0.0300 0.5000
vt 0.0300 0.5000
vt 0.0300 0.5000
vt 0.0300 0.5000
vt 0.0300 0.5000
vt 0.0300 0.5000
vt 0.0300 0.5000
vt 0.0300 0.5000
vt 0.0300 0.5000
vt 0.0300 0.5000
vt 0.0300 0.5000
vt 0.0300 0.5000
vt 0.0300 0.5000
vt 0.0300 0.5000
vt 0.0300 0.5000
vt 0.0300 0.5000
vt 0.0300 0.5000
vt 0.0300 0.5000
vt 0.0300 0.5000
vt 0.0300 0.5000
vt 0.0300 0.5000
vt 0.0300 0.5000
vt 0.0300 0.5000
vt 0.0300 0.5000
vt 0.0300 0.5000
vt 0.0300 0.5000
vt 0.0300 0.5000
vt 0.0300 0.5000
vt 0.0300 0.5000
vt 0.0300 0.5000
vt 0.0300 0.5000
vt 0.0300 0.5000
vt 0.0300 0.5000
vt 0.0300 0.5000
vt 0.0300 0.5000
vt 0.0300 0.5000
vt 0.0300 0.5000
vt 0.0300 0.5000
vt 0.0300 0.5000
vt 0.0300 0.5000
vt 0.0300 0.5000
vt 0.0300 0.5000
vt 0.0300 0.5000
vt 0.0300 0.5000
vt 0.0300 0.5000
vt 0.0300 0.5000
vt 0.0300 0.5000
vt 0.0300 0.5000
vt 0.0300 0.5000
vt 0.0300 0.5000
vt 0.0300 0.5000
vt 0.0300 0.5000
vt 0.0300 0.5000
vt 0.0300 0.5000
vt 0.0300 0.5000
vt 0.0300 0.5000
vt 0.0300 0.5000
vt 0.0300 0.5000
vt 0.0300 0.5000
vt 0.0300 0.5000
vt 0.0300 0.5000
vt 0.0300 0.5000
vt 0.0300 0.5000
vt 0.0300 0.5000
vt 0.0300 0.5000
vt 0.0300 0.5000
vt 0.0300 0.5000
vt 0.0300 0.5000
vt 0.0300 0.5000
vt 0.0300 0.5000
vt 0.0300 0.5000
vt 0.0300 0.5000
vt 0.0300 0.5000
vt 0.0300 0.5000
vt 0.0300 0.5000
vt 0.0300 0.5000
vt 0.0300 0.5000
vt 0.0300 0.5000
vt 0.0300 0.5000
vt 0.0300 0.5000
vt 0.0300 0.5000
vt 0.0300 0.5000
vt 0.0300 0.5000
vt 0.0300 0.5000
vt 0.0300 0.5000
vt 0.0300 0.5000
vt 0.0300 0.5000
vt 0.0300 0.5000
vt 0.0300 0.5000
vt 0.0300 0.5000
vt 0.0300 0.5000
vt 0.0300 0.5000
vt 0.0300 0.5000
vt 0.0300 0.5000
vt 0.0300 0.5000
vt 0.0300 0.5000
vt 0.0300 0.5000
vt 0.0300 0.5000
vt 0.0300 0.5000
vt 0.0300 0.5000
vt 0.0300 0.5000
vt 0.0300 0.5000
vt 0.0300 0.5000
vt 0.0300 0.5000
vt 0.0300 0.5000
vt 0.0300 0.5000
vt 0.0300 0.5000
vt 0.0300 0.5000
vt 0.0300 0.5000
vt 0.0300 0.5000
vt 0.0300 0.5000
vt 0.0300 0.5000
vt 0.0300 0.5000
vt 0.0300 0.5000
vt 0.0300 0.5000
vt 0.0300 0.5000
vt 0.0300 0.5000
vt 0.0300 0.5000
vt 0.0300 0.5000
vt 0.0300 0.5000
vt 0.0300 0.5000
vt 0.0300 0.5000
vt 0.0300 0.5000
vt 0.0300 0.5000
vt 0.0300 0.5000
vt 0.0300 0.5000
vt 0.0300 0.5000
vt 0.0300 0.5000
vt 0.0300 0.5000
vt 0.0300 0.5000
vt 0.0300 0.5000
vt 0.0300 0.5000
vt 0.0300 0.5000
vt 0.0300 0.5000
vt 0.0300 0.5000
vt 0.0300 0.5000
vt 0.0300 0.5000
vt 0.0300 0.5000
vt 0.0300 0.5000
vt 0.0300 0.5000
vt 0.0300 0.5000
vt 0.0300 0.5000
vt 0.0300 0.5000
vt 0.0300 0.5000
vt 0.0300 0.5000
vt 0.0300 0.5000
vt 0.0300 0.5000
vt 0.0300 0.5000
vt 0.0300 0.5000
vt 0.0300 0.5000
vt 0.0300 0.5000
vt 0.0300 0.5000
vt 0.0300 0.5000
vt 0.0300 0.5000
vt 0.0300 0.5000
vt 0.0300 0.5000
vt 0.0300 0.5000
vt 0.0300 0.5000
vt 0.0300 0.5000
vt 0.0300 0.5000
vt 0.0300 0.5000
vt 0.0300 0.5000
vt 0.0300 0.5000
vt 0.0300 0.5000
vt 0.0300 0.5000
vt 0.0300 0.5000
vt 0.0300 0.5000
vt 0.0300 0.5000
vt 0.0300 0.5000
vt 0.0300 0.5000
vt 0.0300 0.5000
vt 0.0300 0.5000
vt 0.0300 0.5000
vt 0.0300 0.5000
vt 0.0300 0.5000
vt 0.0300 0.5000
vt 0.0300 0.5000
vt 0.0300 0.5000
vt 0.0300 0.5000
vt 0.0300 0.5000
vt 0.0300 0.5000
vt 0.0300 0.5000
vt 0.0300 0.5000
vt 0.0300 0.5000
vt 0.0300 0.5000
vt 0.0300 0.5000
vt 0.0300 0.5000
vt 0.0300 0.5000
vt 0.0300 0.5000
vt 0.0300 0.5000
vt 0.0300 0.5000
vt 0.0300 0.5000
vt 0.0300 0.5000
vt 0.0300 0.5000
vt 0.0300 0.5000
vt 0.0300 0.5000
vt 0.0300 0.5000
vt 0.0300 0.5000
vt 0.0300 0.5000
vt 0.0300 0.5000
vt 0.0300 0.5000
vt 0.0300 0.5000
vt 0.0300 0.5000
vt 0.0300 0.5000
vt 0.0300 0.5000
vt 0.0300 0.5000
vt 0.0300 0.5000
vt 0.0300 0.5000
vt 0.0300 0.5000
vt 0.0300 0.5000
vt 0.0300 0.5000
vt 0.0300 0.5000
vt 0.0300 0.5000
vt 0.0300 0.5000
vt 0.0300 0.5000
vt 0.0300 0.5000
vt 0.0300 0.5000
vt 0.0300 0.5000
vt 0.0300 0.5000
vt 0.0300 0.5000
vt 0.0300 0.5000
vt 0.0300 0.5000
vt 0.0300 0.5000
vt 0.0300 0.5000
vt 0.0300 0.5000
vt 0.0300 0.5000
vt 0.0300 0.5000
vt 0.0300 0.5000
vt 0.0300 0.5000
vt 0.0300 0.5000
vt 0.0300 0.5000
vt 0.0300 0.5000
vt 0.0300 0.5000
vt 0.0300 0.5000
vt 0.0300 0.5000
vt 0.0300 0.5000
vt 0.0300 0.5000
vt 0.0300 0.5000
vt 0.0300 0.5000
vt 0.0300 0.5000
vt 0.0300 0.5000
vt 0.0300 0.5000
vt 0.0300 0.5000
vt 0.0300 0.5000
vt 0.0300 0.5000
vt 0.0300 0.5000
vt 0.0300 0.5000
vt 0.0300 0.5000
vt 0.0300 0.5000
vt 0.0300 0.5000
vt 0.0300 0.5000
vt 0.0300 0.5000
vt 0.0300 0.5000
vt 0.0300 0.5000
vt 0.0300 0.5000
vt 0.0300 0.5000
vt 0.0300 0.5000
vt 0.0300 0.5000
vt 0.0300 0.5000
vt 0.0300 0.5000
vt 0.0300 0.5000
vt 0.0300 0.5000
vt 0.0300 0.5000
vt 0.0300 0.5000
vt 0.0300 0.5000
vt 0.0300 0.5000
vt 0.0300 0.5000
vt 0.0300 0.5000
vt 0.0300 0.5000
vt 0.0300 0.5000
vt 0.0300 0.5000
vt 0.0300 0.5000
vt 0.0300 0.5000
vt 0.0300 0.5000
vt 0.0300 0.5000
vt 0.0300 0.5000
vt 0.0300 0.5000
vt 0.0300 0.5000
vt 0.0300 0.5000
vt 0.0300 0.5000
vt 0.0300 0.5000
vt 0.0300 0.5000
vt 0.0300 0.5000
vt 0.0300 0.5000
vt 0.0300 0.5000
vt 0.0300 0.5000
vt 0.0300 0.5000
vt 0.0300 0.5000
vt 0.0300 0.5000
vt 0.0300 0.5000
vt 0.0300 0.5000
vt 0.0300 0.5000
vt 0.0300 0.5000
vt 0.0300 0.5000
vt 0.0300 0.5000
vt 0.0300 0.5000
vt 0.0300 0.5000
vt 0.0300 0.5000
vt 0.0300 0.5000
vt 0.0300 0.5000
vt 0.0300 0.5000
vt 0.0300 0.5000
vt 0.0300 0.5000
vt 0.0300 0.5000
vt 0.0300 0.5000
vt 0.0300 0.5000
vt 0.0300 0.5000
vt 0.0300 0.5000
vt 0.0300 0.5000
vt 0.0300 0.5000
vt 0.0300 0.5000
vt 0.0300 0.5000
vt 0.0300 0.5000
vt 0.0300 0.5000
vt 0.0300 0.5000
vt 0.0300 0.5000
vt 0.0300 0.5000
vt 0.0300 0.5000
vt 0.0300 0.5000
vt 0.0300 0.5000
vt 0.0300 0.5000
vt 0.0300 0.5000
vt 0.0300 0.5000
vt 0.0300 0.5000
vt 0.0300 0.5000
vt 0.0300 0.5000
vt 0.0300 0.5000
vt 0.0300 0.5000
vt 0.0300 0.5000
vt 0.0300 0.5000
vt 0.0300 0.5000
vt 0.0300 0.5000
vt 0.0300 0.5000
vt 0.0300 0.5000
vt 0.0300 0.5000
vt 0.0300 0.5000
vt 0.0300 0.5000
vt 0.0300 0.5000
vt 0.0300 0.5000
vt 0.0300 0.5000
vt 0.0300 0.5000
vt 0.0300 0.5000
vt 0.0300 0.5000
vt 0.0300 0.5000
vt 0.0300 0.5000
vt 0.0300 0.5000
vt 0.0300 0.5000
vt 0.0300 0.5000
vt 0.0300 0.5000
vt 0.0300 0.5000
vt 0.0300 0.5000
vt 0.0300 0.5000
vt 0.0300 0.5000
vt 0.0300 0.5000
vt 0.0300 0.5000
vt 0.0300 0.5000
vt 0.0300 0.5000
vt 0.0300 0.5000
vt 0.0300 0.5000
vt 0.0300 0.5000
vt 0.0300 0.5000
vt 0.0300 0.5000
vt 0.0300 0.5000
vt 0.0300 0.5000
vt 0.0300 0.5000
vt 0.0300 0.5000
vt 0.0300 0.5000
vt 0.0300 0.5000
vt 0.0300 0.5000
vt 0.0300 0.5000
vt 0.0300 0.5000
vt 0.0300 0.5000
vt 0.0300 0.5000
vt 0.0300 0.5000
vt 0.0300 0.5000
vt 0.0300 0.5000
vt 0.0300 0.5000
vt 0.0300 0.5000
vt 0.0300 0.5000
vt 0.0300 0.5000
vt 0.0300 0.5000
vt 0.0300 0.5000
vt 0.0300 0.5000
vt 0.0300 0.5000
vt 0.0300 0.5000
vt 0.0300 0.5000
vt 0.0300 0.5000
vt 0.0300 0.5000
vt 0.0300 0.5000
vt 0.0300 0.5000
vt 0.0300 0.5000
vt 0.0300 0.5000
vt 0.0300 0.5000
vt 0.0300 0.5000
vt 0.0300 0.5000
vt 0.0300 0.5000
vt 0.0300 0.5000
vt 0.0300 0.5000
vt 0.0300 0.5000
vt 0.0300 0.5000
vt 0.0300 0.5000
vt 0.0300 0.5000
vt 0.0300 0.5000
vt 0.0300 0.5000
vt 0.0300 0.5000
vt 0.0300 0.5000
vt 0.0300 0.5000
vt 0.0300 0.5000
vt 0.0300 0.5000
vt 0.0300 0.5000
vt 0.0300 0.5000
vt 0.0300 0.5000
vt 0.0300 0.5000
vt 0.0300 0.5000
vt 0.0300 0.5000
vt 0.0300 0.5000
vt 0.0300 0.5000
vt 0.0300 0.5000
vt 0.0300 0.5000
vt 0.0300 0.5000
vt 0.0300 0.5000
vt 0.0300 0.5000
vt 0.0300 0.5000
vt 0.0300 0.5000
vt 0.0300 0.5000
vt 0.0300 0.5000
vt 0.0300 0.5000
vt 0.0300 0.5000
vt 0.0300 0.5000
vt 0.0300 0.5000
vt 0.0300 0.5000
vt 0.0300 0.5000
vt 0.0300 0.5000
vt 0.0300 0.5000
vt 0.0300 0.5000
vt 0.0300 0.5000
vt 0.0300 0.5000
vt 0.0300 0.5000
vt 0.0300 0.5000
vt 0.0300 0.5000
vt 0.0300 0.5000
vt 0.0300 0.5000
vt 0.0300 0.5000
vt 0.0300 0.5000
vt 0.0300 0.5000
vt 0.0300 0.5000
vt 0.0300 0.5000
vt 0.0300 0.5000
vt 0.0300 0.5000
vt 0.0300 0.5000
vt 0.0300 0.5000
vt 0.0300 0.5000
vt 0.0300 0.5000
vt 0.0300 0.5000
vt 0.0300 0.5000
vt 0.0300 0.5000
vt 0.0300 0.5000
vt 0.0300 0.5000
vt 0.0300 0.5000
vt 0.0300 0.5000
vt 0.0300 0.5000
vt 0.0300 0.5000
vt 0.0300 0.5000
vt 0.0300 0.5000
vt 0.0300 0.5000
vt 0.0300 0.5000
vt 0.0300 0.5000
vt 0.0300 0.5000
vt 0.0300 0.5000
vt 0.0300 0.5000
vt 0.0300 0.5000
vt 0.0300 0.5000
vt 0.0300 0.5000
vt 0.0300 0.5000
vt 0.0300 0.5000
vt 0.0300 0.5000
vt 0.0300 0.5000
vt 0.0300 0.5000
vt 0.0300 0.5000
vt 0.0300 0.5000
vt 0.0300 0.5000
vt 0.0300 0.5000
vt 0.0300 0.5000
vt 0.0300 0.5000
vt 0.0300 0.5000
vt 0.0300 0.5000
vt 0.0300 0.5000
vt 0.0300 0.5000
vt 0.0300 0.5000
vt 0.0300 0.5000
vt 0.0300 0.5000
vt 0.0300 0.5000
vt 0.0300 0.5000
vt 0.0300 0.5000
vt 0.0300 0.5000
vt 0.0300 0.5000
vt 0.0300 0.5000
vt 0.0300 0.5000
vt 0.0300 0.5000
vt 0.0300 0.5000
vt 0.0300 0.5000
vt 0.0300 0.5000
vt 0.0300 0.5000
vt 0.0300 0.5000
vt 0.0300 0.5000
vt 0.0300 0.5000
vt 0.0300 0.5000
vt 0.0300 0.5000
vt 0.0300 0.5000
vt 0.0300 0.5000
vt 0.0300 0.5000
vt 0.0300 0.5000
vt 0.0300 0.5000
vt 0.0300 0.5000
vt 0.0300 0.5000
vt 0.0300 0.5000
vt 0.0300 0.5000
vt 0.0300 0.5000
vt 0.0300 0.5000
vt 0.0300 0.5000
vt 0.0300 0.5000
vt 0.0300 0.5000
vt 0.0300 0.5000
vt 0.0300 0.5000
vt 0.0300 0.5000
vt 0.0300 0.5000
vt 0.0300 0.5000
vt 0.0300 0.5000
vt 0.0300 0.5000
vt 0.0300 0.5000
vt 0.0300 0.5000
vt 0.0300 0.5000
vt 0.0300 0.5000
vt 0.0300 0.5000
vt 0.0300 0.5000
vt 0.0300 0.5000
vt 0.0300 0.5000
vt 0.0300 0.5000
vt 0.0300 0.5000
vt 0.0300 0.5000
vt 0.0300 0.5000
vt 0.0300 0.5000
vt 0.0300 0.5000
vt 0.0300 0.5000
vt 0.0300 0.5000
vt 0.0300 0.5000
vt 0.0300 0.5000
vt 0.0300 0.5000
vt 0.0300 0.5000
vt 0.0300 0.5000
vt 0.0300 0.5000
vt 0.0300 0.5000
vt 0.0300 0.5000
vt 0.0300 0.5000
vt 0.0300 0.5000
vt 0.0300 0.5000
vt 0.0300 0.5000
vt 0.0300 0.5000
vt 0.0300 0.5000
vt 0.0300 0.5000
vt 0.0300 0.5000
vt 0.0300 0.5000
vt 0.0300 0.5000
vt 0.0300 0.5000
vt 0.0300 0.5000
vt 0.0300 0.5000
vt 0.0300 0.5000
vt 0.0300 0.5000
vt 0.0300 0.5000
vt 0.0300 0.5000
vt 0.0300 0.5000
vt 0.0300 0.5000
vt 0.0300 0.5000
vt 0.0300 0.5000
vt 0.0300 0.5000
vt 0.0300 0.5000
vt 0.0300 0.5000
vt 0.0300 0.5000
vt 0.0300 0.5000
vt 0.0300 0.5000
vt 0.0300 0.5000
vt 0.0300 0.5000
vt 0.0300 0.5000
vt 0.0300 0.5000
vt 0.0300 0.5000
vt 0.0300 0.5000
vt 0.0300 0.5000
vt 0.0300 0.5000
vt 0.0300 0.5000
vt 0.0300 0.5000
vt 0.0300 0.5000
vt 0.0300 0.5000
vt 0.0300 0.5000
vt 0.0300 0.5000
vt 0.0300 0.5000
vt 0.0300 0.5000
vt 0.0300 0.5000
vt 0.0300 0.5000
vt 0.0300 0.5000
vt 0.0300 0.5000
vt 0.0300 0.5000
vt 0.0300 0.5000
vt 0.0300 0.5000
vt 0.0300 0.5000
vt 0.0300 0.5000
vt 0.0300 0.5000
vt 0.0300 0.5000
vt 0.0300 0.5000
vt 0.0300 0.5000
vt 0.0300 0.5000
vt 0.0300 0.5000
vt 0.0300 0.5000
vt 0.0300 0.5000
vt 0.0300 0.5000
vt 0.0300 0.5000
vt 0.0300 0.5000
vt 0.0300 0.5000
vt 0.0300 0.5000
vt 0.0300 0.5000
vt 0.0300 0.5000
vt 0.0300 0.5000
vt 0.0300 0.5000
vt 0.0300 0.5000
vt 0.0300 0.5000
vt 0.0300 0.5000
vt 0.0300 0.5000
vt 0.0300 0.5000
vt 0.0300 0.5000
vt 0.0300 0.5000
vt 0.0300 0.5000
vt 0.0300 0.5000
vt 0.0300 0.5000
vt 0.0300 0.5000
vt 0.0300 0.5000
vt 0.0300 0.5000
vt 0.0300 0.5000
vt 0.0300 0.5000
vt 0.0300 0.5000
vt 0.0300 0.5000
vt 0.0300 0.5000
vt 0.0300 0.5000
vt 0.0300 0.5000
vt 0.0300 0.5000
vt 0.0300 0.5000
vt 0.0300 0.5000
vt 0.0300 0.5000
vt 0.0300 0.5000
vt 0.0300 0.5000
vt 0.0300 0.5000
vt 0.0300 0.5000
vt 0.0300 0.5000
vt 0.0300 0.5000
vt 0.0300 0.5000
vt 0.0300 0.5000
vt 0.0300 0.5000
vt 0.0300 0.5000
vt 0.0300 0.5000
vt 0.0300 0.5000
vt 0.0300 0.5000
vt 0.0300 0.5000
vt 0.0300 0.5000
vt 0.0300 0.5000
vt 0.0300 0.5000
vt 0.0300 0.5000
vt 0.0300 0.5000
vt 0.0300 0.5000
vt 0.0300 0.5000
vt 0.0300 0.5000
vt 0.0300 0.5000
vt 0.0300 0.5000
vt 0.0300 0.5000
vt 0.0300 0.5000
vt 0.0300 0.5000
vt 0.0300 0.5000
vt 0.0300 0.5000
vt 0.0300 0.5000
vt 0.0300 0.5000
vt 0.0300 0.5000
vt 0.0300 0.5000
vt 0.0300 0.5000
vt 0.0300 0.5000
vt 0.0300 0.5000
vt 0.0300 0.5000
vt 0.0300 0.5000
vt 0.0300 0.5000
vt 0.0300 0.5000
vt 0.0300 0.5000
vt 0.0300 0.5000
vt 0.0300 0.5000
vt 0.0300 0.5000
vt 0.0300 0.5000
vt 0.0300 0.5000
vt 0.0300 0.5000
vt 0.0300 0.5000
vt 0.0300 0.5000
vt 0.0300 0.5000
vt 0.0300 0.5000
vt 0.0300 0.5000
vt 0.0300 0.5000
vt 0.0300 0.5000
vt 0.0300 0.5000
vt 0.0300 0.5000
vt 0.0300 0.5000
vt 0.0300 0.5000
vt 0.0300 0.5000
vt 0.0300 0.5000
vt 0.0300 0.5000
vt 0.0300 0.5000
vt 0.0300 0.5000
vt 0.0300 0.5000
vt 0.0300 0.5000
vt 0.0300 0.5000
vt 0.0300 0.5000
vt 0.0300 0.5000
vt 0.0300 0.5000
vt 0.0300 0.5000
vt 0.0300 0.5000
vt 0.0300 0.5000
vt 0.0300 0.5000
vt 0.0300 0.5000
vt 0.0300 0.5000
vt 0.0300 0.5000
vt 0.0300 0.5000
vt 0.0300 0.5000
vt 0.0300 0.5000
vt 0.0300 0.5000
vt 0.0300 0.5000
vt 0.0300 0.5000
vt 0.0300 0.5000
vt 0.0300 0.5000
vt 0.0300 0.5000
vt 0.0300 0.5000
vt 0.0300 0.5000
vt 0.0300 0.5000
vt 0.0300 0.5000
vt 0.0300 0.5000
vt 0.0300 0.5000
vt 0.0300 0.5000
vt 0.0300 0.5000
vt 0.0300 0.5000
vt 0.0300 0.5000
vt 0.0300 0.5000
vt 0.0300 0.5000
vt 0.0300 0.5000
vt 0.0300 0.5000
vt 0.0300 0.5000
vt 0.0300 0.5000
vt 0.0300 0.5000
vt 0.0300 0.5000
vt 0.0300 0.5000
vt 0.0300 0.5000
vt 0.0300 0.5000
vt 0.0300 0.5000
vt 0.0300 0.5000
vt 0.0300 0.5000
vt 0.0300 0.5000
vt 0.0300 0.5000
vt 0.0300 0.5000
vt 0.0300 0.5000
vt 0.0300 0.5000
vt 0.0300 0.5000
vt 0.0300 0.5000
vt 0.0300 0.5000
vt 0.0300 0.5000
vt 0.0300 0.5000
vt 0.0300 0.5000
vt 0.0300 0.5000
vt 0.0300 0.5000
vt 0.0300 0.5000
vt 0.0300 0.5000
vt 0.0300 0.5000
vt 0.0300 0.5000
vt 0.0300 0.5000
vt 0.0300 0.5000
vt 0.0300 0.5000
vt 0.0300 0.5000
vt 0.0300 0.5000
vt 0.0300 0.5000
vt 0.0300 0.5000
vt 0.0300 0.5000
vt 0.0300 0.5000
vt 0.0300 0.5000
vt 0.0300 0.5000
vt 0.0300 0.5000
vt 0.0300 0.5000
vt 0.0300 0.5000
vt 0.0300 0.5000
vt 0.0300 0.5000
vt 0.0300 0.5000
vt 0.0300 0.5000
vt 0.0300 0.5000
vt 0.0300 0.5000
vt 0.0300 0.5000
vt 0.0300 0.5000
vt 0.0300 0.5000
vt 0.0300 0.5000
vt 0.0300 0.5000
vt 0.0300 0.5000
vt 0.0300 0.5000
vt 0.0300 0.5000
vt 0.0300 0.5000
vt 0.0300 0.5000
vt 0.0300 0.5000
vt 0.0300 0.5000
vt 0.0300 0.5000
vt 0.0300 0.5000
vt 0.0300 0.5000
vt 0.0300 0.5000
vt 0.0300 0.5000
vt 0.0300 0.5000
vt 0.0300 0.5000
vt 0.0300 0.5000
vt 0.0300 0.5000
vt 0.0300 0.5000
vt 0.0300 0.5000
vt 0.0300 0.5000
vt 0.0300 0.5000
vt 0.0300 0.5000
vt 0.0300 0.5000
vt 0.0300 0.5000
vt 0.0300 0.5000
vt 0.0300 0.5000
vt 0.0300 0.5000
vt 0.0300 0.5000
vt 0.0300 0.5000
vt 0.0300 0.5000
vt 0.0300 0.5000
vt 0.0300 0.5000
vt 0.0300 0.5000
vt 0.0300 0.5000
vt 0.0300 0.5000
vt 0.0300 0.5000
vt 0.0300 0.5000
vt 0.0300 0.5000
vt 0.0300 0.5000
vt 0.0300 0.5000
vt 0.0300 0.5000
vt 0.0300 0.5000
vt 0.0300 0.5000
vt 0.0300 0.5000
vt 0.0300 0.5000
vt 0.0300 0.5000
vt 0.0300 0.5000
vt 0.0300 0.5000
vt 0.0300 0.5000
vt 0.0300 0.5000
vt 0.0300 0.5000
vt 0.0300 0.5000
vt 0.0300 0.5000
vt 0.0300 0.5000
vt 0.0300 0.5000
vt 0.0300 0.5000
vt 0.0300 0.5000
vt 0.0300 0.5000
vt 0.0300 0.5000
vt 0.0300 0.5000
vt 0.0300 0.5000
vt 0.0300 0.5000
vt 0.0300 0.5000
vt 0.0300 0.5000
vt 0.0300 0.5000
vt 0.0300 0.5000
vt 0.0300 0.5000
vt 0.0300 0.5000
vt 0.0300 0.5000
vt 0.0300 0.5000
vt 0.0300 0.5000
vt 0.0300 0.5000
vt 0.0300 0.5000
vt 0.0300 0.5000
vt 0.0300 0.5000
vt 0.0300 0.5000
vt 0.0300 0.5000
vt 0.0300 0.5000
vt 0.0300 0.5000
vt 0.0300 0.5000
vt 0.0300 0.5000
vt 0.0300 0.5000
vt 0.0300 0.5000
vt 0.0300 0.5000
vt 0.0300 0.5000
vt 0.0300 0.5000
vt 0.0300 0.5000
vt 0.0300 0.5000
vt 0.0300 0.5000
vt 0.0300 0.5000
vt 0.0300 0.5000
vt 0.0300 0.5000
vt 0.0300 0.5000
vt 0.0300 0.5000
vt 0.0300 0.5000
vt 0.0300 0.5000
vt 0.0300 0.5000
vt 0.0300 0.5000
vt 0.0300 0.5000
vt 0.0300 0.5000
vt 0.0300 0.5000
vt 0.0300 0.5000
vt 0.0300 0.5000
vt 0.0300 0.5000
vt 0.0300 0.5000
vt 0.0300 0.5000
vt 0.0300 0.5000
vt 0.0300 0.5000
vt 0.0300 0.5000
vt 0.0300 0.5000
vt 0.0300 0.5000
vt 0.0300 0.5000
vt 0.0300 0.5000
vt 0.0300 0.5000
vt 0.0300 0.5000
vt 0.0300 0.5000
vt 0.0300 0.5000
vt 0.0300 0.5000
vt 0.0300 0.5000
vt 0.0300 0.5000
vt 0.0300 0.5000
vt 0.0300 0.5000
vt 0.0300 0.5000
vt 0.0300 0.5000
vt 0.0300 0.5000
vt 0.0300 0.5000
vt 0.0300 0.5000
vt 0.0300 0.5000
vt 0.0300 0.5000
vt 0.0300 0.5000
vt 0.0300 0.5000
vt 0.0300 0.5000
vt 0.0300 0.5000
vt 0.0300 0.5000
vt 0.0300 0.5000
vt 0.0300 0.5000
vt 0.0300 0.5000
vt 0.0300 0.5000
vt 0.0300 0.5000
vt 0.0300 0.5000
vt 0.0300 0.5000
vt 0.0300 0.5000
vt 0.0300 0.5000
vt 0.0300 0.5000
vt 0.0300 0.5000
vt 0.0300 0.5000
vt 0.0300 0.5000
vt 0.0300 0.5000
vt 0.0300 0.5000
vt 0.0300 0.5000
vt 0.0300 0.5000
vt 0.0300 0.5000
vt 0.0300 0.5000
vt 0.0300 0.5000
vt 0.0300 0.5000
vt 0.0300 0.5000
vt 0.0300 0.5000
vt 0.0300 0.5000
vt 0.0300 0.5000
vt 0.0300 0.5000
vt 0.0300 0.5000
vt 0.0300 0.5000
vt 0.0300 0.5000
vt 0.0300 0.5000
vt 0.0300 0.5000
vt 0.0300 0.5000
vt 0.0300 0.5000
vt 0.0300 0.5000
vt 0.0300 0.5000
vt 0.0300 0.5000
vt 0.0300 0.5000
vt 0.0300 0.5000
vt 0.0300 0.5000
vt 0.0300 0.5000
vt 0.0300 0.5000
vt 0.0300 0.5000
vt 0.0300 0.5000
vt 0.0300 0.5000
vt 0.0300 0.5000
vt 0.0300 0.5000
vt 0.0300 0.5000
vt 0.0300 0.5000
vt 0.0300 0.5000
vt 0.0300 0.5000
vt 0.0300 0.5000
vt 0.0300 0.5000
vt 0.0300 0.5000
vt 0.0300 0.5000
vt 0.0300 0.5000
vt 0.0300 0.5000
vt 0.0300 0.5000
vt 0.0300 0.5000
vt 0.0300 0.5000
vt 0.0300 0.5000
vt 0.0300 0.5000
vt 0.0300 0.5000
vt 0.0300 0.5000
vt 0.0300 0.5000
vt 0.0300 0.5000
vt 0.0300 0.5000
vt 0.0300 0.5000
vt 0.0300 0.5000
vt 0.0300 0.5000
vt 0.0300 0.5000
vt 0.0300 0.5000
vt 0.0300 0.5000
vt 0.0300 0.5000
vt 0.0300 0.5000
vt 0.0300 0.5000
vt 0.0300 0.5000
vt 0.0300 0.5000
vt 0.0300 0.5000
vt 0.0300 0.5000
vt 0.0300 0.5000
vt 0.0300 0.5000
vt 0.0300 0.5000
vt 0.0300 0.5000
vt 0.0300 0.5000
vt 0.0300 0.5000
vt 0.0300 0.5000
vt 0.0300 0.5000
vt 0.0300 0.5000
vt 0.0300 0.5000
vt 0.0300 0.5000
vt 0.0300 0.5000
vt 0.0300 0.5000
vt 0.0300 0.5000
vt 0.0300 0.5000
vt 0.0300 0.5000
vt 0.0300 0.5000
vt 0.0300 0.5000
vt 0.0300 0.5000
vt 0.0300 0.5000
vt 0.0300 0.5000
vt 0.0300 0.5000
vt 0.0300 0.5000
vt 0.0300 0.5000
vt 0.0300 0.5000
vt 0.0300 0.5000
vt 0.0300 0.5000
vt 0.0300 0.5000
vt 0.0300 0.5000
vt 0.0300 0.5000
vt 0.0300 0.5000
vt 0.0300 0.5000
vt 0.0300 0.5000
vt 0.0300 0.5000
vt 0.0300 0.5000
vt 0.0300 0.5000
vt 0.0300 0.5000
vt 0.0300 0.5000
vt 0.0300 0.5000
vt 0.0300 0.5000
vt 0.0300 0.5000
vt 0.0300 0.5000
vt 0.0300 0.5000
vt 0.0300 0.5000
vt 0.0300 0.5000
vt 0.0300 0.5000
vt 0.0300 0.5000
vt 0.0300 0.5000
vt 0.0300 0.5000
vt 0.0300 0.5000
vt 0.0300 0.5000
vt 0.0300 0.5000
vt 0.0300 0.5000
vt 0.0300 0.5000
vt 0.0300 0.5000
vt 0.0300 0.5000
vt 0.0300 0.5000
vt 0.0300 0.5000
vt 0.0300 0.5000
vt 0.0300 0.5000
vt 0.0300 0.5000
vt 0.0300 0.5000
vt 0.0300 0.5000
vt 0.0300 0.5000
vt 0.0300 0.5000
vt 0.0300 0.5000
vt 0.0300 0.5000
vt 0.0300 0.5000
vt 0.0300 0.5000
vt 0.0300 0.5000
vt 0.0300 0.5000
vt 0.0300 0.5000
vt 0.0300 0.5000
vt 0.0300 0.5000
vt 0.0300 0.5000
vt 0.0300 0.5000
vt 0.0300 0.5000
vt 0.0300 0.5000
vt 0.0300 0.5000
vt 0.0300 0.5000
vt 0.0300 0.5000
vt 0.0300 0.5000
vt 0.0300 0.5000
vt 0.0300 0.5000
vt 0.0300 0.5000
vt 0.0300 0.5000
vt 0.0300 0.5000
vt 0.0300 0.5000
vt 0.0300 0.5000
vt 0.0300 0.5000
vt 0.0300 0.5000
vt 0.0300 0.5000
vt 0.0300 0.5000
vt 0.0300 0.5000
vt 0.0300 0.5000
vt 0.0300 0.5000
vt 0.0300 0.5000
vt 0.0300 0.5000
vt 0.0300 0.5000
vt 0.0300 0.5000
vt 0.0300 0.5000
vt 0.0300 0.5000
vt 0.0300 0.5000
vt 0.0300 0.5000
vt 0.0300 0.5000
vt 0.0300 0.5000
vt 0.0300 0.5000
vt 0.0300 0.5000
vt 0.0300 0.5000
vt 0.0300 0.5000
vt 0.0300 0.5000
vt 0.0300 0.5000
vt 0.0300 0.5000
vt 0.0300 0.5000
vt 0.0300 0.5000
vt 0.0300 0.5000
vt 0.0300 0.5000
vt 0.0300 0.5000
vt 0.0300 0.5000
vt 0.0300 0.5000
vt 0.0300 0.5000
vt 0.0300 0.5000
vt 0.0300 0.5000
vt 0.0300 0.5000
vt 0.0300 0.5000
vt 0.0300 0.5000
vt 0.0300 0.5000
vt 0.0300 0.5000
vt 0.0300 0.5000
vt 0.0300 0.5000
vt 0.0300 0.5000
vt 0.0300 0.5000
vt 0.0300 0.5000
vt 0.0300 0.5000
vt 0.0300 0.5000
vt 0.0300 0.5000
vt 0.0300 0.5000
vt 0.0300 0.5000
vt 0.0300 0.5000
vt 0.0300 0.5000
vt 0.0300 0.5000
vt 0.0300 0.5000
vt 0.0300 0.5000
vt 0.0300 0.5000
vt 0.0300 0.5000
vt 0.0300 0.5000
vt 0.0300 0.5000
vt 0.0300 0.5000
vt 0.0300 0.5000
vt 0.0300 0.5000
vt 0.0300 0.5000
vt 0.0300 0.5000
vt 0.0300 0.5000
vt 0.0300 0.5000
vt 0.0300 0.5000
vt 0.0300 0.5000
vt 0.0300 0.5000
vt 0.0300 0.5000
vt 0.0300 0.5000
vt 0.0300 0.5000
vt 0.0300 0.5000
vt 0.0300 0.5000
vt 0.0300 0.5000
vt 0.0300 0.5000
vt 0.0300 0.5000
vt 0.0300 0.5000
vt 0.0300 0.5000
vt 0.0300 0.5000
vt 0.0300 0.5000
vt 0.0300 0.5000
vt 0.0300 0.5000
vt 0.0300 0.5000
vt 0.0300 0.5000
vt 0.0300 0.5000
vt 0.0300 0.5000
vt 0.0300 0.5000
vt 0.0300 0.5000
vt 0.0300 0.5000
vt 0.0300 0.5000
vt 0.0300 0.5000
vt 0.0300 0.5000
vt 0.0300 0.5000
vt 0.0300 0.5000
vt 0.0300 0.5000
vt 0.0300 0.5000
vt 0.0300 0.5000
vt 0.0300 0.5000
vt 0.0300 0.5000
vt 0.0300 0.5000
vt 0.0300 0.5000
vt 0.0300 0.5000
vt 0.0300 0.5000
vt 0.0300 0.5000
vt 0.0300 0.5000
vt 0.0300 0.5000
vt 0.0300 0.5000
vt 0.0300 0.5000
vt 0.0300 0.5000
vt 0.0300 0.5000
vt 0.0300 0.5000
vt 0.0300 0.5000
vt 0.0300 0.5000
vt 0.0300 0.5000
vt 0.0300 0.5000
vt 0.0300 0.5000
vt 0.0300 0.5000
vt 0.0300 0.5000
vt 0.0300 0.5000
vt 0.0300 0.5000
vt 0.0300 0.5000
vt 0.0300 0.5000
vt 0.0300 0.5000
vt 0.0300 0.5000
vt 0.0300 0.5000
vt 0.0300 0.5000
vt 0.0300 0.5000
vt 0.0300 0.5000
vt 0.0300 0.5000
vt 0.0300 0.5000
vt 0.0300 0.5000
vt 0.0300 0.5000
vt 0.0300 0.5000
vt 0.0300 0.5000
vt 0.0300 0.5000
vt 0.0300 0.5000
vt 0.0300 0.5000
vt 0.0300 0.5000
vt 0.0300 0.5000
vt 0.0300 0.5000
vt 0.0300 0.5000
vt 0.0300 0.5000
vt 0.0300 0.5000
vt 0.0300 0.5000
vt 0.0300 0.5000
vt 0.0300 0.5000
vt 0.0300 0.5000
vt 0.0300 0.5000
vt 0.0300 0.5000
vt 0.0300 0.5000
vt 0.0300 0.5000
vt 0.0300 0.5000
vt 0.0300 0.5000
vt 0.0300 0.5000
vt 0.0300 0.5000
vt 0.0300 0.5000
vt 0.0300 0.5000
vt 0.0300 0.5000
vt 0.0300 0.5000
vt 0.0300 0.5000
vt 0.0300 0.5000
vt 0.0300 0.5000
vt 0.0300 0.5000
vt 0.0300 0.5000
vt 0.0300 0.5000
vt 0.0300 0.5000
vt 0.0300 0.5000
vt 0.0300 0.5000
vt 0.0300 0.5000
vt 0.0300 0.5000
vt 0.0300 0.5000
vt 0.0300 0.5000
vt 0.0300 0.5000
vt 0.0300 0.5000
vt 0.0300 0.5000
vt 0.0300 0.5000
vt 0.0300 0.5000
vt 0.0300 0.5000
vt 0.0300 0.5000
vt 0.0300 0.5000
vt 0.0300 0.5000
vt 0.0300 0.5000
vt 0.0300 0.5000
vt 0.0300 0.5000
vt 0.0300 0.5000
vt 0.0300 0.5000
vt 0.0300 0.5000
vt 0.0300 0.5000
vt 0.0300 0.5000
vt 0.0300 0.5000
vt 0.0300 0.5000
vt 0.0300 0.5000
vt 0.0300 0.5000
vt 0.0300 0.5000
vt 0.0300 0.5000
vt 0.0300 0.5000
vt 0.0300 0.5000
vt 0.0300 0.5000
vt 0.0300 0.5000
vt 0.0300 0.5000
vt 0.0300 0.5000
vt 0.0300 0.5000
vt 0.0300 0.5000
vt 0.0300 0.5000
vt 0.0300 0.5000
vt 0.0300 0.5000
vt 0.0300 0.5000
vt 0.0300 0.5000
vt 0.0300 0.5000
vt 0.0300 0.5000
vt 0.0300 0.5000
vt 0.0300 0.5000
vt 0.0300 0.5000
vt 0.0300 0.5000
vt 0.0300 0.5000
vt 0.0300 0.5000
vt 0.0300 0.5000
vt 0.0300 0.5000
vt 0.0300 0.5000
vt 0.0300 0.5000
vt 0.0300 0.5000
vt 0.0300 0.5000
vt 0.0300 0.5000
vt 0.0300 0.5000
vt 0.0300 0.5000
vt 0.0300 0.5000
vt 0.0300 0.5000
vt 0.0300 0.5000
vt 0.0300 0.5000
vt 0.0300 0.5000
vt 0.0300 0.5000
vt 0.0300 0.5000
vt 0.0300 0.5000
vt 0.0300 0.5000
vt 0.0300 0.5000
vt 0.0300 0.5000
vt 0.0300 0.5000
vt 0.0300 0.5000
vt 0.0300 0.5000
vt 0.0300 0.5000
vt 0.0300 0.5000
vt 0.0300 0.5000
vt 0.0300 0.5000
vt 0.0300 0.5000
vt 0.0300 0.5000
vt 0.0300 0.5000
vt 0.0300 0.5000
vt 0.0300 0.5000
vt 0.0300 0.5000
vt 0.0300 0.5000
vt 0.0300 0.5000
vt 0.0300 0.5000
vt 0.0300 0.5000
vt 0.0300 0.5000
vt 0.0300 0.5000
vt 0.0300 0.5000
vt 0.0300 0.5000
vt 0.0300 0.5000
vt 0.0300 0.5000
vt 0.0300 0.5000
vt 0.0300 0.5000
vt 0.0300 0.5000
vt 0.0300 0.5000
vt 0.0300 0.5000
vt 0.0300 0.5000
vt 0.0300 0.5000
vt 0.0300 0.5000
vt 0.0300 0.5000
vt 0.0300 0.5000
vt 0.0300 0.5000
vt 0.0300 0.5000
vt 0.0300 0.5000
vt 0.0300 0.5000
vt 0.0300 0.5000
vt 0.0300 0.5000
vt 0.0300 0.5000
vt 0.0300 0.5000
vt 0.0300 0.5000
vt 0.0300 0.5000
vt 0.0300 0.5000
vt 0.0300 0.5000
vt 0.0300 0.5000
vt 0.0300 0.5000
vt 0.0300 0.5000
vt 0.0300 0.5000
vt 0.0300 0.5000
vt 0.0300 0.5000
vt 0.0300 0.5000
vt 0.0300 0.5000
vt 0.0300 0.5000
vt 0.0300 0.5000
vt 0.0300 0.5000
vt 0.0300 0.5000
vt 0.0300 0.5000
vt 0.0300 0.5000
vt 0.0300 0.5000
vt 0.0300 0.5000
vt 0.0300 0.5000
vt 0.0300 0.5000
vt 0.0300 0.5000
vt 0.0300 0.5000
vt 0.0300 0.5000
vt 0.0300 0.5000
vt 0.0300 0.5000
vt 0.0300 0.5000
vt 0.0300 0.5000
vt 0.0300 0.5000
vt 0.0300 0.5000
vt 0.0300 0.5000
vt 0.0300 0.5000
vt 0.0300 0.5000
vt 0.0300 0.5000
vt 0.0300 0.5000
vt 0.0300 0.5000
vt 0.0300 0.5000
vt 0.0300 0.5000
vt 0.0300 0.5000
vt 0.0300 0.5000
vt 0.0300 0.5000
vt 0.0300 0.5000
vt 0.0300 0.5000
vt 0.0300 0.5000
vt 0.0300 0.5000
vt 0.0300 0.5000
vt 0.0300 0.5000
vt 0.0300 0.5000
vt 0.0300 0.5000
vt 0.0300 0.5000
vt 0.0300 0.5000
vt 0.0300 0.5000
vt 0.0300 0.5000
vt 0.0300 0.5000
vt 0.0300 0.5000
vt 0.0300 0.5000
vt 0.0300 0.5000
vt 0.0300 0.5000
vt 0.0300 0.5000
vt 0.0300 0.5000
vt 0.0300 0.5000
vt 0.0300 0.5000
vt 0.0300 0.5000
vt 0.0300 0.5000
vt 0.0300 0.5000
vt 0.0300 0.5000
vt 0.0300 0.5000
vt 0.0300 0.5000
vt 0.0300 0.5000
vt 0.0300 0.5000
vt 0.0300 0.5000
vt 0.0300 0.5000
vt 0.0300 0.5000
vt 0.0300 0.5000
vt 0.0300 0.5000
vt 0.0300 0.5000
vt 0.0300 0.5000
vt 0.0300 0.5000
vt 0.0300 0.5000
vt 0.0300 0.5000
vt 0.0300 0.5000
vt 0.0300 0.5000
vt 0.0300 0.5000
vt 0.0300 0.5000
vt 0.0300 0.5000
vt 0.0300 0.5000
vt 0.0300 0.5000
vt 0.0300 0.5000
vt 0.0300 0.5000
vt 0.0300 0.5000
vt 0.0300 0.5000
vt 0.0300 0.5000
vt 0.0300 0.5000
vt 0.0300 0.5000
vt 0.0300 0.5000
vt 0.0300 0.5000
vt 0.0300 0.5000
vt 0.0300 0.5000
vt 0.0300 0.5000
vt 0.0300 0.5000
vt 0.0300 0.5000
vt 0.0300 0.5000
vt 0.0300 0.5000
vt 0.0300 0.5000
vt 0.0300 0.5000
vt 0.0300 0.5000
vt 0.0300 0.5000
vt 0.0300 0.5000
vt 0.0300 0.5000
vt 0.0300 0.5000
vt 0.0300 0.5000
vt 0.0300 0.5000
vt 0.0300 0.5000
vt 0.0300 0.5000
vt 0.0300 0.5000
vt 0.0300 0.5000
vt 0.0300 0.5000
vt 0.0300 0.5000
vt 0.0300 0.5000
vt 0.0300 0.5000
vt 0.0300 0.5000
vt 0.0300 0.5000
vt 0.0300 0.5000
vt 0.0300 0.5000
vt 0.0300 0.5000
vt 0.0300 0.5000
vt 0.0300 0.5000
vt 0.0300 0.5000
vt 0.0300 0.5000
vt 0.0300 0.5000
vt 0.0300 0.5000
vt 0.0300 0.5000
vt 0.0300 0.5000
vt 0.0300 0.5000
vt 0.0300 0.5000
vt 0.0300 0.5000
vt 0.0300 0.5000
vt 0.0300 0.5000
vt 0.0300 0.5000
vt 0.0300 0.5000
vt 0.0300 0.5000
vt 0.0300 0.5000
vt 0.0300 0.5000
vt 0.0300 0.5000
vt 0.0300 0.5000
vt 0.0300 0.5000
vt 0.0300 0.5000
vt 0.0300 0.5000
vt 0.0300 0.5000
vt 0.0300 0.5000
vt 0.0300 0.5000
vt 0.0300 0.5000
vt 0.0300 0.5000
vt 0.0300 0.5000
vt 0.0300 0.5000
vt 0.0300 0.5000
vt 0.0300 0.5000
vt 0.0300 0.5000
vt 0.0300 0.5000
vt 0.0300 0.5000
vt 0.0300 0.5000
vt 0.0300 0.5000
vt 0.0300 0.5000
vt 0.0300 0.5000
vt 0.0300 0.5000
vt 0.0300 0.5000
vt 0.0300 0.5000
vt 0.0300 0.5000
vt 0.0300 0.5000
vt 0.0300 0.5000
vt 0.0300 0.5000
vt 0.0300 0.5000
vt 0.0300 0.5000
vt 0.0300 0.5000
vt 0.0300 0.5000
vt 0.0300 0.5000
vt 0.0300 0.5000
vt 0.0300 0.5000
vt 0.0300 0.5000
vt 0.0300 0.5000
vt 0.0300 0.5000
vt 0.0300 0.5000
vt 0.0300 0.5000
vt 0.0300 0.5000
vt 0.0300 0.5000
vt 0.0300 0.5000
vt 0.0300 0.5000
vt 0.0300 0.5000
vt 0.0300 0.5000
vt 0.0300 0.5000
vt 0.0300 0.5000
vt 0.0300 0.5000
vt 0.0300 0.5000
vt 0.0300 0.5000
vt 0.0300 0.5000
vt 0.0300 0.5000
vt 0.0300 0.5000
vt 0.0300 0.5000
vt 0.0300 0.5000
vt 0.0300 0.5000
vt 0.0300 0.5000
vt 0.0300 0.5000
vt 0.0300 0.5000
vt 0.0300 0.5000
vt 0.0300 0.5000
vt 0.0300 0.5000
vt 0.0300 0.5000
vt 0.0300 0.5000
vt 0.0300 0.5000
vt 0.0300 0.5000
vt 0.0300 0.5000
vt 0.0300 0.5000
vt 0.0300 0.5000
vt 0.0300 0.5000
vt 0.0300 0.5000
vt 0.0300 0.5000
vt 0.0300 0.5000
vt 0.0300 0.5000
vt 0.0300 0.5000
vt 0.0300 0.5000
vt 0.0300 0.5000
vt 0.0300 0.5000
vt 0.0300 0.5000
vt 0.0300 0.5000
vt 0.0300 0.5000
vt 0.0300 0.5000
vt 0.0300 0.5000
vt 0.0300 0.5000
vt 0.0300 0.5000
vt 0.0300 0.5000
vt 0.0300 0.5000
vt 0.0300 0.5000
vt 0.0300 0.5000
vt 0.0300 0.5000
vt 0.0300 0.5000
vt 0.0300 0.5000
vt 0.0300 0.5000
vt 0.0300 0.5000
vt 0.0300 0.5000
vt 0.0300 0.5000
vt 0.0300 0.5000
vt 0.0300 0.5000
vt 0.0300 0.5000
vt 0.0300 0.5000
vt 0.0300 0.5000
vt 0.0300 0.5000
vt 0.0300 0.5000
vt 0.0300 0.5000
vt 0.0300 0.5000
vt 0.0300 0.5000
vt 0.0300 0.5000
vt 0.0300 0.5000
vt 0.0300 0.5000
vt 0.0300 0.5000
vt 0.0300 0.5000
vt 0.0300 0.5000
vt 0.0300 0.5000
vt 0.0300 0.5000
vt 0.0300 0.5000
vt 0.0300 0.5000
vt 0.0300 0.5000
vt 0.0300 0.5000
vt 0.0300 0.5000
vt 0.0300 0.5000
vt 0.0300 0.5000
vt 0.0300 0.5000
vt 0.0300 0.5000
vt 0.0300 0.5000
vt 0.0300 0.5000
vt 0.0300 0.5000
vt 0.0300 0.5000
vt 0.0300 0.5000
vt 0.0300 0.5000
vt 0.0300 0.5000
vt 0.0300 0.5000
vt 0.0300 0.5000
vt 0.0300 0.5000
vt 0.0300 0.5000
vt 0.0300 0.5000
vt 0.0300 0.5000
vt 0.0300 0.5000
vt 0.0300 0.5000
vt 0.0300 0.5000
vt 0.0300 0.5000
vt 0.0300 0.5000
vt 0.0300 0.5000
vt 0.0300 0.5000
vt 0.0300 0.5000
vt 0.0300 0.5000
vt 0.0300 0.5000
vt 0.0300 0.5000
vt 0.0300 0.5000
vt 0.0300 0.5000
vt 0.0300 0.5000
vt 0.0300 0.5000
vt 0.0300 0.5000
vt 0.0300 0.5000
vt 0.0300 0.5000
vt 0.0300 0.5000
vt 0.0300 0.5000
vt 0.0300 0.5000
vt 0.0300 0.5000
vt 0.0300 0.5000
vt 0.0300 0.5000
vt 0.0300 0.5000
vt 0.0300 0.5000
vt 0.0300 0.5000
vt 0.0300 0.5000
vt 0.0300 0.5000
vt 0.0300 0.5000
vt 0.0300 0.5000
vt 0.0300 0.5000
vt 0.0300 0.5000
vt 0.0300 0.5000
vt 0.0300 0.5000
vt 0.0300 0.5000
vt 0.0300 0.5000
vt 0.0300 0.5000
vt 0.0300 0.5000
vt 0.0300 0.5000
vt 0.0300 0.5000
vt 0.0300 0.5000
vt 0.0300 0.5000
vt 0.0300 0.5000
vt 0.0300 0.5000
vt 0.0300 0.5000
vt 0.0300 0.5000
vt 0.0300 0.5000
vt 0.0300 0.5000
vt 0.0300 0.5000
vt 0.0300 0.5000
vt 0.0300 0.5000
vt 0.0300 0.5000
vt 0.0300 0.5000
vt 0.0300 0.5000
vt 0.0300 0.5000
vt 0.0300 0.5000
vt 0.0300 0.5000
vt 0.0300 0.5000
vt 0.0300 0.5000
vt 0.0300 0.5000
vt 0.0300 0.5000
vt 0.0300 0.5000
vt 0.0300 0.5000
vt 0.0300 0.5000
vt 0.0300 0.5000
vt 0.0300 0.5000
vt 0.0300 0.5000
vt 0.0300 0.5000
vt 0.0300 0.5000
vt 0.0300 0.5000
vt 0.0300 0.5000
vt 0.0300 0.5000
vt 0.0300 0.5000
vt 0.0300 0.5000
vt 0.0300 0.5000
vt 0.0300 0.5000
vt 0.0300 0.5000
vt 0.0300 0.5000
vt 0.0300 0.5000
vt 0.0300 0.5000
vt 0.0300 0.5000
vt 0.0300 0.5000
vt 0.0300 0.5000
vt 0.0300 0.5000
vt 0.0300 0.5000
vt 0.0300 0.5000
vt 0.0300 0.5000
vt 0.0300 0.5000
vt 0.0300 0.5000
vt 0.0300 0.5000
vt 0.0300 0.5000
vt 0.0300 0.5000
vt 0.0300 0.5000
vt 0.0300 0.5000
vt 0.0300 0.5000
vt 0.0300 0.5000
vt 0.0300 0.5000
vt 0.0300 0.5000
vt 0.0300 0.5000
vt 0.0300 0.5000
vt 0.0300 0.5000
vt 0.0300 0.5000
vt 0.0300 0.5000
vt 0.0300 0.5000
vt 0.0300 0.5000
vt 0.0300 0.5000
vt 0.0300 0.5000
vt 0.0300 0.5000
vt 0.0300 0.5000
vt 0.0300 0.5000
vt 0.0300 0.5000
vt 0.0300 0.5000
vt 0.0300 0.5000
vt 0.0300 0.5000
vt 0.0300 0.5000
vt 0.0300 0.5000
vt 0.0300 0.5000
vt 0.0300 0.5000
vt 0.0300 0.5000
vt 0.0300 0.5000
vt 0.0300 0.5000
vt 0.0300 0.5000
vt 0.0300 0.5000
vt 0.0300 0.5000
vt 0.0300 0.5000
vt 0.0300 0.5000
vt 0.0300 0.5000
vt 0.0300 0.5000
vt 0.0300 0.5000
vt 0.0300 0.5000
vt 0.0300 0.5000
vt 0.0300 0.5000
vt 0.0300 0.5000
vt 0.0300 0.5000
vt 0.0300 0.5000
vt 0.0300 0.5000
vt 0.0300 0.5000
vt 0.0300 0.5000
vt 0.0300 0.5000
vt 0.0300 0.5000
vt 0.0300 0.5000
vt 0.0300 0.5000
vt 0.0300 0.5000
vt 0.0300 0.5000
vt 0.0300 0.5000
vt 0.0300 0.5000
vt 0.0300 0.5000
vt 0.0300 0.5000
vt 0.0300 0.5000
vt 0.0300 0.5000
vt 0.0300 0.5000
vt 0.0300 0.5000
vt 0.0300 0.5000
vt 0.0300 0.5000
vt 0.0300 0.5000
vt 0.0300 0.5000
vt 0.0300 0.5000
vt 0.0300 0.5000
vt 0.0300 0.5000
vt 0.0300 0.5000
vt 0.0300 0.5000
vt 0.0300 0.5000
vt 0.0300 0.5000
vt 0.0300 0.5000
vt 0.0300 0.5000
vt 0.0300 0.5000
vt 0.0300 0.5000
vt 0.0300 0.5000
vt 0.0300 0.5000
vt 0.0300 0.5000
vt 0.0300 0.5000
vt 0.0300 0.5000
vt 0.0300 0.5000
vt 0.0300 0.5000
vt 0.0300 0.5000
vt 0.0300 0.5000
vt 0.0300 0.5000
vt 0.0300 0.5000
vt 0.0300 0.5000
vt 0.0300 0.5000
vt 0.0300 0.5000
vt 0.0300 0.5000
vt 0.0300 0.5000
vt 0.0300 0.5000
vt 0.0300 0.5000
vt 0.0300 0.5000
vt 0.0300 0.5000
vt 0.0300 0.5000
vt 0.0300 0.5000
vt 0.0300 0.5000
vt 0.0300 0.5000
vt 0.0300 0.5000
vt 0.0300 0.5000
vt 0.0300 0.5000
vt 0.0300 0.5000
vt 0.0300 0.5000
vt 0.0300 0.5000
vt 0.0300 0.5000
vt 0.0300 0.5000
vt 0.0300 0.5000
vt 0.0300 0.5000
vt 0.0300 0.5000
vt 0.0300 0.5000
vt 0.0300 0.5000
vt 0.0300 0.5000
vt 0.0300 0.5000
vt 0.0300 0.5000
vt 0.0300 0.5000
vt 0.0300 0.5000
vt 0.0300 0.5000
vt 0.0300 0.5000
vt 0.0300 0.5000
vt 0.0300 0.5000
vt 0.0300 0.5000
vt 0.0300 0.5000
vt 0.0300 0.5000
vt 0.0300 0.5000
vt 0.0300 0.5000
vt 0.0300 0.5000
vt 0.0300 0.5000
vt 0.0300 0.5000
vt 0.0300 0.5000
vt 0.0300 0.5000
vt 0.0300 0.5000
vt 0.0300 0.5000
vt 0.0300 0.5000
vt 0.0300 0.5000
vt 0.0300 0.5000
vt 0.0300 0.5000
vt 0.0300 0.5000
vt 0.0300 0.5000
vt 0.0300 0.5000
vt 0.0300 0.5000
vt 0.0300 0.5000
vt 0.0300 0.5000
vt 0.0300 0.5000
vt 0.0300 0.5000
vt 0.0300 0.5000
vt 0.0300 0.5000
vt 0.0300 0.5000
vt 0.0300 0.5000
vt 0.0300 0.5000
vt 0.0300 0.5000
vt 0.0300 0.5000
vt 0.0300 0.5000
vt 0.0300 0.5000
vt 0.0300 0.5000
vt 0.0300 0.5000
vt 0.0300 0.5000
vt 0.0300 0.5000
vt 0.0300 0.5000
vt 0.0300 0.5000
vt 0.0300 0.5000
vt 0.0300 0.5000
vt 0.0300 0.5000
vt 0.0300 0.5000
vt 0.0300 0.5000
vt 0.0300 0.5000
vt 0.0300 0.5000
vt 0.0300 0.5000
vt 0.0300 0.5000
vt 0.0300 0.5000
vt 0.0300 0.5000
vt 0.0300 0.5000
vt 0.0300 0.5000
vt 0.0300 0.5000
vt 0.0300 0.5000
vt 0.0300 0.5000
vt 0.0300 0.5000
vt 0.0300 0.5000
vt 0.0300 0.5000
vt 0.0300 0.5000
vt 0.0300 0.5000
vt 0.0300 0.5000
vt 0.0300 0.5000
vt 0.0300 0.5000
vt 0.0300 0.5000
vt 0.0300 0.5000
vt 0.0300 0.5000
vt 0.0300 0.5000
vt 0.0300 0.5000
vt 0.0300 0.5000
vt 0.0300 0.5000
vt 0.0300 0.5000
vt 0.0300 0.5000
vt 0.0300 0.5000
vt 0.0300 0.5000
vt 0.0300 0.5000
vt 0.0300 0.5000
vt 0.0300 0.5000
vt 0.0300 0.5000
vt 0.0300 0.5000
vt 0.0300 0.5000
vt 0.0300 0.5000
vt 0.0300 0.5000
vt 0.0300 0.5000
vt 0.0300 0.5000
vt 0.0300 0.5000
vt 0.0300 0.5000
vt 0.0300 0.5000
vt 0.0300 0.5000
vt 0.0300 0.5000
vt 0.0300 0.5000
vt 0.0300 0.5000
vt 0.0300 0.5000
vt 0.0300 0.5000
vt 0.0300 0.5000
vt 0.0300 0.5000
vt 0.0300 0.5000
vt 0.0300 0.5000
vt 0.0300 0.5000
vt 0.0300 0.5000
vt 0.0300 0.5000
vt 0.0300 0.5000
vt 0.0300 0.5000
vt 0.0300 0.5000
vt 0.0300 0.5000
vt 0.0300 0.5000
vt 0.0300 0.5000
vt 0.0300 0.5000
vt 0.0300 0.5000
vt 0.0300 0.5000
vt 0.0300 0.5000
vt 0.0300 0.5000
vt 0.0300 0.5000
vt 0.0300 0.5000
vt 0.0300 0.5000
vt 0.0300 0.5000
vt 0.0300 0.5000
vt 0.0300 0.5000
vt 0.0300 0.5000
vt 0.0300 0.5000
vt 0.0300 0.5000
vt 0.0300 0.5000
vt 0.0300 0.5000
vt 0.0300 0.5000
vt 0.0300 0.5000
vt 0.0300 0.5000
vt 0.0300 0.5000
vt 0.0300 0.5000
vt 0.0300 0.5000
vt 0.0300 0.5000
vt 0.0300 0.5000
vt 0.0300 0.5000
vt 0.0300 0.5000
vt 0.0300 0.5000
vt 0.0300 0.5000
vt 0.0300 0.5000
vt 0.0300 0.5000
vt 0.0300 0.5000
vt 0.0300 0.5000
vt 0.0300 0.5000
vt 0.0300 0.5000
vt 0.0300 0.5000
vt 0.0300 0.5000
vt 0.0300 0.5000
vt 0.0300 0.5000
vt 0.0300 0.5000
vt 0.0300 0.5000
vt 0.0300 0.5000
vt 0.0300 0.5000
vt 0.0300 0.5000
vt 0.0300 0.5000
vt 0.0300 0.5000
vt 0.0300 0.5000
vt 0.0300 0.5000
vt 0.0300 0.5000
vt 0.0300 0.5000
vt 0.0300 0.5000
vt 0.0300 0.5000
vt 0.0300 0.5000
vt 0.0300 0.5000
vt 0.0300 0.5000
vt 0.0300 0.5000
vt 0.0300 0.5000
vt 0.0300 0.5000
vt 0.0300 0.5000
vt 0.0300 0.5000
vt 0.0300 0.5000
vt 0.0300 0.5000
vt 0.0300 0.5000
vt 0.0300 0.5000
vt 0.0300 0.5000
vt 0.0300 0.5000
vt 0.0300 0.5000
vt 0.0300 0.5000
vt 0.0300 0.5000
vt 0.0300 0.5000
vt 0.0300 0.5000
vt 0.0300 0.5000
vt 0.0300 0.5000
vt 0.0300 0.5000
vt 0.0300 0.5000
vt 0.0300 0.5000
vt 0.0300 0.5000
vt 0.0300 0.5000
vt 0.0300 0.5000
vt 0.0300 0.5000
vt 0.0300 0.5000
vt 0.0300 0.5000
vt 0.0300 0.5000
vt 0.0300 0.5000
vt 0.0300 0.5000
vt 0.0300 0.5000
vt 0.0300 0.5000
vt 0.0300 0.5000
vt 0.0300 0.5000
vt 0.0300 0.5000
vt 0.0300 0.5000
vt 0.0300 0.5000
vt 0.0300 0.5000
vt 0.0300 0.5000
vt 0.0300 0.5000
vt 0.0300 0.5000
vt 0.0300 0.5000
vt 0.0300 0.5000
vt 0.0300 0.5000
vt 0.0300 0.5000
vt 0.0300 0.5000
vt 0.0300 0.5000
vt 0.0300 0.5000
vt 0.0300 0.5000
vt 0.0300 0.5000
vt 0.0300 0.5000
vt 0.0300 0.5000
vt 0.0300 0.5000
vt 0.0300 0.5000
vt 0.0300 0.5000
vt 0.0300 0.5000
vt 0.0300 0.5000
vt 0.0300 0.5000
vt 0.0300 0.5000
vt 0.0300 0.5000
vt 0.0300 0.5000
vt 0.0300 0.5000
vt 0.0300 0.5000
vt 0.0300 0.5000
vt 0.0300 0.5000
vt 0.0300 0.5000
vt 0.0300 0.5000
vt 0.0300 0.5000
vt 0.0300 0.5000
vt 0.0300 0.5000
vt 0.0300 0.5000
vt 0.0300 0.5000
vt 0.0300 0.5000
vt 0.0300 0.5000
vt 0.0300 0.5000
vt 0.0300 0.5000
vt 0.0300 0.5000
vt 0.0300 0.5000
vt 0.0300 0.5000
vt 0.0300 0.5000
vt 0.0300 0.5000
vt 0.0300 0.5000
vt 0.0300 0.5000
vt 0.0300 0.5000
vt 0.0300 0.5000
vt 0.0300 0.5000
vt 0.0300 0.5000
vt 0.0300 0.5000
vt 0.0300 0.5000
vt 0.0300 0.5000
vt 0.0300 0.5000
vt 0.0300 0.5000
vt 0.0300 0.5000
vt 0.0300 0.5000
vt 0.0300 0.5000
vt 0.0300 0.5000
vt 0.0300 0.5000
vt 0.0300 0.5000
vt 0.0300 0.5000
vt 0.0300 0.5000
vt 0.0300 0.5000
vt 0.0300 0.5000
vt 0.0300 0.5000
vt 0.0300 0.5000
vt 0.0300 0.5000
vt 0.0300 0.5000
vt 0.0300 0.5000
vt 0.0300 0.5000
vt 0.0300 0.5000
vt 0.0300 0.5000
vt 0.0300 0.5000
vt 0.0300 0.5000
vt 0.0300 0.5000
vt 0.0300 0.5000
vt 0.0300 0.5000
vt 0.0300 0.5000
vt 0.0300 0.5000
vt 0.0300 0.5000
vt 0.0300 0.5000
vt 0.0300 0.5000
vt 0.0300 0.5000
vt 0.0300 0.5000
vt 0.0300 0.5000
vt 0.0300 0.5000
vt 0.0300 0.5000
vt 0.0300 0.5000
vt 0.0300 0.5000
vt 0.0300 0.5000
vt 0.0300 0.5000
vt 0.0300 0.5000
vt 0.0300 0.5000
vt 0.0300 0.5000
vt 0.0300 0.5000
vt 0.0300 0.5000
vt 0.0300 0.5000
vt 0.0300 0.5000
vt 0.0300 0.5000
vt 0.0300 0.5000
vt 0.0300 0.5000
vt 0.0300 0.5000
vt 0.0300 0.5000
vt 0.0300 0.5000
vt 0.0300 0.5000
vt 0.0300 0.5000
vt 0.0300 0.5000
vt 0.0300 0.5000
vt 0.0300 0.5000
vt 0.0300 0.5000
vt 0.0300 0.5000
vt 0.0300 0.5000
vt 0.0300 0.5000
vt 0.0300 0.5000
vt 0.0300 0.5000
vt 0.0300 0.5000
vt 0.0300 0.5000
vt 0.0300 0.5000
vt 0.0300 0.5000
vt 0.0300 0.5000
vt 0.0300 0.5000
vt 0.0300 0.5000
vt 0.0300 0.5000
vt 0.0300 0.5000
vt 0.0300 0.5000
vt 0.0300 0.5000
vt 0.0300 0.5000
vt 0.0300 0.5000
vt 0.0300 0.5000
vt 0.0300 0.5000
vt 0.0300 0.5000
vt 0.0300 0.5000
vt 0.0300 0.5000
vt 0.0300 0.5000
vt 0.0300 0.5000
vt 0.0300 0.5000
vt 0.0300 0.5000
vt 0.0300 0.5000
vt 0.0300 0.5000
vt 0.0300 0.5000
vt 0.0300 0.5000
vt 0.0300 0.5000
vt 0.0300 0.5000
vt 0.0300 0.5000
vt 0.0300 0.5000
vt 0.0300 0.5000
vt 0.0300 0.5000
vt 0.0300 0.5000
vt 0.0300 0.5000
vt 0.0300 0.5000
vt 0.0300 0.5000
vt 0.0300 0.5000
vt 0.0300 0.5000
vt 0.0300 0.5000
vt 0.0300 0.5000
vt 0.0300 0.5000
vt 0.0300 0.5000
vt 0.0300 0.5000
vt 0.0300 0.5000
vt 0.0300 0.5000
vt 0.0300 0.5000
vt 0.0300 0.5000
vt 0.0300 0.5000
vt 0.0300 0.5000
vt 0.0300 0.5000
vt 0.0300 0.5000
vt 0.0300 0.5000
vt 0.0300 0.5000
vt 0.0300 0.5000
vt 0.0300 0.5000
vt 0.0300 0.5000
vt 0.0300 0.5000
vt 0.0300 0.5000
vt 0.0300 0.5000
vt 0.0300 0.5000
vt 0.0300 0.5000
vt 0.0300 0.5000
vt 0.0300 0.5000
vt 0.0300 0.5000
vt 0.0300 0.5000
vt 0.0300 0.5000
vt 0.0300 0.5000
vt 0.0300 0.5000
vt 0.0300 0.5000
vt 0.0300 0.5000
vt 0.0300 0.5000
vt 0.0300 0.5000
vt 0.0300 0.5000
vt 0.0300 0.5000
vt 0.0300 0.5000
vt 0.0300 0.5000
vt 0.0300 0.5000
vt 0.0300 0.5000
vt 0.0300 0.5000
vt 0.0300 0.5000
vt 0.0300 0.5000
vt 0.0300 0.5000
vt 0.0300 0.5000
vt 0.0300 0.5000
vt 0.0300 0.5000
vt 0.0300 0.5000
vt 0.0300 0.5000
vt 0.0300 0.5000
vt 0.0300 0.5000
vt 0.0300 0.5000
vt 0.0300 0.5000
vt 0.0300 0.5000
vt 0.0300 0.5000
vt 0.0300 0.5000
vt 0.0300 0.5000
vt 0.0300 0.5000
vt 0.0300 0.5000
vt 0.0300 0.5000
vt 0.0300 0.5000
vt 0.0300 0.5000
vt 0.0300 0.5000
vt 0.0300 0.5000
vt 0.0300 0.5000
vt 0.0300 0.5000
vt 0.0300 0.5000
vt 0.0300 0.5000
vt 0.0300 0.5000
vt 0.0300 0.5000
vt 0.0300 0.5000
vt 0.0300 0.5000
vt 0.0300 0.5000
vt 0.0300 0.5000
vt 0.0300 0.5000
vt 0.0300 0.5000
vt 0.0300 0.5000
vt 0.0300 0.5000
vt 0.0300 0.5000
vt 0.0300 0.5000
vt 0.0300 0.5000
vt 0.0300 0.5000
vt 0.0300 0.5000
vt 0.0300 0.5000
vt 0.0300 0.5000
vt 0.0300 0.5000
vt 0.0300 0.5000
vt 0.0300 0.5000
vt 0.0300 0.5000
vt 0.0300 0.5000
vt 0.0300 0.5000
vt 0.0300 0.5000
vt 0.0300 0.5000
vt 0.0300 0.5000
vt 0.0300 0.5000
vt 0.0300 0.5000
vt 0.0300 0.5000
vt 0.0300 0.5000
vt 0.0300 0.5000
vt 0.0300 0.5000
vt 0.0300 0.5000
vt 0.0300 0.5000
vt 0.0300 0.5000
vt 0.0300 0.5000
vt 0.0300 0.5000
vt 0.0300 0.5000
vt 0.0300 0.5000
vt 0.0300 0.5000
vt 0.0300 0.5000
vt 0.0300 0.5000
vt 0.0300 0.5000
vt 0.0300 0.5000
vt 0.0300 0.5000
vt 0.0300 0.5000
vt 0.0300 0.5000
vt 0.0300 0.5000
vt 0.0300 0.5000
vt 0.0300 0.5000
vt 0.0300 0.5000
vt 0.0300 0.5000
vt 0.0300 0.5000
vt 0.0300 0.5000
vt 0.0300 0.5000
vt 0.0300 0.5000
vt 0.0300 0.5000
vt 0.0300 0.5000
vt 0.0300 0.5000
vt 0.0300 0.5000
vt 0.0300 0.5000
vt 0.0300 0.5000
vt 0.0300 0.5000
vt 0.0300 0.5000
vt 0.0300 0.5000
vt 0.0300 0.5000
vt 0.0300 0.5000
vt 0.0300 0.5000
vt 0.0300 0.5000
vt 0.0300 0.5000
vt 0.0300 0.5000
vt 0.0300 0.5000
vt 0.0300 0.5000
vt 0.0300 0.5000
vt 0.0300 0.5000
vt 0.0300 0.5000
vt 0.0300 0.5000
vt 0.0300 0.5000
vt 0.0300 0.5000
vt 0.0300 0.5000
vt 0.0300 0.5000
vt 0.0300 0.5000
vt 0.0300 0.5000
vt 0.0300 0.5000
vt 0.0300 0.5000
vt 0.0300 0.5000
vt 0.0300 0.5000
vt 0.0300 0.5000
vt 0.0300 0.5000
vt 0.0300 0.5000
vt 0.0300 0.5000
vt 0.0300 0.5000
vt 0.0300 0.5000
vt 0.0300 0.5000
vt 0.0300 0.5000
vt 0.0300 0.5000
vt 0.0300 0.5000
vt 0.0300 0.5000
vt 0.0300 0.5000
vt 0.0300 0.5000
vt 0.0300 0.5000
vt 0.0300 0.5000
vt 0.0300 0.5000
vt 0.0300 0.5000
vt 0.0300 0.5000
vt 0.0300 0.5000
vt 0.0300 0.5000
vt 0.0300 0.5000
vt 0.0300 0.5000
vt 0.0300 0.5000
vt 0.0300 0.5000
vt 0.0300 0.5000
vt 0.0300 0.5000
vt 0.0300 0.5000
vt 0.0300 0.5000
vt 0.0300 0.5000
vt 0.0300 0.5000
vt 0.0300 0.5000
vt 0.0300 0.5000
vt 0.0300 0.5000
vt 0.0300 0.5000
vt 0.0300 0.5000
vt 0.0300 0.5000
vt 0.0300 0.5000
vt 0.0300 0.5000
vt 0.0300 0.5000
vt 0.0300 0.5000
vt 0.0300 0.5000
vt 0.0300 0.5000
vt 0.0300 0.5000
vt 0.0300 0.5000
vt 0.0300 0.5000
vt 0.0300 0.5000
vt 0.0300 0.5000
vt 0.0300 0.5000
vt 0.0300 0.5000
vt 0.0300 0.5000
vt 0.0300 0.5000
vt 0.0300 0.5000
vt 0.0300 0.5000
vt 0.0300 0.5000
vt 0.0300 0.5000
vt 0.0300 0.5000
vt 0.0300 0.5000
vt 0.0300 0.5000
vt 0.0300 0.5000
vt 0.0300 0.5000
vt 0.0300 0.5000
vt 0.0300 0.5000
vt 0.0300 0.5000
vt 0.0300 0.5000
vt 0.0300 0.5000
vt 0.0300 0.5000
vt 0.0300 0.5000
vt 0.0300 0.5000
vt 0.0300 0.5000
vt 0.0300 0.5000
vt 0.0300 0.5000
vt 0.0300 0.5000
vt 0.0300 0.5000
vt 0.0300 0.5000
vt 0.0300 0.5000
vt 0.0300 0.5000
vt 0.0300 0.5000
vt 0.0300 0.5000
vt 0.0300 0.5000
vt 0.0300 0.5000
vt 0.0300 0.5000
vt 0.0300 0.5000
vt 0.0300 0.5000
vt 0.0300 0.5000
vt 0.0300 0.5000
vt 0.0300 0.5000
vt 0.0300 0.5000
vt 0.0300 0.5000
vt 0.0300 0.5000
vt 0.0300 0.5000
vt 0.0300 0.5000
vt 0.0300 0.5000
vt 0.0300 0.5000
vt 0.0300 0.5000
vt 0.0300 0.5000
vt 0.0300 0.5000
vt 0.0300 0.5000
vt 0.0300 0.5000
vt 0.0300 0.5000
vt 0.0300 0.5000
vt 0.0300 0.5000
vt 0.0300 0.5000
vt 0.0300 0.5000
vt 0.0300 0.5000
vt 0.0300 0.5000
vt 0.0300 0.5000
vt 0.0300 0.5000
vt 0.0300 0.5000
vt 0.0300 0.5000
vt 0.0300 0.5000
vt 0.0300 0.5000
vt 0.0300 0.5000
vt 0.0300 0.5000
vt 0.0300 0.5000
vt 0.0300 0.5000
vt 0.0300 0.5000
vt 0.0300 0.5000
vt 0.0300 0.5000
vt 0.0300 0.5000
vt 0.0300 0.5000
vt 0.0300 0.5000
vt 0.0300 0.5000
vt 0.0300 0.5000
vt 0.0300 0.5000
vt 0.0300 0.5000
vt 0.0300 0.5000
vt 0.0300 0.5000
vt 0.0300 0.5000
vt 0.0300 0.5000
vt 0.0300 0.5000
vt 0.0300 0.5000
vt 0.0300 0.5000
vt 0.0300 0.5000
vt 0.0300 0.5000
vt 0.0300 0.5000
vt 0.0300 0.5000
vt 0.0300 0.5000
vt 0.0300 0.5000
vt 0.0300 0.5000
vt 0.0300 0.5000
vt 0.0300 0.5000
vt 0.0300 0.5000
vt 0.0300 0.5000
vt 0.0300 0.5000
vt 0.0300 0.5000
vt 0.0300 0.5000
vt 0.0300 0.5000
vt 0.0300 0.5000
vt 0.0300 0.5000
vt 0.0300 0.5000
vt 0.0300 0.5000
vt 0.0300 0.5000
vt 0.0300 0.5000
vt 0.0300 0.5000
vt 0.0300 0.5000
vt 0.0300 0.5000
vt 0.0300 0.5000
vt 0.0300 0.5000
vt 0.0300 0.5000
vt 0.0300 0.5000
vt 0.0300 0.5000
vt 0.0300 0.5000
vt 0.0300 0.5000
vt 0.0300 0.5000
vt 0.0300 0.5000
vt 0.0300 0.5000
vt 0.0300 0.5000
vt 0.0300 0.5000
vt 0.0300 0.5000
vt 0.0300 0.5000
vt 0.0300 0.5000
vt 0.0300 0.5000
vt 0.0300 0.5000
vt 0.0300 0.5000
vt 0.0300 0.5000
vt 0.0300 0.5000
vt 0.0300 0.5000
vt 0.0300 0.5000
vt 0.0300 0.5000
vt 0.0300 0.5000
vt 0.0300 0.5000
vt 0.0300 0.5000
vt 0.0300 0.5000
vt 0.0300 0.5000
vt 0.0300 0.5000
vt 0.0300 0.5000
vt 0.0300 0.5000
vt 0.0300 0.5000
vt 0.0300 0.5000
vt 0.0300 0.5000
vt 0.0300 0.5000
vt 0.0300 0.5000
vt 0.0300 0.5000
vt 0.0300 0.5000
vt 0.0300 0.5000
vt 0.0300 0.5000
vt 0.0300 0.5000
vt 0.0300 0.5000
vt 0.0300 0.5000
vt 0.0300 0.5000
vt 0.0300 0.5000
vt 0.0300 0.5000
vt 0.0300 0.5000
vt 0.0300 0.5000
vt 0.0300 0.5000
vt 0.0300 0.5000
vt 0.0300 0.5000
vt 0.0300 0.5000
vt 0.0300 0.5000
vt 0.0300 0.5000
vt 0.0300 0.5000
vt 0.0300 0.5000
vt 0.0300 0.5000
vt 0.0300 0.5000
vt 0.0300 0.5000
vt 0.0300 0.5000
vt 0.0300 0.5000
vt 0.0300 0.5000
vt 0.0300 0.5000
vt 0.0300 0.5000
vt 0.0300 0.5000
vt 0.0300 0.5000
vt 0.0300 0.5000
vt 0.0300 0.5000
vt 0.0300 0.5000
vt 0.0300 0.5000
vt 0.0300 0.5000
vt 0.0300 0.5000
vt 0.0300 0.5000
vt 0.0300 0.5000
vt 0.0300 0.5000
vt 0.0300 0.5000
vt 0.0300 0.5000
vt 0.0300 0.5000
vt 0.0300 0.5000
vt 0.0300 0.5000
vt 0.0300 0.5000
vt 0.0300 0.5000
vt 0.0300 0.5000
vt 0.0300 0.5000
vt 0.0300 0.5000
vt 0.0300 0.5000
vt 0.0300 0.5000
vt 0.0300 0.5000
vt 0.0300 0.5000
vt 0.0300 0.5000
vt 0.0300 0.5000
vt 0.0300 0.5000
vt 0.0300 0.5000
vt 0.0300 0.5000
vt 0.0300 0.5000
vt 0.0300 0.5000
vt 0.0300 0.5000
vt 0.0300 0.5000
vt 0.0300 0.5000
vt 0.0300 0.5000
vt 0.0300 0.5000
vt 0.0300 0.5000
vt 0.0300 0.5000
vt 0.0300 0.5000
vt 0.0300 0.5000
vt 0.0300 0.5000
vt 0.0300 0.5000
vt 0.0300 0.5000
vt 0.0300 0.5000
vt 0.0300 0.5000
vt 0.0300 0.5000
vt 0.0300 0.5000
vt 0.0300 0.5000
vt 0.0300 0.5000
vt 0.0300 0.5000
vt 0.0300 0.5000
vt 0.0300 0.5000
vt 0.0300 0.5000
vt 0.0300 0.5000
vt 0.0300 0.5000
vt 0.0300 0.5000
vt 0.0300 0.5000
vt 0.0300 0.5000
vt 0.0300 0.5000
vt 0.0300 0.5000
vt 0.0300 0.5000
vt 0.0300 0.5000
vt 0.0300 0.5000
vt 0.0300 0.5000
vt 0.0300 0.5000
vt 0.0300 0.5000
vt 0.0300 0.5000
vt 0.0300 0.5000
vt 0.0300 0.5000
vt 0.0300 0.5000
vt 0.0300 0.5000
vt 0.0300 0.5000
vt 0.0300 0.5000
vt 0.0300 0.5000
vt 0.0300 0.5000
vt 0.0300 0.5000
vt 0.0300 0.5000
vt 0.0300 0.5000
vt 0.0300 0.5000
vt 0.0300 0.5000
vt 0.0300 0.5000
vt 0.0300 0.5000
vt 0.0300 0.5000
vt 0.0300 0.5000
vt 0.0300 0.5000
vt 0.0300 0.5000
vt 0.0300 0.5000
vt 0.0300 0.5000
vt 0.0300 0.5000
vt 0.0300 0.5000
vt 0.0300 0.5000
vt 0.0300 0.5000
vt 0.0300 0.5000
vt 0.0300 0.5000
vt 0.0300 0.5000
vt 0.0300 0.5000
vt 0.0300 0.5000
vt 0.0300 0.5000
vt 0.0300 0.5000
vt 0.0300 0.5000
vt 0.0300 0.5000
vt 0.0300 0.5000
vt 0.0300 0.5000
vt 0.0300 0.5000
vt 0.0300 0.5000
vt 0.0300 0.5000
vt 0.0300 0.5000
vt 0.0300 0.5000
vt 0.0300 0.5000
vt 0.0300 0.5000
vt 0.0300 0.5000
vt 0.0300 0.5000
vt 0.0300 0.5000
vt 0.0300 0.5000
vt 0.0300 0.5000
vt 0.0300 0.5000
vt 0.0300 0.5000
vt 0.0300 0.5000
vt 0.0300 0.5000
vt 0.0300 0.5000
vt 0.0300 0.5000
vt 0.0300 0.5000
vt 0.0300 0.5000
vt 0.0300 0.5000
vt 0.0300 0.5000
vt 0.0300 0.5000
vt 0.0300 0.5000
vt 0.0300 0.5000
vt 0.0300 0.5000
vt 0.0300 0.5000
vt 0.0300 0.5000
vt 0.0300 0.5000
vt 0.0300 0.5000
vt 0.0300 0.5000
vt 0.0300 0.5000
vt 0.0300 0.5000
vt 0.0300 0.5000
vt 0.0300 0.5000
vt 0.0300 0.5000
vt 0.0300 0.5000
vt 0.0300 0.5000
vt 0.0300 0.5000
vt 0.0300 0.5000
vt 0.0300 0.5000
vt 0.0300 0.5000
vt 0.0300 0.5000
vt 0.0300 0.5000
vt 0.0300 0.5000
vt 0.0300 0.5000
vt 0.0300 0.5000
vt 0.0300 0.5000
vt 0.0300 0.5000
vt 0.0300 0.5000
vt 0.0300 0.5000
vt 0.0300 0.5000
vt 0.0300 0.5000
vt 0.0300 0.5000
vt 0.0300 0.5000
vt 0.0300 0.5000
vt 0.0300 0.5000
vt 0.0300 0.5000
vt 0.0300 0.5000
vt 0.0300 0.5000
vt 0.0300 0.5000
vt 0.0300 0.5000
vt 0.0300 0.5000
vt 0.0300 0.5000
vt 0.0300 0.5000
vt 0.0300 0.5000
vt 0.0300 0.5000
vt 0.0300 0.5000
vt 0.0300 0.5000
vt 0.0300 0.5000
vt 0.0300 0.5000
vt 0.0300 0.5000
vt 0.0300 0.5000
vt 0.0300 0.5000
vt 0.0300 0.5000
vt 0.0300 0.5000
vt 0.0300 0.5000
vt 0.0300 0.5000
vt 0.0300 0.5000
vt 0.0300 0.5000
vt 0.0300 0.5000
vt 0.0300 0.5000
vt 0.0300 0.5000
vt 0.0300 0.5000
vt 0.0300 0.5000
vt 0.0300 0.5000
vt 0.0300 0.5000
vt 0.0300 0.5000
vt 0.0300 0.5000
vt 0.0300 0.5000
vt 0.0300 0.5000
vt 0.0300 0.5000
vt 0.0300 0.5000
vt 0.0300 0.5000
vt 0.0300 0.5000
vt 0.0300 0.5000
vt 0.0300 0.5000
vt 0.0300 0.5000
vt 0.0300 0.5000
vt 0.0300 0.5000
vt 0.0300 0.5000
vt 0.0300 0.5000
vt 0.0300 0.5000
vt 0.0300 0.5000
vt 0.0300 0.5000
vt 0.0300 0.5000
vt 0.0300 0.5000
vt 0.0300 0.5000
vt 0.0300 0.5000
vt 0.0300 0.5000
vt 0.0300 0.5000
vt 0.0300 0.5000
vt 0.0300 0.5000
vt 0.0300 0.5000
vt 0.0300 0.5000
vt 0.0300 0.5000
vt 0.0300 0.5000
vt 0.0300 0.5000
vt 0.0300 0.5000
vt 0.0300 0.5000
vt 0.0300 0.5000
vt 0.0300 0.5000
vt 0.0300 0.5000
vt 0.0300 0.5000
vt 0.0300 0.5000
vt 0.0300 0.5000
vt 0.0300 0.5000
vt 0.0300 0.5000
vt 0.0300 0.5000
vt 0.0300 0.5000
vt 0.0300 0.5000
vt 0.0300 0.5000
vt 0.0300 0.5000
vt 0.0300 0.5000
vt 0.0300 0.5000
vt 0.0300 0.5000
vt 0.0300 0.5000
vt 0.0300 0.5000
vt 0.0300 0.5000
vt 0.0300 0.5000
vt 0.0300 0.5000
vt 0.0300 0.5000
vt 0.0300 0.5000
vt 0.0300 0.5000
vt 0.0300 0.5000
vt 0.0300 0.5000
vt 0.0300 0.5000
vt 0.0300 0.5000
vt 0.0300 0.5000
vt 0.0300 0.5000
vt 0.0300 0.5000
vt 0.0300 0.5000
vt 0.0300 0.5000
vt 0.0300 0.5000
vt 0.0300 0.5000
vt 0.0300 0.5000
vt 0.0300 0.5000
vt 0.0300 0.5000
vt 0.0300 0.5000
vt 0.0300 0.5000
vt 0.0300 0.5000
vt 0.0300 0.5000
vt 0.0300 0.5000
vt 0.0300 0.5000
vt 0.0300 0.5000
vt 0.0300 0.5000
vt 0.0300 0.5000
vt 0.0300 0.5000
vt 0.0300 0.5000
vt 0.0300 0.5000
vt 0.0300 0.5000
vt 0.0300 0.5000
vt 0.0300 0.5000
vt 0.0300 0.5000
vt 0.0300 0.5000
vt 0.0300 0.5000
vt 0.0300 0.5000
vt 0.0300 0.5000
vt 0.0300 0.5000
vt 0.0300 0.5000
vt 0.0300 0.5000
vt 0.0300 0.5000
vt 0.0300 0.5000
vt 0.0300 0.5000
vt 0.0300 0.5000
vt 0.0300 0.5000
vt 0.0300 0.5000
vt 0.0300 0.5000
vt 0.0300 0.5000
vt 0.0300 0.5000
vt 0.0300 0.5000
vt 0.0300 0.5000
vt 0.0300 0.5000
vt 0.0300 0.5000
vt 0.0300 0.5000
vt 0.0300 0.5000
vt 0.0300 0.5000
vt 0.0300 0.5000
vt 0.0300 0.5000
vt 0.0300 0.5000
vt 0.0300 0.5000
vt 0.0300 0.5000
vt 0.0300 0.5000
vt 0.0300 0.5000
vt 0.0300 0.5000
vt 0.0300 0.5000
vt 0.0300 0.5000
vt 0.0300 0.5000
vt 0.0300 0.5000
vt 0.0300 0.5000
vt 0.0300 0.5000
vt 0.0300 0.5000
vt 0.0300 0.5000
vt 0.0300 0.5000
vt 0.0300 0.5000
vt 0.0300 0.5000
vt 0.0300 0.5000
vt 0.0300 0.5000
vt 0.0300 0.5000
vt 0.0300 0.5000
vt 0.0300 0.5000
vt 0.0300 0.5000
vt 0.0300 0.5000
vt 0.0300 0.5000
vt 0.0300 0.5000
vt 0.0300 0.5000
vt 0.0300 0.5000
vt 0.0300 0.5000
vt 0.0300 0.5000
vt 0.0300 0.5000
vt 0.0300 0.5000
vt 0.0300 0.5000
vt 0.0300 0.5000
vt 0.0300 0.5000
vt 0.0300 0.5000
vt 0.0300 0.5000
vt 0.0300 0.5000
vt 0.0300 0.5000
vt 0.0300 0.5000
vt 0.0300 0.5000
vt 0.0300 0.5000
vt 0.0300 0.5000
vt 0.0300 0.5000
vt 0.0300 0.5000
vt 0.0300 0.5000
vt 0.0300 0.5000
vt 0.0300 0.5000
vt 0.0300 0.5000
vt 0.0300 0.5000
vt 0.0300 0.5000
vt 0.0300 0.5000
vt 0.0300 0.5000
vt 0.0300 0.5000
vt 0.0300 0.5000
vt 0.0300 0.5000
vt 0.0300 0.5000
vt 0.0300 0.5000
vt 0.0300 0.5000
vt 0.0300 0.5000
vt 0.0300 0.5000
vt 0.0300 0.5000
vt 0.0300 0.5000
vt 0.0300 0.5000
vt 0.0300 0.5000
vt 0.0300 0.5000
vt 0.0300 0.5000
vt 0.0300 0.5000
vt 0.0300 0.5000
vt 0.0300 0.5000
vt 0.0300 0.5000
vt 0.0300 0.5000
vt 0.0300 0.5000
vt 0.0300 0.5000
vt 0.0300 0.5000
vt 0.0300 0.5000
vt 0.0300 0.5000
vt 0.0300 0.5000
vt 0.0300 0.5000
vt 0.0300 0.5000
vt 0.0300 0.5000
vt 0.0300 0.5000
vt 0.0300 0.5000
vt 0.0300 0.5000
vt 0.0300 0.5000
vt 0.0300 0.5000
vt 0.0300 0.5000
vt 0.0300 0.5000
vt 0.0300 0.5000
vt 0.0300 0.5000
vt 0.0300 0.5000
vt 0.0300 0.5000
vt 0.0300 0.5000
vt 0.0300 0.5000
vt 0.0300 0.5000
vt 0.0300 0.5000
vt 0.0300 0.5000
vt 0.0300 0.5000
vt 0.0300 0.5000
vt 0.0300 0.5000
vt 0.0300 0.5000
vt 0.0300 0.5000
vt 0.0300 0.5000
vt 0.0300 0.5000
vt 0.0300 0.5000
vt 0.0300 0.5000
vt 0.0300 0.5000
vt 0.0300 0.5000
vt 0.0300 0.5000
vt 0.0300 0.5000
vt 0.0300 0.5000
vt 0.0300 0.5000
vt 0.0300 0.5000
vt 0.0300 0.5000
vt 0.0300 0.5000
vt 0.0300 0.5000
vt 0.0300 0.5000
vt 0.0300 0.5000
vt 0.0300 0.5000
vt 0.0300 0.5000
vt 0.0300 0.5000
vt 0.0300 0.5000
vt 0.0300 0.5000
vt 0.0300 0.5000
vt 0.0300 0.5000
vt 0.0300 0.5000
vt 0.0300 0.5000
vt 0.0300 0.5000
vt 0.0300 0.5000
vt 0.0300 0.5000
vt 0.0300 0.5000
vt 0.0300 0.5000
vt 0.0300 0.5000
vt 0.0300 0.5000
vt 0.0300 0.5000
vt 0.0300 0.5000
vt 0.0300 0.5000
vt 0.0300 0.5000
vt 0.0300 0.5000
vt 0.0300 0.5000
vt 0.0300 0.5000
vt 0.0300 0.5000
vt 0.0300 0.5000
vt 0.0300 0.5000
vt 0.0300 0.5000
vt 0.0300 0.5000
vt 0.0300 0.5000
vt 0.0300 0.5000
vt 0.0300 0.5000
vt 0.0300 0.5000
vt 0.0300 0.5000
vt 0.0300 0.5000
vt 0.0300 0.5000
vt 0.0300 0.5000
vt 0.0300 0.5000
vt 0.0300 0.5000
vt 0.0300 0.5000
vt 0.0300 0.5000
vt 0.0300 0.5000
vt 0.0300 0.5000
vt 0.0300 0.5000
vt 0.0300 0.5000
vt 0.0300 0.5000
vt 0.0300 0.5000
vt 0.0300 0.5000
vt 0.0300 0.5000
vt 0.0300 0.5000
vt 0.0300 0.5000
vt 0.0300 0.5000
vt 0.0300 0.5000
vt 0.0300 0.5000
vt 0.0300 0.5000
vt 0.0300 0.5000
vt 0.0300 0.5000
vt 0.0300 0.5000
vt 0.0300 0.5000
vt 0.0300 0.5000
vt 0.0300 0.5000
vt 0.0300 0.5000
vt 0.0300 0.5000
vt 0.0300 0.5000
vt 0.0300 0.5000
vt 0.0300 0.5000
vt 0.0300 0.5000
vt 0.0300 0.5000
vt 0.0300 0.5000
vt 0.0300 0.5000
vt 0.0300 0.5000
vt 0.0300 0.5000
vt 0.0300 0.5000
vt 0.0300 0.5000
vt 0.0300 0.5000
vt 0.0300 0.5000
vt 0.0300 0.5000
vt 0.0300 0.5000
vt 0.0300 0.5000
vt 0.0300 0.5000
vt 0.0300 0.5000
vt 0.0300 0.5000
vt 0.0300 0.5000
vt 0.0300 0.5000
vt 0.0300 0.5000
vt 0.0300 0.5000
vt 0.0300 0.5000
vt 0.0300 0.5000
vt 0.0300 0.5000
vt 0.0300 0.5000
vt 0.0300 0.5000
vt 0.0300 0.5000
vt 0.0300 0.5000
vt 0.0300 0.5000
vt 0.0300 0.5000
vt 0.0300 0.5000
vt 0.0300 0.5000
vt 0.0300 0.5000
vt 0.0300 0.5000
vt 0.0300 0.5000
vt 0.0300 0.5000
vt 0.0300 0.5000
vt 0.0300 0.5000
vt 0.0300 0.5000
vt 0.0300 0.5000
vt 0.0300 0.5000
vt 0.0300 0.5000
vt 0.0300 0.5000
vt 0.0300 0.5000
vt 0.0300 0.5000
vt 0.0300 0.5000
vt 0.0300 0.5000
vt 0.0300 0.5000
vt 0.0300 0.5000
vt 0.0300 0.5000
vt 0.0300 0.5000
vt 0.0300 0.5000
vt 0.0300 0.5000
vt 0.0300 0.5000
vt 0.0300 0.5000
vt 0.0300 0.5000
vt 0.0300 0.5000
vt 0.0300 0.5000
vt 0.0300 0.5000
vt 0.0300 0.5000
vt 0.0300 0.5000
vt 0.0300 0.5000
vt 0.0300 0.5000
vt 0.0300 0.5000
vt 0.0300 0.5000
vt 0.0300 0.5000
vt 0.0300 0.5000
vt 0.0300 0.5000
vt 0.0300 0.5000
vt 0.0300 0.5000
vt 0.0300 0.5000
vt 0.0300 0.5000
vt 0.0300 0.5000
vt 0.0300 0.5000
vt 0.0300 0.5000
vt 0.0300 0.5000
vt 0.0300 0.5000
vt 0.0300 0.5000
vt 0.0300 0.5000
vt 0.0300 0.5000
vt 0.0300 0.5000
vt 0.0300 0.5000
vt 0.0300 0.5000
vt 0.0300 0.5000
vt 0.0300 0.5000
vt 0.0300 0.5000
vt 0.0300 0.5000
vt 0.0300 0.5000
vt 0.0300 0.5000
vt 0.0300 0.5000
vt 0.0300 0.5000
vt 0.0300 0.5000
vt 0.0300 0.5000
vt 0.0300 0.5000
vt 0.0300 0.5000
vt 0.0300 0.5000
vt 0.0300 0.5000
vt 0.0300 0.5000
vt 0.0300 0.5000
vt 0.0300 0.5000
vt 0.0300 0.5000
vt 0.0300 0.5000
vt 0.0300 0.5000
vt 0.0300 0.5000
vt 0.0300 0.5000
vt 0.0300 0.5000
vt 0.0300 0.5000
vt 0.0300 0.5000
vt 0.0300 0.5000
vt 0.0300 0.5000
vt 0.0300 0.5000
vt 0.0300 0.5000
vt 0.0300 0.5000
vt 0.0300 0.5000
vt 0.0300 0.5000
vt 0.0300 0.5000
vt 0.0300 0.5000
vt 0.0300 0.5000
vt 0.0300 0.5000
vt 0.0300 0.5000
vt 0.0300 0.5000
vt 0.0300 0.5000
vt 0.0300 0.5000
vt 0.0300 0.5000
vt 0.0300 0.5000
vt 0.0300 0.5000
vt 0.0300 0.5000
vt 0.0300 0.5000
vt 0.0300 0.5000
vt 0.0300 0.5000
vt 0.0300 0.5000
vt 0.0300 0.5000
vt 0.0300 0.5000
vt 0.0300 0.5000
vt 0.0300 0.5000
vt 0.0300 0.5000
vt 0.0300 0.5000
vt 0.0300 0.5000
vt 0.0300 0.5000
vt 0.0300 0.5000
vt 0.0300 0.5000
vt 0.0300 0.5000
vt 0.0300 0.5000
vt 0.0300 0.5000
vt 0.0300 0.5000
vt 0.0300 0.5000
vt 0.0300 0.5000
vt 0.0300 0.5000
vt 0.0300 0.5000
vt 0.0300 0.5000
vt 0.0300 0.5000
vt 0.0300 0.5000
vt 0.0300 0.5000
vt 0.0300 0.5000
vt 0.0300 0.5000
vt 0.0300 0.5000
vt 0.0300 0.5000
vt 0.0300 0.5000
vt 0.0300 0.5000
vt 0.0300 0.5000
vt 0.0300 0.5000
vt 0.0300 0.5000
vt 0.0300 0.5000
vt 0.0300 0.5000
vt 0.0300 0.5000
vt 0.0300 0.5000
vt 0.0300 0.5000
vt 0.0300 0.5000
vt 0.0300 0.5000
vt 0.0300 0.5000
vt 0.0300 0.5000
vt 0.0300 0.5000
vt 0.0300 0.5000
vt 0.0300 0.5000
vt 0.0300 0.5000
vt 0.0300 0.5000
vt 0.0300 0.5000
vt 0.0300 0.5000
vt 0.0300 0.5000
vt 0.0300 0.5000
vt 0.0300 0.5000
vt 0.0300 0.5000
vt 0.0300 0.5000
vt 0.0300 0.5000
vt 0.0300 0.5000
vt 0.0300 0.5000
vt 0.0300 0.5000
vt 0.0300 0.5000
vt 0.0300 0.5000
vt 0.0300 0.5000
vt 0.0300 0.5000
vt 0.0300 0.5000
vt 0.0300 0.5000
vt 0.0300 0.5000
vt 0.0300 0.5000
vt 0.0300 0.5000
vt 0.0300 0.5000
vt 0.0300 0.5000
vt 0.0300 0.5000
vt 0.0300 0.5000
vt 0.0300 0.5000
vt 0.0300 0.5000
vt 0.0300 0.5000
vt 0.0300 0.5000
vt 0.0300 0.5000
vt 0.0300 0.5000
vt 0.0300 0.5000
vt 0.0300 0.5000
vt 0.0300 0.5000
vt 0.0300 0.5000
vt 0.0300 0.5000
vt 0.0300 0.5000
vt 0.0300 0.5000
vt 0.0300 0.5000
vt 0.0300 0.5000
vt 0.0300 0.5000
vt 0.0300 0.5000
vt 0.0300 0.5000
vt 0.0300 0.5000
vt 0.0300 0.5000
vt 0.0300 0.5000
vt 0.0300 0.5000
vt 0.0300 0.5000
vt 0.0300 0.5000
vt 0.0300 0.5000
vt 0.0300 0.5000
vt 0.0300 0.5000
vt 0.0300 0.5000
vt 0.0300 0.5000
vt 0.0300 0.5000
vt 0.0300 0.5000
vt 0.0300 0.5000
vt 0.0300 0.5000
vt 0.0300 0.5000
vt 0.0300 0.5000
vt 0.0300 0.5000
vt 0.0300 0.5000
vt 0.0300 0.5000
vt 0.0300 0.5000
vt 0.0300 0.5000
vt 0.0300 0.5000
vt 0.0300 0.5000
vt 0.0300 0.5000
vt 0.0300 0.5000
vt 0.0300 0.5000
vt 0.0300 0.5000
vt 0.0300 0.5000
vt 0.0300 0.5000
vt 0.0300 0.5000
vt 0.0300 0.5000
vt 0.0300 0.5000
vt 0.0300 0.5000
vt 0.0300 0.5000
vt 0.0300 0.5000
vt 0.0300 0.5000
vt 0.0300 0.5000
vt 0.0300 0.5000
vt 0.0300 0.5000
vt 0.0300 0.5000
vt 0.0300 0.5000
vt 0.0300 0.5000
vt 0.0300 0.5000
vt 0.0300 0.5000
vt 0.0300 0.5000
vt 0.0300 0.5000
vt 0.0300 0.5000
vt 0.0300 0.5000
vt 0.0300 0.5000
vt 0.0300 0.5000
vt 0.0300 0.5000
vt 0.0300 0.5000
vt 0.0300 0.5000
vt 0.0300 0.5000
vt 0.0300 0.5000
vt 0.0300 0.5000
vt 0.0300 0.5000
vt 0.0300 0.5000
vt 0.0300 0.5000
vt 0.0300 0.5000
vt 0.0300 0.5000
vt 0.0300 0.5000
vt 0.0300 0.5000
vt 0.0300 0.5000
vt 0.0300 0.5000
vt 0.0300 0.5000
vt 0.0300 0.5000
vt 0.0300 0.5000
vt 0.0300 0.5000
vt 0.0300 0.5000
vt 0.0300 0.5000
vt 0.0300 0.5000
vt 0.0300 0.5000
vt 0.0300 0.5000
vt 0.0300 0.5000
vt 0.0300 0.5000
vt 0.0300 0.5000
vt 0.0300 0.5000
vt 0.0300 0.5000
vt 0.0300 0.5000
vt 0.0300 0.5000
vt 0.0300 0.5000
vt 0.0300 0.5000
vt 0.0300 0.5000
vt 0.0300 0.5000
vt 0.0300 0.5000
vt 0.0300 0.5000
vt 0.0300 0.5000
vt 0.0300 0.5000
vt 0.0300 0.5000
vt 0.0300 0.5000
vt 0.0300 0.5000
vt 0.0300 0.5000
vt 0.0300 0.5000
vt 0.0300 0.5000
vt 0.0300 0.5000
vt 0.0300 0.5000
vt 0.0300 0.5000
vt 0.0300 0.5000
vt 0.0300 0.5000
vt 0.0300 0.5000
vt 0.0300 0.5000
vt 0.0300 0.5000
vt 0.0300 0.5000
vt 0.0300 0.5000
vt 0.0300 0.5000
vt 0.0300 0.5000
vt 0.0300 0.5000
vt 0.0300 0.5000
vt 0.0300 0.5000
vt 0.0300 0.5000
vt 0.0300 0.5000
vt 0.0300 0.5000
vt 0.0300 0.5000
vt 0.0300 0.5000
vt 0.0300 0.5000
vt 0.0300 0.5000
vt 0.0300 0.5000
vt 0.0300 0.5000
vt 0.0300 0.5000
vt 0.0300 0.5000
vt 0.0300 0.5000
vt 0.0300 0.5000
vt 0.0300 0.5000
vt 0.0300 0.5000
vt 0.0300 0.5000
vt 0.0300 0.5000
vt 0.0300 0.5000
vt 0.0300 0.5000
vt 0.0300 0.5000
vt 0.0300 0.5000
vt 0.0300 0.5000
vt 0.0300 0.5000
vt 0.0300 0.5000
vt 0.0300 0.5000
vt 0.0300 0.5000
vt 0.0300 0.5000
vt 0.0300 0.5000
vt 0.0300 0.5000
vt 0.0300 0.5000
vt 0.0300 0.5000
vt 0.0300 0.5000
vt 0.0300 0.5000
vt 0.0300 0.5000
vt 0.0300 0.5000
vt 0.0300 0.5000
vt 0.0300 0.5000
vt 0.0300 0.5000
vt 0.0300 0.5000
vt 0.0300 0.5000
vt 0.0300 0.5000
vt 0.0300 0.5000
vt 0.0300 0.5000
vt 0.0300 0.5000
vt 0.0300 0.5000
vt 0.0300 0.5000
vt 0.0300 0.5000
vt 0.0300 0.5000
vt 0.0300 0.5000
vt 0.0300 0.5000
vt 0.0300 0.5000
vt 0.0300 0.5000
vt 0.0300 0.5000
vt 0.0300 0.5000
vt 0.0300 0.5000
vt 0.0300 0.5000
vt 0.0300 0.5000
vt 0.0300 0.5000
vt 0.0300 0.5000
vt 0.0300 0.5000
vt 0.0300 0.5000
vt 0.0300 0.5000
vt 0.0300 0.5000
vt 0.0300 0.5000
vt 0.0300 0.5000
vt 0.0300 0.5000
vt 0.0300 0.5000
vt 0.0300 0.5000
vt 0.0300 0.5000
vt 0.0300 0.5000
vt 0.0300 0.5000
vt 0.0300 0.5000
vt 0.0300 0.5000
vt 0.0300 0.5000
vt 0.0300 0.5000
vt 0.0300 0.5000
vt 0.0300 0.5000
vt 0.0300 0.5000
vt 0.0300 0.5000
vt 0.0300 0.5000
vt 0.0300 0.5000
vt 0.0300 0.5000
vt 0.0300 0.5000
vt 0.0300 0.5000
vt 0.0300 0.5000
vt 0.0300 0.5000
vt 0.0300 0.5000
vt 0.0300 0.5000
vt 0.0300 0.5000
vt 0.0300 0.5000
vt 0.0300 0.5000
vt 0.0300 0.5000
vt 0.0300 0.5000
vt 0.0300 0.5000
vt 0.0300 0.5000
vt 0.0300 0.5000
vt 0.0300 0.5000
vt 0.0300 0.5000
vt 0.0300 0.5000
vt 0.0300 0.5000
vt 0.0300 0.5000
vt 0.0300 0.5000
vt 0.0300 0.5000
vt 0.0300 0.5000
vt 0.0300 0.5000
vt 0.0300 0.5000
vt 0.0300 0.5000
vt 0.0300 0.5000
vt 0.0300 0.5000
vt 0.0300 0.5000
vt 0.0300 0.5000
vt 0.0300 0.5000
vt 0.0300 0.5000
vt 0.0300 0.5000
vt 0.0300 0.5000
vt 0.0300 0.5000
vt 0.0300 0.5000
vt 0.0300 0.5000
vt 0.0300 0.5000
vt 0.0300 0.5000
vt 0.0300 0.5000
vt 0.0300 0.5000
vt 0.0300 0.5000
vt 0.0300 0.5000
vt 0.0300 0.5000
vt 0.0300 0.5000
vt 0.0300 0.5000
vt 0.0300 0.5000
vt 0.0300 0.5000
vt 0.0300 0.5000
vt 0.0300 0.5000
vt 0.0300 0.5000
vt 0.0300 0.5000
vt 0.0300 0.5000
vt 0.0300 0.5000
vt 0.0300 0.5000
vt 0.0300 0.5000
vt 0.0300 0.5000
vt 0.0300 0.5000
vt 0.0300 0.5000
vt 0.0300 0.5000
vt 0.0300 0.5000
vt 0.0300 0.5000
vt 0.0300 0.5000
vt 0.0300 0.5000
vt 0.0300 0.5000
vt 0.0300 0.5000
vt 0.0300 0.5000
vt 0.0300 0.5000
vt 0.0300 0.5000
vt 0.0300 0.5000
vt 0.0300 0.5000
vt 0.0300 0.5000
vt 0.0300 0.5000
vt 0.0300 0.5000
vt 0.0300 0.5000
vt 0.0300 0.5000
vt 0.0300 0.5000
vt 0.0300 0.5000
vt 0.0300 0.5000
vt 0.0300 0.5000
vt 0.0300 0.5000
vt 0.0300 0.5000
vt 0.0300 0.5000
vt 0.0300 0.5000
vt 0.0300 0.5000
vt 0.0300 0.5000
vt 0.0300 0.5000
vt 0.0300 0.5000
vt 0.0300 0.5000
vt 0.0300 0.5000
vt 0.0300 0.5000
vt 0.0300 0.5000
vt 0.0300 0.5000
vt 0.0300 0.5000
vt 0.0300 0.5000
vt 0.0300 0.5000
vt 0.0300 0.5000
vt 0.0300 0.5000
vt 0.0300 0.5000
vt 0.0300 0.5000
vt 0.0300 0.5000
vt 0.0300 0.5000
vt 0.0300 0.5000
vt 0.0300 0.5000
vt 0.0300 0.5000
vt 0.0300 0.5000
vt 0.0300 0.5000
vt 0.0300 0.5000
vt 0.0300 0.5000
vt 0.0300 0.5000
vt 0.0300 0.5000
vt 0.0300 0.5000
vt 0.0300 0.5000
vt 0.0300 0.5000
vt 0.0300 0.5000
vt 0.0300 0.5000
vt 0.0300 0.5000
vt 0.0300 0.5000
vt 0.0300 0.5000
vt 0.0300 0.5000
vt 0.0300 0.5000
vt 0.0300 0.5000
vt 0.0300 0.5000
vt 0.0300 0.5000
vt 0.0300 0.5000
vt 0.0300 0.5000
vt 0.0300 0.5000
vt 0.0300 0.5000
vt 0.0300 0.5000
vt 0.0300 0.5000
vt 0.0300 0.5000
vt 0.0300 0.5000
vt 0.0300 0.5000
vt 0.0300 0.5000
vt 0.0300 0.5000
vt 0.0300 0.5000
vt 0.0300 0.5000
vt 0.0300 0.5000
vt 0.0300 0.5000
vt 0.0300 0.5000
vt 0.0300 0.5000
vt 0.0300 0.5000
vt 0.0300 0.5000
vt 0.0300 0.5000
vt 0.0300 0.5000
vt 0.0300 0.5000
vt 0.0300 0.5000
vt 0.0300 0.5000
vt 0.0300 0.5000
vt 0.0300 0.5000
vt 0.0300 0.5000
vt 0.0300 0.5000
vt 0.0300 0.5000
vt 0.0300 0.5000
vt 0.0300 0.5000
vt 0.0300 0.5000
vt 0.0300 0.5000
vt 0.0300 0.5000
vt 0.0300 0.5000
vt 0.0300 0.5000
vt 0.0300 0.5000
vt 0.0300 0.5000
vt 0.0300 0.5000
vt 0.0300 0.5000
vt 0.0300 0.5000
vt 0.0300 0.5000
vt 0.0300 0.5000
vt 0.0300 0.5000
vt 0.0303 0.5000
vt 0.0300 0.5000
vt 0.0300 0.5000
vt 0.0300 0.5000
vt 0.0300 0.5000
vt 0.0300 0.5000
vt 0.0300 0.5000
vt 0.0300 0.5000
vt 0.0300 0.5000
vt 0.0300 0.5000
vt 0.0300 0.5000
vt 0.0303 0.5000
vt 0.0307 0.5000
vt 0.0300 0.5000
vt 0.0300 0.5000
vt 0.0300 0.5000
vt 0.0300 0.5000
vt 0.0300 0.5000
vt 0.0300 0.5000
vt 0.0300 0.5000
vt 0.0300 0.5000
vt 0.0300 0.5000
vt 0.0300 0.5000
vt 0.0307 0.5000
vt 0.0300 0.5000
vt 0.0300 0.5000
vt 0.0300 0.5000
vt 0.0300 0.5000
vt 0.0300 0.5000
vt 0.0300 0.5000
vt 0.0300 0.5000
vt 0.0300 0.5000
vt 0.0300 0.5000
vt 0.0300 0.5000
vt 0.0300 0.5000
vt 0.0300 0.5000
vt 0.0300 0.5000
vt 0.0300 0.5000
vt 0.0300 0.5000
vt 0.0300 0.5000
vt 0.0300 0.5000
vt 0.0300 0.5000
vt 0.0300 0.5000
vt 0.0300 0.5000
vt 0.0300 0.5000
vt 0.0300 0.5000
vt 0.0300 0.5000
vt 0.0300 0.5000
vt 0.0300 0.5000
vt 0.0300 0.5000
vt 0.0300 0.5000
vt 0.0300 0.5000
vt 0.0300 0.5000
vt 0.0300 0.5000
vt 0.0300 0.5000
vt 0.0300 0.5000
vt 0.0300 0.5000
vt 0.0300 0.5000
vt 0.0300 0.5000
vt 0.0300 0.5000
vt 0.0300 0.5000
vt 0.0300 0.5000
vt 0.0300 0.5000
vt 0.0300 0.5000
vt 0.0300 0.5000
vt 0.0300 0.5000
vt 0.0300 0.5000
vt 0.0300 0.5000
vt 0.0300 0.5000
vt 0.0300 0.5000
vt 0.0300 0.5000
vt 0.0300 0.5000
vt 0.0300 0.5000
vt 0.0300 0.5000
vt 0.0300 0.5000
vt 0.0300 0.5000
vt 0.0300 0.5000
vt 0.0300 0.5000
vt 0.0300 0.5000
vt 0.0300 0.5000
vt 0.0300 0.5000
vt 0.0300 0.5000
vt 0.0300 0.5000
vt 0.0300 0.5000
vt 0.0300 0.5000
vt 0.0300 0.5000
vt 0.0300 0.5000
vt 0.0300 0.5000
vt 0.0300 0.5000
vt 0.0300 0.5000
vt 0.0300 0.5000
vt 0.0300 0.5000
vt 0.0300 0.5000
vt 0.0300 0.5000
vt 0.0300 0.5000
vt 0.0300 0.5000
vt 0.0300 0.5000
vt 0.0300 0.5000
vt 0.0300 0.5000
vt 0.0300 0.5000
vt 0.0300 0.5000
vt 0.0300 0.5000
vt 0.0300 0.5000
vt 0.0300 0.5000
vt 0.0300 0.5000
vt 0.0300 0.5000
vt 0.0300 0.5000
vt 0.0300 0.5000
vt 0.0300 0.5000
vt 0.0300 0.5000
vt 0.0300 0.5000
vt 0.0300 0.5000
vt 0.0300 0.5000
vt 0.0300 0.5000
vt 0.0300 0.5000
vt 0.0300 0.5000
vt 0.0300 0.5000
vt 0.0300 0.5000
vt 0.0300 0.5000
vt 0.0300 0.5000
vt 0.0300 0.5000
vt 0.0300 0.5000
vt 0.0300 0.5000
vt 0.0300 0.5000
vt 0.0300 0.5000
vt 0.0300 0.5000
vt 0.0300 0.5000
vt 0.0300 0.5000
vt 0.0300 0.5000
vt 0.0300 0.5000
vt 0.0300 0.5000
vt 0.0300 0.5000
vt 0.0300 0.5000
vt 0.0300 0.5000
vt 0.0300 0.5000
vt 0.0300 0.5000
vt 0.0300 0.5000
vt 0.0300 0.5000
vt 0.0300 0.5000
vt 0.0300 0.5000
vt 0.0300 0.5000
vt 0.0300 0.5000
vt 0.0300 0.5000
vt 0.0609 0.5000
vt 0.0300 0.5000
vt 0.0300 0.5000
vt 0.0300 0.5000
vt 0.0300 0.5000
vt 0.0300 0.5000
vt 0.0300 0.5000
vt 0.0300 0.5000
vt 0.0300 0.5000
vt 0.0300 0.5000
vt 0.0300 0.5000
vt 0.0609 0.5000
vt 0.1304 0.5000
vt 0.0300 0.5000
vt 0.0300 0.5000
vt 0.0300 0.5000
vt 0.0300 0.5000
vt 0.0300 0.5000
vt 0.0300 0.5000
vt 0.0300 0.5000
vt 0.0300 0.5000
vt 0.0303 0.5000
vt 0.0300 0.5000
vt 0.1304 0.5000
vt 0.1893 0.5000
vt 0.0300 0.5000
vt 0.0300 0.5000
vt 0.0300 0.5000
vt 0.0300 0.5000
vt 0.0300 0.5000
vt 0.0300 0.5000
vt 0.0300 0.5000
vt 0.0300 0.5000
vt 0.0307 0.5000
vt 0.0303 0.5000
vt 0.1893 0.5000
vt 0.2055 0.5000
vt 0.0300 0.5000
vt 0.0300 0.5000
vt 0.0300 0.5000
vt 0.0300 0.5000
vt 0.0300 0.5000
vt 0.0307 0.5000
vt 0.2055 0.5000
vt 0.1708 0.5000
vt 0.0300 0.5000
vt 0.0300 0.5000
vt 0.0300 0.5000
vt 0.0300 0.5000
vt 0.0300 0.5000
vt 0.0300 0.5000
vt 0.1708 0.5000
vt 0.1031 0.5000
vt 0.0300 0.5000
vt 0.0300 0.5000
vt 0.0300 0.5000
vt 0.0300 0.5000
vt 0.0300 0.5000
vt 0.0300 0.5000
vt 0.1031 0.5000
vt 0.0417 0.5000
vt 0.0300 0.5000
vt 0.0300 0.5000
vt 0.0300 0.5000
vt 0.0300 0.5000
vt 0.0300 0.5000
vt 0.0300 0.5000
vt 0.0417 0.5000
vt 0.0300 0.5000
vt 0.0300 0.5000
vt 0.0300 0.5000
vt 0.0300 0.5000
vt 0.0300 0.5000
vt 0.1031 0.5000
vt 0.1708 0.5000
vt 0.5116 0.5000
vt 0.3701 0.5000
vt 0.0300 0.5000
vt 0.0300 0.5000
vt 0.0300 0.5000
vt 0.0300 0.5000
vt 0.0417 0.5000
vt 0.1031 0.5000
vt 0.3701 0.5000
vt 0.1992 0.5000
vt 0.0300 0.5000
vt 0.0300 0.5000
vt 0.0300 0.5000
vt 0.0300 0.5000
vt 0.0300 0.5000
vt 0.0417 0.5000
vt 0.1992 0.5000
vt 0.0644 0.5000
vt 0.0300 0.5000
vt 0.0300 0.5000
vt 0.0300 0.5000
vt 0.0300 0.5000
vt 0.0300 0.5000
vt 0.0300 0.5000
vt 0.0644 0.5000
vt 0.0300 0.5000
vt 0.0300 0.5000
vt 0.0300 0.5000
vt 0.0300 0.5000
vt 0.0300 0.5000
vt 0.0300 0.5000
vt 0.0300 0.5000
vt 0.0300 0.5000
vt 0.0300 0.5000
vt 0.0300 0.5000
vt 0.0300 0.5000
vt 0.0300 0.5000
vt 0.0300 0.5000
vt 0.0300 0.5000
vt 0.0300 0.5000
vt 0.0300 0.5000
vt 0.0300 0.5000
vt 0.0300 0.5000
vt 0.0300 0.5000
vt 0.0300 0.5000
vt 0.0300 0.5000
vt 0.0300 0.5000
vt 0.0300 0.5000
vt 0.0300 0.5000
vt 0.0300 0.5000
vt 0.0300 0.5000
vt 0.0300 0.5000
vt 0.0300 0.5000
vt 0.0300 0.5000
vt 0.0300 0.5000
vt 0.0300 0.5000
vt 0.0300 0.5000
vt 0.0300 0.5000
vt 0.0300 0.5000
vt 0.0300 0.5000
vt 0.0300 0.5000
vt 0.0300 0.5000
vt 0.0300 0.5000
vt 0.0300 0.5000
vt 0.0300 0.5000
vt 0.0300 0.5000
vt 0.0300 0.5000
vt 0.0300 0.5000
vt 0.0857 0.5000
vt 0.0300 0.5000
vt 0.0300 0.5000
vt 0.0300 0.5000
vt 0.0300 0.5000
vt 0.0300 0.5000
vt 0.0300 0.5000
vt 0.0300 0.5000
vt 0.0300 0.5000
vt 0.0609 0.5000
vt 0.0300 0.5000
vt 0.0857 0.5000
vt 0.2337 0.5000
vt 0.0300 0.5000
vt 0.0300 0.5000
vt 0.0300 0.5000
vt 0.0300 0.5000
vt 0.0300 0.5000
vt 0.0300 0.5000
vt 0.0300 0.5000
vt 0.0300 0.5000
vt 0.1304 0.5000
vt 0.0609 0.5000
vt 0.2337 0.5000
vt 0.4036 0.5000
vt 0.0300 0.5000
vt 0.0300 0.5000
vt 0.0300 0.5000
vt 0.0300 0.5000
vt 0.1893 0.5000
vt 0.1304 0.5000
vt 0.4036 0.5000
vt 0.5320 0.5000
vt 0.0300 0.5000
vt 0.0300 0.5000
vt 0.0300 0.5000
vt 0.0300 0.5000
vt 0.2055 0.5000
vt 0.1893 0.5000
vt 0.5320 0.5000
vt 0.5730 0.5000
vt 0.0300 0.5000
vt 0.0300 0.5000
vt 0.0300 0.5000
vt 0.0300 0.5000
vt 0.1708 0.5000
vt 0.2055 0.5000
vt 0.5730 0.5000
vt 0.5116 0.5000
vt 0.4036 0.5000
vt 0.2337 0.5000
vt 0.4396 0.5000
vt 0.6971 0.5000
vt 0.0300 0.5000
vt 0.0300 0.5000
vt 0.0300 0.5000
vt 0.0300 0.5000
vt 0.5320 0.5000
vt 0.4036 0.5000
vt 0.6971 0.5000
vt 0.8926 0.5000
vt 0.0300 0.5000
vt 0.0300 0.5000
vt 0.0300 0.5000
vt 0.0300 0.5000
vt 0.5730 0.5000
vt 0.5320 0.5000
vt 0.8926 0.5000
vt 0.9615 0.5000
vt 0.0300 0.5000
vt 0.0300 0.5000
vt 0.0300 0.5000
vt 0.0300 0.5000
vt 0.5116 0.5000
vt 0.5730 0.5000
vt 0.9615 0.5000
vt 0.8781 0.5000
vt 0.0300 0.5000
vt 0.0300 0.5000
vt 0.0300 0.5000
vt 0.0300 0.5000
vt 0.3701 0.5000
vt 0.5116 0.5000
vt 0.8781 0.5000
vt 0.6733 0.5000
vt 0.0300 0.5000
vt 0.0300 0.5000
vt 0.0300 0.5000
vt 0.0300 0.5000
vt 0.1992 0.5000
vt 0.3701 0.5000
vt 0.6733 0.5000
vt 0.4137 0.5000
vt 0.0300 0.5000
vt 0.0300 0.5000
vt 0.0300 0.5000
vt 0.0300 0.5000
vt 0.0644 0.5000
vt 0.1992 0.5000
vt 0.4137 0.5000
vt 0.1764 0.5000
vt 0.0300 0.5000
vt 0.0300 0.5000
vt 0.0300 0.5000
vt 0.0300 0.5000
vt 0.0300 0.5000
vt 0.0644 0.5000
vt 0.1764 0.5000
vt 0.0398 0.5000
vt 0.0300 0.5000
vt 0.0300 0.5000
vt 0.0300 0.5000
vt 0.0300 0.5000
vt 0.0300 0.5000
vt 0.0300 0.5000
vt 0.0398 0.5000
vt 0.0300 0.5000
vt 0.0300 0.5000
vt 0.0300 0.5000
vt 0.0300 0.5000
vt 0.0300 0.5000
vt 0.0300 0.5000
vt 0.0300 0.5000
vt 0.0300 0.5000
vt 0.0300 0.5000
vt 0.0300 0.5000
vt 0.0300 0.5000
vt 0.0300 0.5000
vt 0.0300 0.5000
vt 0.0300 0.5000
vt 0.0300 0.5000
vt 0.0300 0.5000
vt 0.0300 0.5000
vt 0.0300 0.5000
vt 0.0300 0.5000
vt 0.0300 0.5000
vt 0.0300 0.5000
vt 0.0300 0.5000
vt 0.0300 0.5000
vt 0.0466 0.5000
vt 0.0300 0.5000
vt 0.0300 0.5000
vt 0.0300 0.5000
vt 0.0300 0.5000
vt 0.0300 0.5000
vt 0.0300 0.5000
vt 0.0300 0.5000
vt 0.0300 0.5000
vt 0.0857 0.5000
vt 0.0300 0.5000
vt 0.0466 0.5000
vt 0.1966 0.5000
vt 0.0300 0.5000
vt 0.0300 0.5000
vt 0.0300 0.5000
vt 0.0300 0.5000
vt 0.0300 0.5000
vt 0.0300 0.5000
vt 0.0300 0.5000
vt 0.0300 0.5000
vt 0.2337 0.5000
vt 0.0857 0.5000
vt 0.1966 0.5000
vt 0.4396 0.5000
vt 0.0300 0.5000
vt 0.0300 0.5000
vt 0.0300 0.5000
vt 0.0300 0.5000
vt 0.0300 0.5000
vt 0.0300 0.5000
vt 0.0300 0.5000
vt 0.0300 0.5000
vt 0.0466 0.5000
vt 0.0300 0.5000
vt 0.0300 0.5000
vt 0.0700 0.5000
vt 0.0300 0.5000
vt 0.0300 0.5000
vt 0.0300 0.5000
vt 0.0300 0.5000
vt 0.0300 0.5000
vt 0.0300 0.5000
vt 0.0300 0.5000
vt 0.0300 0.5000
vt 0.1966 0.5000
vt 0.0466 0.5000
vt 0.0700 0.5000
vt 0.2672 0.5000
vt 0.0300 0.5000
vt 0.0300 0.5000
vt 0.0300 0.5000
vt 0.0300 0.5000
vt 0.0300 0.5000
vt 0.0300 0.5000
vt 0.0300 0.5000
vt 0.0300 0.5000
vt 0.4396 0.5000
vt 0.1966 0.5000
vt 0.2672 0.5000
vt 0.5595 0.5000
vt 0.0300 0.5000
vt 0.0300 0.5000
vt 0.0300 0.5000
vt 0.0300 0.5000
vt 0.0300 0.5000
vt 0.0300 0.5000
vt 0.0300 0.5000
vt 0.1508 0.5000
vt 0.6971 0.5000
vt 0.4396 0.5000
vt 0.5595 0.5000
vt 0.8661 0.5000
vt 0.0300 0.5000
vt 0.0300 0.5000
vt 0.0300 0.5000
vt 0.0300 0.5000
vt 0.8926 0.5000
vt 0.6971 0.5000
vt 0.8661 0.5000
vt 0.9700 0.5000
vt 0.0300 0.5000
vt 0.0300 0.5000
vt 0.0300 0.5000
vt 0.0300 0.5000
vt 0.9615 0.5000
vt 0.8926 0.5000
vt 0.9700 0.5000
vt 0.9700 0.5000
vt 0.0300 0.5000
vt 0.0300 0.5000
vt 0.0300 0.5000
vt 0.0300 0.5000
vt 0.8781 0.5000
vt 0.9615 0.5000
vt 0.9700 0.5000
vt 0.9700 0.5000
vt 0.0300 0.5000
vt 0.0300 0.5000
vt 0.0300 0.5000
vt 0.0300 0.5000
vt 0.6733 0.5000
vt 0.8781 0.5000
vt 0.9700 0.5000
vt 0.8512 0.5000
vt 0.0300 0.5000
vt 0.0300 0.5000
vt 0.0300 0.5000
vt 0.0300 0.5000
vt 0.4137 0.5000
vt 0.6733 0.5000
vt 0.8512 0.5000
vt 0.5433 0.5000
vt 0.0300 0.5000
vt 0.0300 0.5000
vt 0.0300 0.5000
vt 0.0300 0.5000
vt 0.1764 0.5000
vt 0.4137 0.5000
vt 0.5433 0.5000
vt 0.2539 0.5000
vt 0.0300 0.5000
vt 0.0300 0.5000
vt 0.0300 0.5000
vt 0.0300 0.5000
vt 0.0398 0.5000
vt 0.1764 0.5000
vt 0.2539 0.5000
vt 0.0638 0.5000
vt 0.0300 0.5000
vt 0.0300 0.5000
vt 0.0300 0.5000
vt 0.0300 0.5000
vt 0.0300 0.5000
vt 0.0398 0.5000
vt 0.0638 0.5000
vt 0.0300 0.5000
vt 0.0300 0.5000
vt 0.0300 0.5000
vt 0.0300 0.5000
vt 0.0300 0.5000
vt 0.0300 0.5000
vt 0.0300 0.5000
vt 0.0300 0.5000
vt 0.0300 0.5000
vt 0.0300 0.5000
vt 0.0300 0.5000
vt 0.0300 0.5000
vt 0.0300 0.5000
vt 0.0300 0.5000
vt 0.0300 0.5000
vt 0.0300 0.5000
vt 0.0300 0.5000
vt 0.0300 0.5000
vt 0.0300 0.5000
vt 0.0300 0.5000
vt 0.0638 0.5000
vt 0.2539 0.5000
vt 0.2322 0.5000
vt 0.0562 0.5000
vt 0.0300 0.5000
vt 0.0300 0.5000
vt 0.0300 0.5000
vt 0.0300 0.5000
vt 0.0300 0.5000
vt 0.0638 0.5000
vt 0.0562 0.5000
vt 0.0300 0.5000
vt 0.0300 0.5000
vt 0.0300 0.5000
vt 0.0300 0.5000
vt 0.0300 0.5000
vt 0.0300 0.5000
vt 0.0300 0.5000
vt 0.0300 0.5000
vt 0.0300 0.5000
vt 0.0300 0.5000
vt 0.0300 0.5000
vt 0.0300 0.5000
vt 0.0300 0.5000
vt 0.0300 0.5000
vt 0.0300 0.5000
vt 0.0300 0.5000
vt 0.0300 0.5000
vt 0.0300 0.5000
vt 0.0300 0.5000
vt 0.5908 0.5000
vt 0.0700 0.5000
vt 0.0300 0.5000
vt 0.0300 0.5000
vt 0.0630 0.5000
vt 0.0300 0.5000
vt 0.0300 0.5000
vt 0.0300 0.5000
vt 0.0300 0.5000
vt 0.0300 0.5000
vt 0.0300 0.5000
vt 0.5908 0.5000
vt 0.8974 0.5000
vt 0.2672 0.5000
vt 0.0700 0.5000
vt 0.0630 0.5000
vt 0.2477 0.5000
vt 0.0300 0.5000
vt 0.0300 0.5000
vt 0.0300 0.5000
vt 0.0300 0.5000
vt 0.0300 0.5000
vt 0.0300 0.5000
vt 0.8974 0.5000
vt 0.9700 0.5000
vt 0.5595 0.5000
vt 0.2672 0.5000
vt 0.2477 0.5000
vt 0.5268 0.5000
vt 0.0300 0.5000
vt 0.0300 0.5000
vt 0.0300 0.5000
vt 0.0300 0.5000
vt 0.1508 0.5000
vt 0.0300 0.5000
vt 0.9700 0.5000
vt 0.9700 0.5000
vt 0.8661 0.5000
vt 0.5595 0.5000
vt 0.5268 0.5000
vt 0.8199 0.5000
vt 0.0300 0.5000
vt 0.0300 0.5000
vt 0.0300 0.5000
vt 0.0300 0.5000
vt 0.9700 0.5000
vt 0.8661 0.5000
vt 0.8199 0.5000
vt 0.9700 0.5000
vt 0.0300 0.5000
vt 0.0300 0.5000
vt 0.0300 0.5000
vt 0.0300 0.5000
vt 0.9700 0.5000
vt 0.9700 0.5000
vt 0.9700 0.5000
vt 0.9700 0.5000
vt 0.0300 0.5000
vt 0.0300 0.5000
vt 0.0300 0.5000
vt 0.0300 0.5000
vt 0.9700 0.5000
vt 0.9700 0.5000
vt 0.9700 0.5000
vt 0.9700 0.5000
vt 0.0300 0.5000
vt 0.0300 0.5000
vt 0.0300 0.5000
vt 0.0300 0.5000
vt 0.8512 0.5000
vt 0.9700 0.5000
vt 0.9700 0.5000
vt 0.8023 0.5000
vt 0.0300 0.5000
vt 0.0300 0.5000
vt 0.0300 0.5000
vt 0.0300 0.5000
vt 0.5433 0.5000
vt 0.8512 0.5000
vt 0.8023 0.5000
vt 0.5077 0.5000
vt 0.0300 0.5000
vt 0.0300 0.5000
vt 0.0300 0.5000
vt 0.0300 0.5000
vt 0.2539 0.5000
vt 0.5433 0.5000
vt 0.5077 0.5000
vt 0.2322 0.5000
vt 0.0300 0.5000
vt 0.0300 0.5000
vt 0.0300 0.5000
vt 0.0300 0.5000
vt 0.8023 0.5000
vt 0.9700 0.5000
vt 0.7364 0.5000
vt 0.5558 0.5000
vt 0.0300 0.5000
vt 0.0300 0.5000
vt 0.0300 0.5000
vt 0.0300 0.5000
vt 0.5077 0.5000
vt 0.8023 0.5000
vt 0.5558 0.5000
vt 0.3290 0.5000
vt 0.0300 0.5000
vt 0.0300 0.5000
vt 0.0300 0.5000
vt 0.0300 0.5000
vt 0.2322 0.5000
vt 0.5077 0.5000
vt 0.3290 0.5000
vt 0.1287 0.5000
vt 0.0300 0.5000
vt 0.0300 0.5000
vt 0.0300 0.5000
vt 0.0300 0.5000
vt 0.0562 0.5000
vt 0.2322 0.5000
vt 0.1287 0.5000
vt 0.0312 0.5000
vt 0.0300 0.5000
vt 0.0300 0.5000
vt 0.0300 0.5000
vt 0.0300 0.5000
vt 0.0300 0.5000
vt 0.0562 0.5000
vt 0.0312 0.5000
vt 0.6778 0.5000
vt 0.0300 0.5000
vt 0.0300 0.5000
vt 0.0300 0.5000
vt 0.0300 0.5000
vt 0.0300 0.5000
vt 0.0300 0.5000
vt 0.6778 0.5000
vt 0.9700 0.5000
vt 0.0300 0.5000
vt 0.0300 0.5000
vt 0.0300 0.5000
vt 0.0300 0.5000
vt 0.0300 0.5000
vt 0.0300 0.5000
vt 0.0300 0.5000
vt 0.5908 0.5000
vt 0.0300 0.5000
vt 0.9700 0.5000
vt 0.9700 0.5000
vt 0.0630 0.5000
vt 0.0300 0.5000
vt 0.0300 0.5000
vt 0.0356 0.5000
vt 0.0300 0.5000
vt 0.0300 0.5000
vt 0.0300 0.5000
vt 0.0300 0.5000
vt 0.8974 0.5000
vt 0.5908 0.5000
vt 0.9700 0.5000
vt 0.9700 0.5000
vt 0.2477 0.5000
vt 0.0630 0.5000
vt 0.0356 0.5000
vt 0.1514 0.5000
vt 0.0300 0.5000
vt 0.0300 0.5000
vt 0.0300 0.5000
vt 0.0300 0.5000
vt 0.9700 0.5000
vt 0.8974 0.5000
vt 0.9700 0.5000
vt 0.9700 0.5000
vt 0.5268 0.5000
vt 0.2477 0.5000
vt 0.1514 0.5000
vt 0.3597 0.5000
vt 0.0300 0.5000
vt 0.0300 0.5000
vt 0.0300 0.5000
vt 0.0300 0.5000
vt 0.9700 0.5000
vt 0.9700 0.5000
vt 0.9700 0.5000
vt 0.9700 0.5000
vt 0.8199 0.5000
vt 0.5268 0.5000
vt 0.3597 0.5000
vt 0.5844 0.5000
vt 0.0300 0.5000
vt 0.0300 0.5000
vt 0.0300 0.5000
vt 0.0300 0.5000
vt 0.9700 0.5000
vt 0.8199 0.5000
vt 0.5844 0.5000
vt 0.7536 0.5000
vt 0.0300 0.5000
vt 0.0300 0.5000
vt 0.0300 0.5000
vt 0.0300 0.5000
vt 0.9700 0.5000
vt 0.9700 0.5000
vt 0.7536 0.5000
vt 0.8112 0.5000
vt 0.0300 0.5000
vt 0.0300 0.5000
vt 0.0300 0.5000
vt 0.0300 0.5000
vt 0.9700 0.5000
vt 0.9700 0.5000
vt 0.8112 0.5000
vt 0.7364 0.5000
vt 0.0300 0.5000
vt 0.0300 0.5000
vt 0.0300 0.5000
vt 0.0300 0.5000
vt 0.7536 0.5000
vt 0.5844 0.5000
vt 0.2806 0.5000
vt 0.3801 0.5000
vt 0.0300 0.5000
vt 0.0300 0.5000
vt 0.0300 0.5000
vt 0.0300 0.5000
vt 0.8112 0.5000
vt 0.7536 0.5000
vt 0.3801 0.5000
vt 0.4101 0.5000
vt 0.0300 0.5000
vt 0.0300 0.5000
vt 0.0300 0.5000
vt 0.0300 0.5000
vt 0.7364 0.5000
vt 0.8112 0.5000
vt 0.4101 0.5000
vt 0.3590 0.5000
vt 0.0300 0.5000
vt 0.0300 0.5000
vt 0.0300 0.5000
vt 0.0300 0.5000
vt 0.5558 0.5000
vt 0.7364 0.5000
vt 0.3590 0.5000
vt 0.2467 0.5000
vt 0.0300 0.5000
vt 0.0300 0.5000
vt 0.0300 0.5000
vt 0.0300 0.5000
vt 0.3290 0.5000
vt 0.5558 0.5000
vt 0.2467 0.5000
vt 0.1187 0.5000
vt 0.0300 0.5000
vt 0.0300 0.5000
vt 0.0300 0.5000
vt 0.0300 0.5000
vt 0.1287 0.5000
vt 0.3290 0.5000
vt 0.1187 0.5000
vt 0.0360 0.5000
vt 0.0300 0.5000
vt 0.0300 0.5000
vt 0.0300 0.5000
vt 0.0300 0.5000
vt 0.0312 0.5000
vt 0.1287 0.5000
vt 0.0360 0.5000
vt 0.8344 0.5000
vt 0.0300 0.5000
vt 0.0300 0.5000
vt 0.0300 0.5000
vt 0.0300 0.5000
vt 0.6778 0.5000
vt 0.0312 0.5000
vt 0.8344 0.5000
vt 0.9700 0.5000
vt 0.0300 0.5000
vt 0.0300 0.5000
vt 0.0300 0.5000
vt 0.0300 0.5000
vt 0.9700 0.5000
vt 0.6778 0.5000
vt 0.9700 0.5000
vt 0.9700 0.5000
vt 0.0300 0.5000
vt 0.0300 0.5000
vt 0.0300 0.5000
vt 0.0300 0.5000
vt 0.0300 0.5000
vt 0.0300 0.5000
vt 0.0300 0.5000
vt 0.9700 0.5000
vt 0.9700 0.5000
vt 0.9700 0.5000
vt 0.9700 0.5000
vt 0.0356 0.5000
vt 0.0300 0.5000
vt 0.0300 0.5000
vt 0.0300 0.5000
vt 0.0300 0.5000
vt 0.0300 0.5000
vt 0.0300 0.5000
vt 0.0300 0.5000
vt 0.9700 0.5000
vt 0.9700 0.5000
vt 0.9700 0.5000
vt 0.9700 0.5000
vt 0.1514 0.5000
vt 0.0356 0.5000
vt 0.0300 0.5000
vt 0.0499 0.5000
vt 0.0300 0.5000
vt 0.0300 0.5000
vt 0.0300 0.5000
vt 0.0300 0.5000
vt 0.9700 0.5000
vt 0.9700 0.5000
vt 0.9700 0.5000
vt 0.9700 0.5000
vt 0.3597 0.5000
vt 0.1514 0.5000
vt 0.0499 0.5000
vt 0.1513 0.5000
vt 0.0300 0.5000
vt 0.0300 0.5000
vt 0.0300 0.5000
vt 0.0300 0.5000
vt 0.9700 0.5000
vt 0.9700 0.5000
vt 0.9700 0.5000
vt 0.9700 0.5000
vt 0.5844 0.5000
vt 0.3597 0.5000
vt 0.1513 0.5000
vt 0.2806 0.5000
vt 0.0300 0.5000
vt 0.0300 0.5000
vt 0.0300 0.5000
vt 0.0300 0.5000
vt 0.0300 0.5000
vt 0.0300 0.5000
vt 0.0300 0.5000
vt 0.0300 0.5000
vt 0.9700 0.5000
vt 0.9700 0.5000
vt 0.9700 0.5000
vt 0.9700 0.5000
vt 0.0499 0.5000
vt 0.0300 0.5000
vt 0.0300 0.5000
vt 0.0300 0.5000
vt 0.0300 0.5000
vt 0.0300 0.5000
vt 0.0300 0.5000
vt 0.0300 0.5000
vt 0.9700 0.5000
vt 0.9700 0.5000
vt 0.9700 0.5000
vt 0.9700 0.5000
vt 0.1513 0.5000
vt 0.0499 0.5000
vt 0.0300 0.5000
vt 0.0317 0.5000
vt 0.0300 0.5000
vt 0.0300 0.5000
vt 0.0300 0.5000
vt 0.0300 0.5000
vt 0.2806 0.5000
vt 0.1513 0.5000
vt 0.0317 0.5000
vt 0.0604 0.5000
vt 0.0300 0.5000
vt 0.0300 0.5000
vt 0.9700 0.5000
vt 0.0300 0.5000
vt 0.0300 0.5000
vt 0.0300 0.5000
vt 0.0300 0.5000
vt 0.0300 0.5000
vt 0.0300 0.5000
vt 0.0300 0.5000
vt 0.0300 0.5000
vt 0.0300 0.5000
vt 0.3801 0.5000
vt 0.2806 0.5000
vt 0.0604 0.5000
vt 0.0928 0.5000
vt 0.0300 0.5000
vt 0.0300 0.5000
vt 0.0300 0.5000
vt 0.9700 0.5000
vt 0.0300 0.5000
vt 0.0300 0.5000
vt 0.0300 0.5000
vt 0.0300 0.5000
vt 0.0300 0.5000
vt 0.0300 0.5000
vt 0.0300 0.5000
vt 0.0300 0.5000
vt 0.4101 0.5000
vt 0.3801 0.5000
vt 0.0928 0.5000
vt 0.1012 0.5000
vt 0.0300 0.5000
vt 0.0300 0.5000
vt 0.9700 0.5000
vt 0.0300 0.5000
vt 0.0300 0.5000
vt 0.0300 0.5000
vt 0.0300 0.5000
vt 0.0300 0.5000
vt 0.0300 0.5000
vt 0.0300 0.5000
vt 0.9700 0.5000
vt 0.0300 0.5000
vt 0.3590 0.5000
vt 0.4101 0.5000
vt 0.1012 0.5000
vt 0.0794 0.5000
vt 0.0300 0.5000
vt 0.0300 0.5000
vt 0.0300 0.5000
vt 0.0300 0.5000
vt 0.0300 0.5000
vt 0.9700 0.5000
vt 0.9700 0.5000
vt 0.2467 0.5000
vt 0.3590 0.5000
vt 0.0794 0.5000
vt 0.0442 0.5000
vt 0.0300 0.5000
vt 0.0300 0.5000
vt 0.0300 0.5000
vt 0.0300 0.5000
vt 0.0300 0.5000
vt 0.0300 0.5000
vt 0.9700 0.5000
vt 0.9700 0.5000
vt 0.1187 0.5000
vt 0.2467 0.5000
vt 0.0442 0.5000
vt 0.1910 0.5000
vt 0.0300 0.5000
vt 0.0300 0.5000
vt 0.0300 0.5000
vt 0.0300 0.5000
vt 0.0300 0.5000
vt 0.0300 0.5000
vt 0.9700 0.5000
vt 0.9700 0.5000
vt 0.0360 0.5000
vt 0.1187 0.5000
vt 0.1910 0.5000
vt 0.6514 0.5000
vt 0.0300 0.5000
vt 0.0300 0.5000
vt 0.0300 0.5000
vt 0.0300 0.5000
vt 0.0300 0.5000
vt 0.0300 0.5000
vt 0.0300 0.5000
vt 0.8344 0.5000
vt 0.0360 0.5000
vt 0.6514 0.5000
vt 0.9700 0.5000
vt 0.0300 0.5000
vt 0.0300 0.5000
vt 0.0300 0.5000
vt 0.0300 0.5000
vt 0.0300 0.5000
vt 0.0300 0.5000
vt 0.9700 0.5000
vt 0.9700 0.5000
vt 0.9700 0.5000
vt 0.8344 0.5000
vt 0.9700 0.5000
vt 0.9700 0.5000
vt 0.0300 0.5000
vt 0.0300 0.5000
vt 0.0300 0.5000
vt 0.0300 0.5000
vt 0.0300 0.5000
vt 0.0300 0.5000
vt 0.0300 0.5000
vt 0.0300 0.5000
vt 0.9700 0.5000
vt 0.9700 0.5000
vt 0.9700 0.5000
vt 0.9700 0.5000
vt 0.9700 0.5000
vt 0.9700 0.5000
vt 0.9700 0.5000
vt 0.9700 0.5000
vt 0.0300 0.5000
vt 0.0300 0.5000
vt 0.0300 0.5000
vt 0.0300 0.5000
vt 0.0300 0.5000
vt 0.0300 0.5000
vt 0.0300 0.5000
vt 0.9700 0.5000
vt 0.0300 0.5000
vt 0.0300 0.5000
vt 0.0300 0.5000
vt 0.9700 0.5000
vt 0.9700 0.5000
vt 0.9700 0.5000
vt 0.9700 0.5000
vt 0.0300 0.5000
vt 0.0300 0.5000
vt 0.0300 0.5000
vt 0.0300 0.5000
vt 0.0300 0.5000
vt 0.0300 0.5000
vt 0.0300 0.5000
vt 0.0300 0.5000
vt 0.0300 0.5000
vt 0.0300 0.5000
vt 0.0300 0.5000
vt 0.0300 0.5000
vt 0.9700 0.5000
vt 0.9700 0.5000
vt 0.9700 0.5000
vt 0.9700 0.5000
vt 0.0300 0.5000
vt 0.0300 0.5000
vt 0.0300 0.5000
vt 0.0300 0.5000
vt 0.0300 0.5000
vt 0.0300 0.5000
vt 0.0300 0.5000
vt 0.0300 0.5000
vt 0.0300 0.5000
vt 0.0300 0.5000
vt 0.0300 0.5000
vt 0.9700 0.5000
vt 0.9700 0.5000
vt 0.9700 0.5000
vt 0.9700 0.5000
vt 0.0300 0.5000
vt 0.0300 0.5000
vt 0.0300 0.5000
vt 0.0300 0.5000
vt 0.0300 0.5000
vt 0.0300 0.5000
vt 0.0300 0.5000
vt 0.0300 0.5000
vt 0.0300 0.5000
vt 0.0300 0.5000
vt 0.0300 0.5000
vt 0.0300 0.5000
vt 0.9700 0.5000
vt 0.9700 0.5000
vt 0.9700 0.5000
vt 0.9700 0.5000
vt 0.0300 0.5000
vt 0.0300 0.5000
vt 0.0300 0.5000
vt 0.0300 0.5000
vt 0.0300 0.5000
vt 0.0300 0.5000
vt 0.0300 0.5000
vt 0.0300 0.5000
vt 0.0300 0.5000
vt 0.0300 0.5000
vt 0.0300 0.5000
vt 0.0300 0.5000
vt 0.9700 0.5000
vt 0.9700 0.5000
vt 0.9700 0.5000
vt 0.9700 0.5000
vt 0.0317 0.5000
vt 0.0300 0.5000
vt 0.0300 0.5000
vt 0.0300 0.5000
vt 0.0300 0.5000
vt 0.0300 0.5000
vt 0.0300 0.5000
vt 0.0300 0.5000
vt 0.0300 0.5000
vt 0.0300 0.5000
vt 0.0300 0.5000
vt 0.0300 0.5000
vt 0.9700 0.5000
vt 0.9700 0.5000
vt 0.9700 0.5000
vt 0.9700 0.5000
vt 0.0604 0.5000
vt 0.0317 0.5000
vt 0.0300 0.5000
vt 0.0300 0.5000
vt 0.0300 0.5000
vt 0.0300 0.5000
vt 0.0300 0.5000
vt 0.0300 0.5000
vt 0.0300 0.5000
vt 0.0300 0.5000
vt 0.0300 0.5000
vt 0.0300 0.5000
vt 0.0300 0.5000
vt 0.9700 0.5000
vt 0.0300 0.5000
vt 0.0928 0.5000
vt 0.0604 0.5000
vt 0.0300 0.5000
vt 0.0300 0.5000
vt 0.0300 0.5000
vt 0.0300 0.5000
vt 0.0300 0.5000
vt 0.0300 0.5000
vt 0.0300 0.5000
vt 0.0300 0.5000
vt 0.0300 0.5000
vt 0.0300 0.5000
vt 0.0300 0.5000
vt 0.0300 0.5000
vt 0.0300 0.5000
vt 0.0300 0.5000
vt 0.1012 0.5000
vt 0.0928 0.5000
vt 0.0300 0.5000
vt 0.0300 0.5000
vt 0.0300 0.5000
vt 0.0300 0.5000
vt 0.0300 0.5000
vt 0.0300 0.5000
vt 0.0300 0.5000
vt 0.0300 0.5000
vt 0.0300 0.5000
vt 0.0300 0.5000
vt 0.0300 0.5000
vt 0.0300 0.5000
vt 0.0300 0.5000
vt 0.0794 0.5000
vt 0.1012 0.5000
vt 0.0300 0.5000
vt 0.0300 0.5000
vt 0.0300 0.5000
vt 0.0300 0.5000
vt 0.0300 0.5000
vt 0.0300 0.5000
vt 0.0300 0.5000
vt 0.0300 0.5000
vt 0.0300 0.5000
vt 0.0300 0.5000
vt 0.0300 0.5000
vt 0.0300 0.5000
vt 0.0300 0.5000
vt 0.0300 0.5000
vt 0.0442 0.5000
vt 0.0794 0.5000
vt 0.0300 0.5000
vt 0.0380 0.5000
vt 0.0300 0.5000
vt 0.0300 0.5000
vt 0.0300 0.5000
vt 0.0300 0.5000
vt 0.0300 0.5000
vt 0.0300 0.5000
vt 0.0300 0.5000
vt 0.0300 0.5000
vt 0.1910 0.5000
vt 0.0442 0.5000
vt 0.0380 0.5000
vt 0.4873 0.5000
vt 0.0300 0.5000
vt 0.0300 0.5000
vt 0.0300 0.5000
vt 0.0300 0.5000
vt 0.0300 0.5000
vt 0.0300 0.5000
vt 0.0300 0.5000
vt 0.0300 0.5000
vt 0.6514 0.5000
vt 0.1910 0.5000
vt 0.4873 0.5000
vt 0.9700 0.5000
vt 0.0300 0.5000
vt 0.0300 0.5000
vt 0.0300 0.5000
vt 0.0300 0.5000
vt 0.0300 0.5000
vt 0.0300 0.5000
vt 0.0300 0.5000
vt 0.0300 0.5000
vt 0.9700 0.5000
vt 0.6514 0.5000
vt 0.9700 0.5000
vt 0.9700 0.5000
vt 0.0300 0.5000
vt 0.0300 0.5000
vt 0.0300 0.5000
vt 0.0300 0.5000
vt 0.0300 0.5000
vt 0.0300 0.5000
vt 0.0300 0.5000
vt 0.0300 0.5000
vt 0.9700 0.5000
vt 0.9700 0.5000
vt 0.9700 0.5000
vt 0.9700 0.5000
vt 0.0300 0.5000
vt 0.0300 0.5000
vt 0.0300 0.5000
vt 0.0300 0.5000
vt 0.0300 0.5000
vt 0.0300 0.5000
vt 0.0300 0.5000
vt 0.0300 0.5000
vt 0.9700 0.5000
vt 0.4873 0.5000
vt 0.1910 0.5000
vt 0.6514 0.5000
vt 0.0300 0.5000
vt 0.0300 0.5000
vt 0.0300 0.5000
vt 0.0300 0.5000
vt 0.0300 0.5000
vt 0.0300 0.5000
vt 0.0300 0.5000
vt 0.0300 0.5000
vt 0.9700 0.5000
vt 0.9700 0.5000
vt 0.6514 0.5000
vt 0.9700 0.5000
vt 0.0300 0.5000
vt 0.0300 0.5000
vt 0.0300 0.5000
vt 0.0300 0.5000
vt 0.0300 0.5000
vt 0.9700 0.5000
vt 0.0300 0.5000
vt 0.9700 0.5000
vt 0.9700 0.5000
vt 0.9700 0.5000
vt 0.9700 0.5000
vt 0.0300 0.5000
vt 0.0300 0.5000
vt 0.0300 0.5000
vt 0.0300 0.5000
vt 0.0300 0.5000
vt 0.0300 0.5000
vt 0.0300 0.5000
vt 0.0300 0.5000
vt 0.9700 0.5000
vt 0.9700 0.5000
vt 0.9700 0.5000
vt 0.9700 0.5000
vt 0.0300 0.5000
vt 0.0300 0.5000
vt 0.0300 0.5000
vt 0.0300 0.5000
vt 0.0300 0.5000
vt 0.0300 0.5000
vt 0.0300 0.5000
vt 0.0300 0.5000
vt 0.0300 0.5000
vt 0.0300 0.5000
vt 0.0300 0.5000
vt 0.9700 0.5000
vt 0.9700 0.5000
vt 0.9700 0.5000
vt 0.9700 0.5000
vt 0.0300 0.5000
vt 0.0300 0.5000
vt 0.0300 0.5000
vt 0.0300 0.5000
vt 0.0300 0.5000
vt 0.0300 0.5000
vt 0.0300 0.5000
vt 0.0300 0.5000
vt 0.0300 0.5000
vt 0.0300 0.5000
vt 0.0300 0.5000
vt 0.9700 0.5000
vt 0.9700 0.5000
vt 0.9700 0.5000
vt 0.9700 0.5000
vt 0.0300 0.5000
vt 0.0300 0.5000
vt 0.0300 0.5000
vt 0.0300 0.5000
vt 0.0300 0.5000
vt 0.0300 0.5000
vt 0.0300 0.5000
vt 0.0300 0.5000
vt 0.0300 0.5000
vt 0.0300 0.5000
vt 0.0300 0.5000
vt 0.0300 0.5000
vt 0.9700 0.5000
vt 0.9700 0.5000
vt 0.9700 0.5000
vt 0.9700 0.5000
vt 0.0300 0.5000
vt 0.0300 0.5000
vt 0.0300 0.5000
vt 0.0300 0.5000
vt 0.0300 0.5000
vt 0.0300 0.5000
vt 0.0300 0.5000
vt 0.0300 0.5000
vt 0.0300 0.5000
vt 0.0300 0.5000
vt 0.0300 0.5000
vt 0.0300 0.5000
vt 0.9700 0.5000
vt 0.9700 0.5000
vt 0.9700 0.5000
vt 0.9700 0.5000
vt 0.0300 0.5000
vt 0.0300 0.5000
vt 0.0300 0.5000
vt 0.0300 0.5000
vt 0.0300 0.5000
vt 0.0300 0.5000
vt 0.0300 0.5000
vt 0.0300 0.5000
vt 0.0300 0.5000
vt 0.0300 0.5000
vt 0.0300 0.5000
vt 0.0300 0.5000
vt 0.0300 0.5000
vt 0.0300 0.5000
vt 0.0300 0.5000
vt 0.0300 0.5000
vt 0.0300 0.5000
vt 0.0300 0.5000
vt 0.0300 0.5000
vt 0.0300 0.5000
vt 0.0300 0.5000
vt 0.0300 0.5000
vt 0.0300 0.5000
vt 0.0300 0.5000
vt 0.0300 0.5000
vt 0.0300 0.5000
vt 0.0300 0.5000
vt 0.0300 0.5000
vt 0.0300 0.5000
vt 0.0300 0.5000
vt 0.0300 0.5000
vt 0.0300 0.5000
vt 0.0300 0.5000
vt 0.0300 0.5000
vt 0.0300 0.5000
vt 0.0306 0.5000
vt 0.0300 0.5000
vt 0.0300 0.5000
vt 0.0300 0.5000
vt 0.0300 0.5000
vt 0.0300 0.5000
vt 0.0300 0.5000
vt 0.0300 0.5000
vt 0.0300 0.5000
vt 0.0300 0.5000
vt 0.0300 0.5000
vt 0.0300 0.5000
vt 0.0300 0.5000
vt 0.0300 0.5000
vt 0.0300 0.5000
vt 0.0306 0.5000
vt 0.0375 0.5000
vt 0.0300 0.5000
vt 0.0300 0.5000
vt 0.0300 0.5000
vt 0.0300 0.5000
vt 0.0300 0.5000
vt 0.0300 0.5000
vt 0.0300 0.5000
vt 0.0300 0.5000
vt 0.0300 0.5000
vt 0.9700 0.5000
vt 0.0300 0.5000
vt 0.0380 0.5000
vt 0.0300 0.5000
vt 0.0375 0.5000
vt 0.0366 0.5000
vt 0.0300 0.5000
vt 0.0300 0.5000
vt 0.0300 0.5000
vt 0.0300 0.5000
vt 0.0300 0.5000
vt 0.0300 0.5000
vt 0.0300 0.5000
vt 0.0300 0.5000
vt 0.4873 0.5000
vt 0.0380 0.5000
vt 0.0366 0.5000
vt 0.1910 0.5000
vt 0.0306 0.5000
vt 0.0300 0.5000
vt 0.1053 0.5000
vt 0.2065 0.5000
vt 0.0300 0.5000
vt 0.0300 0.5000
vt 0.0300 0.5000
vt 0.0300 0.5000
vt 0.0300 0.5000
vt 0.0300 0.5000
vt 0.0300 0.5000
vt 0.0300 0.5000
vt 0.0300 0.5000
vt 0.0300 0.5000
vt 0.0300 0.5000
vt 0.0375 0.5000
vt 0.0306 0.5000
vt 0.2065 0.5000
vt 0.2744 0.5000
vt 0.0300 0.5000
vt 0.0300 0.5000
vt 0.0300 0.5000
vt 0.0300 0.5000
vt 0.0300 0.5000
vt 0.0300 0.5000
vt 0.0300 0.5000
vt 0.0300 0.5000
vt 0.0300 0.5000
vt 0.0300 0.5000
vt 0.0300 0.5000
vt 0.0300 0.5000
vt 0.0366 0.5000
vt 0.0375 0.5000
vt 0.2744 0.5000
vt 0.2729 0.5000
vt 0.0300 0.5000
vt 0.0300 0.5000
vt 0.0300 0.5000
vt 0.0300 0.5000
vt 0.0300 0.5000
vt 0.0300 0.5000
vt 0.0300 0.5000
vt 0.0300 0.5000
vt 0.1910 0.5000
vt 0.0366 0.5000
vt 0.2729 0.5000
vt 0.2028 0.5000
vt 0.0300 0.5000
vt 0.0300 0.5000
vt 0.0300 0.5000
vt 0.0300 0.5000
vt 0.0300 0.5000
vt 0.0300 0.5000
vt 0.0300 0.5000
vt 0.0300 0.5000
vt 0.6514 0.5000
vt 0.1910 0.5000
vt 0.2028 0.5000
vt 0.1015 0.5000
vt 0.0300 0.5000
vt 0.0300 0.5000
vt 0.0300 0.5000
vt 0.0300 0.5000
vt 0.0300 0.5000
vt 0.0300 0.5000
vt 0.0300 0.5000
vt 0.0300 0.5000
vt 0.9700 0.5000
vt 0.6514 0.5000
vt 0.1015 0.5000
vt 0.8344 0.5000
vt 0.0300 0.5000
vt 0.0300 0.5000
vt 0.0300 0.5000
vt 0.0300 0.5000
vt 0.0300 0.5000
vt 0.0300 0.5000
vt 0.0300 0.5000
vt 0.0300 0.5000
vt 0.9700 0.5000
vt 0.9700 0.5000
vt 0.8344 0.5000
vt 0.9700 0.5000
vt 0.0300 0.5000
vt 0.0300 0.5000
vt 0.0300 0.5000
vt 0.0300 0.5000
vt 0.0300 0.5000
vt 0.0300 0.5000
vt 0.0300 0.5000
vt 0.0300 0.5000
vt 0.9700 0.5000
vt 0.9700 0.5000
vt 0.9700 0.5000
vt 0.9700 0.5000
vt 0.0300 0.5000
vt 0.0300 0.5000
vt 0.0300 0.5000
vt 0.0300 0.5000
vt 0.0300 0.5000
vt 0.0300 0.5000
vt 0.0300 0.5000
vt 0.0300 0.5000
vt 0.0300 0.5000
vt 0.0300 0.5000
vt 0.0300 0.5000
vt 0.9700 0.5000
vt 0.9700 0.5000
vt 0.9700 0.5000
vt 0.9700 0.5000
vt 0.0300 0.5000
vt 0.0300 0.5000
vt 0.0300 0.5000
vt 0.0300 0.5000
vt 0.0300 0.5000
vt 0.0300 0.5000
vt 0.0300 0.5000
vt 0.0300 0.5000
vt 0.0300 0.5000
vt 0.0300 0.5000
vt 0.0300 0.5000
vt 0.0300 0.5000
vt 0.9700 0.5000
vt 0.9700 0.5000
vt 0.9700 0.5000
vt 0.9700 0.5000
vt 0.0300 0.5000
vt 0.0300 0.5000
vt 0.0300 0.5000
vt 0.0300 0.5000
vt 0.0300 0.5000
vt 0.9700 0.5000
vt 0.0300 0.5000
vt 0.0300 0.5000
vt 0.0300 0.5000
vt 0.0300 0.5000
vt 0.0300 0.5000
vt 0.9700 0.5000
vt 0.9700 0.5000
vt 0.9700 0.5000
vt 0.9700 0.5000
vt 0.0300 0.5000
vt 0.0300 0.5000
vt 0.0300 0.5000
vt 0.0300 0.5000
vt 0.0300 0.5000
vt 0.0300 0.5000
vt 0.0300 0.5000
vt 0.0300 0.5000
vt 0.0300 0.5000
vt 0.0300 0.5000
vt 0.0300 0.5000
vt 0.0300 0.5000
vt 0.9700 0.5000
vt 0.9700 0.5000
vt 0.9700 0.5000
vt 0.9700 0.5000
vt 0.0300 0.5000
vt 0.0300 0.5000
vt 0.0300 0.5000
vt 0.0341 0.5000
vt 0.0300 0.5000
vt 0.0300 0.5000
vt 0.0300 0.5000
vt 0.0300 0.5000
vt 0.0300 0.5000
vt 0.0300 0.5000
vt 0.0300 0.5000
vt 0.0300 0.5000
vt 0.0300 0.5000
vt 0.0300 0.5000
vt 0.0300 0.5000
vt 0.0300 0.5000
vt 0.0300 0.5000
vt 0.0341 0.5000
vt 0.1053 0.5000
vt 0.0300 0.5000
vt 0.0300 0.5000
vt 0.0300 0.5000
vt 0.0300 0.5000
vt 0.0300 0.5000
vt 0.0300 0.5000
vt 0.0300 0.5000
vt 0.0300 0.5000
vt 0.0300 0.5000
vt 0.0300 0.5000
vt 0.0300 0.5000
vt 0.0300 0.5000
vt 0.0300 0.5000
vt 0.0300 0.5000
vt 0.0300 0.5000
vt 0.0314 0.5000
vt 0.0300 0.5000
vt 0.0300 0.5000
vt 0.0300 0.5000
vt 0.0300 0.5000
vt 0.0300 0.5000
vt 0.0300 0.5000
vt 0.0300 0.5000
vt 0.0300 0.5000
vt 0.9700 0.5000
vt 0.9700 0.5000
vt 0.9700 0.5000
vt 0.9700 0.5000
vt 0.0341 0.5000
vt 0.0300 0.5000
vt 0.0314 0.5000
vt 0.1355 0.5000
vt 0.0300 0.5000
vt 0.0300 0.5000
vt 0.0300 0.5000
vt 0.0300 0.5000
vt 0.0300 0.5000
vt 0.0300 0.5000
vt 0.0300 0.5000
vt 0.0300 0.5000
vt 0.0300 0.5000
vt 0.0300 0.5000
vt 0.0300 0.5000
vt 0.0300 0.5000
vt 0.1053 0.5000
vt 0.0341 0.5000
vt 0.1355 0.5000
vt 0.3382 0.5000
vt 0.0300 0.5000
vt 0.0300 0.5000
vt 0.0300 0.5000
vt 0.0300 0.5000
vt 0.0300 0.5000
vt 0.0300 0.5000
vt 0.0300 0.5000
vt 0.0300 0.5000
vt 0.0300 0.5000
vt 0.0300 0.5000
vt 0.0300 0.5000
vt 0.0300 0.5000
vt 0.2065 0.5000
vt 0.1053 0.5000
vt 0.3382 0.5000
vt 0.5468 0.5000
vt 0.0300 0.5000
vt 0.0300 0.5000
vt 0.0300 0.5000
vt 0.0300 0.5000
vt 0.0300 0.5000
vt 0.0300 0.5000
vt 0.0300 0.5000
vt 0.0300 0.5000
vt 0.0300 0.5000
vt 0.9700 0.5000
vt 0.0300 0.5000
vt 0.2744 0.5000
vt 0.2065 0.5000
vt 0.5468 0.5000
vt 0.6791 0.5000
vt 0.0300 0.5000
vt 0.0300 0.5000
vt 0.0300 0.5000
vt 0.0300 0.5000
vt 0.0300 0.5000
vt 0.0300 0.5000
vt 0.0300 0.5000
vt 0.0300 0.5000
vt 0.0300 0.5000
vt 0.0300 0.5000
vt 0.0300 0.5000
vt 0.0300 0.5000
vt 0.2729 0.5000
vt 0.2744 0.5000
vt 0.6791 0.5000
vt 0.6822 0.5000
vt 0.0300 0.5000
vt 0.0300 0.5000
vt 0.0300 0.5000
vt 0.0300 0.5000
vt 0.0300 0.5000
vt 0.0300 0.5000
vt 0.0300 0.5000
vt 0.2028 0.5000
vt 0.2729 0.5000
vt 0.6822 0.5000
vt 0.5548 0.5000
vt 0.0300 0.5000
vt 0.0300 0.5000
vt 0.0300 0.5000
vt 0.0300 0.5000
vt 0.0300 0.5000
vt 0.0300 0.5000
vt 0.0300 0.5000
vt 0.0300 0.5000
vt 0.1015 0.5000
vt 0.2028 0.5000
vt 0.5548 0.5000
vt 0.3479 0.5000
vt 0.0300 0.5000
vt 0.0300 0.5000
vt 0.0300 0.5000
vt 0.0300 0.5000
vt 0.0300 0.5000
vt 0.0300 0.5000
vt 0.0300 0.5000
vt 0.0300 0.5000
vt 0.8344 0.5000
vt 0.1015 0.5000
vt 0.3479 0.5000
vt 0.1431 0.5000
vt 0.0300 0.5000
vt 0.0300 0.5000
vt 0.0300 0.5000
vt 0.0300 0.5000
vt 0.0300 0.5000
vt 0.0300 0.5000
vt 0.0300 0.5000
vt 0.0300 0.5000
vt 0.9700 0.5000
vt 0.8344 0.5000
vt 0.1431 0.5000
vt 0.6778 0.5000
vt 0.0300 0.5000
vt 0.0300 0.5000
vt 0.0300 0.5000
vt 0.0300 0.5000
vt 0.0300 0.5000
vt 0.0300 0.5000
vt 0.0300 0.5000
vt 0.0300 0.5000
vt 0.9700 0.5000
vt 0.9700 0.5000
vt 0.6778 0.5000
vt 0.9700 0.5000
vt 0.0300 0.5000
vt 0.0300 0.5000
vt 0.0300 0.5000
vt 0.0300 0.5000
vt 0.0300 0.5000
vt 0.0300 0.5000
vt 0.0300 0.5000
vt 0.0300 0.5000
vt 0.0300 0.5000
vt 0.0300 0.5000
vt 0.0300 0.5000
vt 0.9700 0.5000
vt 0.9700 0.5000
vt 0.9700 0.5000
vt 0.9700 0.5000
vt 0.0300 0.5000
vt 0.0300 0.5000
vt 0.0300 0.5000
vt 0.0300 0.5000
vt 0.0300 0.5000
vt 0.0300 0.5000
vt 0.0300 0.5000
vt 0.0300 0.5000
vt 0.0300 0.5000
vt 0.0300 0.5000
vt 0.0300 0.5000
vt 0.0300 0.5000
vt 0.9700 0.5000
vt 0.9700 0.5000
vt 0.9700 0.5000
vt 0.9700 0.5000
vt 0.0300 0.5000
vt 0.0300 0.5000
vt 0.0300 0.5000
vt 0.0300 0.5000
vt 0.0300 0.5000
vt 0.0300 0.5000
vt 0.0300 0.5000
vt 0.0300 0.5000
vt 0.0300 0.5000
vt 0.0300 0.5000
vt 0.0300 0.5000
vt 0.0300 0.5000
vt 0.9700 0.5000
vt 0.9700 0.5000
vt 0.9700 0.5000
vt 0.9700 0.5000
vt 0.9700 0.5000
vt 0.6778 0.5000
vt 0.0709 0.5000
vt 0.0300 0.5000
vt 0.0300 0.5000
vt 0.0300 0.5000
vt 0.0300 0.5000
vt 0.0300 0.5000
vt 0.0300 0.5000
vt 0.0300 0.5000
vt 0.0300 0.5000
vt 0.0300 0.5000
vt 0.0300 0.5000
vt 0.0300 0.5000
vt 0.0300 0.5000
vt 0.9700 0.5000
vt 0.9700 0.5000
vt 0.0300 0.5000
vt 0.5908 0.5000
vt 0.0300 0.5000
vt 0.0300 0.5000
vt 0.0300 0.5000
vt 0.0300 0.5000
vt 0.0300 0.5000
vt 0.0300 0.5000
vt 0.0300 0.5000
vt 0.0300 0.5000
vt 0.0300 0.5000
vt 0.0300 0.5000
vt 0.0300 0.5000
vt 0.0300 0.5000
vt 0.9700 0.5000
vt 0.9700 0.5000
vt 0.5908 0.5000
vt 0.8974 0.5000
vt 0.0300 0.5000
vt 0.0300 0.5000
vt 0.0300 0.5000
vt 0.0300 0.5000
vt 0.0300 0.5000
vt 0.0300 0.5000
vt 0.0300 0.5000
vt 0.0300 0.5000
vt 0.0300 0.5000
vt 0.0300 0.5000
vt 0.0300 0.5000
vt 0.0300 0.5000
vt 0.9700 0.5000
vt 0.9700 0.5000
vt 0.8974 0.5000
vt 0.9700 0.5000
vt 0.0314 0.5000
vt 0.0300 0.5000
vt 0.0300 0.5000
vt 0.0601 0.5000
vt 0.0300 0.5000
vt 0.0300 0.5000
vt 0.0300 0.5000
vt 0.0300 0.5000
vt 0.0300 0.5000
vt 0.0300 0.5000
vt 0.0300 0.5000
vt 0.0300 0.5000
vt 0.9700 0.5000
vt 0.9700 0.5000
vt 0.9700 0.5000
vt 0.9700 0.5000
vt 0.1355 0.5000
vt 0.0314 0.5000
vt 0.0601 0.5000
vt 0.2550 0.5000
vt 0.0300 0.5000
vt 0.0300 0.5000
vt 0.0300 0.5000
vt 0.0300 0.5000
vt 0.0300 0.5000
vt 0.0300 0.5000
vt 0.0300 0.5000
vt 0.0300 0.5000
vt 0.0300 0.5000
vt 0.0300 0.5000
vt 0.0300 0.5000
vt 0.3382 0.5000
vt 0.1355 0.5000
vt 0.2550 0.5000
vt 0.5472 0.5000
vt 0.0300 0.5000
vt 0.0300 0.5000
vt 0.0300 0.5000
vt 0.0300 0.5000
vt 0.0300 0.5000
vt 0.0300 0.5000
vt 0.0300 0.5000
vt 0.0300 0.5000
vt 0.0300 0.5000
vt 0.0300 0.5000
vt 0.0300 0.5000
vt 0.0300 0.5000
vt 0.5468 0.5000
vt 0.3382 0.5000
vt 0.5472 0.5000
vt 0.8358 0.5000
vt 0.0300 0.5000
vt 0.0300 0.5000
vt 0.0300 0.5000
vt 0.0300 0.5000
vt 0.0300 0.5000
vt 0.0300 0.5000
vt 0.0300 0.5000
vt 0.0300 0.5000
vt 0.0300 0.5000
vt 0.0300 0.5000
vt 0.0300 0.5000
vt 0.0300 0.5000
vt 0.6791 0.5000
vt 0.5468 0.5000
vt 0.8358 0.5000
vt 0.9700 0.5000
vt 0.0300 0.5000
vt 0.0300 0.5000
vt 0.0300 0.5000
vt 0.0300 0.5000
vt 0.0300 0.5000
vt 0.0300 0.5000
vt 0.0300 0.5000
vt 0.0300 0.5000
vt 0.0300 0.5000
vt 0.0300 0.5000
vt 0.0300 0.5000
vt 0.0300 0.5000
vt 0.6822 0.5000
vt 0.6791 0.5000
vt 0.9700 0.5000
vt 0.9700 0.5000
vt 0.0300 0.5000
vt 0.0300 0.5000
vt 0.0300 0.5000
vt 0.0300 0.5000
vt 0.0300 0.5000
vt 0.0300 0.5000
vt 0.0300 0.5000
vt 0.0300 0.5000
vt 0.5548 0.5000
vt 0.6822 0.5000
vt 0.9700 0.5000
vt 0.8579 0.5000
vt 0.0300 0.5000
vt 0.0300 0.5000
vt 0.0300 0.5000
vt 0.0300 0.5000
vt 0.0300 0.5000
vt 0.0300 0.5000
vt 0.0300 0.5000
vt 0.0300 0.5000
vt 0.3479 0.5000
vt 0.5548 0.5000
vt 0.8579 0.5000
vt 0.5745 0.5000
vt 0.0300 0.5000
vt 0.0300 0.5000
vt 0.0300 0.5000
vt 0.0300 0.5000
vt 0.0300 0.5000
vt 0.0300 0.5000
vt 0.0300 0.5000
vt 0.0300 0.5000
vt 0.1431 0.5000
vt 0.3479 0.5000
vt 0.5745 0.5000
vt 0.2786 0.5000
vt 0.0300 0.5000
vt 0.0300 0.5000
vt 0.0300 0.5000
vt 0.0300 0.5000
vt 0.0300 0.5000
vt 0.0300 0.5000
vt 0.0300 0.5000
vt 0.0300 0.5000
vt 0.6778 0.5000
vt 0.1431 0.5000
vt 0.2786 0.5000
vt 0.0709 0.5000
vt 0.0300 0.5000
vt 0.0300 0.5000
vt 0.0300 0.5000
vt 0.0300 0.5000
vt 0.0300 0.5000
vt 0.9700 0.5000
vt 0.0300 0.5000
vt 0.5745 0.5000
vt 0.8579 0.5000
vt 0.9199 0.5000
vt 0.6208 0.5000
vt 0.0300 0.5000
vt 0.0300 0.5000
vt 0.0300 0.5000
vt 0.0300 0.5000
vt 0.0300 0.5000
vt 0.0300 0.5000
vt 0.0300 0.5000
vt 0.0300 0.5000
vt 0.2786 0.5000
vt 0.5745 0.5000
vt 0.6208 0.5000
vt 0.3076 0.5000
vt 0.0300 0.5000
vt 0.0300 0.5000
vt 0.0300 0.5000
vt 0.0300 0.5000
vt 0.0300 0.5000
vt 0.0300 0.5000
vt 0.0300 0.5000
vt 0.0709 0.5000
vt 0.2786 0.5000
vt 0.3076 0.5000
vt 0.0822 0.5000
vt 0.0300 0.5000
vt 0.0300 0.5000
vt 0.0300 0.5000
vt 0.0300 0.5000
vt 0.0300 0.5000
vt 0.0300 0.5000
vt 0.0300 0.5000
vt 0.0300 0.5000
vt 0.0300 0.5000
vt 0.0709 0.5000
vt 0.0822 0.5000
vt 0.0300 0.5000
vt 0.0300 0.5000
vt 0.0300 0.5000
vt 0.0300 0.5000
vt 0.0300 0.5000
vt 0.0300 0.5000
vt 0.0300 0.5000
vt 0.0300 0.5000
vt 0.0300 0.5000
vt 0.0300 0.5000
vt 0.0300 0.5000
vt 0.0300 0.5000
vt 0.5908 0.5000
vt 0.0300 0.5000
vt 0.0300 0.5000
vt 0.0300 0.5000
vt 0.0300 0.5000
vt 0.0300 0.5000
vt 0.0300 0.5000
vt 0.0300 0.5000
vt 0.0300 0.5000
vt 0.0300 0.5000
vt 0.0300 0.5000
vt 0.0300 0.5000
vt 0.0300 0.5000
vt 0.0300 0.5000
vt 0.0300 0.5000
vt 0.0300 0.5000
vt 0.8974 0.5000
vt 0.5908 0.5000
vt 0.0300 0.5000
vt 0.0300 0.5000
vt 0.0300 0.5000
vt 0.0300 0.5000
vt 0.0300 0.5000
vt 0.0300 0.5000
vt 0.0300 0.5000
vt 0.0300 0.5000
vt 0.0300 0.5000
vt 0.0300 0.5000
vt 0.0300 0.5000
vt 0.0300 0.5000
vt 0.0300 0.5000
vt 0.0300 0.5000
vt 0.9700 0.5000
vt 0.8974 0.5000
vt 0.0300 0.5000
vt 0.0300 0.5000
vt 0.0601 0.5000
vt 0.0300 0.5000
vt 0.0300 0.5000
vt 0.0688 0.5000
vt 0.0300 0.5000
vt 0.0300 0.5000
vt 0.0300 0.5000
vt 0.0300 0.5000
vt 0.0300 0.5000
vt 0.0300 0.5000
vt 0.0300 0.5000
vt 0.0300 0.5000
vt 0.9700 0.5000
vt 0.9700 0.5000
vt 0.0300 0.5000
vt 0.1508 0.5000
vt 0.2550 0.5000
vt 0.0601 0.5000
vt 0.0688 0.5000
vt 0.2804 0.5000
vt 0.0300 0.5000
vt 0.0300 0.5000
vt 0.0300 0.5000
vt 0.0300 0.5000
vt 0.0300 0.5000
vt 0.0300 0.5000
vt 0.0300 0.5000
vt 0.0300 0.5000
vt 0.0300 0.5000
vt 0.0300 0.5000
vt 0.0300 0.5000
vt 0.0300 0.5000
vt 0.5472 0.5000
vt 0.2550 0.5000
vt 0.2804 0.5000
vt 0.5896 0.5000
vt 0.0300 0.5000
vt 0.0300 0.5000
vt 0.0300 0.5000
vt 0.0300 0.5000
vt 0.0300 0.5000
vt 0.0300 0.5000
vt 0.0300 0.5000
vt 0.0300 0.5000
vt 0.0300 0.5000
vt 0.0300 0.5000
vt 0.0300 0.5000
vt 0.0300 0.5000
vt 0.8358 0.5000
vt 0.5472 0.5000
vt 0.5896 0.5000
vt 0.8945 0.5000
vt 0.0300 0.5000
vt 0.0300 0.5000
vt 0.0300 0.5000
vt 0.0300 0.5000
vt 0.0300 0.5000
vt 0.0300 0.5000
vt 0.0300 0.5000
vt 0.0300 0.5000
vt 0.0300 0.5000
vt 0.9700 0.5000
vt 0.0300 0.5000
vt 0.9700 0.5000
vt 0.8358 0.5000
vt 0.8945 0.5000
vt 0.9700 0.5000
vt 0.0300 0.5000
vt 0.0300 0.5000
vt 0.0300 0.5000
vt 0.0300 0.5000
vt 0.0300 0.5000
vt 0.0300 0.5000
vt 0.0300 0.5000
vt 0.0300 0.5000
vt 0.0300 0.5000
vt 0.0300 0.5000
vt 0.0300 0.5000
vt 0.0300 0.5000
vt 0.9700 0.5000
vt 0.9700 0.5000
vt 0.9700 0.5000
vt 0.9700 0.5000
vt 0.0300 0.5000
vt 0.0300 0.5000
vt 0.0300 0.5000
vt 0.0300 0.5000
vt 0.0300 0.5000
vt 0.0300 0.5000
vt 0.0300 0.5000
vt 0.8579 0.5000
vt 0.9700 0.5000
vt 0.9700 0.5000
vt 0.9199 0.5000
vt 0.0300 0.5000
vt 0.0300 0.5000
vt 0.0300 0.5000
vt 0.0300 0.5000
vt 0.0300 0.5000
vt 0.0300 0.5000
vt 0.0300 0.5000
vt 0.0300 0.5000
vt 0.0300 0.5000
vt 0.0300 0.5000
vt 0.0300 0.5000
vt 0.0300 0.5000
vt 0.9700 0.5000
vt 0.8945 0.5000
vt 0.6830 0.5000
vt 0.8401 0.5000
vt 0.0300 0.5000
vt 0.0300 0.5000
vt 0.0300 0.5000
vt 0.0300 0.5000
vt 0.0300 0.5000
vt 0.0300 0.5000
vt 0.0300 0.5000
vt 0.0300 0.5000
vt 0.0300 0.5000
vt 0.0300 0.5000
vt 0.0300 0.5000
vt 0.0300 0.5000
vt 0.9700 0.5000
vt 0.9700 0.5000
vt 0.8401 0.5000
vt 0.8456 0.5000
vt 0.0300 0.5000
vt 0.0300 0.5000
vt 0.0300 0.5000
vt 0.0300 0.5000
vt 0.0300 0.5000
vt 0.0300 0.5000
vt 0.0300 0.5000
vt 0.0300 0.5000
vt 0.9199 0.5000
vt 0.9700 0.5000
vt 0.8456 0.5000
vt 0.6973 0.5000
vt 0.0300 0.5000
vt 0.0300 0.5000
vt 0.0300 0.5000
vt 0.0300 0.5000
vt 0.0300 0.5000
vt 0.0300 0.5000
vt 0.0300 0.5000
vt 0.0300 0.5000
vt 0.6208 0.5000
vt 0.9199 0.5000
vt 0.6973 0.5000
vt 0.4541 0.5000
vt 0.0300 0.5000
vt 0.0300 0.5000
vt 0.0300 0.5000
vt 0.0300 0.5000
vt 0.0300 0.5000
vt 0.0300 0.5000
vt 0.0300 0.5000
vt 0.0300 0.5000
vt 0.3076 0.5000
vt 0.6208 0.5000
vt 0.4541 0.5000
vt 0.2048 0.5000
vt 0.0300 0.5000
vt 0.0300 0.5000
vt 0.0300 0.5000
vt 0.0300 0.5000
vt 0.0300 0.5000
vt 0.0300 0.5000
vt 0.0300 0.5000
vt 0.0300 0.5000
vt 0.0822 0.5000
vt 0.3076 0.5000
vt 0.2048 0.5000
vt 0.0462 0.5000
vt 0.0300 0.5000
vt 0.0300 0.5000
vt 0.0300 0.5000
vt 0.0300 0.5000
vt 0.0300 0.5000
vt 0.0300 0.5000
vt 0.0300 0.5000
vt 0.0300 0.5000
vt 0.0300 0.5000
vt 0.0822 0.5000
vt 0.0462 0.5000
vt 0.0300 0.5000
vt 0.0300 0.5000
vt 0.0300 0.5000
vt 0.0300 0.5000
vt 0.0300 0.5000
vt 0.0300 0.5000
vt 0.0300 0.5000
vt 0.0300 0.5000
vt 0.0300 0.5000
vt 0.0300 0.5000
vt 0.0300 0.5000
vt 0.0300 0.5000
vt 0.0300 0.5000
vt 0.0300 0.5000
vt 0.0300 0.5000
vt 0.0300 0.5000
vt 0.0300 0.5000
vt 0.0300 0.5000
vt 0.0300 0.5000
vt 0.0300 0.5000
vt 0.0300 0.5000
vt 0.9700 0.5000
vt 0.0300 0.5000
vt 0.0300 0.5000
vt 0.0300 0.5000
vt 0.0300 0.5000
vt 0.0300 0.5000
vt 0.0300 0.5000
vt 0.0300 0.5000
vt 0.0300 0.5000
vt 0.0300 0.5000
vt 0.0300 0.5000
vt 0.0300 0.5000
vt 0.0300 0.5000
vt 0.0300 0.5000
vt 0.0300 0.5000
vt 0.0300 0.5000
vt 0.0300 0.5000
vt 0.0300 0.5000
vt 0.0300 0.5000
vt 0.0300 0.5000
vt 0.0300 0.5000
vt 0.0300 0.5000
vt 0.0300 0.5000
vt 0.0300 0.5000
vt 0.0300 0.5000
vt 0.0300 0.5000
vt 0.0688 0.5000
vt 0.0300 0.5000
vt 0.0300 0.5000
vt 0.0412 0.5000
vt 0.0300 0.5000
vt 0.0300 0.5000
vt 0.0300 0.5000
vt 0.0300 0.5000
vt 0.0300 0.5000
vt 0.0300 0.5000
vt 0.0300 0.5000
vt 0.0300 0.5000
vt 0.1508 0.5000
vt 0.0300 0.5000
vt 0.0300 0.5000
vt 0.0300 0.5000
vt 0.2804 0.5000
vt 0.0688 0.5000
vt 0.0412 0.5000
vt 0.1902 0.5000
vt 0.0300 0.5000
vt 0.0300 0.5000
vt 0.0300 0.5000
vt 0.0300 0.5000
vt 0.0300 0.5000
vt 0.0300 0.5000
vt 0.0300 0.5000
vt 0.0300 0.5000
vt 0.0300 0.5000
vt 0.0300 0.5000
vt 0.0300 0.5000
vt 0.0300 0.5000
vt 0.5896 0.5000
vt 0.2804 0.5000
vt 0.1902 0.5000
vt 0.4365 0.5000
vt 0.0300 0.5000
vt 0.0300 0.5000
vt 0.0300 0.5000
vt 0.0300 0.5000
vt 0.0300 0.5000
vt 0.0300 0.5000
vt 0.0300 0.5000
vt 0.0300 0.5000
vt 0.0300 0.5000
vt 0.0300 0.5000
vt 0.0300 0.5000
vt 0.0300 0.5000
vt 0.8945 0.5000
vt 0.5896 0.5000
vt 0.4365 0.5000
vt 0.6830 0.5000
vt 0.0300 0.5000
vt 0.0300 0.5000
vt 0.0300 0.5000
vt 0.0300 0.5000
vt 0.0300 0.5000
vt 0.0300 0.5000
vt 0.0300 0.5000
vt 0.0300 0.5000
vt 0.0300 0.5000
vt 0.0300 0.5000
vt 0.0300 0.5000
vt 0.0300 0.5000
vt 0.0300 0.5000
vt 0.0300 0.5000
vt 0.0300 0.5000
vt 0.0300 0.5000
vt 0.1902 0.5000
vt 0.0412 0.5000
vt 0.0300 0.5000
vt 0.0636 0.5000
vt 0.0300 0.5000
vt 0.0300 0.5000
vt 0.0300 0.5000
vt 0.0300 0.5000
vt 0.0300 0.5000
vt 0.0300 0.5000
vt 0.0300 0.5000
vt 0.0300 0.5000
vt 0.0300 0.5000
vt 0.0300 0.5000
vt 0.0300 0.5000
vt 0.0300 0.5000
vt 0.4365 0.5000
vt 0.1902 0.5000
vt 0.0636 0.5000
vt 0.1917 0.5000
vt 0.0300 0.5000
vt 0.0300 0.5000
vt 0.0300 0.5000
vt 0.0300 0.5000
vt 0.0300 0.5000
vt 0.0300 0.5000
vt 0.0300 0.5000
vt 0.0300 0.5000
vt 0.0300 0.5000
vt 0.0300 0.5000
vt 0.0300 0.5000
vt 0.0300 0.5000
vt 0.6830 0.5000
vt 0.4365 0.5000
vt 0.1917 0.5000
vt 0.3383 0.5000
vt 0.0300 0.5000
vt 0.9700 0.5000
vt 0.0300 0.5000
vt 0.0300 0.5000
vt 0.0300 0.5000
vt 0.0300 0.5000
vt 0.0300 0.5000
vt 0.0300 0.5000
vt 0.0300 0.5000
vt 0.0300 0.5000
vt 0.0300 0.5000
vt 0.8401 0.5000
vt 0.6830 0.5000
vt 0.3383 0.5000
vt 0.4327 0.5000
vt 0.0300 0.5000
vt 0.0300 0.5000
vt 0.0300 0.5000
vt 0.0300 0.5000
vt 0.0300 0.5000
vt 0.0300 0.5000
vt 0.0300 0.5000
vt 0.0300 0.5000
vt 0.0300 0.5000
vt 0.0300 0.5000
vt 0.0300 0.5000
vt 0.8456 0.5000
vt 0.8401 0.5000
vt 0.4327 0.5000
vt 0.4327 0.5000
vt 0.0300 0.5000
vt 0.0300 0.5000
vt 0.0300 0.5000
vt 0.0300 0.5000
vt 0.0300 0.5000
vt 0.0300 0.5000
vt 0.0300 0.5000
vt 0.0300 0.5000
vt 0.6973 0.5000
vt 0.8456 0.5000
vt 0.4327 0.5000
vt 0.3383 0.5000
vt 0.0300 0.5000
vt 0.0300 0.5000
vt 0.0300 0.5000
vt 0.0300 0.5000
vt 0.0300 0.5000
vt 0.0300 0.5000
vt 0.0300 0.5000
vt 0.0300 0.5000
vt 0.4541 0.5000
vt 0.6973 0.5000
vt 0.3383 0.5000
vt 0.1917 0.5000
vt 0.0300 0.5000
vt 0.0300 0.5000
vt 0.0300 0.5000
vt 0.0300 0.5000
vt 0.0300 0.5000
vt 0.0300 0.5000
vt 0.0300 0.5000
vt 0.0300 0.5000
vt 0.2048 0.5000
vt 0.4541 0.5000
vt 0.1917 0.5000
vt 0.0636 0.5000
vt 0.0300 0.5000
vt 0.0300 0.5000
vt 0.0300 0.5000
vt 0.0300 0.5000
vt 0.0300 0.5000
vt 0.0300 0.5000
vt 0.0300 0.5000
vt 0.0300 0.5000
vt 0.0462 0.5000
vt 0.2048 0.5000
vt 0.0636 0.5000
vt 0.0300 0.5000
vt 0.0300 0.5000
vt 0.0300 0.5000
vt 0.0300 0.5000
vt 0.0300 0.5000
vt 0.0300 0.5000
vt 0.0300 0.5000
vt 0.0300 0.5000
vt 0.0300 0.5000
vt 0.0300 0.5000
vt 0.0462 0.5000
vt 0.0300 0.5000
vt 0.0300 0.5000
vt 0.0300 0.5000
vt 0.0300 0.5000
vt 0.0300 0.5000
vt 0.0300 0.5000
vt 0.0300 0.5000
vt 0.0300 0.5000
vt 0.0300 0.5000
vt 0.0300 0.5000
vt 0.0300 0.5000
vt 0.0300 0.5000
vt 0.0300 0.5000
vt 0.0300 0.5000
vt 0.0300 0.5000
vt 0.0300 0.5000
vt 0.0300 0.5000
vt 0.0300 0.5000
vt 0.0300 0.5000
vt 0.0300 0.5000
vt 0.0300 0.5000
vt 0.0300 0.5000
vt 0.0300 0.5000
vt 0.0300 0.5000
vt 0.0300 0.5000
vt 0.0300 0.5000
vt 0.0300 0.5000
vt 0.0300 0.5000
vt 0.0300 0.5000
vt 0.0300 0.5000
vt 0.0300 0.5000
vt 0.0300 0.5000
vt 0.0300 0.5000
vt 0.0300 0.5000
vt 0.0300 0.5000
vt 0.0300 0.5000
vt 0.0300 0.5000
vt 0.0300 0.5000
vt 0.0300 0.5000
vt 0.0300 0.5000
vt 0.0300 0.5000
vt 0.0300 0.5000
vt 0.0300 0.5000
vt 0.0300 0.5000
vt 0.0300 0.5000
vt 0.0300 0.5000
vt 0.0300 0.5000
vt 0.0300 0.5000
vt 0.0300 0.5000
vt 0.0412 0.5000
vt 0.0300 0.5000
vt 0.0300 0.5000
vt 0.0300 0.5000
vt 0.0300 0.5000
vt 0.0300 0.5000
vt 0.0300 0.5000
vt 0.0300 0.5000
vt 0.0300 0.5000
vt 0.9700 0.5000
vt 0.0300 0.5000
vt 0.0300 0.5000
vt 0.0300 0.5000
vt 0.0300 0.5000
vt 0.0300 0.5000
vt 0.0300 0.5000
vt 0.0300 0.5000
vt 0.0300 0.5000
vt 0.0300 0.5000
vt 0.0300 0.5000
vt 0.0300 0.5000
vt 0.0300 0.5000
vt 0.0300 0.5000
vt 0.0300 0.5000
vt 0.0300 0.5000
vt 0.0300 0.5000
vt 0.0300 0.5000
vt 0.0300 0.5000
vt 0.0300 0.5000
vt 0.0300 0.5000
vt 0.0300 0.5000
vt 0.0300 0.5000
vt 0.0300 0.5000
vt 0.0300 0.5000
vt 0.0300 0.5000
vt 0.0300 0.5000
vt 0.0300 0.5000
vt 0.0300 0.5000
vt 0.0300 0.5000
vt 0.0300 0.5000
vt 0.0300 0.5000
vt 0.0300 0.5000
vt 0.0300 0.5000
vt 0.0300 0.5000
vt 0.0300 0.5000
vt 0.0300 0.5000
vt 0.0300 0.5000
vt 0.0300 0.5000
vt 0.0300 0.5000
vt 0.0300 0.5000
vt 0.0300 0.5000
vt 0.0300 0.5000
vt 0.0300 0.5000
vt 0.0300 0.5000
vt 0.0300 0.5000
vt 0.0300 0.5000
vt 0.0300 0.5000
vt 0.0300 0.5000
vt 0.0300 0.5000
vt 0.0300 0.5000
vt 0.0300 0.5000
vt 0.0300 0.5000
vt 0.0300 0.5000
vt 0.0300 0.5000
vt 0.0300 0.5000
vt 0.0636 0.5000
vt 0.0300 0.5000
vt 0.0300 0.5000
vt 0.0300 0.5000
vt 0.0300 0.5000
vt 0.0300 0.5000
vt 0.0300 0.5000
vt 0.0300 0.5000
vt 0.0300 0.5000
vt 0.0300 0.5000
vt 0.0300 0.5000
vt 0.0300 0.5000
vt 0.0300 0.5000
vt 0.0300 0.5000
vt 0.0300 0.5000
vt 0.0300 0.5000
vt 0.1917 0.5000
vt 0.0636 0.5000
vt 0.0300 0.5000
vt 0.0338 0.5000
vt 0.0300 0.5000
vt 0.0300 0.5000
vt 0.0300 0.5000
vt 0.0300 0.5000
vt 0.0300 0.5000
vt 0.0300 0.5000
vt 0.0300 0.5000
vt 0.0300 0.5000
vt 0.0300 0.5000
vt 0.0300 0.5000
vt 0.0300 0.5000
vt 0.0300 0.5000
vt 0.3383 0.5000
vt 0.1917 0.5000
vt 0.0338 0.5000
vt 0.0688 0.5000
vt 0.0300 0.5000
vt 0.0300 0.5000
vt 0.0300 0.5000
vt 0.0300 0.5000
vt 0.0300 0.5000
vt 0.0300 0.5000
vt 0.0300 0.5000
vt 0.0300 0.5000
vt 0.0300 0.5000
vt 0.0300 0.5000
vt 0.0300 0.5000
vt 0.0300 0.5000
vt 0.4327 0.5000
vt 0.3383 0.5000
vt 0.0688 0.5000
vt 0.0997 0.5000
vt 0.0300 0.5000
vt 0.0300 0.5000
vt 0.0300 0.5000
vt 0.0300 0.5000
vt 0.0300 0.5000
vt 0.0300 0.5000
vt 0.0300 0.5000
vt 0.0300 0.5000
vt 0.0300 0.5000
vt 0.0300 0.5000
vt 0.0300 0.5000
vt 0.0300 0.5000
vt 0.4327 0.5000
vt 0.4327 0.5000
vt 0.0997 0.5000
vt 0.0977 0.5000
vt 0.0300 0.5000
vt 0.0300 0.5000
vt 0.0300 0.5000
vt 0.0300 0.5000
vt 0.0300 0.5000
vt 0.0300 0.5000
vt 0.0300 0.5000
vt 0.0300 0.5000
vt 0.3383 0.5000
vt 0.4327 0.5000
vt 0.0977 0.5000
vt 0.0644 0.5000
vt 0.0300 0.5000
vt 0.0300 0.5000
vt 0.0300 0.5000
vt 0.0300 0.5000
vt 0.0300 0.5000
vt 0.9700 0.5000
vt 0.0300 0.5000
vt 0.1917 0.5000
vt 0.3383 0.5000
vt 0.0644 0.5000
vt 0.0319 0.5000
vt 0.0300 0.5000
vt 0.0300 0.5000
vt 0.0300 0.5000
vt 0.0300 0.5000
vt 0.0300 0.5000
vt 0.0300 0.5000
vt 0.0300 0.5000
vt 0.0300 0.5000
vt 0.0636 0.5000
vt 0.1917 0.5000
vt 0.0319 0.5000
vt 0.0300 0.5000
vt 0.0300 0.5000
vt 0.0300 0.5000
vt 0.0300 0.5000
vt 0.0300 0.5000
vt 0.0300 0.5000
vt 0.0300 0.5000
vt 0.0300 0.5000
vt 0.0300 0.5000
vt 0.0300 0.5000
vt 0.0636 0.5000
vt 0.0300 0.5000
vt 0.0300 0.5000
vt 0.0300 0.5000
vt 0.0300 0.5000
vt 0.0300 0.5000
vt 0.0300 0.5000
vt 0.0300 0.5000
vt 0.0300 0.5000
vt 0.0300 0.5000
vt 0.0300 0.5000
vt 0.0300 0.5000
vt 0.0300 0.5000
vt 0.0300 0.5000
vt 0.0300 0.5000
vt 0.0300 0.5000
vt 0.0300 0.5000
vt 0.0300 0.5000
vt 0.0300 0.5000
vt 0.0300 0.5000
vt 0.0300 0.5000
vt 0.0300 0.5000
vt 0.0300 0.5000
vt 0.0300 0.5000
vt 0.0300 0.5000
vt 0.0300 0.5000
vt 0.0300 0.5000
vt 0.0319 0.5000
vt 0.0300 0.5000
vt 0.0300 0.5000
vt 0.0300 0.5000
vt 0.0300 0.5000
vt 0.0300 0.5000
vt 0.0300 0.5000
vt 0.0300 0.5000
vt 0.0300 0.5000
vt 0.0300 0.5000
vt 0.0300 0.5000
vt 0.0300 0.5000
vt 0.0300 0.5000
vt 0.0300 0.5000
vt 0.0300 0.5000
vt 0.0300 0.5000
vt 0.0300 0.5000
vt 0.0300 0.5000
vt 0.0300 0.5000
vt 0.0300 0.5000
vt 0.0300 0.5000
vt 0.0300 0.5000
vt 0.0300 0.5000
vt 0.0300 0.5000
vt 0.0300 0.5000
vt 0.0300 0.5000
vt 0.0300 0.5000
vt 0.0300 0.5000
vt 0.0300 0.5000
vt 0.0300 0.5000
vt 0.0300 0.5000
vt 0.0300 0.5000
vt 0.0300 0.5000
vt 0.0300 0.5000
vt 0.0300 0.5000
vt 0.0300 0.5000
vt 0.0300 0.5000
vt 0.0300 0.5000
vt 0.0300 0.5000
vt 0.0300 0.5000
vt 0.0300 0.5000
vt 0.0300 0.5000
vt 0.0300 0.5000
vt 0.0300 0.5000
vt 0.0300 0.5000
vt 0.0300 0.5000
vt 0.0300 0.5000
vt 0.0300 0.5000
vt 0.0300 0.5000
vt 0.0300 0.5000
vt 0.0300 0.5000
vt 0.0300 0.5000
vt 0.0300 0.5000
vt 0.0300 0.5000
vt 0.0300 0.5000
vt 0.0300 0.5000
vt 0.0300 0.5000
vt 0.0300 0.5000
vt 0.0300 0.5000
vt 0.0300 0.5000
vt 0.0300 0.5000
vt 0.0300 0.5000
vt 0.0300 0.5000
vt 0.0300 0.5000
vt 0.0300 0.5000
vt 0.0300 0.5000
vt 0.0300 0.5000
vt 0.0300 0.5000
vt 0.0300 0.5000
vt 0.0300 0.5000
vt 0.0300 0.5000
vt 0.0300 0.5000
vt 0.0300 0.5000
vt 0.0300 0.5000
vt 0.0300 0.5000
vt 0.0300 0.5000
vt 0.0300 0.5000
vt 0.0300 0.5000
vt 0.0300 0.5000
vt 0.0300 0.5000
vt 0.0300 0.5000
vt 0.0300 0.5000
vt 0.0300 0.5000
vt 0.0300 0.5000
vt 0.0300 0.5000
vt 0.0300 0.5000
vt 0.0300 0.5000
vt 0.0300 0.5000
vt 0.0300 0.5000
vt 0.0300 0.5000
vt 0.0300 0.5000
vt 0.0300 0.5000
vt 0.0300 0.5000
vt 0.0300 0.5000
vt 0.0300 0.5000
vt 0.0300 0.5000
vt 0.0300 0.5000
vt 0.0300 0.5000
vt 0.0300 0.5000
vt 0.0300 0.5000
vt 0.0300 0.5000
vt 0.0300 0.5000
vt 0.0300 0.5000
vt 0.0300 0.5000
vt 0.0300 0.5000
vt 0.0300 0.5000
vt 0.0338 0.5000
vt 0.0300 0.5000
vt 0.0300 0.5000
vt 0.0300 0.5000
vt 0.0300 0.5000
vt 0.0300 0.5000
vt 0.0300 0.5000
vt 0.0300 0.5000
vt 0.0300 0.5000
vt 0.0300 0.5000
vt 0.0300 0.5000
vt 0.0300 0.5000
vt 0.0300 0.5000
vt 0.0300 0.5000
vt 0.0300 0.5000
vt 0.0300 0.5000
vt 0.0688 0.5000
vt 0.0338 0.5000
vt 0.0300 0.5000
vt 0.0300 0.5000
vt 0.0300 0.5000
vt 0.9700 0.5000
vt 0.0300 0.5000
vt 0.0300 0.5000
vt 0.0300 0.5000
vt 0.0300 0.5000
vt 0.0300 0.5000
vt 0.0300 0.5000
vt 0.0300 0.5000
vt 0.0300 0.5000
vt 0.0300 0.5000
vt 0.0997 0.5000
vt 0.0688 0.5000
vt 0.0300 0.5000
vt 0.0300 0.5000
vt 0.0300 0.5000
vt 0.0300 0.5000
vt 0.0300 0.5000
vt 0.0300 0.5000
vt 0.0300 0.5000
vt 0.0300 0.5000
vt 0.0300 0.5000
vt 0.0300 0.5000
vt 0.0300 0.5000
vt 0.0300 0.5000
vt 0.0300 0.5000
vt 0.0977 0.5000
vt 0.0997 0.5000
vt 0.0300 0.5000
vt 0.0300 0.5000
vt 0.0300 0.5000
vt 0.0300 0.5000
vt 0.0300 0.5000
vt 0.0300 0.5000
vt 0.0300 0.5000
vt 0.0300 0.5000
vt 0.0300 0.5000
vt 0.0300 0.5000
vt 0.0644 0.5000
vt 0.0977 0.5000
vt 0.0300 0.5000
vt 0.0300 0.5000
vt 0.0300 0.5000
vt 0.0300 0.5000
vt 0.0300 0.5000
vt 0.0300 0.5000
vt 0.0300 0.5000
vt 0.0300 0.5000
vt 0.0300 0.5000
vt 0.0300 0.5000
vt 0.0319 0.5000
vt 0.0644 0.5000
vt 0.0300 0.5000
vt 0.0300 0.5000
vt 0.0300 0.5000
vt 0.0300 0.5000
vt 0.0300 0.5000
vt 0.0300 0.5000
vt 0.0300 0.5000
vt 0.0300 0.5000
vt 0.0300 0.5000
vt 0.0300 0.5000
vt 0.0300 0.5000
vt 0.0300 0.5000
vt 0.0300 0.5000
vt 0.0300 0.5000
vt 0.0300 0.5000
vt 0.0300 0.5000
vt 0.0300 0.5000
vt 0.0300 0.5000
vt 0.0300 0.5000
vt 0.0300 0.5000
vt 0.0300 0.5000
vt 0.0300 0.5000
vt 0.0300 0.5000
vt 0.0300 0.5000
vt 0.0300 0.5000
vt 0.0300 0.5000
vt 0.0300 0.5000
vt 0.0300 0.5000
vt 0.0300 0.5000
vt 0.0300 0.5000
vt 0.0300 0.5000
vt 0.0300 0.5000
vt 0.0300 0.5000
vt 0.0300 0.5000
vt 0.0300 0.5000
vt 0.0300 0.5000
vt 0.0300 0.5000
vt 0.0300 0.5000
vt 0.0300 0.5000
vt 0.0300 0.5000
vt 0.0300 0.5000
vt 0.0300 0.5000
vt 0.0300 0.5000
vt 0.0300 0.5000
vt 0.0300 0.5000
vt 0.0300 0.5000
vt 0.0300 0.5000
vt 0.0300 0.5000
vt 0.0300 0.5000
vt 0.0300 0.5000
vt 0.0300 0.5000
vt 0.0300 0.5000
vt 0.0300 0.5000
vt 0.0300 0.5000
vt 0.0300 0.5000
vt 0.0300 0.5000
vt 0.0300 0.5000
vt 0.0300 0.5000
vt 0.0300 0.5000
vt 0.0300 0.5000
vt 0.0300 0.5000
vt 0.0300 0.5000
vt 0.0300 0.5000
vt 0.0300 0.5000
vt 0.0300 0.5000
vt 0.0300 0.5000
vt 0.0300 0.5000
vt 0.0300 0.5000
vt 0.0300 0.5000
vt 0.0300 0.5000
vt 0.0300 0.5000
vt 0.0300 0.5000
vt 0.0300 0.5000
vt 0.0300 0.5000
vt 0.0300 0.5000
vt 0.0300 0.5000
vt 0.0300 0.5000
vt 0.0300 0.5000
vt 0.0300 0.5000
vt 0.0300 0.5000
vt 0.0300 0.5000
vt 0.0300 0.5000
vt 0.0300 0.5000
vt 0.0300 0.5000
vt 0.0300 0.5000
vt 0.0300 0.5000
vt 0.0300 0.5000
vt 0.0300 0.5000
vt 0.0300 0.5000
vt 0.0300 0.5000
vt 0.0300 0.5000
vt 0.0300 0.5000
vt 0.0300 0.5000
vt 0.0300 0.5000
vt 0.0300 0.5000
vt 0.0300 0.5000
vt 0.0300 0.5000
vt 0.0300 0.5000
vt 0.9700 0.5000
vt 0.0300 0.5000
vt 0.0300 0.5000
vt 0.0300 0.5000
vt 0.0300 0.5000
vt 0.0300 0.5000
vt 0.0300 0.5000
vt 0.0300 0.5000
vt 0.0300 0.5000
vt 0.0300 0.5000
vt 0.0300 0.5000
vt 0.0300 0.5000
vt 0.0300 0.5000
vt 0.0300 0.5000
vt 0.0300 0.5000
vt 0.0300 0.5000
vt 0.0300 0.5000
vt 0.0300 0.5000
vt 0.0300 0.5000
vt 0.0300 0.5000
vt 0.0300 0.5000
vt 0.0300 0.5000
vt 0.0300 0.5000
vt 0.0300 0.5000
vt 0.0300 0.5000
vt 0.0300 0.5000
vt 0.0300 0.5000
vt 0.0300 0.5000
vt 0.0300 0.5000
vt 0.0300 0.5000
vt 0.0300 0.5000
vt 0.0300 0.5000
vt 0.0300 0.5000
vt 0.0300 0.5000
vt 0.0300 0.5000
vt 0.0300 0.5000
vt 0.0300 0.5000
vt 0.0300 0.5000
vt 0.0300 0.5000
vt 0.0300 0.5000
vt 0.0300 0.5000
vt 0.0300 0.5000
vt 0.0300 0.5000
vt 0.0300 0.5000
vt 0.0300 0.5000
vt 0.0300 0.5000
vt 0.0300 0.5000
vt 0.0300 0.5000
vt 0.0300 0.5000
vt 0.0300 0.5000
vt 0.0300 0.5000
vt 0.0300 0.5000
vt 0.0300 0.5000
vt 0.0300 0.5000
vt 0.0300 0.5000
vt 0.0300 0.5000
vt 0.0300 0.5000
vt 0.0300 0.5000
vt 0.0300 0.5000
vt 0.0300 0.5000
vt 0.0300 0.5000
vt 0.0300 0.5000
vt 0.0300 0.5000
vt 0.0300 0.5000
vt 0.0300 0.5000
vt 0.0300 0.5000
vt 0.0300 0.5000
vt 0.0300 0.5000
vt 0.0300 0.5000
vt 0.0300 0.5000
vt 0.0300 0.5000
vt 0.0300 0.5000
vt 0.0300 0.5000
vt 0.0300 0.5000
vt 0.0300 0.5000
vt 0.0300 0.5000
vt 0.0300 0.5000
vt 0.0300 0.5000
vt 0.0300 0.5000
vt 0.0300 0.5000
vt 0.0300 0.5000
vt 0.0300 0.5000
vt 0.0300 0.5000
vt 0.0300 0.5000
vt 0.0300 0.5000
vt 0.0300 0.5000
vt 0.0300 0.5000
vt 0.0300 0.5000
vt 0.0300 0.5000
vt 0.0300 0.5000
vt 0.0300 0.5000
vt 0.0300 0.5000
vt 0.0300 0.5000
vt 0.0300 0.5000
vt 0.0300 0.5000
vt 0.0300 0.5000
vt 0.0300 0.5000
vt 0.0300 0.5000
vt 0.0300 0.5000
vt 0.0300 0.5000
vt 0.0300 0.5000
vt 0.0300 0.5000
vt 0.0300 0.5000
vt 0.0300 0.5000
vt 0.0300 0.5000
vt 0.0300 0.5000
vt 0.0300 0.5000
vt 0.0300 0.5000
vt 0.0300 0.5000
vt 0.0300 0.5000
vt 0.0300 0.5000
vt 0.0300 0.5000
vt 0.0300 0.5000
vt 0.0300 0.5000
vt 0.0300 0.5000
vt 0.0300 0.5000
vt 0.0300 0.5000
vt 0.0300 0.5000
vt 0.0300 0.5000
vt 0.0300 0.5000
vt 0.0300 0.5000
vt 0.0300 0.5000
vt 0.0300 0.5000
vt 0.0300 0.5000
vt 0.0300 0.5000
vt 0.0300 0.5000
vt 0.0300 0.5000
vt 0.0300 0.5000
vt 0.0300 0.5000
vt 0.0300 0.5000
vt 0.0300 0.5000
vt 0.0300 0.5000
vt 0.0300 0.5000
vt 0.0300 0.5000
vt 0.0300 0.5000
vt 0.0300 0.5000
vt 0.0300 0.5000
vt 0.0300 0.5000
vt 0.0300 0.5000
vt 0.0300 0.5000
vt 0.0300 0.5000
vt 0.0300 0.5000
vt 0.0300 0.5000
vt 0.0300 0.5000
vt 0.0300 0.5000
vt 0.0300 0.5000
vt 0.0300 0.5000
vt 0.0300 0.5000
vt 0.0300 0.5000
vt 0.0300 0.5000
vt 0.0300 0.5000
vt 0.0300 0.5000
vt 0.0300 0.5000
vt 0.0300 0.5000
vt 0.0300 0.5000
vt 0.0300 0.5000
vt 0.0300 0.5000
vt 0.0300 0.5000
vt 0.0300 0.5000
vt 0.0300 0.5000
vt 0.0300 0.5000
vt 0.0300 0.5000
vt 0.0300 0.5000
vt 0.0300 0.5000
vt 0.0300 0.5000
vt 0.0300 0.5000
vt 0.0300 0.5000
vt 0.0300 0.5000
vt 0.0300 0.5000
vt 0.0300 0.5000
vt 0.0300 0.5000
vt 0.0300 0.5000
vt 0.0300 0.5000
vt 0.0300 0.5000
vt 0.0300 0.5000
vt 0.0300 0.5000
vt 0.0300 0.5000
vt 0.0300 0.5000
vt 0.0300 0.5000
vt 0.0300 0.5000
vt 0.0300 0.5000
vt 0.0300 0.5000
vt 0.0300 0.5000
vt 0.0300 0.5000
vt 0.0300 0.5000
vt 0.0300 0.5000
vt 0.0300 0.5000
vt 0.0300 0.5000
vt 0.0300 0.5000
vt 0.0300 0.5000
vt 0.0300 0.5000
vt 0.0300 0.5000
vt 0.0300 0.5000
vt 0.0300 0.5000
vt 0.0300 0.5000
vt 0.0300 0.5000
vt 0.0300 0.5000
vt 0.0300 0.5000
vt 0.0300 0.5000
vt 0.0300 0.5000
vt 0.0300 0.5000
vt 0.0300 0.5000
vt 0.9700 0.5000
vt 0.0300 0.5000
vt 0.0300 0.5000
vt 0.0300 0.5000
vt 0.0300 0.5000
vt 0.0300 0.5000
vt 0.0300 0.5000
vt 0.0300 0.5000
vt 0.0300 0.5000
vt 0.0300 0.5000
vt 0.0300 0.5000
vt 0.0300 0.5000
vt 0.0300 0.5000
vt 0.0300 0.5000
vt 0.0300 0.5000
vt 0.0300 0.5000
vt 0.0300 0.5000
vt 0.0300 0.5000
vt 0.0300 0.5000
vt 0.0300 0.5000
vt 0.0300 0.5000
vt 0.0300 0.5000
vt 0.0300 0.5000
vt 0.0300 0.5000
vt 0.0300 0.5000
vt 0.0300 0.5000
vt 0.0300 0.5000
vt 0.0300 0.5000
vt 0.0300 0.5000
vt 0.0300 0.5000
vt 0.0300 0.5000
vt 0.0300 0.5000
vt 0.0300 0.5000
vt 0.0300 0.5000
vt 0.0300 0.5000
vt 0.0300 0.5000
vt 0.0300 0.5000
vt 0.0300 0.5000
vt 0.0300 0.5000
vt 0.0300 0.5000
vt 0.0300 0.5000
vt 0.0300 0.5000
vt 0.0300 0.5000
vt 0.0300 0.5000
vt 0.0300 0.5000
vt 0.0300 0.5000
vt 0.0300 0.5000
vt 0.0300 0.5000
vt 0.0300 0.5000
vt 0.0300 0.5000
vt 0.0300 0.5000
vt 0.0300 0.5000
vt 0.0300 0.5000
vt 0.0300 0.5000
vt 0.0300 0.5000
vt 0.0300 0.5000
vt 0.0300 0.5000
vt 0.0300 0.5000
vt 0.0300 0.5000
vt 0.0300 0.5000
vt 0.0300 0.5000
vt 0.0300 0.5000
vt 0.0300 0.5000
vt 0.0300 0.5000
vt 0.0300 0.5000
vt 0.0300 0.5000
vt 0.0300 0.5000
vt 0.0300 0.5000
vt 0.0300 0.5000
vt 0.0300 0.5000
vt 0.0300 0.5000
vt 0.0300 0.5000
vt 0.0300 0.5000
vt 0.0300 0.5000
vt 0.0300 0.5000
vt 0.0300 0.5000
vt 0.0300 0.5000
vt 0.0300 0.5000
vt 0.0300 0.5000
vt 0.0300 0.5000
vt 0.0300 0.5000
vt 0.0300 0.5000
vt 0.0300 0.5000
vt 0.0300 0.5000
vt 0.0300 0.5000
vt 0.0300 0.5000
vt 0.0300 0.5000
vt 0.0300 0.5000
vt 0.0300 0.5000
vt 0.0300 0.5000
vt 0.0300 0.5000
vt 0.0300 0.5000
vt 0.0300 0.5000
vt 0.0300 0.5000
vt 0.0300 0.5000
vt 0.0300 0.5000
vt 0.0300 0.5000
vt 0.0300 0.5000
vt 0.0300 0.5000
vt 0.0300 0.5000
vt 0.0300 0.5000
vt 0.0300 0.5000
vt 0.0300 0.5000
vt 0.0300 0.5000
vt 0.0300 0.5000
vt 0.0300 0.5000
vt 0.0300 0.5000
vt 0.0300 0.5000
vt 0.0300 0.5000
vt 0.0300 0.5000
vt 0.0300 0.5000
vt 0.0300 0.5000
vt 0.0300 0.5000
vt 0.0300 0.5000
vt 0.0300 0.5000
vt 0.0300 0.5000
vt 0.0300 0.5000
vt 0.0300 0.5000
vt 0.0300 0.5000
vt 0.0300 0.5000
vt 0.0300 0.5000
vt 0.0300 0.5000
vt 0.0300 0.5000
vt 0.0300 0.5000
vt 0.0300 0.5000
vt 0.0300 0.5000
vt 0.0300 0.5000
vt 0.0300 0.5000
vt 0.0300 0.5000
vt 0.0300 0.5000
vt 0.0300 0.5000
vt 0.0300 0.5000
vt 0.0300 0.5000
vt 0.0300 0.5000
vt 0.0300 0.5000
vt 0.0300 0.5000
vt 0.0300 0.5000
vt 0.0300 0.5000
vt 0.0300 0.5000
vt 0.0300 0.5000
vt 0.0300 0.5000
vt 0.0300 0.5000
vt 0.0300 0.5000
vt 0.0300 0.5000
vt 0.0300 0.5000
vt 0.0300 0.5000
vt 0.0300 0.5000
vt 0.0300 0.5000
vt 0.0300 0.5000
vt 0.0300 0.5000
vt 0.0300 0.5000
vt 0.0300 0.5000
vt 0.0300 0.5000
vt 0.0300 0.5000
vt 0.0300 0.5000
vt 0.0300 0.5000
vt 0.0300 0.5000
vt 0.0300 0.5000
vt 0.0300 0.5000
vt 0.0300 0.5000
vt 0.0300 0.5000
vt 0.0300 0.5000
vt 0.0300 0.5000
vt 0.0300 0.5000
vt 0.0300 0.5000
vt 0.0300 0.5000
vt 0.0300 0.5000
vt 0.0300 0.5000
vt 0.0300 0.5000
vt 0.0300 0.5000
vt 0.0300 0.5000
vt 0.0300 0.5000
vt 0.0300 0.5000
vt 0.0300 0.5000
vt 0.0300 0.5000
vt 0.0300 0.5000
vt 0.0300 0.5000
vt 0.0300 0.5000
vt 0.0300 0.5000
vt 0.0300 0.5000
vt 0.0300 0.5000
vt 0.0300 0.5000
vt 0.0300 0.5000
vt 0.0300 0.5000
vt 0.0300 0.5000
vt 0.0300 0.5000
vt 0.0300 0.5000
vt 0.0300 0.5000
vt 0.0300 0.5000
vt 0.0300 0.5000
vt 0.0300 0.5000
vt 0.0300 0.5000
vt 0.0300 0.5000
vt 0.0300 0.5000
vt 0.0300 0.5000
vt 0.0300 0.5000
vt 0.0300 0.5000
vt 0.0300 0.5000
vt 0.0300 0.5000
vt 0.0300 0.5000
vt 0.0300 0.5000
vt 0.0300 0.5000
vt 0.0300 0.5000
vt 0.0300 0.5000
vt 0.0300 0.5000
vt 0.0300 0.5000
vt 0.0300 0.5000
vt 0.0300 0.5000
vt 0.0300 0.5000
vt 0.0300 0.5000
vt 0.0300 0.5000
vt 0.0300 0.5000
vt 0.0300 0.5000
vt 0.0300 0.5000
vt 0.0300 0.5000
vt 0.0300 0.5000
vt 0.0300 0.5000
vt 0.0300 0.5000
vt 0.0300 0.5000
vt 0.0300 0.5000
vt 0.0300 0.5000
vt 0.0300 0.5000
vt 0.0300 0.5000
vt 0.0300 0.5000
vt 0.0300 0.5000
vt 0.9700 0.5000
vt 0.0300 0.5000
vt 0.0300 0.5000
vt 0.0300 0.5000
vt 0.0300 0.5000
vt 0.0300 0.5000
vt 0.0300 0.5000
vt 0.0300 0.5000
vt 0.0300 0.5000
vt 0.0300 0.5000
vt 0.0300 0.5000
vt 0.0300 0.5000
vt 0.0300 0.5000
vt 0.0300 0.5000
vt 0.0300 0.5000
vt 0.0300 0.5000
vt 0.0300 0.5000
vt 0.0300 0.5000
vt 0.0300 0.5000
vt 0.0300 0.5000
vt 0.0300 0.5000
vt 0.0300 0.5000
vt 0.0300 0.5000
vt 0.0300 0.5000
vt 0.0300 0.5000
vt 0.0300 0.5000
vt 0.0300 0.5000
vt 0.0300 0.5000
vt 0.0300 0.5000
vt 0.0300 0.5000
vt 0.0300 0.5000
vt 0.0300 0.5000
vt 0.0300 0.5000
vt 0.0300 0.5000
vt 0.0300 0.5000
vt 0.0300 0.5000
vt 0.0300 0.5000
vt 0.0300 0.5000
vt 0.0300 0.5000
vt 0.0300 0.5000
vt 0.0300 0.5000
vt 0.0300 0.5000
vt 0.0300 0.5000
vt 0.0300 0.5000
vt 0.0300 0.5000
vt 0.0300 0.5000
vt 0.0300 0.5000
vt 0.0300 0.5000
vt 0.0300 0.5000
vt 0.0300 0.5000
vt 0.0300 0.5000
vt 0.0300 0.5000
vt 0.0300 0.5000
vt 0.0300 0.5000
vt 0.0300 0.5000
vt 0.0300 0.5000
vt 0.0300 0.5000
vt 0.0300 0.5000
vt 0.0300 0.5000
vt 0.0300 0.5000
vt 0.0300 0.5000
vt 0.0300 0.5000
vt 0.0300 0.5000
vt 0.0300 0.5000
vt 0.0300 0.5000
vt 0.0300 0.5000
vt 0.0300 0.5000
vt 0.0300 0.5000
vt 0.0300 0.5000
vt 0.0300 0.5000
vt 0.0300 0.5000
vt 0.0300 0.5000
vt 0.0300 0.5000
vt 0.0300 0.5000
vt 0.0300 0.5000
vt 0.0300 0.5000
vt 0.0300 0.5000
vt 0.0300 0.5000
vt 0.0300 0.5000
vt 0.0300 0.5000
vt 0.0300 0.5000
vt 0.0300 0.5000
vt 0.0300 0.5000
vt 0.0300 0.5000
vt 0.0300 0.5000
vt 0.0300 0.5000
vt 0.0300 0.5000
vt 0.0300 0.5000
vt 0.0300 0.5000
vt 0.0300 0.5000
vt 0.0300 0.5000
vt 0.0300 0.5000
vt 0.0300 0.5000
vt 0.0300 0.5000
vt 0.0300 0.5000
vt 0.0300 0.5000
vt 0.0300 0.5000
vt 0.0300 0.5000
vt 0.0300 0.5000
vt 0.0300 0.5000
vt 0.0300 0.5000
vt 0.0300 0.5000
vt 0.0300 0.5000
vt 0.0300 0.5000
vt 0.0300 0.5000
vt 0.0300 0.5000
vt 0.0300 0.5000
vt 0.0300 0.5000
vt 0.0300 0.5000
vt 0.0300 0.5000
vt 0.0300 0.5000
vt 0.0300 0.5000
vt 0.0300 0.5000
vt 0.0300 0.5000
vt 0.0300 0.5000
vt 0.0300 0.5000
vt 0.0300 0.5000
vt 0.0300 0.5000
vt 0.0300 0.5000
vt 0.0300 0.5000
vt 0.0300 0.5000
vt 0.0300 0.5000
vt 0.0300 0.5000
vt 0.0300 0.5000
vt 0.0300 0.5000
vt 0.0300 0.5000
vt 0.0300 0.5000
vt 0.0300 0.5000
vt 0.0300 0.5000
vt 0.0300 0.5000
vt 0.0300 0.5000
vt 0.0300 0.5000
vt 0.0300 0.5000
vt 0.0300 0.5000
vt 0.0300 0.5000
vt 0.0300 0.5000
vt 0.0300 0.5000
vt 0.0300 0.5000
vt 0.0300 0.5000
vt 0.0300 0.5000
vt 0.0300 0.5000
vt 0.0300 0.5000
vt 0.0300 0.5000
vt 0.0300 0.5000
vt 0.0300 0.5000
vt 0.0300 0.5000
vt 0.0300 0.5000
vt 0.0300 0.5000
vt 0.0300 0.5000
vt 0.0300 0.5000
vt 0.0300 0.5000
vt 0.0300 0.5000
vt 0.0300 0.5000
vt 0.0300 0.5000
vt 0.0300 0.5000
vt 0.0300 0.5000
vt 0.0300 0.5000
vt 0.0300 0.5000
vt 0.0300 0.5000
vt 0.0300 0.5000
vt 0.0300 0.5000
vt 0.0300 0.5000
vt 0.0300 0.5000
vt 0.0300 0.5000
vt 0.0300 0.5000
vt 0.0300 0.5000
vt 0.0300 0.5000
vt 0.0300 0.5000
vt 0.0300 0.5000
vt 0.0300 0.5000
vt 0.0300 0.5000
vt 0.0300 0.5000
vt 0.0300 0.5000
vt 0.0300 0.5000
vt 0.0300 0.5000
vt 0.0300 0.5000
vt 0.0300 0.5000
vt 0.0300 0.5000
vt 0.0300 0.5000
vt 0.0300 0.5000
vt 0.0300 0.5000
vt 0.0300 0.5000
vt 0.0300 0.5000
vt 0.0300 0.5000
vt 0.0300 0.5000
vt 0.0300 0.5000
vt 0.0300 0.5000
vt 0.0300 0.5000
vt 0.9700 0.5000
vt 0.0300 0.5000
vt 0.0300 0.5000
vt 0.0300 0.5000
vt 0.0300 0.5000
vt 0.0300 0.5000
vt 0.0300 0.5000
vt 0.0300 0.5000
vt 0.0300 0.5000
vt 0.0300 0.5000
vt 0.0300 0.5000
vt 0.0300 0.5000
vt 0.0300 0.5000
vt 0.0300 0.5000
vt 0.0300 0.5000
vt 0.0300 0.5000
vt 0.0300 0.5000
vt 0.0300 0.5000
vt 0.0300 0.5000
vt 0.0300 0.5000
vt 0.0300 0.5000
vt 0.0300 0.5000
vt 0.0300 0.5000
vt 0.0300 0.5000
vt 0.0300 0.5000
vt 0.0300 0.5000
vt 0.0300 0.5000
vt 0.0300 0.5000
vt 0.0300 0.5000
vt 0.0300 0.5000
vt 0.0300 0.5000
vt 0.0300 0.5000
vt 0.0300 0.5000
vt 0.0300 0.5000
vt 0.0300 0.5000
vt 0.0300 0.5000
vt 0.0300 0.5000
vt 0.0300 0.5000
vt 0.0300 0.5000
vt 0.0300 0.5000
vt 0.0300 0.5000
vt 0.0300 0.5000
vt 0.0300 0.5000
vt 0.0300 0.5000
vt 0.0300 0.5000
vt 0.0300 0.5000
vt 0.0300 0.5000
vt 0.0300 0.5000
vt 0.0300 0.5000
vt 0.0300 0.5000
vt 0.0300 0.5000
vt 0.0300 0.5000
vt 0.0300 0.5000
vt 0.0300 0.5000
vt 0.0300 0.5000
vt 0.0300 0.5000
vt 0.0300 0.5000
vt 0.0300 0.5000
vt 0.0300 0.5000
vt 0.0300 0.5000
vt 0.0300 0.5000
vt 0.0300 0.5000
vt 0.0300 0.5000
vt 0.0300 0.5000
vt 0.0300 0.5000
vt 0.0300 0.5000
vt 0.0300 0.5000
vt 0.0300 0.5000
vt 0.0300 0.5000
vt 0.0300 0.5000
vt 0.0300 0.5000
vt 0.0300 0.5000
vt 0.0300 0.5000
vt 0.0300 0.5000
vt 0.0300 0.5000
vt 0.0300 0.5000
vt 0.0300 0.5000
vt 0.0300 0.5000
vt 0.0300 0.5000
vt 0.0300 0.5000
vt 0.0300 0.5000
vt 0.0300 0.5000
vt 0.0300 0.5000
vt 0.0300 0.5000
vt 0.0300 0.5000
vt 0.0300 0.5000
vt 0.0300 0.5000
vt 0.0300 0.5000
vt 0.0300 0.5000
vt 0.0300 0.5000
vt 0.0300 0.5000
vt 0.0300 0.5000
vt 0.0300 0.5000
vt 0.0300 0.5000
vt 0.0300 0.5000
vt 0.0300 0.5000
vt 0.0300 0.5000
vt 0.0300 0.5000
vt 0.0300 0.5000
vt 0.0300 0.5000
vt 0.0300 0.5000
vt 0.0300 0.5000
vt 0.0300 0.5000
vt 0.0300 0.5000
vt 0.0300 0.5000
vt 0.0300 0.5000
vt 0.0300 0.5000
vt 0.0300 0.5000
vt 0.0300 0.5000
vt 0.0300 0.5000
vt 0.0300 0.5000
vt 0.0300 0.5000
vt 0.0300 0.5000
vt 0.0300 0.5000
vt 0.0300 0.5000
vt 0.0300 0.5000
vt 0.0300 0.5000
vt 0.0300 0.5000
vt 0.0300 0.5000
vt 0.0300 0.5000
vt 0.0300 0.5000
vt 0.0300 0.5000
vt 0.0300 0.5000
vt 0.0300 0.5000
vt 0.0300 0.5000
vt 0.0300 0.5000
vt 0.0300 0.5000
vt 0.0300 0.5000
vt 0.0300 0.5000
vt 0.0300 0.5000
vt 0.0300 0.5000
vt 0.0300 0.5000
vt 0.0300 0.5000
vt 0.0300 0.5000
vt 0.0300 0.5000
vt 0.0300 0.5000
vt 0.0300 0.5000
vt 0.0300 0.5000
vt 0.0300 0.5000
vt 0.0300 0.5000
vt 0.0300 0.5000
vt 0.0300 0.5000
vt 0.0300 0.5000
vt 0.0300 0.5000
vt 0.0300 0.5000
vt 0.0300 0.5000
vt 0.0300 0.5000
vt 0.0300 0.5000
vt 0.0300 0.5000
vt 0.0300 0.5000
vt 0.0300 0.5000
vt 0.0300 0.5000
vt 0.0300 0.5000
vt 0.0300 0.5000
vt 0.0300 0.5000
vt 0.0300 0.5000
vt 0.0300 0.5000
vt 0.0300 0.5000
vt 0.0300 0.5000
vt 0.0300 0.5000
vt 0.0300 0.5000
vt 0.0300 0.5000
vt 0.0300 0.5000
vt 0.0300 0.5000
vt 0.0300 0.5000
vt 0.0300 0.5000
vt 0.0300 0.5000
vt 0.0300 0.5000
vt 0.0300 0.5000
vt 0.0300 0.5000
vt 0.0300 0.5000
vt 0.0300 0.5000
vt 0.0300 0.5000
vt 0.0300 0.5000
vt 0.0300 0.5000
vt 0.0300 0.5000
vt 0.0300 0.5000
vt 0.0300 0.5000
vt 0.0300 0.5000
vt 0.0300 0.5000
vt 0.0300 0.5000
vt 0.0300 0.5000
vt 0.0300 0.5000
vt 0.0300 0.5000
vt 0.0300 0.5000
vt 0.0300 0.5000
vt 0.0300 0.5000
vt 0.0300 0.5000
vt 0.0300 0.5000
vt 0.0300 0.5000
vt 0.0300 0.5000
vt 0.0300 0.5000
vt 0.0300 0.5000
vt 0.0300 0.5000
vt 0.0300 0.5000
vt 0.0300 0.5000
vt 0.0300 0.5000
vt 0.0300 0.5000
vt 0.0300 0.5000
vt 0.0300 0.5000
vt 0.0300 0.5000
vt 0.0300 0.5000
vt 0.0300 0.5000
vt 0.0300 0.5000
vt 0.0300 0.5000
vt 0.0300 0.5000
vt 0.0300 0.5000
vt 0.0300 0.5000
vt 0.0300 0.5000
vt 0.0300 0.5000
vt 0.0300 0.5000
vt 0.0300 0.5000
vt 0.0300 0.5000
vt 0.0300 0.5000
vt 0.0300 0.5000
vt 0.0300 0.5000
vt 0.0300 0.5000
vt 0.0300 0.5000
vt 0.0300 0.5000
vt 0.0300 0.5000
vt 0.0300 0.5000
vt 0.0300 0.5000
vt 0.0300 0.5000
vt 0.0300 0.5000
vt 0.0300 0.5000
vt 0.0300 0.5000
vt 0.0300 0.5000
vt 0.0300 0.5000
vt 0.0300 0.5000
vt 0.0300 0.5000
vt 0.0300 0.5000
vt 0.0300 0.5000
vt 0.0300 0.5000
vt 0.0300 0.5000
vt 0.0300 0.5000
vt 0.0300 0.5000
vt 0.0300 0.5000
vt 0.0300 0.5000
vt 0.0300 0.5000
vt 0.0300 0.5000
vt 0.0300 0.5000
vt 0.0300 0.5000
vt 0.0300 0.5000
vt 0.0300 0.5000
vt 0.0300 0.5000
vt 0.0300 0.5000
vt 0.0300 0.5000
vt 0.0300 0.5000
vt 0.0300 0.5000
vt 0.0300 0.5000
vt 0.0300 0.5000
vt 0.0300 0.5000
vt 0.0300 0.5000
vt 0.0300 0.5000
vt 0.0300 0.5000
vt 0.0300 0.5000
vt 0.0300 0.5000
vt 0.0300 0.5000
vt 0.0300 0.5000
vt 0.0300 0.5000
vt 0.0300 0.5000
vt 0.0300 0.5000
vt 0.0300 0.5000
vt 0.0300 0.5000
vt 0.0300 0.5000
vt 0.0300 0.5000
vt 0.0300 0.5000
vt 0.0300 0.5000
vt 0.0300 0.5000
vt 0.0300 0.5000
vt 0.0300 0.5000
vt 0.0300 0.5000
vt 0.0300 0.5000
vt 0.0300 0.5000
vt 0.0300 0.5000
vt 0.0300 0.5000
vt 0.0300 0.5000
vt 0.9700 0.5000
vt 0.0300 0.5000
vt 0.0300 0.5000
vt 0.0300 0.5000
vt 0.0300 0.5000
vt 0.0300 0.5000
vt 0.0300 0.5000
vt 0.0300 0.5000
vt 0.0300 0.5000
vt 0.0300 0.5000
vt 0.0300 0.5000
vt 0.0300 0.5000
vt 0.0300 0.5000
vt 0.0300 0.5000
vt 0.0300 0.5000
vt 0.0300 0.5000
vt 0.0300 0.5000
vt 0.0300 0.5000
vt 0.0300 0.5000
vt 0.0300 0.5000
vt 0.0300 0.5000
vt 0.0300 0.5000
vt 0.0300 0.5000
vt 0.0300 0.5000
vt 0.0300 0.5000
vt 0.0300 0.5000
vt 0.0300 0.5000
vt 0.0300 0.5000
vt 0.0300 0.5000
vt 0.0300 0.5000
vt 0.0300 0.5000
vt 0.0300 0.5000
vt 0.0300 0.5000
vt 0.0300 0.5000
vt 0.0300 0.5000
vt 0.0300 0.5000
vt 0.0300 0.5000
vt 0.0300 0.5000
vt 0.0300 0.5000
vt 0.0300 0.5000
vt 0.0300 0.5000
vt 0.0300 0.5000
vt 0.0300 0.5000
vt 0.0300 0.5000
vt 0.0300 0.5000
vt 0.0300 0.5000
vt 0.0300 0.5000
vt 0.0300 0.5000
vt 0.0300 0.5000
vt 0.0300 0.5000
vt 0.0300 0.5000
vt 0.0300 0.5000
vt 0.0300 0.5000
vt 0.0300 0.5000
vt 0.0300 0.5000
vt 0.0300 0.5000
vt 0.0300 0.5000
vt 0.0300 0.5000
vt 0.0300 0.5000
vt 0.0300 0.5000
vt 0.0300 0.5000
vt 0.0300 0.5000
vt 0.0300 0.5000
vt 0.0300 0.5000
vt 0.0300 0.5000
vt 0.0300 0.5000
vt 0.0300 0.5000
vt 0.0300 0.5000
vt 0.0300 0.5000
vt 0.0300 0.5000
vt 0.0300 0.5000
vt 0.0300 0.5000
vt 0.0300 0.5000
vt 0.0300 0.5000
vt 0.0300 0.5000
vt 0.0300 0.5000
vt 0.0300 0.5000
vt 0.0300 0.5000
vt 0.0300 0.5000
vt 0.0300 0.5000
vt 0.0300 0.5000
vt 0.0300 0.5000
vt 0.0300 0.5000
vt 0.0300 0.5000
vt 0.0300 0.5000
vt 0.0300 0.5000
vt 0.0300 0.5000
vt 0.0300 0.5000
vt 0.0300 0.5000
vt 0.0300 0.5000
vt 0.0300 0.5000
vt 0.0300 0.5000
vt 0.0300 0.5000
vt 0.0300 0.5000
vt 0.0300 0.5000
vt 0.0300 0.5000
vt 0.0300 0.5000
vt 0.0300 0.5000
vt 0.0300 0.5000
vt 0.0300 0.5000
vt 0.0300 0.5000
vt 0.0300 0.5000
vt 0.0300 0.5000
vt 0.0300 0.5000
vt 0.0300 0.5000
vt 0.0300 0.5000
vt 0.0300 0.5000
vt 0.0300 0.5000
vt 0.0300 0.5000
vt 0.0300 0.5000
vt 0.0300 0.5000
vt 0.0300 0.5000
vt 0.0300 0.5000
vt 0.0300 0.5000
vt 0.0300 0.5000
vt 0.0300 0.5000
vt 0.0300 0.5000
vt 0.0300 0.5000
vt 0.0300 0.5000
vt 0.0300 0.5000
vt 0.0300 0.5000
vt 0.0300 0.5000
vt 0.0300 0.5000
vt 0.0300 0.5000
vt 0.0300 0.5000
vt 0.0300 0.5000
vt 0.0300 0.5000
vt 0.0300 0.5000
vt 0.0300 0.5000
vt 0.0300 0.5000
vt 0.0300 0.5000
vt 0.0300 0.5000
vt 0.0300 0.5000
vt 0.0300 0.5000
vt 0.0300 0.5000
vt 0.0300 0.5000
vt 0.0300 0.5000
vt 0.0300 0.5000
vt 0.0300 0.5000
vt 0.0300 0.5000
vt 0.0300 0.5000
vt 0.0300 0.5000
vt 0.0300 0.5000
vt 0.0300 0.5000
vt 0.0300 0.5000
vt 0.0300 0.5000
vt 0.0300 0.5000
vt 0.0300 0.5000
vt 0.0300 0.5000
vt 0.0300 0.5000
vt 0.0300 0.5000
vt 0.0300 0.5000
vt 0.0300 0.5000
vt 0.0300 0.5000
vt 0.0300 0.5000
vt 0.0300 0.5000
vt 0.0300 0.5000
vt 0.0300 0.5000
vt 0.0300 0.5000
vt 0.0300 0.5000
vt 0.0300 0.5000
vt 0.0300 0.5000
vt 0.0300 0.5000
vt 0.0300 0.5000
vt 0.0300 0.5000
vt 0.0300 0.5000
vt 0.0300 0.5000
vt 0.0300 0.5000
vt 0.0300 0.5000
vt 0.0300 0.5000
vt 0.0300 0.5000
vt 0.0300 0.5000
vt 0.0300 0.5000
vt 0.0300 0.5000
vt 0.0300 0.5000
vt 0.0300 0.5000
vt 0.0300 0.5000
vt 0.0300 0.5000
vt 0.0300 0.5000
vt 0.0300 0.5000
vt 0.0300 0.5000
vt 0.0300 0.5000
vt 0.0300 0.5000
vt 0.0300 0.5000
vt 0.0300 0.5000
vt 0.0300 0.5000
vt 0.0300 0.5000
vt 0.0300 0.5000
vt 0.0300 0.5000
vt 0.0300 0.5000
vt 0.0300 0.5000
vt 0.0300 0.5000
vt 0.0300 0.5000
vt 0.0300 0.5000
vt 0.0300 0.5000
vt 0.0300 0.5000
vt 0.0300 0.5000
vt 0.0300 0.5000
vt 0.0300 0.5000
vt 0.0300 0.5000
vt 0.0300 0.5000
vt 0.0300 0.5000
vt 0.0300 0.5000
vt 0.0300 0.5000
vt 0.0300 0.5000
vt 0.0300 0.5000
vt 0.0300 0.5000
vt 0.0300 0.5000
vt 0.0300 0.5000
vt 0.0300 0.5000
vt 0.0300 0.5000
vt 0.0300 0.5000
vt 0.0300 0.5000
vt 0.0300 0.5000
vt 0.0300 0.5000
vt 0.0300 0.5000
vt 0.0300 0.5000
vt 0.0300 0.5000
vt 0.0300 0.5000
vt 0.0300 0.5000
vt 0.0300 0.5000
vt 0.0300 0.5000
vt 0.0300 0.5000
vt 0.0300 0.5000
vt 0.0300 0.5000
vt 0.0300 0.5000
vt 0.0300 0.5000
vt 0.0300 0.5000
vt 0.0300 0.5000
vt 0.0300 0.5000
vt 0.0300 0.5000
vt 0.0300 0.5000
vt 0.0300 0.5000
vt 0.0300 0.5000
vt 0.0300 0.5000
vt 0.0300 0.5000
vt 0.0300 0.5000
vt 0.0300 0.5000
vt 0.0300 0.5000
vt 0.0300 0.5000
vt 0.0300 0.5000
vt 0.0300 0.5000
vt 0.0300 0.5000
vt 0.0300 0.5000
vt 0.0300 0.5000
vt 0.0300 0.5000
vt 0.0300 0.5000
vt 0.0300 0.5000
vt 0.0300 0.5000
vt 0.0300 0.5000
vt 0.0300 0.5000
vt 0.0300 0.5000
vt 0.0300 0.5000
vt 0.0300 0.5000
vt 0.0300 0.5000
vt 0.0300 0.5000
vt 0.0300 0.5000
vt 0.0300 0.5000
vt 0.0300 0.5000
vt 0.0300 0.5000
vt 0.0300 0.5000
vt 0.0300 0.5000
vt 0.0300 0.5000
vt 0.0300 0.5000
vt 0.0300 0.5000
vt 0.0300 0.5000
vt 0.0300 0.5000
vt 0.0300 0.5000
vt 0.0300 0.5000
vt 0.0300 0.5000
vt 0.0300 0.5000
vt 0.0300 0.5000
vt 0.0300 0.5000
vt 0.0300 0.5000
vt 0.0300 0.5000
vt 0.0300 0.5000
vt 0.0300 0.5000
vt 0.0300 0.5000
vt 0.0300 0.5000
vt 0.0300 0.5000
vt 0.0300 0.5000
vt 0.0300 0.5000
vt 0.0300 0.5000
vt 0.0300 0.5000
vt 0.0300 0.5000
vt 0.0300 0.5000
vt 0.0300 0.5000
vt 0.0300 0.5000
vt 0.0300 0.5000
vt 0.0300 0.5000
vt 0.0300 0.5000
vt 0.0300 0.5000
vt 0.0300 0.5000
vt 0.9700 0.5000
vt 0.0300 0.5000
vt 0.0300 0.5000
vt 0.0300 0.5000
vt 0.0300 0.5000
vt 0.0300 0.5000
vt 0.0300 0.5000
vt 0.0300 0.5000
vt 0.0300 0.5000
vt 0.0300 0.5000
vt 0.0300 0.5000
vt 0.0300 0.5000
vt 0.0300 0.5000
vt 0.0300 0.5000
vt 0.0300 0.5000
vt 0.0300 0.5000
vt 0.0300 0.5000
vt 0.0300 0.5000
vt 0.0300 0.5000
vt 0.0300 0.5000
vt 0.0300 0.5000
vt 0.0300 0.5000
vt 0.0300 0.5000
vt 0.0300 0.5000
vt 0.0300 0.5000
vt 0.0300 0.5000
vt 0.0300 0.5000
vt 0.0300 0.5000
vt 0.0300 0.5000
vt 0.0300 0.5000
vt 0.0300 0.5000
vt 0.0300 0.5000
vt 0.0300 0.5000
vt 0.0300 0.5000
vt 0.0300 0.5000
vt 0.0300 0.5000
vt 0.0300 0.5000
vt 0.0300 0.5000
vt 0.0300 0.5000
vt 0.0300 0.5000
vt 0.0300 0.5000
vt 0.0300 0.5000
vt 0.0300 0.5000
vt 0.0300 0.5000
vt 0.0300 0.5000
vt 0.0300 0.5000
vt 0.0300 0.5000
vt 0.0300 0.5000
vt 0.0300 0.5000
vt 0.0300 0.5000
vt 0.0300 0.5000
vt 0.0300 0.5000
vt 0.0300 0.5000
vt 0.0300 0.5000
vt 0.0300 0.5000
vt 0.0300 0.5000
vt 0.0300 0.5000
vt 0.0300 0.5000
vt 0.0300 0.5000
vt 0.0300 0.5000
vt 0.0300 0.5000
vt 0.0300 0.5000
vt 0.0300 0.5000
vt 0.0300 0.5000
vt 0.0300 0.5000
vt 0.0300 0.5000
vt 0.0300 0.5000
vt 0.0300 0.5000
vt 0.0300 0.5000
vt 0.0300 0.5000
vt 0.0300 0.5000
vt 0.0300 0.5000
vt 0.0300 0.5000
vt 0.0300 0.5000
vt 0.0300 0.5000
vt 0.0300 0.5000
vt 0.0300 0.5000
vt 0.0300 0.5000
vt 0.0300 0.5000
vt 0.0300 0.5000
vt 0.0300 0.5000
vt 0.0300 0.5000
vt 0.0300 0.5000
vt 0.0300 0.5000
vt 0.0300 0.5000
vt 0.0300 0.5000
vt 0.0300 0.5000
vt 0.0300 0.5000
vt 0.0300 0.5000
vt 0.0300 0.5000
vt 0.0300 0.5000
vt 0.0300 0.5000
vt 0.0300 0.5000
vt 0.0300 0.5000
vt 0.0300 0.5000
vt 0.0300 0.5000
vt 0.0300 0.5000
vt 0.0300 0.5000
vt 0.0300 0.5000
vt 0.0300 0.5000
vt 0.0300 0.5000
vt 0.0300 0.5000
vt 0.0300 0.5000
vt 0.0300 0.5000
vt 0.0300 0.5000
vt 0.0300 0.5000
vt 0.0300 0.5000
vt 0.0300 0.5000
vt 0.0300 0.5000
vt 0.0300 0.5000
vt 0.0300 0.5000
vt 0.0300 0.5000
vt 0.0300 0.5000
vt 0.0300 0.5000
vt 0.0300 0.5000
vt 0.0300 0.5000
vt 0.0300 0.5000
vt 0.0300 0.5000
vt 0.0300 0.5000
vt 0.0300 0.5000
vt 0.0300 0.5000
vt 0.0300 0.5000
vt 0.0300 0.5000
vt 0.0300 0.5000
vt 0.0300 0.5000
vt 0.0300 0.5000
vt 0.0300 0.5000
vt 0.0300 0.5000
vt 0.0300 0.5000
vt 0.0300 0.5000
vt 0.0300 0.5000
vt 0.0300 0.5000
vt 0.0300 0.5000
vt 0.0300 0.5000
vt 0.0300 0.5000
vt 0.0300 0.5000
vt 0.0300 0.5000
vt 0.0300 0.5000
vt 0.0300 0.5000
vt 0.0300 0.5000
vt 0.0300 0.5000
vt 0.0300 0.5000
vt 0.0300 0.5000
vt 0.0300 0.5000
vt 0.0300 0.5000
vt 0.0300 0.5000
vt 0.0300 0.5000
vt 0.0300 0.5000
vt 0.0300 0.5000
vt 0.0300 0.5000
vt 0.0300 0.5000
vt 0.0300 0.5000
vt 0.0300 0.5000
vt 0.0300 0.5000
vt 0.0300 0.5000
vt 0.0300 0.5000
vt 0.0300 0.5000
vt 0.0300 0.5000
vt 0.0300 0.5000
vt 0.0300 0.5000
vt 0.0300 0.5000
vt 0.0300 0.5000
vt 0.0300 0.5000
vt 0.0300 0.5000
vt 0.0300 0.5000
vt 0.0300 0.5000
vt 0.0300 0.5000
vt 0.0300 0.5000
vt 0.0300 0.5000
vt 0.0300 0.5000
vt 0.0300 0.5000
vt 0.0300 0.5000
vt 0.0300 0.5000
vt 0.0300 0.5000
vt 0.0300 0.5000
vt 0.0300 0.5000
vt 0.0300 0.5000
vt 0.0300 0.5000
vt 0.0300 0.5000
vt 0.0300 0.5000
vt 0.0300 0.5000
vt 0.0300 0.5000
vt 0.0300 0.5000
vt 0.0300 0.5000
vt 0.0300 0.5000
vt 0.0300 0.5000
vt 0.0300 0.5000
vt 0.0300 0.5000
vt 0.0300 0.5000
vt 0.0300 0.5000
vt 0.0300 0.5000
vt 0.0300 0.5000
vt 0.0300 0.5000
vt 0.0300 0.5000
vt 0.0300 0.5000
vt 0.0300 0.5000
vt 0.0300 0.5000
vt 0.0300 0.5000
vt 0.0300 0.5000
vt 0.0300 0.5000
vt 0.0300 0.5000
vt 0.0300 0.5000
vt 0.0300 0.5000
vt 0.0300 0.5000
vt 0.0300 0.5000
vt 0.0300 0.5000
vt 0.0300 0.5000
vt 0.0300 0.5000
vt 0.0300 0.5000
vt 0.0300 0.5000
vt 0.0300 0.5000
vt 0.0300 0.5000
vt 0.0300 0.5000
vt 0.0300 0.5000
vt 0.0300 0.5000
vt 0.0300 0.5000
vt 0.0300 0.5000
vt 0.0300 0.5000
vt 0.0300 0.5000
vt 0.0300 0.5000
vt 0.0300 0.5000
vt 0.0300 0.5000
vt 0.0300 0.5000
vt 0.0300 0.5000
vt 0.0300 0.5000
vt 0.0300 0.5000
vt 0.0300 0.5000
vt 0.0300 0.5000
vt 0.0300 0.5000
vt 0.0300 0.5000
vt 0.0300 0.5000
vt 0.0300 0.5000
vt 0.0300 0.5000
vt 0.0300 0.5000
vt 0.0300 0.5000
vt 0.0300 0.5000
vt 0.0300 0.5000
vt 0.0300 0.5000
vt 0.0300 0.5000
vt 0.0300 0.5000
vt 0.0300 0.5000
vt 0.0300 0.5000
vt 0.0300 0.5000
vt 0.0300 0.5000
vt 0.0300 0.5000
vt 0.0300 0.5000
vt 0.0300 0.5000
vt 0.0300 0.5000
vt 0.0300 0.5000
vt 0.0300 0.5000
vt 0.0300 0.5000
vt 0.0300 0.5000
vt 0.0300 0.5000
vt 0.0300 0.5000
vt 0.0300 0.5000
vt 0.0300 0.5000
vt 0.0300 0.5000
vt 0.0300 0.5000
vt 0.0300 0.5000
vt 0.0300 0.5000
vt 0.0300 0.5000
vt 0.0300 0.5000
vt 0.0300 0.5000
vt 0.0300 0.5000
vt 0.0300 0.5000
vt 0.0300 0.5000
vt 0.0300 0.5000
vt 0.0300 0.5000
vt 0.0300 0.5000
vt 0.0300 0.5000
vt 0.0300 0.5000
vt 0.0300 0.5000
vt 0.0300 0.5000
vt 0.0300 0.5000
vt 0.0300 0.5000
vt 0.0300 0.5000
vt 0.0300 0.5000
vt 0.0300 0.5000
vt 0.0300 0.5000
vt 0.0300 0.5000
vt 0.0300 0.5000
vt 0.0300 0.5000
vt 0.0300 0.5000
vt 0.0300 0.5000
vt 0.0300 0.5000
vt 0.0300 0.5000
vt 0.0300 0.5000
vt 0.0300 0.5000
vt 0.0300 0.5000
vt 0.0300 0.5000
vt 0.0300 0.5000
vt 0.0300 0.5000
vt 0.0300 0.5000
vt 0.0300 0.5000
vt 0.0300 0.5000
vt 0.0300 0.5000
vt 0.0300 0.5000
vt 0.0300 0.5000
vt 0.0300 0.5000
vt 0.0300 0.5000
vt 0.0300 0.5000
vt 0.0300 0.5000
vt 0.0300 0.5000
vt 0.0300 0.5000
vt 0.0300 0.5000
vt 0.0300 0.5000
vt 0.0300 0.5000
vt 0.0300 0.5000
vt 0.0300 0.5000
vt 0.0300 0.5000
vt 0.0300 0.5000
vt 0.0300 0.5000
vt 0.0300 0.5000
vt 0.0300 0.5000
vt 0.0300 0.5000
vt 0.0300 0.5000
vt 0.0300 0.5000
vt 0.0300 0.5000
vt 0.0300 0.5000
vt 0.0300 0.5000
vt 0.0300 0.5000
vt 0.0300 0.5000
vt 0.0300 0.5000
vt 0.0300 0.5000
vt 0.0300 0.5000
vt 0.0300 0.5000
vt 0.0300 0.5000
vt 0.0300 0.5000
vt 0.0300 0.5000
vt 0.0300 0.5000
vt 0.0300 0.5000
vt 0.0300 0.5000
vt 0.0300 0.5000
vt 0.0300 0.5000
vt 0.0300 0.5000
vt 0.0300 0.5000
vt 0.0300 0.5000
vt 0.0300 0.5000
vt 0.0300 0.5000
vt 0.0300 0.5000
vt 0.0300 0.5000
vt 0.0300 0.5000
vt 0.0300 0.5000
vt 0.0300 0.5000
vt 0.0300 0.5000
vt 0.0300 0.5000
vt 0.0300 0.5000
vt 0.0300 0.5000
vt 0.0300 0.5000
vt 0.0300 0.5000
vt 0.0300 0.5000
vt 0.0300 0.5000
vt 0.0300 0.5000
vt 0.0300 0.5000
vt 0.0300 0.5000
vt 0.0300 0.5000
vt 0.0300 0.5000
vt 0.0300 0.5000
vt 0.0300 0.5000
vt 0.0300 0.5000
vt 0.0300 0.5000
vt 0.0300 0.5000
vt 0.0300 0.5000
vt 0.0300 0.5000
vt 0.0300 0.5000
vt 0.0300 0.5000
vt 0.0300 0.5000
vt 0.0300 0.5000
vt 0.0300 0.5000
vt 0.0300 0.5000
vt 0.0300 0.5000
vt 0.0300 0.5000
vt 0.0300 0.5000
vt 0.0300 0.5000
vt 0.0300 0.5000
vt 0.0300 0.5000
vt 0.0300 0.5000
vt 0.0300 0.5000
vt 0.0300 0.5000
vt 0.0300 0.5000
vt 0.0300 0.5000
vt 0.0300 0.5000
vt 0.0300 0.5000
vt 0.0300 0.5000
vt 0.0300 0.5000
vt 0.0300 0.5000
vt 0.0300 0.5000
vt 0.0300 0.5000
vt 0.0300 0.5000
vt 0.0300 0.5000
vt 0.0300 0.5000
vt 0.0300 0.5000
vt 0.0300 0.5000
vt 0.0300 0.5000
vt 0.0300 0.5000
vt 0.0300 0.5000
vt 0.0300 0.5000
vt 0.0300 0.5000
vt 0.0300 0.5000
vt 0.0300 0.5000
vt 0.0300 0.5000
vt 0.0300 0.5000
vt 0.0300 0.5000
vt 0.0300 0.5000
vt 0.0300 0.5000
vt 0.0300 0.5000
vt 0.0300 0.5000
vt 0.0300 0.5000
vt 0.0300 0.5000
vt 0.0300 0.5000
vt 0.0300 0.5000
vt 0.0300 0.5000
vt 0.0300 0.5000
vt 0.0300 0.5000
vt 0.0300 0.5000
vt 0.0300 0.5000
vt 0.0300 0.5000
vt 0.0300 0.5000
vt 0.0300 0.5000
vt 0.0300 0.5000
vt 0.0300 0.5000
vt 0.0300 0.5000
vt 0.0300 0.5000
vt 0.0300 0.5000
vt 0.0300 0.5000
vt 0.0300 0.5000
vt 0.0300 0.5000
vt 0.0300 0.5000
vt 0.0300 0.5000
vt 0.0300 0.5000
vt 0.0300 0.5000
vt 0.0300 0.5000
vt 0.0300 0.5000
vt 0.0300 0.5000
vt 0.0300 0.5000
vt 0.0300 0.5000
vt 0.0300 0.5000
vt 0.0300 0.5000
vt 0.0300 0.5000
vt 0.0300 0.5000
vt 0.0300 0.5000
vt 0.0300 0.5000
vt 0.0300 0.5000
vt 0.0300 0.5000
vt 0.0300 0.5000
vt 0.0300 0.5000
vt 0.0300 0.5000
vt 0.0300 0.5000
vt 0.0300 0.5000
vt 0.0300 0.5000
vt 0.0300 0.5000
vt 0.0300 0.5000
vt 0.0300 0.5000
vt 0.0300 0.5000
vt 0.0300 0.5000
vt 0.0300 0.5000
vt 0.0300 0.5000
vt 0.0300 0.5000
vt 0.0300 0.5000
vt 0.0300 0.5000
vt 0.0300 0.5000
vt 0.0300 0.5000
vt 0.0300 0.5000
vt 0.0300 0.5000
vt 0.0300 0.5000
vt 0.0300 0.5000
vt 0.0300 0.5000
vt 0.0300 0.5000
vt 0.0300 0.5000
vt 0.0300 0.5000
vt 0.0300 0.5000
vt 0.0300 0.5000
vt 0.0300 0.5000
vt 0.0300 0.5000
vt 0.0300 0.5000
vt 0.0300 0.5000
vt 0.0300 0.5000
vt 0.0300 0.5000
vt 0.0300 0.5000
vt 0.0300 0.5000
vt 0.0300 0.5000
vt 0.0300 0.5000
vt 0.0300 0.5000
vt 0.0300 0.5000
vt 0.0300 0.5000
vt 0.0300 0.5000
vt 0.0300 0.5000
vt 0.0300 0.5000
vt 0.0300 0.5000
vt 0.0300 0.5000
vt 0.0300 0.5000
vt 0.0300 0.5000
vt 0.0300 0.5000
vt 0.0300 0.5000
vt 0.0300 0.5000
vt 0.0300 0.5000
vt 0.0300 0.5000
vt 0.0300 0.5000
vt 0.0300 0.5000
vt 0.0300 0.5000
vt 0.0300 0.5000
vt 0.0300 0.5000
vt 0.0300 0.5000
vt 0.0300 0.5000
vt 0.0300 0.5000
vt 0.0300 0.5000
vt 0.0300 0.5000
vt 0.0300 0.5000
vt 0.0300 0.5000
vt 0.0300 0.5000
vt 0.0300 0.5000
vt 0.0300 0.5000
vt 0.0300 0.5000
vt 0.0300 0.5000
vt 0.0300 0.5000
vt 0.0300 0.5000
vt 0.0300 0.5000
vt 0.0300 0.5000
vt 0.0300 0.5000
vt 0.0300 0.5000
vt 0.0300 0.5000
vt 0.0300 0.5000
vt 0.0300 0.5000
vt 0.0300 0.5000
vt 0.0300 0.5000
vt 0.0300 0.5000
vt 0.0300 0.5000
vt 0.0300 0.5000
vt 0.0300 0.5000
vt 0.0300 0.5000
vt 0.0300 0.5000
vt 0.0300 0.5000
vt 0.0300 0.5000
vt 0.0300 0.5000
vt 0.0300 0.5000
vt 0.0300 0.5000
vt 0.0300 0.5000
vt 0.0300 0.5000
vt 0.0300 0.5000
vt 0.0300 0.5000
vt 0.0300 0.5000
vt 0.0300 0.5000
vt 0.0300 0.5000
vt 0.0300 0.5000
vt 0.0300 0.5000
vt 0.9700 0.5000
vt 0.0300 0.5000
vt 0.0300 0.5000
vt 0.0300 0.5000
vt 0.0300 0.5000
vt 0.0300 0.5000
vt 0.0300 0.5000
vt 0.0300 0.5000
vt 0.0300 0.5000
vt 0.0300 0.5000
vt 0.0300 0.5000
vt 0.0300 0.5000
vt 0.0300 0.5000
vt 0.0300 0.5000
vt 0.0300 0.5000
vt 0.0300 0.5000
vt 0.0300 0.5000
vt 0.0300 0.5000
vt 0.0300 0.5000
vt 0.0300 0.5000
vt 0.0300 0.5000
vt 0.0300 0.5000
vt 0.0300 0.5000
vt 0.0300 0.5000
vt 0.0300 0.5000
vt 0.0300 0.5000
vt 0.0300 0.5000
vt 0.0300 0.5000
vt 0.0300 0.5000
vt 0.0300 0.5000
vt 0.0300 0.5000
vt 0.0300 0.5000
vt 0.0300 0.5000
vt 0.0300 0.5000
vt 0.0300 0.5000
vt 0.0300 0.5000
vt 0.0300 0.5000
vt 0.0300 0.5000
vt 0.0300 0.5000
vt 0.0300 0.5000
vt 0.0300 0.5000
vt 0.0300 0.5000
vt 0.0300 0.5000
vt 0.0300 0.5000
vt 0.0300 0.5000
vt 0.0300 0.5000
vt 0.0300 0.5000
vt 0.0300 0.5000
vt 0.0300 0.5000
vt 0.0300 0.5000
vt 0.0300 0.5000
vt 0.0300 0.5000
vt 0.0300 0.5000
vt 0.0300 0.5000
vt 0.0300 0.5000
vt 0.0300 0.5000
vt 0.0300 0.5000
vt 0.0300 0.5000
vt 0.0300 0.5000
vt 0.0300 0.5000
vt 0.0300 0.5000
vt 0.0300 0.5000
vt 0.0300 0.5000
vt 0.0300 0.5000
vt 0.0300 0.5000
vt 0.0300 0.5000
vt 0.0300 0.5000
vt 0.0300 0.5000
vt 0.0300 0.5000
vt 0.0300 0.5000
vt 0.0300 0.5000
vt 0.0300 0.5000
vt 0.0300 0.5000
vt 0.0300 0.5000
vt 0.0300 0.5000
vt 0.0300 0.5000
vt 0.0300 0.5000
vt 0.0300 0.5000
vt 0.0300 0.5000
vt 0.0300 0.5000
vt 0.0300 0.5000
vt 0.0300 0.5000
vt 0.0300 0.5000
vt 0.0300 0.5000
vt 0.0300 0.5000
vt 0.0300 0.5000
vt 0.0300 0.5000
vt 0.0300 0.5000
vt 0.0300 0.5000
vt 0.0300 0.5000
vt 0.0300 0.5000
vt 0.0300 0.5000
vt 0.0300 0.5000
vt 0.0300 0.5000
vt 0.0300 0.5000
vt 0.0300 0.5000
vt 0.0300 0.5000
vt 0.0300 0.5000
vt 0.0300 0.5000
vt 0.0300 0.5000
vt 0.0300 0.5000
vt 0.0300 0.5000
vt 0.0300 0.5000
vt 0.0300 0.5000
vt 0.0300 0.5000
vt 0.0300 0.5000
vt 0.0300 0.5000
vt 0.0300 0.5000
vt 0.0300 0.5000
vt 0.0300 0.5000
vt 0.0300 0.5000
vt 0.0300 0.5000
vt 0.0300 0.5000
vt 0.0300 0.5000
vt 0.0300 0.5000
vt 0.0300 0.5000
vt 0.0300 0.5000
vt 0.0300 0.5000
vt 0.0300 0.5000
vt 0.0300 0.5000
vt 0.0300 0.5000
vt 0.0300 0.5000
vt 0.0300 0.5000
vt 0.0300 0.5000
vt 0.0300 0.5000
vt 0.0300 0.5000
vt 0.0300 0.5000
vt 0.0300 0.5000
vt 0.0300 0.5000
vt 0.0300 0.5000
vt 0.0300 0.5000
vt 0.0300 0.5000
vt 0.0300 0.5000
vt 0.0300 0.5000
vt 0.0300 0.5000
vt 0.0300 0.5000
vt 0.0300 0.5000
vt 0.0300 0.5000
vt 0.0300 0.5000
vt 0.0300 0.5000
vt 0.0300 0.5000
vt 0.0300 0.5000
vt 0.0300 0.5000
vt 0.0300 0.5000
vt 0.0300 0.5000
vt 0.0300 0.5000
vt 0.0300 0.5000
vt 0.0300 0.5000
vt 0.0300 0.5000
vt 0.0300 0.5000
vt 0.0300 0.5000
vt 0.0300 0.5000
vt 0.0300 0.5000
vt 0.0300 0.5000
vt 0.0300 0.5000
vt 0.0300 0.5000
vt 0.0300 0.5000
vt 0.0300 0.5000
vt 0.0300 0.5000
vt 0.0300 0.5000
vt 0.0300 0.5000
vt 0.0300 0.5000
vt 0.0300 0.5000
vt 0.0300 0.5000
vt 0.0300 0.5000
vt 0.0300 0.5000
vt 0.0300 0.5000
vt 0.0300 0.5000
vt 0.0300 0.5000
vt 0.0300 0.5000
vt 0.0300 0.5000
vt 0.0300 0.5000
vt 0.0300 0.5000
vt 0.0300 0.5000
vt 0.0300 0.5000
vt 0.0300 0.5000
vt 0.0300 0.5000
vt 0.0300 0.5000
vt 0.0300 0.5000
vt 0.0300 0.5000
vt 0.0300 0.5000
vt 0.0300 0.5000
vt 0.0300 0.5000
vt 0.0300 0.5000
vt 0.0300 0.5000
vt 0.0300 0.5000
vt 0.0300 0.5000
vt 0.0300 0.5000
vt 0.0300 0.5000
vt 0.0300 0.5000
vt 0.0300 0.5000
vt 0.0300 0.5000
vt 0.0300 0.5000
vt 0.0300 0.5000
vt 0.0300 0.5000
vt 0.0300 0.5000
vt 0.0300 0.5000
vt 0.0300 0.5000
vt 0.0300 0.5000
vt 0.0300 0.5000
vt 0.0300 0.5000
vt 0.0300 0.5000
vt 0.0300 0.5000
vt 0.0300 0.5000
vt 0.0300 0.5000
vt 0.0300 0.5000
vt 0.0300 0.5000
vt 0.0300 0.5000
vt 0.0300 0.5000
vt 0.0300 0.5000
vt 0.0300 0.5000
vt 0.0300 0.5000
vt 0.0300 0.5000
vt 0.0300 0.5000
vt 0.0300 0.5000
vt 0.0300 0.5000
vt 0.0300 0.5000
vt 0.0300 0.5000
vt 0.0300 0.5000
vt 0.0300 0.5000
vt 0.0300 0.5000
vt 0.0300 0.5000
vt 0.0300 0.5000
vt 0.0300 0.5000
vt 0.0300 0.5000
vt 0.0300 0.5000
vt 0.0300 0.5000
vt 0.0300 0.5000
vt 0.0300 0.5000
vt 0.0300 0.5000
vt 0.0300 0.5000
vt 0.0300 0.5000
vt 0.0300 0.5000
vt 0.0300 0.5000
vt 0.0300 0.5000
vt 0.0300 0.5000
vt 0.0300 0.5000
vt 0.0300 0.5000
vt 0.0300 0.5000
vt 0.0300 0.5000
vt 0.0300 0.5000
vt 0.0300 0.5000
vt 0.0300 0.5000
vt 0.0300 0.5000
vt 0.0300 0.5000
vt 0.0300 0.5000
vt 0.0300 0.5000
vt 0.0300 0.5000
vt 0.0300 0.5000
vt 0.0300 0.5000
vt 0.0300 0.5000
vt 0.0300 0.5000
vt 0.0300 0.5000
vt 0.0300 0.5000
vt 0.0300 0.5000
vt 0.0300 0.5000
vt 0.0300 0.5000
vt 0.0300 0.5000
vt 0.0300 0.5000
vt 0.0300 0.5000
vt 0.0300 0.5000
vt 0.0300 0.5000
vt 0.0300 0.5000
vt 0.0300 0.5000
vt 0.0300 0.5000
vt 0.0300 0.5000
vt 0.0300 0.5000
vt 0.0300 0.5000
vt 0.0300 0.5000
vt 0.0300 0.5000
vt 0.0300 0.5000
vt 0.0300 0.5000
vt 0.0300 0.5000
vt 0.0300 0.5000
vt 0.0300 0.5000
vt 0.0300 0.5000
vt 0.0300 0.5000
vt 0.0300 0.5000
vt 0.0300 0.5000
vt 0.0300 0.5000
vt 0.0300 0.5000
vt 0.0300 0.5000
vt 0.0300 0.5000
vt 0.0300 0.5000
vt 0.0300 0.5000
vt 0.0300 0.5000
vt 0.0300 0.5000
vt 0.0300 0.5000
vt 0.0300 0.5000
vt 0.9700 0.5000
vt 0.0300 0.5000
vt 0.0300 0.5000
vt 0.0300 0.5000
vt 0.0300 0.5000
vt 0.0300 0.5000
vt 0.0300 0.5000
vt 0.0300 0.5000
vt 0.0300 0.5000
vt 0.0300 0.5000
vt 0.0300 0.5000
vt 0.0300 0.5000
vt 0.0300 0.5000
vt 0.0300 0.5000
vt 0.0300 0.5000
vt 0.0300 0.5000
vt 0.0300 0.5000
vt 0.0300 0.5000
vt 0.0300 0.5000
vt 0.0300 0.5000
vt 0.0300 0.5000
vt 0.0300 0.5000
vt 0.0300 0.5000
vt 0.0300 0.5000
vt 0.0300 0.5000
vt 0.0300 0.5000
vt 0.0300 0.5000
vt 0.0300 0.5000
vt 0.0300 0.5000
vt 0.0300 0.5000
vt 0.0300 0.5000
vt 0.0300 0.5000
vt 0.0300 0.5000
vt 0.0300 0.5000
vt 0.0300 0.5000
vt 0.0300 0.5000
vt 0.0300 0.5000
vt 0.0300 0.5000
vt 0.0300 0.5000
vt 0.0300 0.5000
vt 0.0300 0.5000
vt 0.0300 0.5000
vt 0.0300 0.5000
vt 0.0300 0.5000
vt 0.0300 0.5000
vt 0.0300 0.5000
vt 0.0300 0.5000
vt 0.0300 0.5000
vt 0.0300 0.5000
vt 0.0300 0.5000
vt 0.0300 0.5000
vt 0.0300 0.5000
vt 0.0300 0.5000
vt 0.0300 0.5000
vt 0.0300 0.5000
vt 0.0300 0.5000
vt 0.0300 0.5000
vt 0.0300 0.5000
vt 0.0300 0.5000
vt 0.0300 0.5000
vt 0.0300 0.5000
vt 0.0300 0.5000
vt 0.0300 0.5000
vt 0.0300 0.5000
vt 0.0300 0.5000
vt 0.0300 0.5000
vt 0.0300 0.5000
vt 0.0300 0.5000
vt 0.0300 0.5000
vt 0.0300 0.5000
vt 0.0300 0.5000
vt 0.0300 0.5000
vt 0.0300 0.5000
vt 0.0300 0.5000
vt 0.0300 0.5000
vt 0.0300 0.5000
vt 0.0300 0.5000
vt 0.0300 0.5000
vt 0.0300 0.5000
vt 0.0300 0.5000
vt 0.0300 0.5000
vt 0.0300 0.5000
vt 0.0300 0.5000
vt 0.0300 0.5000
vt 0.0300 0.5000
vt 0.0300 0.5000
vt 0.0300 0.5000
vt 0.0300 0.5000
vt 0.0300 0.5000
vt 0.0300 0.5000
vt 0.0300 0.5000
vt 0.0300 0.5000
vt 0.0300 0.5000
vt 0.0300 0.5000
vt 0.0300 0.5000
vt 0.0300 0.5000
vt 0.0300 0.5000
vt 0.0300 0.5000
vt 0.0300 0.5000
vt 0.0300 0.5000
vt 0.0300 0.5000
vt 0.0300 0.5000
vt 0.0300 0.5000
vt 0.0300 0.5000
vt 0.0300 0.5000
vt 0.0300 0.5000
vt 0.0300 0.5000
vt 0.0300 0.5000
vt 0.0300 0.5000
vt 0.0300 0.5000
vt 0.0300 0.5000
vt 0.0300 0.5000
vt 0.0300 0.5000
vt 0.0300 0.5000
vt 0.0300 0.5000
vt 0.0300 0.5000
vt 0.0300 0.5000
vt 0.0300 0.5000
vt 0.0300 0.5000
vt 0.0300 0.5000
vt 0.0300 0.5000
vt 0.0300 0.5000
vt 0.0300 0.5000
vt 0.0300 0.5000
vt 0.0300 0.5000
vt 0.0300 0.5000
vt 0.0300 0.5000
vt 0.0300 0.5000
vt 0.0300 0.5000
vt 0.0300 0.5000
vt 0.0300 0.5000
vt 0.0300 0.5000
vt 0.0300 0.5000
vt 0.0300 0.5000
vt 0.0300 0.5000
vt 0.0300 0.5000
vt 0.0300 0.5000
vt 0.0300 0.5000
vt 0.0300 0.5000
vt 0.0300 0.5000
vt 0.0300 0.5000
vt 0.0300 0.5000
vt 0.0300 0.5000
vt 0.0300 0.5000
vt 0.0300 0.5000
vt 0.0300 0.5000
vt 0.0300 0.5000
vt 0.0300 0.5000
vt 0.0300 0.5000
vt 0.0300 0.5000
vt 0.0300 0.5000
vt 0.0300 0.5000
vt 0.0300 0.5000
vt 0.0300 0.5000
vt 0.0300 0.5000
vt 0.0300 0.5000
vt 0.0300 0.5000
vt 0.0300 0.5000
vt 0.0300 0.5000
vt 0.0300 0.5000
vt 0.0300 0.5000
vt 0.0300 0.5000
vt 0.0300 0.5000
vt 0.0300 0.5000
vt 0.0300 0.5000
vt 0.0300 0.5000
vt 0.0300 0.5000
vt 0.0300 0.5000
vt 0.0300 0.5000
vt 0.0300 0.5000
vt 0.0300 0.5000
vt 0.0300 0.5000
vt 0.0300 0.5000
vt 0.0300 0.5000
vt 0.0300 0.5000
vt 0.0300 0.5000
vt 0.0300 0.5000
vt 0.0300 0.5000
vt 0.0300 0.5000
vt 0.0300 0.5000
vt 0.0300 0.5000
vt 0.0300 0.5000
vt 0.0300 0.5000
vt 0.0300 0.5000
vt 0.0300 0.5000
vt 0.0300 0.5000
vt 0.0300 0.5000
vt 0.0300 0.5000
vt 0.0300 0.5000
vt 0.0300 0.5000
vt 0.0300 0.5000
vt 0.0300 0.5000
vt 0.0300 0.5000
vt 0.0300 0.5000
vt 0.0300 0.5000
vt 0.0300 0.5000
vt 0.0300 0.5000
vt 0.0300 0.5000
vt 0.0300 0.5000
vt 0.0300 0.5000
vt 0.0300 0.5000
vt 0.0300 0.5000
vt 0.0300 0.5000
vt 0.0300 0.5000
vt 0.0300 0.5000
vt 0.0300 0.5000
vt 0.0300 0.5000
vt 0.0300 0.5000
vt 0.0300 0.5000
vt 0.0300 0.5000
vt 0.0300 0.5000
vt 0.0300 0.5000
vt 0.0300 0.5000
vt 0.0300 0.5000
vt 0.0300 0.5000
vt 0.0300 0.5000
vt 0.0300 0.5000
vt 0.0300 0.5000
vt 0.0300 0.5000
vt 0.0300 0.5000
vt 0.0300 0.5000
vt 0.0300 0.5000
vt 0.0300 0.5000
vt 0.0300 0.5000
vt 0.0300 0.5000
vt 0.0300 0.5000
vt 0.0300 0.5000
vt 0.0300 0.5000
vt 0.0300 0.5000
vt 0.0300 0.5000
vt 0.0300 0.5000
vt 0.0300 0.5000
vt 0.0300 0.5000
vt 0.0300 0.5000
vt 0.0300 0.5000
vt 0.0300 0.5000
vt 0.0300 0.5000
vt 0.0300 0.5000
vt 0.0300 0.5000
vt 0.0300 0.5000
vt 0.0300 0.5000
vt 0.0300 0.5000
vt 0.0300 0.5000
vt 0.0300 0.5000
vt 0.0300 0.5000
vt 0.0300 0.5000
vt 0.0300 0.5000
vt 0.0300 0.5000
vt 0.0300 0.5000
vt 0.0300 0.5000
vt 0.0300 0.5000
vt 0.0300 0.5000
vt 0.0300 0.5000
vt 0.0300 0.5000
vt 0.0300 0.5000
vt 0.0300 0.5000
vt 0.0300 0.5000
vt 0.0300 0.5000
vt 0.0300 0.5000
vt 0.0300 0.5000
vt 0.0300 0.5000
vt 0.0300 0.5000
vt 0.0300 0.5000
vt 0.0300 0.5000
vt 0.0300 0.5000
vt 0.0300 0.5000
vt 0.0300 0.5000
vt 0.0300 0.5000
vt 0.0300 0.5000
vt 0.0300 0.5000
vt 0.0300 0.5000
vt 0.0300 0.5000
vt 0.0300 0.5000
vt 0.0300 0.5000
vt 0.0300 0.5000
vt 0.0300 0.5000
vt 0.0300 0.5000
vt 0.0300 0.5000
vt 0.0300 0.5000
vt 0.0300 0.5000
vt 0.0300 0.5000
vt 0.0300 0.5000
vt 0.0300 0.5000
vt 0.0300 0.5000
vt 0.0300 0.5000
vt 0.0300 0.5000
vt 0.0300 0.5000
vt 0.0300 0.5000
vt 0.0300 0.5000
vt 0.0300 0.5000
vt 0.0300 0.5000
vt 0.0300 0.5000
vt 0.0300 0.5000
vt 0.0300 0.5000
vt 0.0300 0.5000
vt 0.0300 0.5000
vt 0.0300 0.5000
vt 0.0300 0.5000
vt 0.0300 0.5000
vt 0.0300 0.5000
vt 0.0300 0.5000
vt 0.0300 0.5000
vt 0.0300 0.5000
vt 0.0300 0.5000
vt 0.0300 0.5000
vt 0.0300 0.5000
vt 0.0300 0.5000
vt 0.0300 0.5000
vt 0.0300 0.5000
vt 0.0300 0.5000
vt 0.0300 0.5000
vt 0.0300 0.5000
vt 0.0300 0.5000
vt 0.0300 0.5000
vt 0.0300 0.5000
vt 0.0300 0.5000
vt 0.0300 0.5000
vt 0.0300 0.5000
vt 0.0300 0.5000
vt 0.0300 0.5000
vt 0.0300 0.5000
vt 0.0300 0.5000
vt 0.0300 0.5000
vt 0.0300 0.5000
vt 0.0300 0.5000
vt 0.0300 0.5000
vt 0.0300 0.5000
vt 0.0300 0.5000
vt 0.0300 0.5000
vt 0.0300 0.5000
vt 0.0300 0.5000
vt 0.0300 0.5000
vt 0.0300 0.5000
vt 0.0300 0.5000
vt 0.0300 0.5000
vt 0.0300 0.5000
vt 0.0300 0.5000
vt 0.0300 0.5000
vt 0.0300 0.5000
vt 0.0300 0.5000
vt 0.0300 0.5000
vt 0.0300 0.5000
vt 0.0300 0.5000
vt 0.0300 0.5000
vt 0.0300 0.5000
vt 0.0300 0.5000
vt 0.0300 0.5000
vt 0.0300 0.5000
vt 0.0300 0.5000
vt 0.0300 0.5000
vt 0.0300 0.5000
vt 0.0300 0.5000
vt 0.0300 0.5000
vt 0.0300 0.5000
vt 0.0300 0.5000
vt 0.0300 0.5000
vt 0.0300 0.5000
vt 0.0300 0.5000
vt 0.0300 0.5000
vt 0.0300 0.5000
vt 0.0300 0.5000
vt 0.0300 0.5000
vt 0.0300 0.5000
vt 0.0300 0.5000
vt 0.0300 0.5000
vt 0.0300 0.5000
vt 0.0300 0.5000
vt 0.0300 0.5000
vt 0.0300 0.5000
vt 0.0300 0.5000
vt 0.0300 0.5000
vt 0.0300 0.5000
vt 0.0300 0.5000
vt 0.0300 0.5000
vt 0.0300 0.5000
vt 0.0300 0.5000
vt 0.0300 0.5000
vt 0.0300 0.5000
vt 0.0300 0.5000
vt 0.0300 0.5000
vt 0.0300 0.5000
vt 0.0300 0.5000
vt 0.0300 0.5000
vt 0.0300 0.5000
vt 0.0300 0.5000
vt 0.0300 0.5000
vt 0.0300 0.5000
vt 0.0300 0.5000
vt 0.0300 0.5000
vt 0.0300 0.5000
vt 0.0300 0.5000
vt 0.0300 0.5000
vt 0.0300 0.5000
vt 0.0300 0.5000
vt 0.0300 0.5000
vt 0.0300 0.5000
vt 0.0300 0.5000
vt 0.0300 0.5000
vt 0.0300 0.5000
vt 0.0300 0.5000
vt 0.0300 0.5000
vt 0.0300 0.5000
vt 0.0300 0.5000
vt 0.0300 0.5000
vt 0.0300 0.5000
vt 0.0300 0.5000
vt 0.0300 0.5000
vt 0.0300 0.5000
vt 0.0300 0.5000
vt 0.0300 0.5000
vt 0.0300 0.5000
vt 0.0300 0.5000
vt 0.0300 0.5000
vt 0.0300 0.5000
vt 0.0300 0.5000
vt 0.0300 0.5000
vt 0.0300 0.5000
vt 0.0300 0.5000
vt 0.0300 0.5000
vt 0.0300 0.5000
vt 0.0300 0.5000
vt 0.0300 0.5000
vt 0.0300 0.5000
vt 0.0300 0.5000
vt 0.0300 0.5000
vt 0.0300 0.5000
vt 0.0300 0.5000
vt 0.0300 0.5000
vt 0.0300 0.5000
vt 0.0300 0.5000
vt 0.0300 0.5000
vt 0.0300 0.5000
vt 0.0300 0.5000
vt 0.0300 0.5000
vt 0.0300 0.5000
vt 0.0300 0.5000
vt 0.0300 0.5000
vt 0.0300 0.5000
vt 0.0300 0.5000
vt 0.0300 0.5000
vt 0.0300 0.5000
vt 0.0300 0.5000
vt 0.0300 0.5000
vt 0.0300 0.5000
vt 0.0300 0.5000
vt 0.0300 0.5000
vt 0.0300 0.5000
vt 0.0300 0.5000
vt 0.0300 0.5000
vt 0.0300 0.5000
vt 0.0300 0.5000
vt 0.0300 0.5000
vt 0.0300 0.5000
vt 0.0300 0.5000
vt 0.0300 0.5000
vt 0.0300 0.5000
vt 0.0300 0.5000
vt 0.0300 0.5000
vt 0.0300 0.5000
vt 0.0300 0.5000
vt 0.0300 0.5000
vt 0.0300 0.5000
vt 0.0300 0.5000
vt 0.0300 0.5000
vt 0.0300 0.5000
vt 0.0300 0.5000
vt 0.0300 0.5000
vt 0.0300 0.5000
vt 0.0300 0.5000
vt 0.0300 0.5000
vt 0.0300 0.5000
vt 0.0300 0.5000
vt 0.0300 0.5000
vt 0.0300 0.5000
vt 0.0300 0.5000
vt 0.0300 0.5000
vt 0.0300 0.5000
vt 0.0300 0.5000
vt 0.0300 0.5000
vt 0.0300 0.5000
vt 0.0300 0.5000
vt 0.0300 0.5000
vt 0.0300 0.5000
vt 0.0300 0.5000
vt 0.0300 0.5000
vt 0.0300 0.5000
vt 0.0300 0.5000
vt 0.0300 0.5000
vt 0.0300 0.5000
vt 0.0300 0.5000
vt 0.0300 0.5000
vt 0.0300 0.5000
vt 0.0300 0.5000
vt 0.0300 0.5000
vt 0.0300 0.5000
vt 0.0300 0.5000
vt 0.0300 0.5000
vt 0.0300 0.5000
vt 0.0300 0.5000
vt 0.9700 0.5000
vt 0.0300 0.5000
vt 0.0300 0.5000
vt 0.0300 0.5000
vt 0.0300 0.5000
vt 0.0300 0.5000
vt 0.0300 0.5000
vt 0.0300 0.5000
vt 0.0300 0.5000
vt 0.0300 0.5000
vt 0.0300 0.5000
vt 0.0300 0.5000
vt 0.0300 0.5000
vt 0.0300 0.5000
vt 0.0300 0.5000
vt 0.0300 0.5000
vt 0.0300 0.5000
vt 0.0300 0.5000
vt 0.0300 0.5000
vt 0.0300 0.5000
vt 0.0300 0.5000
vt 0.0300 0.5000
vt 0.0300 0.5000
vt 0.0300 0.5000
vt 0.0300 0.5000
vt 0.0300 0.5000
vt 0.0300 0.5000
vt 0.0300 0.5000
vt 0.0300 0.5000
vt 0.0300 0.5000
vt 0.0300 0.5000
vt 0.0300 0.5000
vt 0.0300 0.5000
vt 0.0300 0.5000
vt 0.0300 0.5000
vt 0.0300 0.5000
vt 0.0300 0.5000
vt 0.0300 0.5000
vt 0.0300 0.5000
vt 0.0300 0.5000
vt 0.0300 0.5000
vt 0.0300 0.5000
vt 0.0300 0.5000
vt 0.0300 0.5000
vt 0.0300 0.5000
vt 0.0300 0.5000
vt 0.0300 0.5000
vt 0.0300 0.5000
vt 0.0300 0.5000
vt 0.0300 0.5000
vt 0.0300 0.5000
vt 0.0300 0.5000
vt 0.0300 0.5000
vt 0.0300 0.5000
vt 0.0300 0.5000
vt 0.0300 0.5000
vt 0.0300 0.5000
vt 0.0300 0.5000
vt 0.0300 0.5000
vt 0.0300 0.5000
vt 0.0300 0.5000
vt 0.0300 0.5000
vt 0.0300 0.5000
vt 0.0300 0.5000
vt 0.0300 0.5000
vt 0.0300 0.5000
vt 0.0300 0.5000
vt 0.0300 0.5000
vt 0.0300 0.5000
vt 0.0300 0.5000
vt 0.0300 0.5000
vt 0.0300 0.5000
vt 0.0300 0.5000
vt 0.0300 0.5000
vt 0.0300 0.5000
vt 0.0300 0.5000
vt 0.0300 0.5000
vt 0.0300 0.5000
vt 0.0300 0.5000
vt 0.0300 0.5000
vt 0.0300 0.5000
vt 0.0300 0.5000
vt 0.0300 0.5000
vt 0.0300 0.5000
vt 0.0300 0.5000
vt 0.0300 0.5000
vt 0.0300 0.5000
vt 0.0300 0.5000
vt 0.0300 0.5000
vt 0.0300 0.5000
vt 0.0300 0.5000
vt 0.0300 0.5000
vt 0.0300 0.5000
vt 0.0300 0.5000
vt 0.0300 0.5000
vt 0.0300 0.5000
vt 0.0300 0.5000
vt 0.0300 0.5000
vt 0.0300 0.5000
vt 0.0300 0.5000
vt 0.0300 0.5000
vt 0.0300 0.5000
vt 0.0300 0.5000
vt 0.0300 0.5000
vt 0.0300 0.5000
vt 0.0300 0.5000
vt 0.0300 0.5000
vt 0.0300 0.5000
vt 0.0300 0.5000
vt 0.0300 0.5000
vt 0.0300 0.5000
vt 0.0300 0.5000
vt 0.0300 0.5000
vt 0.0300 0.5000
vt 0.0300 0.5000
vt 0.0300 0.5000
vt 0.0300 0.5000
vt 0.0300 0.5000
vt 0.0300 0.5000
vt 0.0300 0.5000
vt 0.0300 0.5000
vt 0.0300 0.5000
vt 0.0300 0.5000
vt 0.0300 0.5000
vt 0.0300 0.5000
vt 0.0300 0.5000
vt 0.0300 0.5000
vt 0.0300 0.5000
vt 0.0300 0.5000
vt 0.0300 0.5000
vt 0.0300 0.5000
vt 0.0300 0.5000
vt 0.0300 0.5000
vt 0.0300 0.5000
vt 0.0300 0.5000
vt 0.0300 0.5000
vt 0.0300 0.5000
vt 0.0300 0.5000
vt 0.0300 0.5000
vt 0.0300 0.5000
vt 0.0300 0.5000
vt 0.0300 0.5000
vt 0.0300 0.5000
vt 0.0300 0.5000
vt 0.0300 0.5000
vt 0.0300 0.5000
vt 0.0300 0.5000
vt 0.0300 0.5000
vt 0.0300 0.5000
vt 0.0300 0.5000
vt 0.0300 0.5000
vt 0.0300 0.5000
vt 0.0300 0.5000
vt 0.0300 0.5000
vt 0.0300 0.5000
vt 0.0300 0.5000
vt 0.0300 0.5000
vt 0.0300 0.5000
vt 0.0300 0.5000
vt 0.0300 0.5000
vt 0.0300 0.5000
vt 0.0300 0.5000
vt 0.0300 0.5000
vt 0.0300 0.5000
vt 0.0300 0.5000
vt 0.0300 0.5000
vt 0.0300 0.5000
vt 0.0300 0.5000
vt 0.0300 0.5000
vt 0.0300 0.5000
vt 0.0300 0.5000
vt 0.0300 0.5000
vt 0.0300 0.5000
vt 0.0300 0.5000
vt 0.0300 0.5000
vt 0.0300 0.5000
vt 0.0300 0.5000
vt 0.0300 0.5000
vt 0.0300 0.5000
vt 0.0300 0.5000
vt 0.0300 0.5000
vt 0.0300 0.5000
vt 0.0300 0.5000
vt 0.0300 0.5000
vt 0.0300 0.5000
vt 0.0300 0.5000
vt 0.0300 0.5000
vt 0.0300 0.5000
vt 0.0300 0.5000
vt 0.0300 0.5000
vt 0.0300 0.5000
vt 0.0300 0.5000
vt 0.0300 0.5000
vt 0.0300 0.5000
vt 0.0300 0.5000
vt 0.0300 0.5000
vt 0.0300 0.5000
vt 0.0300 0.5000
vt 0.0300 0.5000
vt 0.0300 0.5000
vt 0.0300 0.5000
vt 0.0300 0.5000
vt 0.0300 0.5000
vt 0.0300 0.5000
vt 0.0300 0.5000
vt 0.0300 0.5000
vt 0.0300 0.5000
vt 0.0300 0.5000
vt 0.0300 0.5000
vt 0.0300 0.5000
vt 0.0300 0.5000
vt 0.0300 0.5000
vt 0.0300 0.5000
vt 0.0300 0.5000
vt 0.0300 0.5000
vt 0.0300 0.5000
vt 0.0300 0.5000
vt 0.0300 0.5000
vt 0.0300 0.5000
vt 0.0300 0.5000
vt 0.0300 0.5000
vt 0.0300 0.5000
vt 0.0300 0.5000
vt 0.0300 0.5000
vt 0.0300 0.5000
vt 0.0300 0.5000
vt 0.0300 0.5000
vt 0.0300 0.5000
vt 0.0300 0.5000
vt 0.0300 0.5000
vt 0.0300 0.5000
vt 0.0300 0.5000
vt 0.0300 0.5000
vt 0.0300 0.5000
vt 0.0300 0.5000
vt 0.0300 0.5000
vt 0.0300 0.5000
vt 0.0300 0.5000
vt 0.0300 0.5000
vt 0.0300 0.5000
vt 0.0300 0.5000
vt 0.0300 0.5000
vt 0.0300 0.5000
vt 0.0300 0.5000
vt 0.0300 0.5000
vt 0.0300 0.5000
vt 0.0300 0.5000
vt 0.0300 0.5000
vt 0.0300 0.5000
vt 0.0300 0.5000
vt 0.0300 0.5000
vt 0.0300 0.5000
vt 0.0300 0.5000
vt 0.0300 0.5000
vt 0.0300 0.5000
vt 0.0300 0.5000
vt 0.0300 0.5000
vt 0.0300 0.5000
vt 0.0300 0.5000
vt 0.0300 0.5000
vt 0.0300 0.5000
vt 0.0300 0.5000
vt 0.0300 0.5000
vt 0.0300 0.5000
vt 0.0300 0.5000
vt 0.0300 0.5000
vt 0.0300 0.5000
vt 0.0300 0.5000
vt 0.0300 0.5000
vt 0.0300 0.5000
vt 0.0300 0.5000
vt 0.0300 0.5000
vt 0.0300 0.5000
vt 0.0300 0.5000
vt 0.0300 0.5000
vt 0.0300 0.5000
vt 0.0300 0.5000
vt 0.0300 0.5000
vt 0.0300 0.5000
vt 0.0300 0.5000
vt 0.0300 0.5000
vt 0.0300 0.5000
vt 0.0300 0.5000
vt 0.0300 0.5000
vt 0.0300 0.5000
vt 0.0300 0.5000
vt 0.0300 0.5000
vt 0.0300 0.5000
vt 0.0300 0.5000
vt 0.0300 0.5000
vt 0.0300 0.5000
vt 0.0300 0.5000
vt 0.0300 0.5000
vt 0.0300 0.5000
vt 0.0300 0.5000
vt 0.0300 0.5000
vt 0.0300 0.5000
vt 0.0300 0.5000
vt 0.0300 0.5000
vt 0.0300 0.5000
vt 0.0300 0.5000
vt 0.0300 0.5000
vt 0.0300 0.5000
vt 0.0300 0.5000
vt 0.0300 0.5000
vt 0.0300 0.5000
vt 0.0300 0.5000
vt 0.0300 0.5000
vt 0.0300 0.5000
vt 0.0300 0.5000
vt 0.0300 0.5000
vt 0.0300 0.5000
vt 0.0300 0.5000
vt 0.0300 0.5000
vt 0.0300 0.5000
vt 0.0300 0.5000
vt 0.0300 0.5000
vt 0.0300 0.5000
vt 0.0300 0.5000
vt 0.0300 0.5000
vt 0.0300 0.5000
vt 0.0300 0.5000
vt 0.0300 0.5000
vt 0.0300 0.5000
vt 0.0300 0.5000
vt 0.0300 0.5000
vt 0.0300 0.5000
vt 0.0300 0.5000
vt 0.0300 0.5000
vt 0.0300 0.5000
vt 0.0300 0.5000
vt 0.0300 0.5000
vt 0.0300 0.5000
vt 0.0300 0.5000
vt 0.0300 0.5000
vt 0.0300 0.5000
vt 0.0300 0.5000
vt 0.0300 0.5000
vt 0.0300 0.5000
vt 0.0300 0.5000
vt 0.0300 0.5000
vt 0.0300 0.5000
vt 0.0300 0.5000
vt 0.0300 0.5000
vt 0.0300 0.5000
vt 0.0300 0.5000
vt 0.0300 0.5000
vt 0.0300 0.5000
vt 0.0300 0.5000
vt 0.0300 0.5000
vt 0.0300 0.5000
vt 0.0300 0.5000
vt 0.0300 0.5000
vt 0.0300 0.5000
vt 0.0300 0.5000
vt 0.0300 0.5000
vt 0.0300 0.5000
vt 0.0300 0.5000
vt 0.0300 0.5000
vt 0.0300 0.5000
vt 0.0300 0.5000
vt 0.0300 0.5000
vt 0.0300 0.5000
vt 0.0300 0.5000
vt 0.0300 0.5000
vt 0.0300 0.5000
vt 0.0300 0.5000
vt 0.0300 0.5000
vt 0.0300 0.5000
vt 0.0300 0.5000
vt 0.0300 0.5000
vt 0.0300 0.5000
vt 0.0300 0.5000
vt 0.0300 0.5000
vt 0.0300 0.5000
vt 0.0300 0.5000
vt 0.0300 0.5000
vt 0.0300 0.5000
vt 0.0300 0.5000
vt 0.0300 0.5000
vt 0.0300 0.5000
vt 0.0300 0.5000
vt 0.0300 0.5000
vt 0.0300 0.5000
vt 0.0300 0.5000
vt 0.0300 0.5000
vt 0.0300 0.5000
vt 0.0300 0.5000
vt 0.0300 0.5000
vt 0.0300 0.5000
vt 0.0300 0.5000
vt 0.0300 0.5000
vt 0.0300 0.5000
vt 0.0300 0.5000
vt 0.0300 0.5000
vt 0.0300 0.5000
vt 0.0300 0.5000
vt 0.0300 0.5000
vt 0.0300 0.5000
vt 0.0300 0.5000
vt 0.0300 0.5000
vt 0.0300 0.5000
vt 0.0300 0.5000
vt 0.0300 0.5000
vt 0.0300 0.5000
vt 0.0300 0.5000
vt 0.0300 0.5000
vt 0.0300 0.5000
vt 0.0300 0.5000
vt 0.0300 0.5000
vt 0.0300 0.5000
vt 0.0300 0.5000
vt 0.0300 0.5000
vt 0.0300 0.5000
vt 0.0300 0.5000
vt 0.0300 0.5000
vt 0.0300 0.5000
vt 0.0300 0.5000
vt 0.0300 0.5000
vt 0.0300 0.5000
vt 0.0300 0.5000
vt 0.0300 0.5000
vt 0.0300 0.5000
vt 0.0300 0.5000
vt 0.0300 0.5000
vt 0.0300 0.5000
vt 0.0300 0.5000
vt 0.0300 0.5000
vt 0.0300 0.5000
vt 0.0300 0.5000
vt 0.0300 0.5000
vt 0.0300 0.5000
vt 0.0300 0.5000
vt 0.0300 0.5000
vt 0.0300 0.5000
vt 0.0300 0.5000
vt 0.0300 0.5000
vt 0.0300 0.5000
vt 0.0300 0.5000
vt 0.0300 0.5000
vt 0.0300 0.5000
vt 0.0300 0.5000
vt 0.0300 0.5000
vt 0.0300 0.5000
vt 0.0300 0.5000
vt 0.0300 0.5000
vt 0.0300 0.5000
vt 0.0300 0.5000
vt 0.0300 0.5000
vt 0.0300 0.5000
vt 0.0300 0.5000
vt 0.0300 0.5000
vt 0.0300 0.5000
vt 0.0300 0.5000
vt 0.0300 0.5000
vt 0.0300 0.5000
vt 0.0300 0.5000
vt 0.0300 0.5000
vt 0.0300 0.5000
vt 0.0300 0.5000
vt 0.0300 0.5000
vt 0.0300 0.5000
vt 0.0300 0.5000
vt 0.0300 0.5000
vt 0.0300 0.5000
vt 0.0300 0.5000
vt 0.0300 0.5000
vt 0.0300 0.5000
vt 0.0300 0.5000
vt 0.0300 0.5000
vt 0.0300 0.5000
vt 0.0300 0.5000
vt 0.0300 0.5000
vt 0.0300 0.5000
vt 0.0300 0.5000
vt 0.0300 0.5000
vt 0.0300 0.5000
vt 0.0300 0.5000
vt 0.0300 0.5000
vt 0.0300 0.5000
vt 0.0300 0.5000
vt 0.0300 0.5000
vt 0.0300 0.5000
vt 0.0300 0.5000
vt 0.0300 0.5000
vt 0.0300 0.5000
vt 0.0300 0.5000
vt 0.0300 0.5000
vt 0.0300 0.5000
vt 0.0300 0.5000
vt 0.0300 0.5000
vt 0.0300 0.5000
vt 0.0300 0.5000
vt 0.0300 0.5000
vt 0.0300 0.5000
vt 0.0300 0.5000
vt 0.0300 0.5000
vt 0.0300 0.5000
vt 0.0300 0.5000
vt 0.0300 0.5000
vt 0.0300 0.5000
vt 0.0300 0.5000
vt 0.0300 0.5000
vt 0.0300 0.5000
vt 0.0300 0.5000
vt 0.0300 0.5000
vt 0.0300 0.5000
vt 0.0300 0.5000
vt 0.0300 0.5000
vt 0.0300 0.5000
vt 0.0300 0.5000
vt 0.0300 0.5000
vt 0.0300 0.5000
vt 0.0300 0.5000
vt 0.0300 0.5000
vt 0.0300 0.5000
vt 0.0300 0.5000
vt 0.0300 0.5000
vt 0.0300 0.5000
vt 0.0300 0.5000
vt 0.0300 0.5000
vt 0.0300 0.5000
vt 0.0300 0.5000
vt 0.0300 0.5000
vt 0.0300 0.5000
vt 0.0300 0.5000
vt 0.0300 0.5000
vt 0.0300 0.5000
vt 0.0300 0.5000
vt 0.0300 0.5000
vt 0.0300 0.5000
vt 0.0300 0.5000
vt 0.0300 0.5000
vt 0.0300 0.5000
vt 0.0300 0.5000
vt 0.0300 0.5000
vt 0.0300 0.5000
vt 0.0300 0.5000
vt 0.0300 0.5000
vt 0.0300 0.5000
vt 0.0300 0.5000
vt 0.0300 0.5000
vt 0.0300 0.5000
vt 0.0300 0.5000
vt 0.0300 0.5000
vt 0.0300 0.5000
vt 0.0300 0.5000
vt 0.0300 0.5000
vt 0.0300 0.5000
vt 0.0300 0.5000
vt 0.0300 0.5000
vt 0.0300 0.5000
vt 0.0300 0.5000
vt 0.0300 0.5000
vt 0.0300 0.5000
vt 0.0300 0.5000
vt 0.0300 0.5000
vt 0.0300 0.5000
vt 0.0300 0.5000
vt 0.0300 0.5000
vt 0.0300 0.5000
vt 0.0300 0.5000
vt 0.0300 0.5000
vt 0.0300 0.5000
vt 0.0300 0.5000
vt 0.0300 0.5000
vt 0.0300 0.5000
vt 0.0300 0.5000
vt 0.0300 0.5000
vt 0.0300 0.5000
vt 0.0300 0.5000
vt 0.0300 0.5000
vt 0.0300 0.5000
vt 0.0300 0.5000
vt 0.0300 0.5000
vt 0.0300 0.5000
vt 0.0300 0.5000
vt 0.0300 0.5000
vt 0.0300 0.5000
vt 0.0300 0.5000
vt 0.0300 0.5000
vt 0.0300 0.5000
vt 0.0300 0.5000
vt 0.0300 0.5000
vt 0.0300 0.5000
vt 0.0300 0.5000
vt 0.0300 0.5000
vt 0.0300 0.5000
vt 0.0300 0.5000
vt 0.0300 0.5000
vt 0.0300 0.5000
vt 0.0300 0.5000
vt 0.0300 0.5000
vt 0.0300 0.5000
vt 0.0300 0.5000
vt 0.0300 0.5000
vt 0.0300 0.5000
vt 0.0300 0.5000
vt 0.0300 0.5000
vt 0.0300 0.5000
vt 0.0300 0.5000
vt 0.0300 0.5000
vt 0.0300 0.5000
vt 0.0300 0.5000
vt 0.0300 0.5000
vt 0.0300 0.5000
vt 0.0300 0.5000
vt 0.0300 0.5000
vt 0.0300 0.5000
vt 0.0300 0.5000
vt 0.0300 0.5000
vt 0.0300 0.5000
vt 0.0300 0.5000
vt 0.0300 0.5000
vt 0.0300 0.5000
vt 0.0300 0.5000
vt 0.0300 0.5000
vt 0.0300 0.5000
vt 0.0300 0.5000
vt 0.0300 0.5000
vt 0.0300 0.5000
vt 0.0300 0.5000
vt 0.0300 0.5000
vt 0.0300 0.5000
vt 0.0300 0.5000
vt 0.0300 0.5000
vt 0.0300 0.5000
vt 0.0300 0.5000
vt 0.0300 0.5000
vt 0.0300 0.5000
vt 0.0300 0.5000
vt 0.0300 0.5000
vt 0.0300 0.5000
vt 0.0300 0.5000
vt 0.0300 0.5000
vt 0.0300 0.5000
vt 0.0300 0.5000
vt 0.0300 0.5000
vt 0.0300 0.5000
vt 0.0300 0.5000
vt 0.0300 0.5000
vt 0.0300 0.5000
vt 0.0300 0.5000
vt 0.0300 0.5000
vt 0.0300 0.5000
vt 0.0300 0.5000
vt 0.0300 0.5000
vt 0.0300 0.5000
vt 0.0300 0.5000
vt 0.0300 0.5000
vt 0.0300 0.5000
vt 0.0300 0.5000
vt 0.0300 0.5000
vt 0.0300 0.5000
vt 0.0300 0.5000
vt 0.0300 0.5000
vt 0.0300 0.5000
vt 0.0300 0.5000
vt 0.0300 0.5000
vt 0.0300 0.5000
vt 0.0300 0.5000
vt 0.0300 0.5000
vt 0.0300 0.5000
vt 0.0300 0.5000
vt 0.0300 0.5000
vt 0.0300 0.5000
vt 0.0300 0.5000
vt 0.0300 0.5000
vt 0.0300 0.5000
vt 0.0300 0.5000
vt 0.0300 0.5000
vt 0.0300 0.5000
vt 0.0300 0.5000
vt 0.0300 0.5000
vt 0.0300 0.5000
vt 0.0300 0.5000
vt 0.0300 0.5000
vt 0.0300 0.5000
vt 0.0300 0.5000
vt 0.0300 0.5000
vt 0.0300 0.5000
vt 0.0300 0.5000
vt 0.0300 0.5000
vt 0.0300 0.5000
vt 0.0300 0.5000
vt 0.0300 0.5000
vt 0.0300 0.5000
vt 0.0300 0.5000
vt 0.0300 0.5000
vt 0.0300 0.5000
vt 0.0300 0.5000
vt 0.0300 0.5000
vt 0.0300 0.5000
vt 0.0300 0.5000
vt 0.0300 0.5000
vt 0.0300 0.5000
vt 0.0300 0.5000
vt 0.0300 0.5000
vt 0.0300 0.5000
vt 0.0300 0.5000
vt 0.0300 0.5000
vt 0.0300 0.5000
vt 0.0300 0.5000
vt 0.0300 0.5000
vt 0.0300 0.5000
vt 0.0300 0.5000
vt 0.0300 0.5000
vt 0.0300 0.5000
vt 0.0300 0.5000
vt 0.0300 0.5000
vt 0.0300 0.5000
vt 0.0300 0.5000
vt 0.0300 0.5000
vt 0.0300 0.5000
vt 0.0300 0.5000
vt 0.0300 0.5000
vt 0.0300 0.5000
vt 0.0300 0.5000
vt 0.0300 0.5000
vt 0.0300 0.5000
vt 0.0300 0.5000
vt 0.0300 0.5000
vt 0.0300 0.5000
vt 0.0300 0.5000
vt 0.0300 0.5000
vt 0.0300 0.5000
vt 0.0300 0.5000
vt 0.0300 0.5000
vt 0.0300 0.5000
vt 0.0300 0.5000
vt 0.0300 0.5000
vt 0.0300 0.5000
vt 0.0300 0.5000
vt 0.0300 0.5000
vt 0.0300 0.5000
vt 0.0300 0.5000
vt 0.0300 0.5000
vt 0.0300 0.5000
vt 0.0300 0.5000
vt 0.0300 0.5000
vt 0.0300 0.5000
vt 0.0300 0.5000
vt 0.0300 0.5000
vt 0.0300 0.5000
vt 0.0300 0.5000
vt 0.0300 0.5000
vt 0.0300 0.5000
vt 0.0300 0.5000
vt 0.0300 0.5000
vt 0.0300 0.5000
vt 0.0300 0.5000
vt 0.0300 0.5000
vt 0.0300 0.5000
vt 0.0300 0.5000
vt 0.0300 0.5000
vt 0.0300 0.5000
vt 0.0300 0.5000
vt 0.0300 0.5000
vt 0.0300 0.5000
vt 0.0300 0.5000
vt 0.0300 0.5000
vt 0.0300 0.5000
vt 0.0300 0.5000
vt 0.0300 0.5000
vt 0.0300 0.5000
vt 0.0300 0.5000
vt 0.0300 0.5000
vt 0.0300 0.5000
vt 0.0300 0.5000
vt 0.0300 0.5000
vt 0.0300 0.5000
vt 0.0300 0.5000
vt 0.0300 0.5000
vt 0.0300 0.5000
vt 0.0300 0.5000
vt 0.0300 0.5000
vt 0.0300 0.5000
vt 0.0300 0.5000
vt 0.0300 0.5000
vt 0.0300 0.5000
vt 0.0300 0.5000
vt 0.0300 0.5000
vt 0.0300 0.5000
vt 0.0300 0.5000
vt 0.0300 0.5000
vt 0.0300 0.5000
vt 0.0300 0.5000
vt 0.0300 0.5000
vt 0.0300 0.5000
vt 0.0300 0.5000
vt 0.0300 0.5000
vt 0.0300 0.5000
vt 0.0300 0.5000
vt 0.0300 0.5000
vt 0.0300 0.5000
vt 0.0300 0.5000
vt 0.0300 0.5000
vt 0.0300 0.5000
vt 0.0300 0.5000
vt 0.0300 0.5000
vt 0.0300 0.5000
vt 0.0300 0.5000
vt 0.0300 0.5000
vt 0.0300 0.5000
vt 0.0300 0.5000
vt 0.0300 0.5000
vt 0.0300 0.5000
vt 0.0300 0.5000
vt 0.0300 0.5000
vt 0.0300 0.5000
vt 0.0300 0.5000
vt 0.9700 0.5000
vt 0.0300 0.5000
vt 0.0300 0.5000
vt 0.0300 0.5000
vt 0.0300 0.5000
vt 0.0300 0.5000
vt 0.0300 0.5000
vt 0.0300 0.5000
vt 0.0300 0.5000
vt 0.0300 0.5000
vt 0.0300 0.5000
vt 0.0300 0.5000
vt 0.0300 0.5000
vt 0.0300 0.5000
vt 0.0300 0.5000
vt 0.0300 0.5000
vt 0.0300 0.5000
vt 0.0300 0.5000
vt 0.0300 0.5000
vt 0.0300 0.5000
vt 0.0300 0.5000
vt 0.0300 0.5000
vt 0.0300 0.5000
vt 0.0300 0.5000
vt 0.0300 0.5000
vt 0.0300 0.5000
vt 0.0300 0.5000
vt 0.0300 0.5000
vt 0.0300 0.5000
vt 0.0300 0.5000
vt 0.0300 0.5000
vt 0.0300 0.5000
vt 0.0300 0.5000
vt 0.0300 0.5000
vt 0.0300 0.5000
vt 0.0300 0.5000
vt 0.0300 0.5000
vt 0.0300 0.5000
vt 0.0300 0.5000
vt 0.0300 0.5000
vt 0.0300 0.5000
vt 0.0300 0.5000
vt 0.0300 0.5000
vt 0.0300 0.5000
vt 0.0300 0.5000
vt 0.0300 0.5000
vt 0.0300 0.5000
vt 0.0300 0.5000
vt 0.0300 0.5000
vt 0.0300 0.5000
vt 0.0300 0.5000
vt 0.0300 0.5000
vt 0.0300 0.5000
vt 0.0300 0.5000
vt 0.0300 0.5000
vt 0.0300 0.5000
vt 0.0300 0.5000
vt 0.0300 0.5000
vt 0.0300 0.5000
vt 0.0300 0.5000
vt 0.0300 0.5000
vt 0.0300 0.5000
vt 0.0300 0.5000
vt 0.0300 0.5000
vt 0.0300 0.5000
vt 0.0300 0.5000
vt 0.0300 0.5000
vt 0.0300 0.5000
vt 0.0300 0.5000
vt 0.0300 0.5000
vt 0.0300 0.5000
vt 0.0300 0.5000
vt 0.0300 0.5000
vt 0.0300 0.5000
vt 0.0300 0.5000
vt 0.0300 0.5000
vt 0.0300 0.5000
vt 0.0300 0.5000
vt 0.0300 0.5000
vt 0.0300 0.5000
vt 0.0300 0.5000
vt 0.0300 0.5000
vt 0.0300 0.5000
vt 0.0300 0.5000
vt 0.0300 0.5000
vt 0.0300 0.5000
vt 0.0300 0.5000
vt 0.0300 0.5000
vt 0.0300 0.5000
vt 0.0300 0.5000
vt 0.0300 0.5000
vt 0.0300 0.5000
vt 0.0300 0.5000
vt 0.0300 0.5000
vt 0.0300 0.5000
vt 0.0300 0.5000
vt 0.0300 0.5000
vt 0.0300 0.5000
vt 0.0300 0.5000
vt 0.0300 0.5000
vt 0.0300 0.5000
vt 0.0300 0.5000
vt 0.0300 0.5000
vt 0.0300 0.5000
vt 0.0300 0.5000
vt 0.0300 0.5000
vt 0.0300 0.5000
vt 0.0300 0.5000
vt 0.0300 0.5000
vt 0.0300 0.5000
vt 0.0300 0.5000
vt 0.0300 0.5000
vt 0.0300 0.5000
vt 0.0300 0.5000
vt 0.0300 0.5000
vt 0.0300 0.5000
vt 0.0300 0.5000
vt 0.0300 0.5000
vt 0.0300 0.5000
vt 0.0300 0.5000
vt 0.0300 0.5000
vt 0.0300 0.5000
vt 0.0300 0.5000
vt 0.0300 0.5000
vt 0.0300 0.5000
vt 0.0300 0.5000
vt 0.0300 0.5000
vt 0.0300 0.5000
vt 0.0300 0.5000
vt 0.0300 0.5000
vt 0.0300 0.5000
vt 0.0300 0.5000
vt 0.0300 0.5000
vt 0.0300 0.5000
vt 0.0300 0.5000
vt 0.0300 0.5000
vt 0.0300 0.5000
vt 0.0300 0.5000
vt 0.0300 0.5000
vt 0.0300 0.5000
vt 0.0300 0.5000
vt 0.0300 0.5000
vt 0.0300 0.5000
vt 0.0300 0.5000
vt 0.0300 0.5000
vt 0.0300 0.5000
vt 0.0300 0.5000
vt 0.0300 0.5000
vt 0.0300 0.5000
vt 0.0300 0.5000
vt 0.0300 0.5000
vt 0.0300 0.5000
vt 0.0300 0.5000
vt 0.0300 0.5000
vt 0.0300 0.5000
vt 0.0300 0.5000
vt 0.0300 0.5000
vt 0.0300 0.5000
vt 0.0300 0.5000
vt 0.0300 0.5000
vt 0.0300 0.5000
vt 0.0300 0.5000
vt 0.0300 0.5000
vt 0.0300 0.5000
vt 0.0300 0.5000
vt 0.0300 0.5000
vt 0.0300 0.5000
vt 0.0300 0.5000
vt 0.0300 0.5000
vt 0.0300 0.5000
vt 0.0300 0.5000
vt 0.0300 0.5000
vt 0.0300 0.5000
vt 0.0300 0.5000
vt 0.0300 0.5000
vt 0.0300 0.5000
vt 0.0300 0.5000
vt 0.0300 0.5000
vt 0.0300 0.5000
vt 0.0300 0.5000
vt 0.0300 0.5000
vt 0.0300 0.5000
vt 0.0300 0.5000
vt 0.0300 0.5000
vt 0.0300 0.5000
vt 0.0300 0.5000
vt 0.0300 0.5000
vt 0.0300 0.5000
vt 0.0300 0.5000
vt 0.0300 0.5000
vt 0.0300 0.5000
vt 0.0300 0.5000
vt 0.0300 0.5000
vt 0.0300 0.5000
vt 0.0300 0.5000
vt 0.0300 0.5000
vt 0.0300 0.5000
vt 0.0300 0.5000
vt 0.0300 0.5000
vt 0.0300 0.5000
vt 0.0300 0.5000
vt 0.0300 0.5000
vt 0.0300 0.5000
vt 0.0300 0.5000
vt 0.0300 0.5000
vt 0.0300 0.5000
vt 0.0300 0.5000
vt 0.0300 0.5000
vt 0.0300 0.5000
vt 0.0300 0.5000
vt 0.0300 0.5000
vt 0.0300 0.5000
vt 0.0300 0.5000
vt 0.0300 0.5000
vt 0.0300 0.5000
vt 0.0300 0.5000
vt 0.0300 0.5000
vt 0.0300 0.5000
vt 0.0300 0.5000
vt 0.0300 0.5000
vt 0.0300 0.5000
vt 0.0300 0.5000
vt 0.0300 0.5000
vt 0.0300 0.5000
vt 0.0300 0.5000
vt 0.0300 0.5000
vt 0.0300 0.5000
vt 0.0300 0.5000
vt 0.0300 0.5000
vt 0.0300 0.5000
vt 0.0300 0.5000
vt 0.0300 0.5000
vt 0.0300 0.5000
vt 0.0300 0.5000
vt 0.0300 0.5000
vt 0.0300 0.5000
vt 0.0300 0.5000
vt 0.0300 0.5000
vt 0.0300 0.5000
vt 0.0300 0.5000
vt 0.0300 0.5000
vt 0.0300 0.5000
vt 0.0300 0.5000
vt 0.0300 0.5000
vt 0.0300 0.5000
vt 0.0300 0.5000
vt 0.0300 0.5000
vt 0.0300 0.5000
vt 0.0300 0.5000
vt 0.0300 0.5000
vt 0.0300 0.5000
vt 0.0300 0.5000
vt 0.0300 0.5000
vt 0.0300 0.5000
vt 0.0300 0.5000
vt 0.0300 0.5000
vt 0.0300 0.5000
vt 0.0300 0.5000
vt 0.0300 0.5000
vt 0.0300 0.5000
vt 0.0300 0.5000
vt 0.0300 0.5000
vt 0.0300 0.5000
vt 0.0300 0.5000
vt 0.0300 0.5000
vt 0.0300 0.5000
vt 0.0300 0.5000
vt 0.0300 0.5000
vt 0.0300 0.5000
vt 0.0300 0.5000
vt 0.0300 0.5000
vt 0.0300 0.5000
vt 0.0300 0.5000
vt 0.0300 0.5000
vt 0.0300 0.5000
vt 0.0300 0.5000
vt 0.0300 0.5000
vt 0.0300 0.5000
vt 0.0300 0.5000
vt 0.0300 0.5000
vt 0.0300 0.5000
vt 0.0300 0.5000
vt 0.0300 0.5000
vt 0.0300 0.5000
vt 0.0300 0.5000
vt 0.0300 0.5000
vt 0.0300 0.5000
vt 0.0300 0.5000
vt 0.0300 0.5000
vt 0.0300 0.5000
vt 0.0300 0.5000
vt 0.0300 0.5000
vt 0.0300 0.5000
vt 0.0300 0.5000
vt 0.0300 0.5000
vt 0.0300 0.5000
vt 0.0300 0.5000
vt 0.0300 0.5000
vt 0.0300 0.5000
vt 0.0300 0.5000
vt 0.0300 0.5000
vt 0.0300 0.5000
vt 0.0300 0.5000
vt 0.0300 0.5000
vt 0.0300 0.5000
vt 0.0300 0.5000
vt 0.0300 0.5000
vt 0.0300 0.5000
vt 0.0300 0.5000
vt 0.0300 0.5000
vt 0.0300 0.5000
vt 0.0300 0.5000
vt 0.0300 0.5000
vt 0.0300 0.5000
vt 0.0300 0.5000
vt 0.0300 0.5000
vt 0.0300 0.5000
vt 0.0300 0.5000
vt 0.0300 0.5000
vt 0.0300 0.5000
vt 0.0300 0.5000
vt 0.0300 0.5000
vt 0.0300 0.5000
vt 0.0300 0.5000
vt 0.0300 0.5000
vt 0.0300 0.5000
vt 0.0300 0.5000
vt 0.0300 0.5000
vt 0.0300 0.5000
vt 0.0300 0.5000
vt 0.0300 0.5000
vt 0.0300 0.5000
vt 0.0300 0.5000
vt 0.0300 0.5000
vt 0.0300 0.5000
vt 0.0300 0.5000
vt 0.0300 0.5000
vt 0.0300 0.5000
vt 0.0300 0.5000
vt 0.0300 0.5000
vt 0.0300 0.5000
vt 0.0300 0.5000
vt 0.0300 0.5000
vt 0.0300 0.5000
vt 0.0300 0.5000
vt 0.0300 0.5000
vt 0.0300 0.5000
vt 0.0300 0.5000
vt 0.0300 0.5000
vt 0.0300 0.5000
vt 0.0300 0.5000
vt 0.0300 0.5000
vt 0.0300 0.5000
vt 0.0300 0.5000
vt 0.0300 0.5000
vt 0.0300 0.5000
vt 0.0300 0.5000
vt 0.0300 0.5000
vt 0.0300 0.5000
vt 0.0300 0.5000
vt 0.0300 0.5000
vt 0.0300 0.5000
vt 0.0300 0.5000
vt 0.0300 0.5000
vt 0.0300 0.5000
vt 0.0300 0.5000
vt 0.0300 0.5000
vt 0.0300 0.5000
vt 0.0300 0.5000
vt 0.0300 0.5000
vt 0.0300 0.5000
vt 0.0300 0.5000
vt 0.0300 0.5000
vt 0.0300 0.5000
vt 0.0300 0.5000
vt 0.0300 0.5000
vt 0.0300 0.5000
vt 0.0300 0.5000
vt 0.0300 0.5000
vt 0.0300 0.5000
vt 0.9700 0.5000
vt 0.9700 0.5000
vt 0.0300 0.5000
vt 0.0300 0.5000
vt 0.0300 0.5000
vt 0.0300 0.5000
vt 0.0300 0.5000
vt 0.0300 0.5000
vt 0.9700 0.5000
vt 0.9700 0.5000
vt 0.0300 0.5000
vt 0.0300 0.5000
vt 0.0300 0.5000
vt 0.0300 0.5000
vt 0.0300 0.5000
vt 0.0300 0.5000
vt 0.9700 0.5000
vt 0.9700 0.5000
vt 0.0300 0.5000
vt 0.0300 0.5000
vt 0.0300 0.5000
vt 0.9700 0.5000
vt 0.0300 0.5000
vt 0.0300 0.5000
vt 0.9700 0.5000
vt 0.9700 0.5000
vt 0.0300 0.5000
vt 0.0300 0.5000
vt 0.0300 0.5000
vt 0.0300 0.5000
vt 0.0300 0.5000
vt 0.0300 0.5000
vt 0.9700 0.5000
vt 0.9700 0.5000
vt 0.0300 0.5000
vt 0.0300 0.5000
vt 0.9700 0.5000
vt 0.9700 0.5000
vt 0.0300 0.5000
vt 0.0300 0.5000
vt 0.9700 0.5000
vt 0.9700 0.5000
vt 0.0300 0.5000
vt 0.0300 0.5000
vt 0.0300 0.5000
vt 0.0300 0.5000
vt 0.0300 0.5000
vt 0.0300 0.5000
vt 0.9700 0.5000
vt 0.9700 0.5000
vt 0.0300 0.5000
vt 0.0300 0.5000
vt 0.9700 0.5000
vt 0.9700 0.5000
vt 0.0300 0.5000
vt 0.0300 0.5000
vt 0.9700 0.5000
vt 0.9700 0.5000
vt 0.0300 0.5000
vt 0.0300 0.5000
vt 0.0300 0.5000
vt 0.0300 0.5000
vt 0.0300 0.5000
vt 0.0300 0.5000
vt 0.9700 0.5000
vt 0.9700 0.5000
vt 0.0300 0.5000
vt 0.0300 0.5000
vt 0.9700 0.5000
vt 0.9700 0.5000
vt 0.0300 0.5000
vt 0.0300 0.5000
vt 0.9700 0.5000
vt 0.9700 0.5000
vt 0.0300 0.5000
vt 0.0300 0.5000
vt 0.0300 0.5000
vt 0.0300 0.5000
vt 0.0300 0.5000
vt 0.0300 0.5000
vt 0.9700 0.5000
vt 0.9700 0.5000
vt 0.0300 0.5000
vt 0.0300 0.5000
vt 0.9700 0.5000
vt 0.9700 0.5000
vt 0.9700 0.5000
vt 0.0300 0.5000
vt 0.0300 0.5000
vt 0.0300 0.5000
vt 0.0300 0.5000
vt 0.0300 0.5000
vt 0.0300 0.5000
vt 0.0300 0.5000
vt 0.0300 0.5000
vt 0.0300 0.5000
vt 0.9700 0.5000
vt 0.9700 0.5000
vt 0.0300 0.5000
vt 0.0300 0.5000
vt 0.9700 0.5000
vt 0.9700 0.5000
vt 0.0300 0.5000
vt 0.0300 0.5000
vt 0.0300 0.5000
vt 0.0300 0.5000
vt 0.0300 0.5000
vt 0.0300 0.5000
vt 0.0300 0.5000
vt 0.0300 0.5000
vt 0.0300 0.5000
vt 0.0300 0.5000
vt 0.9700 0.5000
vt 0.9700 0.5000
vt 0.0300 0.5000
vt 0.0300 0.5000
vt 0.9700 0.5000
vt 0.9700 0.5000
vt 0.0300 0.5000
vt 0.0300 0.5000
vt 0.0300 0.5000
vt 0.0300 0.5000
vt 0.0300 0.5000
vt 0.0300 0.5000
vt 0.9700 0.5000
vt 0.9700 0.5000
vt 0.0300 0.5000
vt 0.0300 0.5000
vt 0.9700 0.5000
vt 0.9700 0.5000
vt 0.0300 0.5000
vt 0.0300 0.5000
vt 0.0300 0.5000
vt 0.0300 0.5000
vt 0.0300 0.5000
vt 0.0300 0.5000
vt 0.9700 0.5000
vt 0.9700 0.5000
vt 0.0300 0.5000
vt 0.0300 0.5000
vt 0.9700 0.5000
vt 0.9700 0.5000
vt 0.0300 0.5000
vt 0.0300 0.5000
vt 0.0300 0.5000
vt 0.0300 0.5000
vt 0.0300 0.5000
vt 0.0300 0.5000
vt 0.9700 0.5000
vt 0.9700 0.5000
vt 0.0300 0.5000
vt 0.0300 0.5000
vt 0.9700 0.5000
vt 0.9700 0.5000
vt 0.0300 0.5000
vt 0.0300 0.5000
vt 0.0300 0.5000
vt 0.0300 0.5000
vt 0.0300 0.5000
vt 0.0300 0.5000
vt 0.9700 0.5000
vt 0.9700 0.5000
vt 0.0300 0.5000
vt 0.0300 0.5000
vt 0.9700 0.5000
vt 0.9700 0.5000
vt 0.0300 0.5000
vt 0.0300 0.5000
vt 0.0300 0.5000
vt 0.0300 0.5000
vt 0.0300 0.5000
vt 0.0300 0.5000
vt 0.9700 0.5000
vt 0.9700 0.5000
vt 0.0300 0.5000
vt 0.0300 0.5000
vt 0.9700 0.5000
vt 0.9700 0.5000
vt 0.0300 0.5000
vt 0.0300 0.5000
vt 0.0300 0.5000
vt 0.0300 0.5000
vt 0.0300 0.5000
vt 0.0300 0.5000
vt 0.9700 0.5000
vt 0.9700 0.5000
vt 0.9700 0.5000
vt 0.9700 0.5000
vt 0.9700 0.5000
vt 0.9700 0.5000
vt 0.9700 0.5000
vt 0.9700 0.5000
vt 0.9700 0.5000
vt 0.9700 0.5000
vt 0.0300 0.5000
vt 0.0300 0.5000
vt 0.9700 0.5000
vt 0.9700 0.5000
vt 0.9700 0.5000
vt 0.9700 0.5000
vt 0.9700 0.5000
vt 0.9700 0.5000
vt 0.9700 0.5000
vt 0.9700 0.5000
vt 0.9700 0.5000
vt 0.9700 0.5000
vt 0.0300 0.5000
vt 0.0300 0.5000
vt 0.9700 0.5000
vt 0.9700 0.5000
vt 0.9700 0.5000
vt 0.9700 0.5000
vt 0.9700 0.5000
vt 0.9700 0.5000
vt 0.9700 0.5000
vt 0.9700 0.5000
vt 0.9700 0.5000
vt 0.9700 0.5000
vt 0.0300 0.5000
vt 0.0300 0.5000
vt 0.9700 0.5000
vt 0.9700 0.5000
vt 0.9700 0.5000
vt 0.9700 0.5000
vt 0.9700 0.5000
vt 0.9700 0.5000
vt 0.0300 0.5000
vt 0.0300 0.5000
vt 0.9700 0.5000
vt 0.9700 0.5000
vt 0.9700 0.5000
vt 0.9700 0.5000
vt 0.9700 0.5000
vt 0.0300 0.5000
vt 0.0300 0.5000
vt 0.9700 0.5000
vt 0.9700 0.5000
vt 0.9700 0.5000
vt 0.9700 0.5000
vt 0.9700 0.5000
vt 0.9700 0.5000
vt 0.0300 0.5000
vt 0.0300 0.5000
vt 0.9700 0.5000
vt 0.9700 0.5000
vt 0.9700 0.5000
vt 0.9700 0.5000
vt 0.9700 0.5000
vt 0.9700 0.5000
vt 0.9700 0.5000
vt 0.0300 0.5000
vt 0.9700 0.5000
vt 0.9700 0.5000
vt 0.9700 0.5000
vt 0.9700 0.5000
vt 0.9700 0.5000
vt 0.9700 0.5000
vt 0.0300 0.5000
vt 0.0300 0.5000
vt 0.9700 0.5000
vt 0.9700 0.5000
vt 0.9700 0.5000
vt 0.9700 0.5000
vt 0.9700 0.5000
vt 0.9700 0.5000
vt 0.9700 0.5000
vt 0.9700 0.5000
vt 0.9700 0.5000
vt 0.9700 0.5000
vt 0.9700 0.5000
vt 0.9700 0.5000
vt 0.9700 0.5000
vt 0.9700 0.5000
vt 0.0300 0.5000
vt 0.0300 0.5000
vt 0.9700 0.5000
vt 0.9700 0.5000
vt 0.9700 0.5000
vt 0.9700 0.5000
vt 0.9700 0.5000
vt 0.9700 0.5000
vt 0.9700 0.5000
vt 0.9700 0.5000
vt 0.9700 0.5000
vt 0.9700 0.5000
vt 0.9700 0.5000
vt 0.9700 0.5000
vt 0.9700 0.5000
vt 0.9700 0.5000
vt 0.0300 0.5000
vt 0.0300 0.5000
vt 0.9700 0.5000
vt 0.9700 0.5000
vt 0.9700 0.5000
vt 0.9700 0.5000
vt 0.9700 0.5000
vt 0.9700 0.5000
vt 0.9700 0.5000
vt 0.9700 0.5000
vt 0.9700 0.5000
vt 0.9700 0.5000
vt 0.9700 0.5000
vt 0.9700 0.5000
vt 0.9700 0.5000
vt 0.9700 0.5000
vt 0.0300 0.5000
vt 0.0300 0.5000
vt 0.9700 0.5000
vt 0.9700 0.5000
vt 0.9700 0.5000
vt 0.9700 0.5000
vt 0.9700 0.5000
vt 0.9700 0.5000
vt 0.9700 0.5000
vt 0.9700 0.5000
vt 0.9700 0.5000
vt 0.9700 0.5000
vt 0.0300 0.5000
vt 0.9700 0.5000
vt 0.0300 0.5000
vt 0.0300 0.5000
vt 0.0300 0.5000
vt 0.0300 0.5000
vt 0.9700 0.5000
vt 0.9700 0.5000
vt 0.9700 0.5000
vt 0.9700 0.5000
vt 0.9700 0.5000
vt 0.9700 0.5000
vt 0.9700 0.5000
vt 0.9700 0.5000
vt 0.9700 0.5000
vt 0.9700 0.5000
vt 0.0300 0.5000
vt 0.0300 0.5000
vt 0.0300 0.5000
vt 0.0300 0.5000
vt 0.0300 0.5000
vt 0.0300 0.5000
vt 0.9700 0.5000
vt 0.9700 0.5000
vt 0.9700 0.5000
vt 0.9700 0.5000
vt 0.9700 0.5000
vt 0.9700 0.5000
vt 0.9700 0.5000
vt 0.9700 0.5000
vt 0.9700 0.5000
vt 0.9700 0.5000
vt 0.0300 0.5000
vt 0.0300 0.5000
vt 0.9700 0.5000
vt 0.9700 0.5000
vt 0.9700 0.5000
vt 0.9700 0.5000
vt 0.9700 0.5000
vt 0.9700 0.5000
vt 0.9700 0.5000
vt 0.9700 0.5000
vt 0.9700 0.5000
vt 0.9700 0.5000
vt 0.0300 0.5000
vt 0.0300 0.5000
vt 0.9700 0.5000
vt 0.9700 0.5000
vt 0.9700 0.5000
vt 0.9700 0.5000
vt 0.9700 0.5000
vt 0.9700 0.5000
vt 0.9700 0.5000
vt 0.9700 0.5000
vt 0.9700 0.5000
vt 0.9700 0.5000
vt 0.0300 0.5000
vt 0.0300 0.5000
vt 0.9700 0.5000
vt 0.9700 0.5000
vt 0.9700 0.5000
vt 0.9700 0.5000
vt 0.9700 0.5000
vt 0.9700 0.5000
vt 0.9700 0.5000
vt 0.9700 0.5000
vt 0.9700 0.5000
vt 0.9700 0.5000
vt 0.9700 0.5000
vt 0.9700 0.5000
vt 0.9700 0.5000
vt 0.9700 0.5000
vt 0.9700 0.5000
vt 0.9700 0.5000
vt 0.9700 0.5000
vt 0.9700 0.5000
vt 0.9700 0.5000
vt 0.9700 0.5000
vt 0.9700 0.5000
vt 0.9700 0.5000
vt 0.9700 0.5000
vt 0.9700 0.5000
vt 0.9700 0.5000
vt 0.9700 0.5000
vt 0.9700 0.5000
vt 0.9700 0.5000
vt 0.9700 0.5000
vt 0.9700 0.5000
vt 0.9700 0.5000
vt 0.9700 0.5000
vt 0.9700 0.5000
vt 0.9700 0.5000
vt 0.9700 0.5000
vt 0.9700 0.5000
vt 0.9700 0.5000
vt 0.9700 0.5000
vt 0.9700 0.5000
vt 0.9700 0.5000
vt 0.9700 0.5000
vt 0.9700 0.5000
vt 0.9700 0.5000
vt 0.9700 0.5000
vt 0.9700 0.5000
vt 0.9700 0.5000
vt 0.9700 0.5000
vt 0.9700 0.5000
vt 0.9700 0.5000
vt 0.9700 0.5000
vt 0.9700 0.5000
vt 0.9700 0.5000
vt 0.9700 0.5000
vt 0.9700 0.5000
vt 0.9700 0.5000
vt 0.9700 0.5000
vt 0.9700 0.5000
vt 0.9700 0.5000
vt 0.9700 0.5000
vt 0.9700 0.5000
vt 0.9700 0.5000
vt 0.9700 0.5000
vt 0.9700 0.5000
vt 0.9700 0.5000
vt 0.9700 0.5000
vt 0.9700 0.5000
vt 0.9700 0.5000
vt 0.9700 0.5000
vt 0.9700 0.5000
vt 0.9700 0.5000
vt 0.9700 0.5000
vt 0.9700 0.5000
vt 0.9700 0.5000
vt 0.9700 0.5000
vt 0.9700 0.5000
vt 0.9700 0.5000
vt 0.9700 0.5000
vt 0.9700 0.5000
vt 0.9700 0.5000
vt 0.9700 0.5000
vt 0.9700 0.5000
vt 0.9700 0.5000
vt 0.9700 0.5000
vt 0.0300 0.5000
vt 0.9700 0.5000
vt 0.9700 0.5000
vt 0.9700 0.5000
vt 0.9700 0.5000
vt 0.9700 0.5000
vt 0.9700 0.5000
vt 0.9700 0.5000
vt 0.9700 0.5000
vt 0.9700 0.5000
vt 0.9700 0.5000
vt 0.9700 0.5000
vt 0.9700 0.5000
vt 0.9700 0.5000
vt 0.9700 0.5000
vt 0.9700 0.5000
vt 0.9700 0.5000
vt 0.9700 0.5000
vt 0.9700 0.5000
vt 0.9700 0.5000
vt 0.9700 0.5000
vt 0.9700 0.5000
vt 0.9700 0.5000
vt 0.9700 0.5000
vt 0.9700 0.5000
vt 0.9700 0.5000
vt 0.9700 0.5000
vt 0.9700 0.5000
vt 0.9700 0.5000
vt 0.9700 0.5000
vt 0.9700 0.5000
vt 0.9700 0.5000
vt 0.9700 0.5000
vt 0.9700 0.5000
vt 0.9700 0.5000
vt 0.9700 0.5000
vt 0.9700 0.5000
vt 0.9700 0.5000
vt 0.9700 0.5000
vt 0.9700 0.5000
vt 0.9700 0.5000
vt 0.9700 0.5000
vt 0.9700 0.5000
vt 0.9700 0.5000
vt 0.9700 0.5000
vt 0.9700 0.5000
vt 0.9700 0.5000
vt 0.9700 0.5000
vt 0.9700 0.5000
vt 0.9700 0.5000
vt 0.9700 0.5000
vt 0.9700 0.5000
vt 0.9700 0.5000
vt 0.9700 0.5000
vt 0.9700 0.5000
vt 0.9700 0.5000
vt 0.9700 0.5000
vt 0.9700 0.5000
vt 0.9700 0.5000
vt 0.9700 0.5000
vt 0.9700 0.5000
vt 0.9700 0.5000
vt 0.9700 0.5000
vt 0.9700 0.5000
vt 0.9700 0.5000
vt 0.9700 0.5000
vt 0.9700 0.5000
vt 0.9700 0.5000
vt 0.9700 0.5000
vt 0.9700 0.5000
vt 0.9700 0.5000
vt 0.9700 0.5000
vt 0.9700 0.5000
vt 0.9700 0.5000
vt 0.9700 0.5000
vt 0.9700 0.5000
vt 0.9700 0.5000
vt 0.9700 0.5000
vt 0.9700 0.5000
vt 0.9700 0.5000
vt 0.9700 0.5000
vt 0.9700 0.5000
vt 0.9700 0.5000
vt 0.9700 0.5000
vt 0.9700 0.5000
vt 0.9700 0.5000
vt 0.9700 0.5000
vt 0.9700 0.5000
vt 0.9700 0.5000
vt 0.9700 0.5000
vt 0.9700 0.5000
vt 0.0300 0.5000
vt 0.0300 0.5000
vt 0.0300 0.5000
vt 0.9700 0.5000
vt 0.9700 0.5000
vt 0.9700 0.5000
vt 0.9700 0.5000
vt 0.9700 0.5000
vt 0.9700 0.5000
vt 0.9700 0.5000
vt 0.9700 0.5000
vt 0.9700 0.5000
vt 0.9700 0.5000
vt 0.9700 0.5000
vt 0.9700 0.5000
vt 0.0300 0.5000
vt 0.0300 0.5000
vt 0.0300 0.5000
vt 0.0300 0.5000
vt 0.9700 0.5000
vt 0.9700 0.5000
vt 0.9700 0.5000
vt 0.9700 0.5000
vt 0.9700 0.5000
vt 0.9700 0.5000
vt 0.9700 0.5000
vt 0.9700 0.5000
vt 0.9700 0.5000
vt 0.9700 0.5000
vt 0.9700 0.5000
vt 0.9700 0.5000
vt 0.9700 0.5000
vt 0.9700 0.5000
vt 0.9700 0.5000
vt 0.9700 0.5000
vt 0.9700 0.5000
vt 0.9700 0.5000
vt 0.9700 0.5000
vt 0.9700 0.5000
vt 0.9700 0.5000
vt 0.9700 0.5000
vt 0.9700 0.5000
vt 0.9700 0.5000
vt 0.9700 0.5000
vt 0.9700 0.5000
vt 0.9700 0.5000
vt 0.9700 0.5000
vt 0.9700 0.5000
vt 0.9700 0.5000
vt 0.9700 0.5000
vt 0.9700 0.5000
vt 0.9700 0.5000
vt 0.9700 0.5000
vt 0.9700 0.5000
vt 0.9700 0.5000
vt 0.9700 0.5000
vt 0.9700 0.5000
vt 0.9700 0.5000
vt 0.9700 0.5000
vt 0.9700 0.5000
vt 0.9700 0.5000
vt 0.9700 0.5000
vt 0.9700 0.5000
vt 0.9700 0.5000
vt 0.9700 0.5000
vt 0.9700 0.5000
vt 0.9700 0.5000
vt 0.9700 0.5000
vt 0.9700 0.5000
vt 0.9700 0.5000
vt 0.9700 0.5000
vt 0.9700 0.5000
vt 0.9700 0.5000
vt 0.9700 0.5000
vt 0.9700 0.5000
vt 0.9700 0.5000
vt 0.9700 0.5000
vt 0.9700 0.5000
vt 0.9700 0.5000
vt 0.9700 0.5000
vt 0.9700 0.5000
vt 0.9700 0.5000
vt 0.9700 0.5000
vt 0.9700 0.5000
vt 0.9700 0.5000
vt 0.9700 0.5000
vt 0.9700 0.5000
vt 0.9700 0.5000
vt 0.9700 0.5000
vt 0.9700 0.5000
vt 0.9700 0.5000
vt 0.9700 0.5000
vt 0.9700 0.5000
vt 0.9700 0.5000
vt 0.9700 0.5000
vt 0.9700 0.5000
vt 0.9700 0.5000
vt 0.9700 0.5000
vt 0.9700 0.5000
vt 0.9700 0.5000
vt 0.9700 0.5000
vt 0.9700 0.5000
vt 0.9700 0.5000
vt 0.9700 0.5000
vt 0.9700 0.5000
vt 0.9700 0.5000
vt 0.9700 0.5000
vt 0.9700 0.5000
vt 0.9700 0.5000
vt 0.9700 0.5000
vt 0.9700 0.5000
vt 0.9700 0.5000
vt 0.9700 0.5000
vt 0.9700 0.5000
vt 0.9700 0.5000
vt 0.9700 0.5000
vt 0.9700 0.5000
vt 0.9700 0.5000
vt 0.9700 0.5000
vt 0.9700 0.5000
vt 0.9700 0.5000
vt 0.9700 0.5000
vt 0.9700 0.5000
vt 0.9700 0.5000
vt 0.9700 0.5000
vt 0.9700 0.5000
vt 0.9700 0.5000
vt 0.9700 0.5000
vt 0.9700 0.5000
vt 0.9700 0.5000
vt 0.9700 0.5000
vt 0.9700 0.5000
vt 0.9700 0.5000
vt 0.9700 0.5000
vt 0.9700 0.5000
vt 0.0300 0.5000
vt 0.9700 0.5000
vt 0.0300 0.5000
vt 0.0300 0.5000
vt 0.9700 0.5000
vt 0.9700 0.5000
vt 0.9700 0.5000
vt 0.9700 0.5000
vt 0.9700 0.5000
vt 0.9700 0.5000
vt 0.9700 0.5000
vt 0.9700 0.5000
vt 0.9700 0.5000
vt 0.0300 0.5000
vt 0.9700 0.5000
vt 0.9700 0.5000
vt 0.9700 0.5000
vt 0.9700 0.5000
vt 0.9700 0.5000
vt 0.0300 0.5000
vt 0.9700 0.5000
vt 0.0300 0.5000
vt 0.0300 0.5000
vt 0.9700 0.5000
vt 0.9700 0.5000
vt 0.9700 0.5000
vt 0.9700 0.5000
vt 0.9700 0.5000
vt 0.9700 0.5000
vt 0.9700 0.5000
vt 0.9700 0.5000
vt 0.9700 0.5000
vt 0.9700 0.5000
vt 0.9700 0.5000
vt 0.9700 0.5000
vt 0.9700 0.5000
vt 0.9700 0.5000
vt 0.9700 0.5000
vt 0.9700 0.5000
vt 0.9700 0.5000
vt 0.9700 0.5000
vt 0.9700 0.5000
vt 0.9700 0.5000
vt 0.9700 0.5000
vt 0.9700 0.5000
vt 0.9700 0.5000
vt 0.9700 0.5000
vt 0.9700 0.5000
vt 0.9700 0.5000
vt 0.9700 0.5000
vt 0.9700 0.5000
vt 0.9700 0.5000
vt 0.9700 0.5000
vt 0.9700 0.5000
vt 0.9700 0.5000
vt 0.9700 0.5000
vt 0.9700 0.5000
vt 0.9700 0.5000
vt 0.9700 0.5000
vt 0.9700 0.5000
vt 0.9700 0.5000
vt 0.9700 0.5000
vt 0.9700 0.5000
vt 0.9700 0.5000
vt 0.9700 0.5000
vt 0.9700 0.5000
vt 0.9700 0.5000
vt 0.9700 0.5000
vt 0.9700 0.5000
vt 0.9700 0.5000
vt 0.9700 0.5000
vt 0.9700 0.5000
vt 0.9700 0.5000
vt 0.9700 0.5000
vt 0.9700 0.5000
vt 0.9700 0.5000
vt 0.9700 0.5000
vt 0.9700 0.5000
vt 0.9700 0.5000
vt 0.9700 0.5000
vt 0.9700 0.5000
vt 0.9700 0.5000
vt 0.9700 0.5000
vt 0.9700 0.5000
vt 0.9700 0.5000
vt 0.9700 0.5000
vt 0.9700 0.5000
vt 0.9700 0.5000
vt 0.9700 0.5000
vt 0.9700 0.5000
vt 0.9700 0.5000
vt 0.9700 0.5000
vt 0.9700 0.5000
vt 0.9700 0.5000
vt 0.9700 0.5000
vt 0.9700 0.5000
vt 0.9700 0.5000
vt 0.9700 0.5000
vt 0.9700 0.5000
vt 0.9700 0.5000
vt 0.9700 0.5000
vt 0.9700 0.5000
vt 0.9700 0.5000
vt 0.9700 0.5000
vt 0.9700 0.5000
vt 0.9700 0.5000
vt 0.9700 0.5000
vt 0.9700 0.5000
vt 0.9700 0.5000
vt 0.9700 0.5000
vt 0.9700 0.5000
vt 0.9700 0.5000
vt 0.9700 0.5000
vt 0.9700 0.5000
vt 0.9700 0.5000
vt 0.9700 0.5000
vt 0.9700 0.5000
vt 0.9700 0.5000
vt 0.9700 0.5000
vt 0.9700 0.5000
vt 0.9700 0.5000
vt 0.9700 0.5000
vt 0.9700 0.5000
vt 0.9700 0.5000
vt 0.9700 0.5000
vt 0.9700 0.5000
vt 0.9700 0.5000
vt 0.9700 0.5000
vt 0.9700 0.5000
vt 0.9700 0.5000
vt 0.9700 0.5000
vt 0.9700 0.5000
vt 0.9700 0.5000
vt 0.9700 0.5000
vt 0.9700 0.5000
vt 0.9700 0.5000
vt 0.9700 0.5000
vt 0.9700 0.5000
vt 0.9700 0.5000
vt 0.9700 0.5000
vt 0.9700 0.5000
vt 0.9700 0.5000
vt 0.9700 0.5000
vt 0.9700 0.5000
vt 0.9700 0.5000
vt 0.9700 0.5000
vt 0.9700 0.5000
vt 0.9700 0.5000
vt 0.9700 0.5000
vt 0.9700 0.5000
vt 0.9700 0.5000
vt 0.9700 0.5000
vt 0.9700 0.5000
vt 0.9700 0.5000
vt 0.9700 0.5000
vt 0.9700 0.5000
vt 0.0300 0.5000
vt 0.9700 0.5000
vt 0.9700 0.5000
vt 0.9700 0.5000
vt 0.9700 0.5000
vt 0.9700 0.5000
vt 0.9700 0.5000
vt 0.9700 0.5000
vt 0.9700 0.5000
vt 0.9700 0.5000
vt 0.9700 0.5000
vt 0.9700 0.5000
vt 0.9700 0.5000
vt 0.9700 0.5000
vt 0.9700 0.5000
vt 0.9700 0.5000
vt 0.9700 0.5000
vt 0.9700 0.5000
vt 0.9700 0.5000
vt 0.9700 0.5000
vt 0.9700 0.5000
vt 0.9700 0.5000
vt 0.9700 0.5000
vt 0.9700 0.5000
vt 0.9700 0.5000
vt 0.9700 0.5000
vt 0.9700 0.5000
vt 0.9700 0.5000
vt 0.9700 0.5000
vt 0.9700 0.5000
vt 0.9700 0.5000
vt 0.9700 0.5000
vt 0.9700 0.5000
vt 0.9700 0.5000
vt 0.9700 0.5000
vt 0.9700 0.5000
vt 0.9700 0.5000
vt 0.9700 0.5000
vt 0.9700 0.5000
vt 0.9700 0.5000
vt 0.9700 0.5000
vt 0.9700 0.5000
vt 0.9700 0.5000
vt 0.9700 0.5000
vt 0.9700 0.5000
vt 0.9700 0.5000
vt 0.9700 0.5000
vt 0.9700 0.5000
vt 0.9700 0.5000
vt 0.9700 0.5000
vt 0.9700 0.5000
vt 0.9700 0.5000
vt 0.9700 0.5000
vt 0.9700 0.5000
vt 0.9700 0.5000
vt 0.9700 0.5000
vt 0.9700 0.5000
vt 0.9700 0.5000
vt 0.9700 0.5000
vt 0.9700 0.5000
vt 0.9700 0.5000
vt 0.9700 0.5000
vt 0.9700 0.5000
vt 0.9700 0.5000
vt 0.9700 0.5000
vt 0.9700 0.5000
vt 0.9700 0.5000
vt 0.9700 0.5000
vt 0.9700 0.5000
vt 0.9700 0.5000
vt 0.9700 0.5000
vt 0.9700 0.5000
vt 0.9700 0.5000
vt 0.9700 0.5000
vt 0.9700 0.5000
vt 0.9700 0.5000
vt 0.9700 0.5000
vt 0.9700 0.5000
vt 0.9700 0.5000
vt 0.9700 0.5000
vt 0.9700 0.5000
vt 0.9700 0.5000
vt 0.9700 0.5000
vt 0.9700 0.5000
vt 0.9700 0.5000
vt 0.9700 0.5000
vt 0.9700 0.5000
vt 0.9700 0.5000
vt 0.9700 0.5000
vt 0.9700 0.5000
vt 0.9700 0.5000
vt 0.9700 0.5000
vt 0.0300 0.5000
vt 0.9700 0.5000
vt 0.9700 0.5000
vt 0.9700 0.5000
vt 0.9700 0.5000
vt 0.9700 0.5000
vt 0.9700 0.5000
vt 0.9700 0.5000
vt 0.9700 0.5000
vt 0.9700 0.5000
vt 0.9700 0.5000
vt 0.9700 0.5000
vt 0.9700 0.5000
vt 0.9700 0.5000
vt 0.9700 0.5000
vt 0.0300 0.5000
vt 0.0300 0.5000
vt 0.9700 0.5000
vt 0.9700 0.5000
vt 0.9700 0.5000
vt 0.9700 0.5000
vt 0.9700 0.5000
vt 0.9700 0.5000
vt 0.9700 0.5000
vt 0.9700 0.5000
vt 0.9700 0.5000
vt 0.9700 0.5000
vt 0.9700 0.5000
vt 0.9700 0.5000
vt 0.9700 0.5000
vt 0.9700 0.5000
vt 0.9700 0.5000
vt 0.9700 0.5000
vt 0.9700 0.5000
vt 0.9700 0.5000
vt 0.9700 0.5000
vt 0.9700 0.5000
vt 0.9700 0.5000
vt 0.9700 0.5000
vt 0.9700 0.5000
vt 0.9700 0.5000
vt 0.9700 0.5000
vt 0.9700 0.5000
vt 0.9700 0.5000
vt 0.9700 0.5000
vt 0.9700 0.5000
vt 0.9700 0.5000
vt 0.9700 0.5000
vt 0.9700 0.5000
vt 0.9700 0.5000
vt 0.9700 0.5000
vt 0.0300 0.5000
vt 0.0300 0.5000
vt 0.9700 0.5000
vt 0.9700 0.5000
vt 0.9700 0.5000
vt 0.9700 0.5000
vt 0.9700 0.5000
vt 0.9700 0.5000
vt 0.9700 0.5000
vt 0.9700 0.5000
vt 0.9700 0.5000
vt 0.9700 0.5000
vt 0.9700 0.5000
vt 0.9700 0.5000
vt 0.0300 0.5000
vt 0.0300 0.5000
vt 0.0300 0.5000
vt 0.9700 0.5000
vt 0.9700 0.5000
vt 0.9700 0.5000
vt 0.9700 0.5000
vt 0.9700 0.5000
vt 0.9700 0.5000
vt 0.9700 0.5000
vt 0.9700 0.5000
vt 0.9700 0.5000
vt 0.9700 0.5000
vt 0.9700 0.5000
vt 0.9700 0.5000
vt 0.9700 0.5000
vt 0.9700 0.5000
vt 0.9700 0.5000
vt 0.9700 0.5000
vt 0.9700 0.5000
vt 0.9700 0.5000
vt 0.9700 0.5000
vt 0.9700 0.5000
vt 0.9700 0.5000
vt 0.9700 0.5000
vt 0.9700 0.5000
vt 0.9700 0.5000
vt 0.9700 0.5000
vt 0.9700 0.5000
vt 0.9700 0.5000
vt 0.9700 0.5000
vt 0.9700 0.5000
vt 0.9700 0.5000
vt 0.9700 0.5000
vt 0.9700 0.5000
vt 0.9700 0.5000
vt 0.9700 0.5000
vt 0.9700 0.5000
vt 0.9700 0.5000
vt 0.9700 0.5000
vt 0.9700 0.5000
vt 0.9700 0.5000
vt 0.9700 0.5000
vt 0.9700 0.5000
vt 0.9700 0.5000
vt 0.9700 0.5000
vt 0.9700 0.5000
vt 0.9700 0.5000
vt 0.9700 0.5000
vt 0.9700 0.5000
vt 0.9700 0.5000
vt 0.9700 0.5000
vt 0.9700 0.5000
vt 0.9700 0.5000
vt 0.9700 0.5000
vt 0.9700 0.5000
vt 0.9700 0.5000
vt 0.9700 0.5000
vt 0.9700 0.5000
vt 0.9700 0.5000
vt 0.9700 0.5000
vt 0.9700 0.5000
vt 0.9700 0.5000
vt 0.9700 0.5000
vt 0.9700 0.5000
vt 0.9700 0.5000
vt 0.9700 0.5000
vt 0.9700 0.5000
vt 0.9700 0.5000
vt 0.9700 0.5000
vt 0.9700 0.5000
vt 0.9700 0.5000
vt 0.9700 0.5000
vt 0.9700 0.5000
vt 0.9700 0.5000
vt 0.9700 0.5000
vt 0.9700 0.5000
vt 0.9700 0.5000
vt 0.9700 0.5000
vt 0.9700 0.5000
vt 0.9700 0.5000
vt 0.9700 0.5000
vt 0.9700 0.5000
vt 0.9700 0.5000
vt 0.0300 0.5000
vt 0.9700 0.5000
vt 0.9700 0.5000
vt 0.9700 0.5000
vt 0.9700 0.5000
vt 0.9700 0.5000
vt 0.9700 0.5000
vt 0.9700 0.5000
vt 0.9700 0.5000
vt 0.9700 0.5000
vt 0.9700 0.5000
vt 0.9700 0.5000
vt 0.9700 0.5000
vt 0.9700 0.5000
vt 0.9700 0.5000
vt 0.9700 0.5000
vt 0.9700 0.5000
vt 0.9700 0.5000
vt 0.9700 0.5000
vt 0.9700 0.5000
vt 0.9700 0.5000
vt 0.9700 0.5000
vt 0.9700 0.5000
vt 0.9700 0.5000
vt 0.9700 0.5000
vt 0.9700 0.5000
vt 0.9700 0.5000
vt 0.9700 0.5000
vt 0.9700 0.5000
vt 0.9700 0.5000
vt 0.9700 0.5000
vt 0.9700 0.5000
vt 0.9700 0.5000
vt 0.9700 0.5000
vt 0.9700 0.5000
vt 0.9700 0.5000
vt 0.9700 0.5000
vt 0.9700 0.5000
vt 0.9700 0.5000
vt 0.9700 0.5000
vt 0.9700 0.5000
vt 0.9700 0.5000
vt 0.9700 0.5000
vt 0.9700 0.5000
vt 0.9700 0.5000
vt 0.9700 0.5000
vt 0.9700 0.5000
vt 0.9700 0.5000
vt 0.9700 0.5000
vt 0.9700 0.5000
vt 0.9700 0.5000
vt 0.9700 0.5000
vt 0.9700 0.5000
vt 0.9700 0.5000
vt 0.9700 0.5000
vt 0.9700 0.5000
vt 0.9700 0.5000
vt 0.9700 0.5000
vt 0.9700 0.5000
vt 0.9700 0.5000
vt 0.9700 0.5000
vt 0.9700 0.5000
vt 0.9700 0.5000
vt 0.9700 0.5000
vt 0.9700 0.5000
vt 0.9700 0.5000
vt 0.9700 0.5000
vt 0.9700 0.5000
vt 0.9700 0.5000
vt 0.9700 0.5000
vt 0.9700 0.5000
vt 0.9700 0.5000
vt 0.9700 0.5000
vt 0.9700 0.5000
vt 0.9700 0.5000
vt 0.9700 0.5000
vt 0.9700 0.5000
vt 0.9700 0.5000
vt 0.9700 0.5000
vt 0.9700 0.5000
vt 0.9700 0.5000
vt 0.9700 0.5000
vt 0.9700 0.5000
vt 0.9700 0.5000
vt 0.9700 0.5000
vt 0.9700 0.5000
vt 0.9700 0.5000
vt 0.9700 0.5000
vt 0.9700 0.5000
vt 0.9700 0.5000
vt 0.9700 0.5000
vt 0.9700 0.5000
vt 0.9700 0.5000
vt 0.9700 0.5000
vt 0.9700 0.5000
vt 0.9700 0.5000
vt 0.9700 0.5000
vt 0.9700 0.5000
vt 0.9700 0.5000
vt 0.9700 0.5000
vt 0.9700 0.5000
vt 0.9700 0.5000
vt 0.9700 0.5000
vt 0.9700 0.5000
vt 0.9700 0.5000
vt 0.9700 0.5000
vt 0.9700 0.5000
vt 0.9700 0.5000
vt 0.9700 0.5000
vt 0.9700 0.5000
vt 0.9700 0.5000
vt 0.9700 0.5000
vt 0.9700 0.5000
vt 0.9700 0.5000
vt 0.9700 0.5000
vt 0.9700 0.5000
vt 0.9700 0.5000
vt 0.9700 0.5000
vt 0.9700 0.5000
vt 0.9700 0.5000
vt 0.9700 0.5000
vt 0.9700 0.5000
vt 0.9700 0.5000
vt 0.9700 0.5000
vt 0.9700 0.5000
vt 0.9700 0.5000
vt 0.9700 0.5000
vt 0.9700 0.5000
vt 0.9700 0.5000
vt 0.9700 0.5000
vt 0.9700 0.5000
vt 0.9700 0.5000
vt 0.9700 0.5000
vt 0.9700 0.5000
vt 0.9700 0.5000
vt 0.9700 0.5000
vt 0.9700 0.5000
vt 0.9700 0.5000
vt 0.9700 0.5000
vt 0.9700 0.5000
vt 0.9700 0.5000
vt 0.9700 0.5000
vt 0.9700 0.5000
vt 0.9700 0.5000
vt 0.0300 0.5000
vt 0.0300 0.5000
vt 0.9700 0.5000
vt 0.9700 0.5000
vt 0.9700 0.5000
vt 0.9700 0.5000
vt 0.9700 0.5000
vt 0.9700 0.5000
vt 0.9700 0.5000
vt 0.9700 0.5000
vt 0.9700 0.5000
vt 0.9700 0.5000
vt 0.9700 0.5000
vt 0.9700 0.5000
vt 0.0300 0.5000
vt 0.0300 0.5000
vt 0.0300 0.5000
vt 0.0300 0.5000
vt 0.9700 0.5000
vt 0.9700 0.5000
vt 0.9700 0.5000
vt 0.9700 0.5000
vt 0.9700 0.5000
vt 0.9700 0.5000
vt 0.9700 0.5000
vt 0.9700 0.5000
vt 0.9700 0.5000
vt 0.9700 0.5000
vt 0.9700 0.5000
vt 0.9700 0.5000
vt 0.9700 0.5000
vt 0.9700 0.5000
vt 0.9700 0.5000
vt 0.9700 0.5000
vt 0.9700 0.5000
vt 0.9700 0.5000
vt 0.9700 0.5000
vt 0.9700 0.5000
vt 0.9700 0.5000
vt 0.9700 0.5000
vt 0.9700 0.5000
vt 0.9700 0.5000
vt 0.9700 0.5000
vt 0.9700 0.5000
vt 0.9700 0.5000
vt 0.9700 0.5000
vt 0.9700 0.5000
vt 0.9700 0.5000
vt 0.9700 0.5000
vt 0.9700 0.5000
vt 0.9700 0.5000
vt 0.9700 0.5000
vt 0.9700 0.5000
vt 0.9700 0.5000
vt 0.9700 0.5000
vt 0.9700 0.5000
vt 0.9700 0.5000
vt 0.9700 0.5000
vt 0.9700 0.5000
vt 0.9700 0.5000
vt 0.9700 0.5000
vt 0.9700 0.5000
vt 0.9700 0.5000
vt 0.9700 0.5000
vt 0.9700 0.5000
vt 0.9700 0.5000
vt 0.9700 0.5000
vt 0.9700 0.5000
vt 0.9700 0.5000
vt 0.9700 0.5000
vt 0.9700 0.5000
vt 0.9700 0.5000
vt 0.9700 0.5000
vt 0.9700 0.5000
vt 0.9700 0.5000
vt 0.9700 0.5000
vt 0.9700 0.5000
vt 0.9700 0.5000
vt 0.9700 0.5000
vt 0.9700 0.5000
vt 0.9700 0.5000
vt 0.9700 0.5000
vt 0.9700 0.5000
vt 0.9700 0.5000
vt 0.9700 0.5000
vt 0.9700 0.5000
vt 0.9700 0.5000
vt 0.9700 0.5000
vt 0.9700 0.5000
vt 0.9700 0.5000
vt 0.9700 0.5000
vt 0.9700 0.5000
vt 0.9700 0.5000
vt 0.9700 0.5000
vt 0.9700 0.5000
vt 0.9700 0.5000
vt 0.9700 0.5000
vt 0.9700 0.5000
vt 0.9700 0.5000
vt 0.0300 0.5000
vt 0.9700 0.5000
vt 0.9700 0.5000
vt 0.9700 0.5000
vt 0.9700 0.5000
vt 0.9700 0.5000
vn -0.0000 0.9577 0.2877
vn -0.0000 0.9768 0.2142
vn -0.0604 0.9754 0.2121
vn -0.0667 0.9561 0.2853
vn -0.0000 0.0125 0.9999
vn -0.0000 0.0570 0.9984
vn -0.0983 0.0556 0.9936
vn -0.0966 0.0112 0.9953
vn -0.0000 0.4720 0.8816
vn -0.0000 0.5123 0.8588
vn -0.1033 0.5100 0.8539
vn -0.1039 0.4698 0.8767
vn -0.0000 0.9344 0.3562
vn -0.0000 0.9577 0.2877
vn -0.0667 0.9561 0.2853
vn -0.0723 0.9326 0.3535
vn -0.0000 -0.0355 0.9994
vn -0.0000 0.0125 0.9999
vn -0.0966 0.0112 0.9953
vn -0.0946 -0.0368 0.9948
vn -0.0000 0.4311 0.9023
vn -0.0000 0.4720 0.8816
vn -0.1039 0.4698 0.8767
vn -0.1042 0.4289 0.8973
vn -0.0000 0.9076 0.4198
vn -0.0000 0.9344 0.3562
vn -0.0723 0.9326 0.3535
vn -0.0773 0.9057 0.4169
vn -0.0000 -0.0877 0.9961
vn -0.0000 -0.0355 0.9994
vn -0.0946 -0.0368 0.9948
vn -0.0922 -0.0889 0.9918
vn -0.0000 0.3894 0.9211
vn -0.0000 0.4311 0.9023
vn -0.1042 0.4289 0.8973
vn -0.1043 0.3873 0.9160
vn -0.0000 0.8780 0.4786
vn -0.0000 0.9076 0.4198
vn -0.0773 0.9057 0.4169
vn -0.0817 0.8760 0.4754
vn -0.0000 -0.1446 0.9895
vn -0.0000 -0.0877 0.9961
vn -0.0922 -0.0889 0.9918
vn -0.0893 -0.1457 0.9853
vn -0.0000 0.3541 0.9352
vn -0.0000 0.3894 0.9211
vn -0.1043 0.3873 0.9160
vn -0.1042 0.3520 0.9302
vn -0.0000 0.8463 0.5328
vn -0.0000 0.8780 0.4786
vn -0.0817 0.8760 0.4754
vn -0.0856 0.8441 0.5293
vn -0.0000 -0.2068 0.9784
vn -0.0000 -0.1446 0.9895
vn -0.0893 -0.1457 0.9853
vn -0.0857 -0.2078 0.9744
vn -0.0000 0.3288 0.9444
vn -0.0000 0.3541 0.9352
vn -0.1042 0.3520 0.9302
vn -0.1041 0.3268 0.9393
vn -0.0000 0.8128 0.5826
vn -0.0000 0.8463 0.5328
vn -0.0856 0.8441 0.5293
vn -0.0891 0.8105 0.5789
vn -0.0000 -0.2748 0.9615
vn -0.0000 -0.2068 0.9784
vn -0.0857 -0.2078 0.9744
vn -0.0813 -0.2757 0.9578
vn -0.0000 0.3029 0.9530
vn -0.0000 0.3288 0.9444
vn -0.1041 0.3268 0.9393
vn -0.1039 0.3009 0.9480
vn -0.0000 0.7779 0.6284
vn -0.0000 0.8128 0.5826
vn -0.0891 0.8105 0.5789
vn -0.0920 0.7756 0.6245
vn -0.0000 -0.3489 0.9372
vn -0.0000 -0.2748 0.9615
vn -0.0813 -0.2757 0.9578
vn -0.0760 -0.3496 0.9338
vn -0.0000 0.9539 -0.3002
vn -0.0000 0.9211 -0.3894
vn -0.0100 0.9537 -0.3005
vn -0.0000 0.2725 0.9622
vn -0.0000 0.3029 0.9530
vn -0.1039 0.3009 0.9480
vn -0.1035 0.2706 0.9571
vn -0.0000 0.7420 0.6704
vn -0.0000 0.7779 0.6284
vn -0.0920 0.7756 0.6245
vn -0.0946 0.7397 0.6663
vn -0.0000 -0.4290 0.9033
vn -0.0000 -0.3489 0.9372
vn -0.0760 -0.3496 0.9338
vn -0.0695 -0.4296 0.9003
vn -0.0000 0.9776 -0.2106
vn -0.0000 0.9539 -0.3002
vn -0.0100 0.9537 -0.3005
vn -0.0196 0.9772 -0.2113
vn -0.0000 0.2410 0.9705
vn -0.0000 0.2725 0.9622
vn -0.1035 0.2706 0.9571
vn -0.1030 0.2391 0.9655
vn -0.0000 0.7053 0.7089
vn -0.0000 0.7420 0.6704
vn -0.0946 0.7397 0.6663
vn -0.0968 0.7029 0.7047
vn -0.0000 -0.5144 0.8576
vn -0.0000 -0.4290 0.9033
vn -0.0695 -0.4296 0.9003
vn -0.0616 -0.5150 0.8550
vn 0.0000 0.9927 -0.1208
vn -0.0000 0.9776 -0.2106
vn -0.0196 0.9772 -0.2113
vn -0.0288 0.9921 -0.1218
vn -0.0000 0.2081 0.9781
vn -0.0000 0.2410 0.9705
vn -0.1030 0.2391 0.9655
vn -0.1024 0.2063 0.9731
vn -0.0000 0.6678 0.7443
vn -0.0000 0.7053 0.7089
vn -0.0968 0.7029 0.7047
vn -0.0987 0.6654 0.7399
vn -0.0000 -0.6035 0.7974
vn -0.0000 -0.5144 0.8576
vn -0.0616 -0.5150 0.8550
vn -0.0522 -0.6040 0.7953
vn 0.0000 0.9995 -0.0323
vn 0.0000 0.9927 -0.1208
vn -0.0288 0.9921 -0.1218
vn -0.0376 0.9987 -0.0336
vn -0.0000 0.1736 0.9848
vn -0.0000 0.2081 0.9781
vn -0.1024 0.2063 0.9731
vn -0.1017 0.1718 0.9799
vn -0.0000 0.6298 0.7768
vn -0.0000 0.6678 0.7443
vn -0.0987 0.6654 0.7399
vn -0.1002 0.6274 0.7722
vn -0.0000 -0.6933 0.7207
vn -0.0000 -0.6035 0.7974
vn -0.0522 -0.6040 0.7953
vn -0.0412 -0.6937 0.7191
vn 0.0000 0.9986 0.0537
vn 0.0000 0.9995 -0.0323
vn -0.0376 0.9987 -0.0336
vn -0.0458 0.9976 0.0521
vn -0.0000 0.1371 0.9906
vn -0.0000 0.1736 0.9848
vn -0.1017 0.1718 0.9799
vn -0.1008 0.1355 0.9856
vn -0.0000 0.5912 0.8066
vn -0.0000 0.6298 0.7768
vn -0.1002 0.6274 0.7722
vn -0.1015 0.5888 0.8019
vn -0.0000 -0.7377 0.6751
vn -0.0000 -0.6933 0.7207
vn -0.0412 -0.6937 0.7191
vn -0.0353 -0.7381 0.6738
vn -0.0000 0.9907 0.1361
vn 0.0000 0.9986 0.0537
vn -0.0458 0.9976 0.0521
vn -0.0534 0.9895 0.1342
vn -0.0000 0.0984 0.9951
vn -0.0000 0.1371 0.9906
vn -0.1008 0.1355 0.9856
vn -0.0996 0.0968 0.9903
vn -0.0000 0.5520 0.8338
vn -0.0000 0.5912 0.8066
vn -0.1015 0.5888 0.8019
vn -0.1025 0.5497 0.8291
vn -0.0000 0.9768 0.2142
vn -0.0000 0.9907 0.1361
vn -0.0534 0.9895 0.1342
vn -0.0604 0.9754 0.2121
vn -0.0000 0.0570 0.9984
vn -0.0000 0.0984 0.9951
vn -0.0996 0.0968 0.9903
vn -0.0983 0.0556 0.9936
vn -0.0000 0.5123 0.8588
vn -0.0000 0.5520 0.8338
vn -0.1025 0.5497 0.8291
vn -0.1033 0.5100 0.8539
vn -0.1039 0.3009 0.9480
vn -0.1041 0.3268 0.9393
vn -0.2064 0.3208 0.9244
vn -0.2059 0.2951 0.9330
vn -0.0920 0.7756 0.6245
vn -0.0891 0.8105 0.5789
vn -0.1768 0.8039 0.5679
vn -0.1826 0.7688 0.6129
vn -0.0760 -0.3496 0.9338
vn -0.0813 -0.2757 0.9578
vn -0.1615 -0.2783 0.9468
vn -0.1510 -0.3519 0.9238
vn -0.0100 0.9537 -0.3005
vn -0.0000 0.9211 -0.3894
vn -0.0199 0.9533 -0.3015
vn -0.1035 0.2706 0.9571
vn -0.1039 0.3009 0.9480
vn -0.2059 0.2951 0.9330
vn -0.2052 0.2649 0.9422
vn -0.0946 0.7397 0.6663
vn -0.0920 0.7756 0.6245
vn -0.1826 0.7688 0.6129
vn -0.1877 0.7327 0.6541
vn -0.0695 -0.4296 0.9003
vn -0.0760 -0.3496 0.9338
vn -0.1510 -0.3519 0.9238
vn -0.1381 -0.4317 0.8914
vn -0.0196 0.9772 -0.2113
vn -0.0100 0.9537 -0.3005
vn -0.0199 0.9533 -0.3015
vn -0.0390 0.9762 -0.2132
vn -0.1030 0.2391 0.9655
vn -0.1035 0.2706 0.9571
vn -0.2052 0.2649 0.9422
vn -0.2043 0.2336 0.9506
vn -0.0968 0.7029 0.7047
vn -0.0946 0.7397 0.6663
vn -0.1877 0.7327 0.6541
vn -0.1920 0.6959 0.6920
vn -0.0616 -0.5150 0.8550
vn -0.0695 -0.4296 0.9003
vn -0.1381 -0.4317 0.8914
vn -0.1226 -0.5167 0.8473
vn -0.0288 0.9921 -0.1218
vn -0.0196 0.9772 -0.2113
vn -0.0390 0.9762 -0.2132
vn -0.0574 0.9905 -0.1246
vn -0.1024 0.2063 0.9731
vn -0.1030 0.2391 0.9655
vn -0.2043 0.2336 0.9506
vn -0.2031 0.2010 0.9583
vn -0.0987 0.6654 0.7399
vn -0.0968 0.7029 0.7047
vn -0.1920 0.6959 0.6920
vn -0.1957 0.6584 0.7268
vn -0.0522 -0.6040 0.7953
vn -0.0616 -0.5150 0.8550
vn -0.1226 -0.5167 0.8473
vn -0.1039 -0.6055 0.7891
vn -0.0376 0.9987 -0.0336
vn -0.0288 0.9921 -0.1218
vn -0.0574 0.9905 -0.1246
vn -0.0749 0.9965 -0.0373
vn -0.1017 0.1718 0.9799
vn -0.1024 0.2063 0.9731
vn -0.2031 0.2010 0.9583
vn -0.2016 0.1668 0.9652
vn -0.1002 0.6274 0.7722
vn -0.0987 0.6654 0.7399
vn -0.1957 0.6584 0.7268
vn -0.1988 0.6203 0.7587
vn -0.0412 -0.6937 0.7191
vn -0.0522 -0.6040 0.7953
vn -0.1039 -0.6055 0.7891
vn -0.0820 -0.6949 0.7144
vn -0.0458 0.9976 0.0521
vn -0.0376 0.9987 -0.0336
vn -0.0749 0.9965 -0.0373
vn -0.0912 0.9947 0.0474
vn -0.1008 0.1355 0.9856
vn -0.1017 0.1718 0.9799
vn -0.2016 0.1668 0.9652
vn -0.1998 0.1306 0.9711
vn -0.1015 0.5888 0.8019
vn -0.1002 0.6274 0.7722
vn -0.1988 0.6203 0.7587
vn -0.2013 0.5818 0.7880
vn -0.0353 -0.7381 0.6738
vn -0.0412 -0.6937 0.7191
vn -0.0820 -0.6949 0.7144
vn -0.0703 -0.7392 0.6698
vn -0.0534 0.9895 0.1342
vn -0.0458 0.9976 0.0521
vn -0.0912 0.9947 0.0474
vn -0.1063 0.9860 0.1287
vn -0.0996 0.0968 0.9903
vn -0.1008 0.1355 0.9856
vn -0.1998 0.1306 0.9711
vn -0.1976 0.0922 0.9759
vn -0.1025 0.5497 0.8291
vn -0.1015 0.5888 0.8019
vn -0.2013 0.5818 0.7880
vn -0.2033 0.5427 0.8149
vn -0.0604 0.9754 0.2121
vn -0.0534 0.9895 0.1342
vn -0.1063 0.9860 0.1287
vn -0.1201 0.9712 0.2057
vn -0.0983 0.0556 0.9936
vn -0.0996 0.0968 0.9903
vn -0.1976 0.0922 0.9759
vn -0.1949 0.0512 0.9795
vn -0.1033 0.5100 0.8539
vn -0.1025 0.5497 0.8291
vn -0.2033 0.5427 0.8149
vn -0.2049 0.5032 0.8395
vn -0.0667 0.9561 0.2853
vn -0.0604 0.9754 0.2121
vn -0.1201 0.9712 0.2057
vn -0.1325 0.9514 0.2780
vn -0.0966 0.0112 0.9953
vn -0.0983 0.0556 0.9936
vn -0.1949 0.0512 0.9795
vn -0.1917 0.0070 0.9814
vn -0.1039 0.4698 0.8767
vn -0.1033 0.5100 0.8539
vn -0.2049 0.5032 0.8395
vn -0.2059 0.4631 0.8620
vn -0.0723 0.9326 0.3535
vn -0.0667 0.9561 0.2853
vn -0.1325 0.9514 0.2780
vn -0.1437 0.9274 0.3454
vn -0.0946 -0.0368 0.9948
vn -0.0966 0.0112 0.9953
vn -0.1917 0.0070 0.9814
vn -0.1877 -0.0407 0.9814
vn -0.1042 0.4289 0.8973
vn -0.1039 0.4698 0.8767
vn -0.2059 0.4631 0.8620
vn -0.2066 0.4224 0.8826
vn -0.0773 0.9057 0.4169
vn -0.0723 0.9326 0.3535
vn -0.1437 0.9274 0.3454
vn -0.1536 0.9000 0.4080
vn -0.0922 -0.0889 0.9918
vn -0.0946 -0.0368 0.9948
vn -0.1877 -0.0407 0.9814
vn -0.1830 -0.0925 0.9788
vn -0.1043 0.3873 0.9160
vn -0.1042 0.4289 0.8973
vn -0.2066 0.4224 0.8826
vn -0.2068 0.3810 0.9011
vn -0.0817 0.8760 0.4754
vn -0.0773 0.9057 0.4169
vn -0.1536 0.9000 0.4080
vn -0.1623 0.8699 0.4658
vn -0.0893 -0.1457 0.9853
vn -0.0922 -0.0889 0.9918
vn -0.1830 -0.0925 0.9788
vn -0.1772 -0.1490 0.9728
vn -0.1042 0.3520 0.9302
vn -0.1043 0.3873 0.9160
vn -0.2068 0.3810 0.9011
vn -0.2067 0.3459 0.9152
vn -0.0856 0.8441 0.5293
vn -0.0817 0.8760 0.4754
vn -0.1623 0.8699 0.4658
vn -0.1701 0.8377 0.5190
vn -0.0857 -0.2078 0.9744
vn -0.0893 -0.1457 0.9853
vn -0.1772 -0.1490 0.9728
vn -0.1701 -0.2108 0.9626
vn -0.1041 0.3268 0.9393
vn -0.1042 0.3520 0.9302
vn -0.2067 0.3459 0.9152
vn -0.2064 0.3208 0.9244
vn -0.0891 0.8105 0.5789
vn -0.0856 0.8441 0.5293
vn -0.1701 0.8377 0.5190
vn -0.1768 0.8039 0.5679
vn -0.0813 -0.2757 0.9578
vn -0.0857 -0.2078 0.9744
vn -0.1701 -0.2108 0.9626
vn -0.1615 -0.2783 0.9468
vn -0.1830 -0.0925 0.9788
vn -0.1877 -0.0407 0.9814
vn -0.2780 -0.0470 0.9594
vn -0.2710 -0.0983 0.9575
vn -0.2068 0.3810 0.9011
vn -0.2066 0.4224 0.8826
vn -0.3055 0.4119 0.8585
vn -0.3058 0.3708 0.8769
vn -0.1623 0.8699 0.4658
vn -0.1536 0.9000 0.4080
vn -0.2279 0.8907 0.3934
vn -0.2408 0.8600 0.4500
vn -0.1772 -0.1490 0.9728
vn -0.1830 -0.0925 0.9788
vn -0.2710 -0.0983 0.9575
vn -0.2626 -0.1543 0.9525
vn -0.2067 0.3459 0.9152
vn -0.2068 0.3810 0.9011
vn -0.3058 0.3708 0.8769
vn -0.3056 0.3360 0.8909
vn -0.1701 0.8377 0.5190
vn -0.1623 0.8699 0.4658
vn -0.2408 0.8600 0.4500
vn -0.2521 0.8273 0.5021
vn -0.1701 -0.2108 0.9626
vn -0.1772 -0.1490 0.9728
vn -0.2626 -0.1543 0.9525
vn -0.2522 -0.2156 0.9433
vn -0.2064 0.3208 0.9244
vn -0.2067 0.3459 0.9152
vn -0.3056 0.3360 0.8909
vn -0.3052 0.3111 0.9000
vn -0.1768 0.8039 0.5679
vn -0.1701 0.8377 0.5190
vn -0.2521 0.8273 0.5021
vn -0.2620 0.7930 0.5500
vn -0.1615 -0.2783 0.9468
vn -0.1701 -0.2108 0.9626
vn -0.2522 -0.2156 0.9433
vn -0.2395 -0.2826 0.9288
vn -0.2059 0.2951 0.9330
vn -0.2064 0.3208 0.9244
vn -0.3052 0.3111 0.9000
vn -0.3046 0.2856 0.9087
vn -0.1826 0.7688 0.6129
vn -0.1768 0.8039 0.5679
vn -0.2620 0.7930 0.5500
vn -0.2705 0.7576 0.5939
vn -0.1510 -0.3519 0.9238
vn -0.1615 -0.2783 0.9468
vn -0.2395 -0.2826 0.9288
vn -0.2240 -0.3558 0.9073
vn -0.0199 0.9533 -0.3015
vn -0.0000 0.9211 -0.3894
vn -0.0296 0.9525 -0.3032
vn -0.2052 0.2649 0.9422
vn -0.2059 0.2951 0.9330
vn -0.3046 0.2856 0.9087
vn -0.3036 0.2557 0.9179
vn -0.1877 0.7327 0.6541
vn -0.1826 0.7688 0.6129
vn -0.2705 0.7576 0.5939
vn -0.2779 0.7214 0.6343
vn -0.1381 -0.4317 0.8914
vn -0.1510 -0.3519 0.9238
vn -0.2240 -0.3558 0.9073
vn -0.2051 -0.4350 0.8767
vn -0.0390 0.9762 -0.2132
vn -0.0199 0.9533 -0.3015
vn -0.0296 0.9525 -0.3032
vn -0.0580 0.9746 -0.2164
vn -0.2043 0.2336 0.9506
vn -0.2052 0.2649 0.9422
vn -0.3036 0.2557 0.9179
vn -0.3022 0.2247 0.9264
vn -0.1920 0.6959 0.6920
vn -0.1877 0.7327 0.6541
vn -0.2779 0.7214 0.6343
vn -0.2843 0.6844 0.6714
vn -0.1226 -0.5167 0.8473
vn -0.1381 -0.4317 0.8914
vn -0.2051 -0.4350 0.8767
vn -0.1821 -0.5196 0.8347
vn -0.0574 0.9905 -0.1246
vn -0.0390 0.9762 -0.2132
vn -0.0580 0.9746 -0.2164
vn -0.0855 0.9879 -0.1294
vn -0.2031 0.2010 0.9583
vn -0.2043 0.2336 0.9506
vn -0.3022 0.2247 0.9264
vn -0.3005 0.1924 0.9342
vn -0.1957 0.6584 0.7268
vn -0.1920 0.6959 0.6920
vn -0.2843 0.6844 0.6714
vn -0.2896 0.6469 0.7055
vn -0.1039 -0.6055 0.7891
vn -0.1226 -0.5167 0.8473
vn -0.1821 -0.5196 0.8347
vn -0.1546 -0.6080 0.7788
vn -0.0749 0.9965 -0.0373
vn -0.0574 0.9905 -0.1246
vn -0.0855 0.9879 -0.1294
vn -0.1115 0.9928 -0.0436
vn -0.2016 0.1668 0.9652
vn -0.2031 0.2010 0.9583
vn -0.3005 0.1924 0.9342
vn -0.2983 0.1584 0.9412
vn -0.1988 0.6203 0.7587
vn -0.1957 0.6584 0.7268
vn -0.2896 0.6469 0.7055
vn -0.2941 0.6088 0.7367
vn -0.0820 -0.6949 0.7144
vn -0.1039 -0.6055 0.7891
vn -0.1546 -0.6080 0.7788
vn -0.1221 -0.6970 0.7066
vn -0.0912 0.9947 0.0474
vn -0.0749 0.9965 -0.0373
vn -0.1115 0.9928 -0.0436
vn -0.1358 0.9899 0.0397
vn -0.1998 0.1306 0.9711
vn -0.2016 0.1668 0.9652
vn -0.2983 0.1584 0.9412
vn -0.2957 0.1226 0.9474
vn -0.2013 0.5818 0.7880
vn -0.1988 0.6203 0.7587
vn -0.2941 0.6088 0.7367
vn -0.2978 0.5704 0.7655
vn -0.0703 -0.7392 0.6698
vn -0.0820 -0.6949 0.7144
vn -0.1221 -0.6970 0.7066
vn -0.1046 -0.7410 0.6633
vn -0.1063 0.9860 0.1287
vn -0.0912 0.9947 0.0474
vn -0.1358 0.9899 0.0397
vn -0.1582 0.9802 0.1195
vn -0.1976 0.0922 0.9759
vn -0.1998 0.1306 0.9711
vn -0.2957 0.1226 0.9474
vn -0.2924 0.0846 0.9525
vn -0.2033 0.5427 0.8149
vn -0.2013 0.5818 0.7880
vn -0.2978 0.5704 0.7655
vn -0.3008 0.5315 0.7919
vn -0.1201 0.9712 0.2057
vn -0.1063 0.9860 0.1287
vn -0.1582 0.9802 0.1195
vn -0.1785 0.9644 0.1951
vn -0.1949 0.0512 0.9795
vn -0.1976 0.0922 0.9759
vn -0.2924 0.0846 0.9525
vn -0.2885 0.0440 0.9565
vn -0.2049 0.5032 0.8395
vn -0.2033 0.5427 0.8149
vn -0.3008 0.5315 0.7919
vn -0.3030 0.4921 0.8161
vn -0.1325 0.9514 0.2780
vn -0.1201 0.9712 0.2057
vn -0.1785 0.9644 0.1951
vn -0.1969 0.9436 0.2660
vn -0.1917 0.0070 0.9814
vn -0.1949 0.0512 0.9795
vn -0.2885 0.0440 0.9565
vn -0.2838 0.0003 0.9589
vn -0.2059 0.4631 0.8620
vn -0.2049 0.5032 0.8395
vn -0.3030 0.4921 0.8161
vn -0.3046 0.4523 0.8383
vn -0.1437 0.9274 0.3454
vn -0.1325 0.9514 0.2780
vn -0.1969 0.9436 0.2660
vn -0.2133 0.9188 0.3321
vn -0.1877 -0.0407 0.9814
vn -0.1917 0.0070 0.9814
vn -0.2838 0.0003 0.9589
vn -0.2780 -0.0470 0.9594
vn -0.2066 0.4224 0.8826
vn -0.2059 0.4631 0.8620
vn -0.3046 0.4523 0.8383
vn -0.3055 0.4119 0.8585
vn -0.1536 0.9000 0.4080
vn -0.1437 0.9274 0.3454
vn -0.2133 0.9188 0.3321
vn -0.2279 0.8907 0.3934
vn -0.1785 0.9644 0.1951
vn -0.1582 0.9802 0.1195
vn -0.2084 0.9722 0.1069
vn -0.2350 0.9551 0.1805
vn -0.2885 0.0440 0.9565
vn -0.2924 0.0846 0.9525
vn -0.3827 0.0743 0.9209
vn -0.3777 0.0342 0.9253
vn -0.3030 0.4921 0.8161
vn -0.3008 0.5315 0.7919
vn -0.3934 0.5163 0.7607
vn -0.3963 0.4772 0.7844
vn -0.1969 0.9436 0.2660
vn -0.1785 0.9644 0.1951
vn -0.2350 0.9551 0.1805
vn -0.2590 0.9331 0.2496
vn -0.2838 0.0003 0.9589
vn -0.2885 0.0440 0.9565
vn -0.3777 0.0342 0.9253
vn -0.3716 -0.0090 0.9283
vn -0.3046 0.4523 0.8383
vn -0.3030 0.4921 0.8161
vn -0.3963 0.4772 0.7844
vn -0.3983 0.4377 0.8061
vn -0.2133 0.9188 0.3321
vn -0.1969 0.9436 0.2660
vn -0.2590 0.9331 0.2496
vn -0.2805 0.9071 0.3139
vn -0.2780 -0.0470 0.9594
vn -0.2838 0.0003 0.9589
vn -0.3716 -0.0090 0.9283
vn -0.3642 -0.0557 0.9297
vn -0.3055 0.4119 0.8585
vn -0.3046 0.4523 0.8383
vn -0.3983 0.4377 0.8061
vn -0.3995 0.3976 0.8260
vn -0.2279 0.8907 0.3934
vn -0.2133 0.9188 0.3321
vn -0.2805 0.9071 0.3139
vn -0.2994 0.8780 0.3735
vn -0.2710 -0.0983 0.9575
vn -0.2780 -0.0470 0.9594
vn -0.3642 -0.0557 0.9297
vn -0.3552 -0.1064 0.9287
vn -0.3058 0.3708 0.8769
vn -0.3055 0.4119 0.8585
vn -0.3995 0.3976 0.8260
vn -0.3999 0.3569 0.8442
vn -0.2408 0.8600 0.4500
vn -0.2279 0.8907 0.3934
vn -0.2994 0.8780 0.3735
vn -0.3161 0.8465 0.4284
vn -0.2626 -0.1543 0.9525
vn -0.2710 -0.0983 0.9575
vn -0.3552 -0.1064 0.9287
vn -0.3443 -0.1617 0.9248
vn -0.3056 0.3360 0.8909
vn -0.3058 0.3708 0.8769
vn -0.3999 0.3569 0.8442
vn -0.3997 0.3225 0.8581
vn -0.2521 0.8273 0.5021
vn -0.2408 0.8600 0.4500
vn -0.3161 0.8465 0.4284
vn -0.3308 0.8131 0.4790
vn -0.2522 -0.2156 0.9433
vn -0.2626 -0.1543 0.9525
vn -0.3443 -0.1617 0.9248
vn -0.3309 -0.2223 0.9171
vn -0.3052 0.3111 0.9000
vn -0.3056 0.3360 0.8909
vn -0.3997 0.3225 0.8581
vn -0.3991 0.2979 0.8671
vn -0.2620 0.7930 0.5500
vn -0.2521 0.8273 0.5021
vn -0.3308 0.8131 0.4790
vn -0.3435 0.7784 0.5255
vn -0.2395 -0.2826 0.9288
vn -0.2522 -0.2156 0.9433
vn -0.3309 -0.2223 0.9171
vn -0.3145 -0.2887 0.9043
vn -0.3046 0.2856 0.9087
vn -0.3052 0.3111 0.9000
vn -0.3991 0.2979 0.8671
vn -0.3983 0.2727 0.8758
vn -0.2705 0.7576 0.5939
vn -0.2620 0.7930 0.5500
vn -0.3435 0.7784 0.5255
vn -0.3546 0.7426 0.5682
vn -0.2240 -0.3558 0.9073
vn -0.2395 -0.2826 0.9288
vn -0.3145 -0.2887 0.9043
vn -0.2944 -0.3611 0.8848
vn -0.0296 0.9525 -0.3032
vn -0.0000 0.9211 -0.3894
vn -0.0392 0.9514 -0.3055
vn -0.3036 0.2557 0.9179
vn -0.3046 0.2856 0.9087
vn -0.3983 0.2727 0.8758
vn -0.3970 0.2431 0.8850
vn -0.2779 0.7214 0.6343
vn -0.2705 0.7576 0.5939
vn -0.3546 0.7426 0.5682
vn -0.3641 0.7061 0.6074
vn -0.2051 -0.4350 0.8767
vn -0.2240 -0.3558 0.9073
vn -0.2944 -0.3611 0.8848
vn -0.2698 -0.4397 0.8567
vn -0.0580 0.9746 -0.2164
vn -0.0296 0.9525 -0.3032
vn -0.0392 0.9514 -0.3055
vn -0.0767 0.9723 -0.2209
vn -0.3022 0.2247 0.9264
vn -0.3036 0.2557 0.9179
vn -0.3970 0.2431 0.8850
vn -0.3953 0.2125 0.8936
vn -0.2843 0.6844 0.6714
vn -0.2779 0.7214 0.6343
vn -0.3641 0.7061 0.6074
vn -0.3723 0.6689 0.6434
vn -0.1821 -0.5196 0.8347
vn -0.2051 -0.4350 0.8767
vn -0.2698 -0.4397 0.8567
vn -0.2398 -0.5237 0.8175
vn -0.0855 0.9879 -0.1294
vn -0.0580 0.9746 -0.2164
vn -0.0767 0.9723 -0.2209
vn -0.1129 0.9843 -0.1360
vn -0.3005 0.1924 0.9342
vn -0.3022 0.2247 0.9264
vn -0.3953 0.2125 0.8936
vn -0.3931 0.1806 0.9016
vn -0.2896 0.6469 0.7055
vn -0.2843 0.6844 0.6714
vn -0.3723 0.6689 0.6434
vn -0.3792 0.6313 0.6765
vn -0.1546 -0.6080 0.7788
vn -0.1821 -0.5196 0.8347
vn -0.2398 -0.5237 0.8175
vn -0.2037 -0.6114 0.7646
vn -0.1115 0.9928 -0.0436
vn -0.0855 0.9879 -0.1294
vn -0.1129 0.9843 -0.1360
vn -0.1471 0.9877 -0.0522
vn -0.2983 0.1584 0.9412
vn -0.3005 0.1924 0.9342
vn -0.3931 0.1806 0.9016
vn -0.3903 0.1471 0.9089
vn -0.2941 0.6088 0.7367
vn -0.2896 0.6469 0.7055
vn -0.3792 0.6313 0.6765
vn -0.3849 0.5934 0.7069
vn -0.1221 -0.6970 0.7066
vn -0.1546 -0.6080 0.7788
vn -0.2037 -0.6114 0.7646
vn -0.1611 -0.6999 0.6959
vn -0.1358 0.9899 0.0397
vn -0.1115 0.9928 -0.0436
vn -0.1471 0.9877 -0.0522
vn -0.1790 0.9834 0.0291
vn -0.2957 0.1226 0.9474
vn -0.2983 0.1584 0.9412
vn -0.3903 0.1471 0.9089
vn -0.3869 0.1118 0.9153
vn -0.2978 0.5704 0.7655
vn -0.2941 0.6088 0.7367
vn -0.3849 0.5934 0.7069
vn -0.3897 0.5550 0.7349
vn -0.1046 -0.7410 0.6633
vn -0.1221 -0.6970 0.7066
vn -0.1611 -0.6999 0.6959
vn -0.1380 -0.7435 0.6543
vn -0.1582 0.9802 0.1195
vn -0.1358 0.9899 0.0397
vn -0.1790 0.9834 0.0291
vn -0.2084 0.9722 0.1069
vn -0.2924 0.0846 0.9525
vn -0.2957 0.1226 0.9474
vn -0.3869 0.1118 0.9153
vn -0.3827 0.0743 0.9209
vn -0.3008 0.5315 0.7919
vn -0.2978 0.5704 0.7655
vn -0.3897 0.5550 0.7349
vn -0.3934 0.5163 0.7607
vn -0.2037 -0.6114 0.7646
vn -0.2398 -0.5237 0.8175
vn -0.2949 -0.5289 0.7958
vn -0.2508 -0.6159 0.7468
vn -0.1471 0.9877 -0.0522
vn -0.1129 0.9843 -0.1360
vn -0.1393 0.9797 -0.1443
vn -0.1814 0.9814 -0.0632
vn -0.3903 0.1471 0.9089
vn -0.3931 0.1806 0.9016
vn -0.4798 0.1661 0.8615
vn -0.4765 0.1332 0.8690
vn -0.3849 0.5934 0.7069
vn -0.3792 0.6313 0.6765
vn -0.4632 0.6123 0.6407
vn -0.4701 0.5744 0.6701
vn -0.1611 -0.6999 0.6959
vn -0.2037 -0.6114 0.7646
vn -0.2508 -0.6159 0.7468
vn -0.1985 -0.7036 0.6823
vn -0.1790 0.9834 0.0291
vn -0.1471 0.9877 -0.0522
vn -0.1814 0.9814 -0.0632
vn -0.2206 0.9752 0.0156
vn -0.3869 0.1118 0.9153
vn -0.3903 0.1471 0.9089
vn -0.4765 0.1332 0.8690
vn -0.4724 0.0984 0.8759
vn -0.3897 0.5550 0.7349
vn -0.3849 0.5934 0.7069
vn -0.4701 0.5744 0.6701
vn -0.4757 0.5362 0.6973
vn -0.1380 -0.7435 0.6543
vn -0.1611 -0.6999 0.6959
vn -0.1985 -0.7036 0.6823
vn -0.1702 -0.7468 0.6429
vn -0.2084 0.9722 0.1069
vn -0.1790 0.9834 0.0291
vn -0.2206 0.9752 0.0156
vn -0.2566 0.9622 0.0909
vn -0.3827 0.0743 0.9209
vn -0.3869 0.1118 0.9153
vn -0.4724 0.0984 0.8759
vn -0.4675 0.0614 0.8819
vn -0.3934 0.5163 0.7607
vn -0.3897 0.5550 0.7349
vn -0.4757 0.5362 0.6973
vn -0.4802 0.4977 0.7223
vn -0.2350 0.9551 0.1805
vn -0.2084 0.9722 0.1069
vn -0.2566 0.9622 0.0909
vn -0.2891 0.9435 0.1622
vn -0.3777 0.0342 0.9253
vn -0.3827 0.0743 0.9209
vn -0.4675 0.0614 0.8819
vn -0.4615 0.0219 0.8869
vn -0.3963 0.4772 0.7844
vn -0.3934 0.5163 0.7607
vn -0.4802 0.4977 0.7223
vn -0.4837 0.4589 0.7453
vn -0.2590 0.9331 0.2496
vn -0.2350 0.9551 0.1805
vn -0.2891 0.9435 0.1622
vn -0.3184 0.9199 0.2289
vn -0.3716 -0.0090 0.9283
vn -0.3777 0.0342 0.9253
vn -0.4615 0.0219 0.8869
vn -0.4542 -0.0205 0.8907
vn -0.3983 0.4377 0.8061
vn -0.3963 0.4772 0.7844
vn -0.4837 0.4589 0.7453
vn -0.4861 0.4197 0.7665
vn -0.2805 0.9071 0.3139
vn -0.2590 0.9331 0.2496
vn -0.3184 0.9199 0.2289
vn -0.3444 0.8926 0.2910
vn -0.3642 -0.0557 0.9297
vn -0.3716 -0.0090 0.9283
vn -0.4542 -0.0205 0.8907
vn -0.4453 -0.0665 0.8929
vn -0.3995 0.3976 0.8260
vn -0.3983 0.4377 0.8061
vn -0.4861 0.4197 0.7665
vn -0.4875 0.3801 0.7861
vn -0.2994 0.8780 0.3735
vn -0.2805 0.9071 0.3139
vn -0.3444 0.8926 0.2910
vn -0.3673 0.8623 0.3485
vn -0.3552 -0.1064 0.9287
vn -0.3642 -0.0557 0.9297
vn -0.4453 -0.0665 0.8929
vn -0.4346 -0.1165 0.8931
vn -0.3999 0.3569 0.8442
vn -0.3995 0.3976 0.8260
vn -0.4875 0.3801 0.7861
vn -0.4879 0.3399 0.8040
vn -0.3161 0.8465 0.4284
vn -0.2994 0.8780 0.3735
vn -0.3673 0.8623 0.3485
vn -0.3875 0.8298 0.4015
vn -0.3443 -0.1617 0.9248
vn -0.3552 -0.1064 0.9287
vn -0.4346 -0.1165 0.8931
vn -0.4214 -0.1710 0.8906
vn -0.3997 0.3225 0.8581
vn -0.3999 0.3569 0.8442
vn -0.4879 0.3399 0.8040
vn -0.4876 0.3059 0.8177
vn -0.3308 0.8131 0.4790
vn -0.3161 0.8465 0.4284
vn -0.3875 0.8298 0.4015
vn -0.4052 0.7957 0.4503
vn -0.3309 -0.2223 0.9171
vn -0.3443 -0.1617 0.9248
vn -0.4214 -0.1710 0.8906
vn -0.4053 -0.2308 0.8846
vn -0.3991 0.2979 0.8671
vn -0.3997 0.3225 0.8581
vn -0.4876 0.3059 0.8177
vn -0.4870 0.2817 0.8267
vn -0.3435 0.7784 0.5255
vn -0.3308 0.8131 0.4790
vn -0.4052 0.7957 0.4503
vn -0.4205 0.7603 0.4951
vn -0.3145 -0.2887 0.9043
vn -0.3309 -0.2223 0.9171
vn -0.4053 -0.2308 0.8846
vn -0.3856 -0.2963 0.8738
vn -0.3983 0.2727 0.8758
vn -0.3991 0.2979 0.8671
vn -0.4870 0.2817 0.8267
vn -0.4860 0.2568 0.8354
vn -0.3546 0.7426 0.5682
vn -0.3435 0.7784 0.5255
vn -0.4205 0.7603 0.4951
vn -0.4338 0.7241 0.5362
vn -0.2944 -0.3611 0.8848
vn -0.3145 -0.2887 0.9043
vn -0.3856 -0.2963 0.8738
vn -0.3612 -0.3680 0.8568
vn -0.0392 0.9514 -0.3055
vn -0.0000 0.9211 -0.3894
vn -0.0482 0.9500 -0.3084
vn -0.3970 0.2431 0.8850
vn -0.3983 0.2727 0.8758
vn -0.4860 0.2568 0.8354
vn -0.4845 0.2277 0.8446
vn -0.3641 0.7061 0.6074
vn -0.3546 0.7426 0.5682
vn -0.4338 0.7241 0.5362
vn -0.4452 0.6872 0.5740
vn -0.2698 -0.4397 0.8567
vn -0.2944 -0.3611 0.8848
vn -0.3612 -0.3680 0.8568
vn -0.3314 -0.4457 0.8316
vn -0.0767 0.9723 -0.2209
vn -0.0392 0.9514 -0.3055
vn -0.0482 0.9500 -0.3084
vn -0.0947 0.9694 -0.2266
vn -0.3953 0.2125 0.8936
vn -0.3970 0.2431 0.8850
vn -0.4845 0.2277 0.8446
vn -0.4824 0.1975 0.8534
vn -0.3723 0.6689 0.6434
vn -0.3641 0.7061 0.6074
vn -0.4452 0.6872 0.5740
vn -0.4550 0.6499 0.6088
vn -0.2398 -0.5237 0.8175
vn -0.2698 -0.4397 0.8567
vn -0.3314 -0.4457 0.8316
vn -0.2949 -0.5289 0.7958
vn -0.1129 0.9843 -0.1360
vn -0.0767 0.9723 -0.2209
vn -0.0947 0.9694 -0.2266
vn -0.1393 0.9797 -0.1443
vn -0.3931 0.1806 0.9016
vn -0.3953 0.2125 0.8936
vn -0.4824 0.1975 0.8534
vn -0.4798 0.1661 0.8615
vn -0.3792 0.6313 0.6765
vn -0.3723 0.6689 0.6434
vn -0.4550 0.6499 0.6088
vn -0.4632 0.6123 0.6407
vn -0.4338 0.7241 0.5362
vn -0.4205 0.7603 0.4951
vn -0.4922 0.7394 0.4593
vn -0.5074 0.7027 0.4988
vn -0.3612 -0.3680 0.8568
vn -0.3856 -0.2963 0.8738
vn -0.4521 -0.3055 0.8380
vn -0.4240 -0.3762 0.8238
vn -0.0482 0.9500 -0.3084
vn -0.0000 0.9211 -0.3894
vn -0.0570 0.9484 -0.3120
vn -0.4845 0.2277 0.8446
vn -0.4860 0.2568 0.8354
vn -0.5670 0.2384 0.7885
vn -0.5652 0.2097 0.7978
vn -0.4452 0.6872 0.5740
vn -0.4338 0.7241 0.5362
vn -0.5074 0.7027 0.4988
vn -0.5205 0.6655 0.5350
vn -0.3314 -0.4457 0.8316
vn -0.3612 -0.3680 0.8568
vn -0.4240 -0.3762 0.8238
vn -0.3894 -0.4530 0.8020
vn -0.0947 0.9694 -0.2266
vn -0.0482 0.9500 -0.3084
vn -0.0570 0.9484 -0.3120
vn -0.1119 0.9659 -0.2334
vn -0.4824 0.1975 0.8534
vn -0.4845 0.2277 0.8446
vn -0.5652 0.2097 0.7978
vn -0.5629 0.1801 0.8067
vn -0.4550 0.6499 0.6088
vn -0.4452 0.6872 0.5740
vn -0.5205 0.6655 0.5350
vn -0.5316 0.6280 0.5683
vn -0.2949 -0.5289 0.7958
vn -0.3314 -0.4457 0.8316
vn -0.3894 -0.4530 0.8020
vn -0.3470 -0.5353 0.7701
vn -0.1393 0.9797 -0.1443
vn -0.0947 0.9694 -0.2266
vn -0.1119 0.9659 -0.2334
vn -0.1645 0.9742 -0.1544
vn -0.4798 0.1661 0.8615
vn -0.4824 0.1975 0.8534
vn -0.5629 0.1801 0.8067
vn -0.5599 0.1492 0.8150
vn -0.4632 0.6123 0.6407
vn -0.4550 0.6499 0.6088
vn -0.5316 0.6280 0.5683
vn -0.5410 0.5903 0.5990
vn -0.2508 -0.6159 0.7468
vn -0.2949 -0.5289 0.7958
vn -0.3470 -0.5353 0.7701
vn -0.2955 -0.6213 0.7257
vn -0.1814 0.9814 -0.0632
vn -0.1393 0.9797 -0.1443
vn -0.1645 0.9742 -0.1544
vn -0.2142 0.9738 -0.0764
vn -0.4765 0.1332 0.8690
vn -0.4798 0.1661 0.8615
vn -0.5599 0.1492 0.8150
vn -0.5561 0.1168 0.8229
vn -0.4701 0.5744 0.6701
vn -0.4632 0.6123 0.6407
vn -0.5410 0.5903 0.5990
vn -0.5489 0.5524 0.6273
vn -0.1985 -0.7036 0.6823
vn -0.2508 -0.6159 0.7468
vn -0.2955 -0.6213 0.7257
vn -0.2343 -0.7081 0.6662
vn -0.2206 0.9752 0.0156
vn -0.1814 0.9814 -0.0632
vn -0.2142 0.9738 -0.0764
vn -0.2602 0.9656 -0.0006
vn -0.4724 0.0984 0.8759
vn -0.4765 0.1332 0.8690
vn -0.5561 0.1168 0.8229
vn -0.5515 0.0826 0.8301
vn -0.4757 0.5362 0.6973
vn -0.4701 0.5744 0.6701
vn -0.5489 0.5524 0.6273
vn -0.5553 0.5144 0.6535
vn -0.1702 -0.7468 0.6429
vn -0.1985 -0.7036 0.6823
vn -0.2343 -0.7081 0.6662
vn -0.2008 -0.7508 0.6293
vn -0.2566 0.9622 0.0909
vn -0.2206 0.9752 0.0156
vn -0.2602 0.9656 -0.0006
vn -0.3023 0.9505 0.0718
vn -0.4675 0.0614 0.8819
vn -0.4724 0.0984 0.8759
vn -0.5515 0.0826 0.8301
vn -0.5459 0.0463 0.8366
vn -0.4802 0.4977 0.7223
vn -0.4757 0.5362 0.6973
vn -0.5553 0.5144 0.6535
vn -0.5604 0.4762 0.6777
vn -0.2891 0.9435 0.1622
vn -0.2566 0.9622 0.0909
vn -0.3023 0.9505 0.0718
vn -0.3403 0.9298 0.1402
vn -0.4615 0.0219 0.8869
vn -0.4675 0.0614 0.8819
vn -0.5459 0.0463 0.8366
vn -0.5390 0.0076 0.8422
vn -0.4837 0.4589 0.7453
vn -0.4802 0.4977 0.7223
vn -0.5604 0.4762 0.6777
vn -0.5643 0.4377 0.7000
vn -0.3184 0.9199 0.2289
vn -0.2891 0.9435 0.1622
vn -0.3403 0.9298 0.1402
vn -0.3743 0.9045 0.2043
vn -0.4542 -0.0205 0.8907
vn -0.4615 0.0219 0.8869
vn -0.5390 0.0076 0.8422
vn -0.5307 -0.0342 0.8468
vn -0.4861 0.4197 0.7665
vn -0.4837 0.4589 0.7453
vn -0.5643 0.4377 0.7000
vn -0.5670 0.3990 0.7207
vn -0.3444 0.8926 0.2910
vn -0.3184 0.9199 0.2289
vn -0.3743 0.9045 0.2043
vn -0.4045 0.8756 0.2639
vn -0.4453 -0.0665 0.8929
vn -0.4542 -0.0205 0.8907
vn -0.5307 -0.0342 0.8468
vn -0.5206 -0.0793 0.8501
vn -0.4875 0.3801 0.7861
vn -0.4861 0.4197 0.7665
vn -0.5670 0.3990 0.7207
vn -0.5686 0.3598 0.7397
vn -0.3673 0.8623 0.3485
vn -0.3444 0.8926 0.2910
vn -0.4045 0.8756 0.2639
vn -0.4311 0.8441 0.3190
vn -0.4346 -0.1165 0.8931
vn -0.4453 -0.0665 0.8929
vn -0.5206 -0.0793 0.8501
vn -0.5083 -0.1285 0.8515
vn -0.4879 0.3399 0.8040
vn -0.4875 0.3801 0.7861
vn -0.5686 0.3598 0.7397
vn -0.5691 0.3202 0.7573
vn -0.3875 0.8298 0.4015
vn -0.3673 0.8623 0.3485
vn -0.4311 0.8441 0.3190
vn -0.4543 0.8105 0.3698
vn -0.4214 -0.1710 0.8906
vn -0.4346 -0.1165 0.8931
vn -0.5083 -0.1285 0.8515
vn -0.4933 -0.1821 0.8506
vn -0.4876 0.3059 0.8177
vn -0.4879 0.3399 0.8040
vn -0.5691 0.3202 0.7573
vn -0.5688 0.2867 0.7709
vn -0.4052 0.7957 0.4503
vn -0.3875 0.8298 0.4015
vn -0.4543 0.8105 0.3698
vn -0.4746 0.7754 0.4164
vn -0.4053 -0.2308 0.8846
vn -0.4214 -0.1710 0.8906
vn -0.4933 -0.1821 0.8506
vn -0.4748 -0.2410 0.8465
vn -0.4870 0.2817 0.8267
vn -0.4876 0.3059 0.8177
vn -0.5688 0.2867 0.7709
vn -0.5681 0.2628 0.7799
vn -0.4205 0.7603 0.4951
vn -0.4052 0.7957 0.4503
vn -0.4746 0.7754 0.4164
vn -0.4922 0.7394 0.4593
vn -0.3856 -0.2963 0.8738
vn -0.4053 -0.2308 0.8846
vn -0.4748 -0.2410 0.8465
vn -0.4521 -0.3055 0.8380
vn -0.4860 0.2568 0.8354
vn -0.4870 0.2817 0.8267
vn -0.5681 0.2628 0.7799
vn -0.5670 0.2384 0.7885
vn -0.4543 0.8105 0.3698
vn -0.4311 0.8441 0.3190
vn -0.4901 0.8236 0.2854
vn -0.5161 0.7888 0.3337
vn -0.4933 -0.1821 0.8506
vn -0.5083 -0.1285 0.8515
vn -0.5760 -0.1422 0.8050
vn -0.5594 -0.1949 0.8057
vn -0.5688 0.2867 0.7709
vn -0.5691 0.3202 0.7573
vn -0.6429 0.2983 0.7055
vn -0.6426 0.2653 0.7188
vn -0.4746 0.7754 0.4164
vn -0.4543 0.8105 0.3698
vn -0.5161 0.7888 0.3337
vn -0.5387 0.7529 0.3782
vn -0.4748 -0.2410 0.8465
vn -0.4933 -0.1821 0.8506
vn -0.5594 -0.1949 0.8057
vn -0.5389 -0.2527 0.8036
vn -0.5681 0.2628 0.7799
vn -0.5688 0.2867 0.7709
vn -0.6426 0.2653 0.7188
vn -0.6418 0.2418 0.7278
vn -0.4922 0.7394 0.4593
vn -0.4746 0.7754 0.4164
vn -0.5387 0.7529 0.3782
vn -0.5582 0.7161 0.4190
vn -0.4521 -0.3055 0.8380
vn -0.4748 -0.2410 0.8465
vn -0.5389 -0.2527 0.8036
vn -0.5136 -0.3162 0.7977
vn -0.5670 0.2384 0.7885
vn -0.5681 0.2628 0.7799
vn -0.6418 0.2418 0.7278
vn -0.6406 0.2177 0.7364
vn -0.5074 0.7027 0.4988
vn -0.4922 0.7394 0.4593
vn -0.5582 0.7161 0.4190
vn -0.5750 0.6789 0.4566
vn -0.4240 -0.3762 0.8238
vn -0.4521 -0.3055 0.8380
vn -0.5136 -0.3162 0.7977
vn -0.4822 -0.3858 0.7865
vn -0.0570 0.9484 -0.3120
vn -0.0000 0.9211 -0.3894
vn -0.0654 0.9465 -0.3161
vn -0.5652 0.2097 0.7978
vn -0.5670 0.2384 0.7885
vn -0.6406 0.2177 0.7364
vn -0.6387 0.1896 0.7458
vn -0.5205 0.6655 0.5350
vn -0.5074 0.7027 0.4988
vn -0.5750 0.6789 0.4566
vn -0.5895 0.6413 0.4911
vn -0.3894 -0.4530 0.8020
vn -0.4240 -0.3762 0.8238
vn -0.4822 -0.3858 0.7865
vn -0.4435 -0.4615 0.7683
vn -0.1119 0.9659 -0.2334
vn -0.0570 0.9484 -0.3120
vn -0.0654 0.9465 -0.3161
vn -0.1282 0.9619 -0.2414
vn -0.5629 0.1801 0.8067
vn -0.5652 0.2097 0.7978
vn -0.6387 0.1896 0.7458
vn -0.6361 0.1605 0.7547
vn -0.5316 0.6280 0.5683
vn -0.5205 0.6655 0.5350
vn -0.5895 0.6413 0.4911
vn -0.6018 0.6037 0.5230
vn -0.3470 -0.5353 0.7701
vn -0.3894 -0.4530 0.8020
vn -0.4435 -0.4615 0.7683
vn -0.3957 -0.5427 0.7408
vn -0.1645 0.9742 -0.1544
vn -0.1119 0.9659 -0.2334
vn -0.1282 0.9619 -0.2414
vn -0.1884 0.9679 -0.1661
vn -0.5599 0.1492 0.8150
vn -0.5629 0.1801 0.8067
vn -0.6361 0.1605 0.7547
vn -0.6328 0.1302 0.7633
vn -0.5410 0.5903 0.5990
vn -0.5316 0.6280 0.5683
vn -0.6018 0.6037 0.5230
vn -0.6121 0.5659 0.5523
vn -0.2955 -0.6213 0.7257
vn -0.3470 -0.5353 0.7701
vn -0.3957 -0.5427 0.7408
vn -0.3375 -0.6278 0.7014
vn -0.2142 0.9738 -0.0764
vn -0.1645 0.9742 -0.1544
vn -0.1884 0.9679 -0.1661
vn -0.2451 0.9652 -0.0916
vn -0.5561 0.1168 0.8229
vn -0.5599 0.1492 0.8150
vn -0.6328 0.1302 0.7633
vn -0.6287 0.0984 0.7714
vn -0.5489 0.5524 0.6273
vn -0.5410 0.5903 0.5990
vn -0.6121 0.5659 0.5523
vn -0.6207 0.5281 0.5795
vn -0.2343 -0.7081 0.6662
vn -0.2955 -0.6213 0.7257
vn -0.3375 -0.6278 0.7014
vn -0.2679 -0.7134 0.6475
vn -0.2602 0.9656 -0.0006
vn -0.2142 0.9738 -0.0764
vn -0.2451 0.9652 -0.0916
vn -0.2975 0.9545 -0.0193
vn -0.5515 0.0826 0.8301
vn -0.5561 0.1168 0.8229
vn -0.6287 0.0984 0.7714
vn -0.6236 0.0649 0.7790
vn -0.5553 0.5144 0.6535
vn -0.5489 0.5524 0.6273
vn -0.6207 0.5281 0.5795
vn -0.6278 0.4903 0.6046
vn -0.2008 -0.7508 0.6293
vn -0.2343 -0.7081 0.6662
vn -0.2679 -0.7134 0.6475
vn -0.2298 -0.7554 0.6136
vn -0.3023 0.9505 0.0718
vn -0.2602 0.9656 -0.0006
vn -0.2975 0.9545 -0.0193
vn -0.3452 0.9372 0.0498
vn -0.5459 0.0463 0.8366
vn -0.5515 0.0826 0.8301
vn -0.6236 0.0649 0.7790
vn -0.6174 0.0293 0.7861
vn -0.5604 0.4762 0.6777
vn -0.5553 0.5144 0.6535
vn -0.6278 0.4903 0.6046
vn -0.6334 0.4523 0.6279
vn -0.3403 0.9298 0.1402
vn -0.3023 0.9505 0.0718
vn -0.3452 0.9372 0.0498
vn -0.3882 0.9144 0.1151
vn -0.5390 0.0076 0.8422
vn -0.5459 0.0463 0.8366
vn -0.6174 0.0293 0.7861
vn -0.6099 -0.0087 0.7924
vn -0.5643 0.4377 0.7000
vn -0.5604 0.4762 0.6777
vn -0.6334 0.4523 0.6279
vn -0.6376 0.4143 0.6495
vn -0.3743 0.9045 0.2043
vn -0.3403 0.9298 0.1402
vn -0.3882 0.9144 0.1151
vn -0.4265 0.8872 0.1762
vn -0.5307 -0.0342 0.8468
vn -0.5390 0.0076 0.8422
vn -0.6099 -0.0087 0.7924
vn -0.6008 -0.0497 0.7979
vn -0.5670 0.3990 0.7207
vn -0.5643 0.4377 0.7000
vn -0.6376 0.4143 0.6495
vn -0.6406 0.3760 0.6696
vn -0.4045 0.8756 0.2639
vn -0.3743 0.9045 0.2043
vn -0.4265 0.8872 0.1762
vn -0.4604 0.8566 0.2329
vn -0.5206 -0.0793 0.8501
vn -0.5307 -0.0342 0.8468
vn -0.6008 -0.0497 0.7979
vn -0.5896 -0.0940 0.8022
vn -0.5686 0.3598 0.7397
vn -0.5670 0.3990 0.7207
vn -0.6406 0.3760 0.6696
vn -0.6424 0.3373 0.6882
vn -0.4311 0.8441 0.3190
vn -0.4045 0.8756 0.2639
vn -0.4604 0.8566 0.2329
vn -0.4901 0.8236 0.2854
vn -0.5083 -0.1285 0.8515
vn -0.5206 -0.0793 0.8501
vn -0.5896 -0.0940 0.8022
vn -0.5760 -0.1422 0.8050
vn -0.5691 0.3202 0.7573
vn -0.5686 0.3598 0.7397
vn -0.6424 0.3373 0.6882
vn -0.6429 0.2983 0.7055
vn -0.6376 0.4143 0.6495
vn -0.6334 0.4523 0.6279
vn -0.6990 0.4267 0.5739
vn -0.7035 0.3890 0.5948
vn -0.4265 0.8872 0.1762
vn -0.3882 0.9144 0.1151
vn -0.4325 0.8974 0.0869
vn -0.4746 0.8682 0.1448
vn -0.6008 -0.0497 0.7979
vn -0.6099 -0.0087 0.7924
vn -0.6738 -0.0267 0.7384
vn -0.6640 -0.0668 0.7448
vn -0.6406 0.3760 0.6696
vn -0.6376 0.4143 0.6495
vn -0.7035 0.3890 0.5948
vn -0.7067 0.3511 0.6142
vn -0.4604 0.8566 0.2329
vn -0.4265 0.8872 0.1762
vn -0.4746 0.8682 0.1448
vn -0.5117 0.8359 0.1985
vn -0.5896 -0.0940 0.8022
vn -0.6008 -0.0497 0.7979
vn -0.6640 -0.0668 0.7448
vn -0.6520 -0.1102 0.7502
vn -0.6424 0.3373 0.6882
vn -0.6406 0.3760 0.6696
vn -0.7067 0.3511 0.6142
vn -0.7086 0.3130 0.6324
vn -0.4901 0.8236 0.2854
vn -0.4604 0.8566 0.2329
vn -0.5117 0.8359 0.1985
vn -0.5442 0.8014 0.2482
vn -0.5760 -0.1422 0.8050
vn -0.5896 -0.0940 0.8022
vn -0.6520 -0.1102 0.7502
vn -0.6373 -0.1575 0.7543
vn -0.6429 0.2983 0.7055
vn -0.6424 0.3373 0.6882
vn -0.7086 0.3130 0.6324
vn -0.7092 0.2745 0.6493
vn -0.5161 0.7888 0.3337
vn -0.4901 0.8236 0.2854
vn -0.5442 0.8014 0.2482
vn -0.5724 0.7654 0.2940
vn -0.5594 -0.1949 0.8057
vn -0.5760 -0.1422 0.8050
vn -0.6373 -0.1575 0.7543
vn -0.6194 -0.2092 0.7567
vn -0.6426 0.2653 0.7188
vn -0.6429 0.2983 0.7055
vn -0.7092 0.2745 0.6493
vn -0.7088 0.2421 0.6626
vn -0.5387 0.7529 0.3782
vn -0.5161 0.7888 0.3337
vn -0.5724 0.7654 0.2940
vn -0.5970 0.7285 0.3361
vn -0.5389 -0.2527 0.8036
vn -0.5594 -0.1949 0.8057
vn -0.6194 -0.2092 0.7567
vn -0.5972 -0.2659 0.7568
vn -0.6418 0.2418 0.7278
vn -0.6426 0.2653 0.7188
vn -0.7088 0.2421 0.6626
vn -0.7080 0.2190 0.6714
vn -0.5582 0.7161 0.4190
vn -0.5387 0.7529 0.3782
vn -0.5970 0.7285 0.3361
vn -0.6181 0.6910 0.3748
vn -0.5136 -0.3162 0.7977
vn -0.5389 -0.2527 0.8036
vn -0.5972 -0.2659 0.7568
vn -0.5697 -0.3283 0.7534
vn -0.6406 0.2177 0.7364
vn -0.6418 0.2418 0.7278
vn -0.7080 0.2190 0.6714
vn -0.7067 0.1954 0.6800
vn -0.5750 0.6789 0.4566
vn -0.5582 0.7161 0.4190
vn -0.6181 0.6910 0.3748
vn -0.6363 0.6532 0.4104
vn -0.4822 -0.3858 0.7865
vn -0.5136 -0.3162 0.7977
vn -0.5697 -0.3283 0.7534
vn -0.5356 -0.3968 0.7455
vn -0.0654 0.9465 -0.3161
vn -0.0000 0.9211 -0.3894
vn -0.0732 0.9443 -0.3208
vn -0.6387 0.1896 0.7458
vn -0.6406 0.2177 0.7364
vn -0.7067 0.1954 0.6800
vn -0.7046 0.1678 0.6895
vn -0.5895 0.6413 0.4911
vn -0.5750 0.6789 0.4566
vn -0.6363 0.6532 0.4104
vn -0.6518 0.6153 0.4433
vn -0.4435 -0.4615 0.7683
vn -0.4822 -0.3858 0.7865
vn -0.5356 -0.3968 0.7455
vn -0.4932 -0.4713 0.7312
vn -0.1282 0.9619 -0.2414
vn -0.0654 0.9465 -0.3161
vn -0.0732 0.9443 -0.3208
vn -0.1435 0.9574 -0.2504
vn -0.6361 0.1605 0.7547
vn -0.6387 0.1896 0.7458
vn -0.7046 0.1678 0.6895
vn -0.7019 0.1392 0.6986
vn -0.6018 0.6037 0.5230
vn -0.5895 0.6413 0.4911
vn -0.6518 0.6153 0.4433
vn -0.6651 0.5775 0.4735
vn -0.3957 -0.5427 0.7408
vn -0.4435 -0.4615 0.7683
vn -0.4932 -0.4713 0.7312
vn -0.4407 -0.5513 0.7084
vn -0.1884 0.9679 -0.1661
vn -0.1282 0.9619 -0.2414
vn -0.1435 0.9574 -0.2504
vn -0.2108 0.9609 -0.1793
vn -0.6328 0.1302 0.7633
vn -0.6361 0.1605 0.7547
vn -0.7019 0.1392 0.6986
vn -0.6983 0.1095 0.7073
vn -0.6121 0.5659 0.5523
vn -0.6018 0.6037 0.5230
vn -0.6651 0.5775 0.4735
vn -0.6762 0.5397 0.5015
vn -0.3375 -0.6278 0.7014
vn -0.3957 -0.5427 0.7408
vn -0.4407 -0.5513 0.7084
vn -0.3765 -0.6352 0.6744
vn -0.2451 0.9652 -0.0916
vn -0.1884 0.9679 -0.1661
vn -0.2108 0.9609 -0.1793
vn -0.2740 0.9556 -0.1088
vn -0.6287 0.0984 0.7714
vn -0.6328 0.1302 0.7633
vn -0.6983 0.1095 0.7073
vn -0.6939 0.0783 0.7158
vn -0.6207 0.5281 0.5795
vn -0.6121 0.5659 0.5523
vn -0.6762 0.5397 0.5015
vn -0.6854 0.5020 0.5275
vn -0.2679 -0.7134 0.6475
vn -0.3375 -0.6278 0.7014
vn -0.3765 -0.6352 0.6744
vn -0.2994 -0.7195 0.6267
vn -0.2975 0.9545 -0.0193
vn -0.2451 0.9652 -0.0916
vn -0.2740 0.9556 -0.1088
vn -0.3322 0.9424 -0.0404
vn -0.6236 0.0649 0.7790
vn -0.6287 0.0984 0.7714
vn -0.6939 0.0783 0.7158
vn -0.6885 0.0455 0.7238
vn -0.6278 0.4903 0.6046
vn -0.6207 0.5281 0.5795
vn -0.6854 0.5020 0.5275
vn -0.6930 0.4643 0.5515
vn -0.2298 -0.7554 0.6136
vn -0.2679 -0.7134 0.6475
vn -0.2994 -0.7195 0.6267
vn -0.2568 -0.7608 0.5960
vn -0.3452 0.9372 0.0498
vn -0.2975 0.9545 -0.0193
vn -0.3322 0.9424 -0.0404
vn -0.3850 0.9226 0.0251
vn -0.6174 0.0293 0.7861
vn -0.6236 0.0649 0.7790
vn -0.6885 0.0455 0.7238
vn -0.6819 0.0106 0.7314
vn -0.6334 0.4523 0.6279
vn -0.6278 0.4903 0.6046
vn -0.6930 0.4643 0.5515
vn -0.6990 0.4267 0.5739
vn -0.3882 0.9144 0.1151
vn -0.3452 0.9372 0.0498
vn -0.3850 0.9226 0.0251
vn -0.4325 0.8974 0.0869
vn -0.6099 -0.0087 0.7924
vn -0.6174 0.0293 0.7861
vn -0.6819 0.0106 0.7314
vn -0.6738 -0.0267 0.7384
vn -0.6854 0.5020 0.5275
vn -0.6762 0.5397 0.5015
vn -0.7332 0.5121 0.4474
vn -0.7429 0.4745 0.4721
vn -0.2994 -0.7195 0.6267
vn -0.3765 -0.6352 0.6744
vn -0.4122 -0.6435 0.6449
vn -0.3283 -0.7264 0.6038
vn -0.3322 0.9424 -0.0404
vn -0.2740 0.9556 -0.1088
vn -0.3006 0.9451 -0.1279
vn -0.3641 0.9292 -0.0636
vn -0.6885 0.0455 0.7238
vn -0.6939 0.0783 0.7158
vn -0.7519 0.0568 0.6568
vn -0.7462 0.0246 0.6653
vn -0.6930 0.4643 0.5515
vn -0.6854 0.5020 0.5275
vn -0.7429 0.4745 0.4721
vn -0.7509 0.4370 0.4952
vn -0.2568 -0.7608 0.5960
vn -0.2994 -0.7195 0.6267
vn -0.3283 -0.7264 0.6038
vn -0.2817 -0.7668 0.5767
vn -0.3850 0.9226 0.0251
vn -0.3322 0.9424 -0.0404
vn -0.3641 0.9292 -0.0636
vn -0.4215 0.9068 -0.0021
vn -0.6819 0.0106 0.7314
vn -0.6885 0.0455 0.7238
vn -0.7462 0.0246 0.6653
vn -0.7392 -0.0096 0.6734
vn -0.6990 0.4267 0.5739
vn -0.6930 0.4643 0.5515
vn -0.7509 0.4370 0.4952
vn -0.7572 0.3997 0.5167
vn -0.4325 0.8974 0.0869
vn -0.3850 0.9226 0.0251
vn -0.4215 0.9068 -0.0021
vn -0.4729 0.8793 0.0561
vn -0.6738 -0.0267 0.7384
vn -0.6819 0.0106 0.7314
vn -0.7392 -0.0096 0.6734
vn -0.7307 -0.0461 0.6811
vn -0.7035 0.3890 0.5948
vn -0.6990 0.4267 0.5739
vn -0.7572 0.3997 0.5167
vn -0.7619 0.3623 0.5368
vn -0.4746 0.8682 0.1448
vn -0.4325 0.8974 0.0869
vn -0.4729 0.8793 0.0561
vn -0.5183 0.8480 0.1106
vn -0.6640 -0.0668 0.7448
vn -0.6738 -0.0267 0.7384
vn -0.7307 -0.0461 0.6811
vn -0.7203 -0.0854 0.6883
vn -0.7067 0.3511 0.6142
vn -0.7035 0.3890 0.5948
vn -0.7619 0.3623 0.5368
vn -0.7653 0.3249 0.5557
vn -0.5117 0.8359 0.1985
vn -0.4746 0.8682 0.1448
vn -0.5183 0.8480 0.1106
vn -0.5582 0.8139 0.1611
vn -0.6520 -0.1102 0.7502
vn -0.6640 -0.0668 0.7448
vn -0.7203 -0.0854 0.6883
vn -0.7077 -0.1279 0.6948
vn -0.7086 0.3130 0.6324
vn -0.7067 0.3511 0.6142
vn -0.7653 0.3249 0.5557
vn -0.7673 0.2873 0.5733
vn -0.5442 0.8014 0.2482
vn -0.5117 0.8359 0.1985
vn -0.5582 0.8139 0.1611
vn -0.5930 0.7779 0.2079
vn -0.6373 -0.1575 0.7543
vn -0.6520 -0.1102 0.7502
vn -0.7077 -0.1279 0.6948
vn -0.6922 -0.1742 0.7004
vn -0.7092 0.2745 0.6493
vn -0.7086 0.3130 0.6324
vn -0.7673 0.2873 0.5733
vn -0.7679 0.2494 0.5900
vn -0.5724 0.7654 0.2940
vn -0.5442 0.8014 0.2482
vn -0.5930 0.7779 0.2079
vn -0.6232 0.7407 0.2510
vn -0.6194 -0.2092 0.7567
vn -0.6373 -0.1575 0.7543
vn -0.6922 -0.1742 0.7004
vn -0.6731 -0.2249 0.7045
vn -0.7088 0.2421 0.6626
vn -0.7092 0.2745 0.6493
vn -0.7679 0.2494 0.5900
vn -0.7675 0.2175 0.6030
vn -0.5970 0.7285 0.3361
vn -0.5724 0.7654 0.2940
vn -0.6232 0.7407 0.2510
vn -0.6493 0.7027 0.2907
vn -0.5972 -0.2659 0.7568
vn -0.6194 -0.2092 0.7567
vn -0.6731 -0.2249 0.7045
vn -0.6495 -0.2805 0.7067
vn -0.7080 0.2190 0.6714
vn -0.7088 0.2421 0.6626
vn -0.7675 0.2175 0.6030
vn -0.7666 0.1948 0.6118
vn -0.6181 0.6910 0.3748
vn -0.5970 0.7285 0.3361
vn -0.6493 0.7027 0.2907
vn -0.6718 0.6645 0.3273
vn -0.5697 -0.3283 0.7534
vn -0.5972 -0.2659 0.7568
vn -0.6495 -0.2805 0.7067
vn -0.6203 -0.3418 0.7060
vn -0.7067 0.1954 0.6800
vn -0.7080 0.2190 0.6714
vn -0.7666 0.1948 0.6118
vn -0.7653 0.1716 0.6204
vn -0.6363 0.6532 0.4104
vn -0.6181 0.6910 0.3748
vn -0.6718 0.6645 0.3273
vn -0.6911 0.6262 0.3610
vn -0.5356 -0.3968 0.7455
vn -0.5697 -0.3283 0.7534
vn -0.6203 -0.3418 0.7060
vn -0.5838 -0.4090 0.7014
vn -0.0732 0.9443 -0.3208
vn -0.0000 0.9211 -0.3894
vn -0.0804 0.9420 -0.3259
vn -0.7046 0.1678 0.6895
vn -0.7067 0.1954 0.6800
vn -0.7653 0.1716 0.6204
vn -0.7631 0.1445 0.6299
vn -0.6518 0.6153 0.4433
vn -0.6363 0.6532 0.4104
vn -0.6911 0.6262 0.3610
vn -0.7075 0.5880 0.3920
vn -0.4932 -0.4713 0.7312
vn -0.5356 -0.3968 0.7455
vn -0.5838 -0.4090 0.7014
vn -0.5383 -0.4823 0.6911
vn -0.1435 0.9574 -0.2504
vn -0.0732 0.9443 -0.3208
vn -0.0804 0.9420 -0.3259
vn -0.1577 0.9525 -0.2604
vn -0.7019 0.1392 0.6986
vn -0.7046 0.1678 0.6895
vn -0.7631 0.1445 0.6299
vn -0.7602 0.1165 0.6391
vn -0.6651 0.5775 0.4735
vn -0.6518 0.6153 0.4433
vn -0.7075 0.5880 0.3920
vn -0.7215 0.5499 0.4208
vn -0.4407 -0.5513 0.7084
vn -0.4932 -0.4713 0.7312
vn -0.5383 -0.4823 0.6911
vn -0.4818 -0.5610 0.6731
vn -0.2108 0.9609 -0.1793
vn -0.1435 0.9574 -0.2504
vn -0.1577 0.9525 -0.2604
vn -0.2315 0.9533 -0.1939
vn -0.6983 0.1095 0.7073
vn -0.7019 0.1392 0.6986
vn -0.7602 0.1165 0.6391
vn -0.7565 0.0873 0.6481
vn -0.6762 0.5397 0.5015
vn -0.6651 0.5775 0.4735
vn -0.7215 0.5499 0.4208
vn -0.7332 0.5121 0.4474
vn -0.3765 -0.6352 0.6744
vn -0.4407 -0.5513 0.7084
vn -0.4818 -0.5610 0.6731
vn -0.4122 -0.6435 0.6449
vn -0.2740 0.9556 -0.1088
vn -0.2108 0.9609 -0.1793
vn -0.2315 0.9533 -0.1939
vn -0.3006 0.9451 -0.1279
vn -0.6939 0.0783 0.7158
vn -0.6983 0.1095 0.7073
vn -0.7565 0.0873 0.6481
vn -0.7519 0.0568 0.6568
vn -0.7631 0.1445 0.6299
vn -0.7653 0.1716 0.6204
vn -0.8165 0.1468 0.5583
vn -0.8143 0.1201 0.5679
vn -0.7075 0.5880 0.3920
vn -0.6911 0.6262 0.3610
vn -0.7394 0.5983 0.3088
vn -0.7566 0.5597 0.3382
vn -0.5383 -0.4823 0.6911
vn -0.5838 -0.4090 0.7014
vn -0.6268 -0.4225 0.6547
vn -0.5787 -0.4944 0.6485
vn -0.1577 0.9525 -0.2604
vn -0.0804 0.9420 -0.3259
vn -0.0870 0.9395 -0.3314
vn -0.1706 0.9473 -0.2712
vn -0.7602 0.1165 0.6391
vn -0.7631 0.1445 0.6299
vn -0.8143 0.1201 0.5679
vn -0.8113 0.0926 0.5772
vn -0.7215 0.5499 0.4208
vn -0.7075 0.5880 0.3920
vn -0.7566 0.5597 0.3382
vn -0.7711 0.5215 0.3654
vn -0.4818 -0.5610 0.6731
vn -0.5383 -0.4823 0.6911
vn -0.5787 -0.4944 0.6485
vn -0.5187 -0.5718 0.6356
vn -0.2315 0.9533 -0.1939
vn -0.1577 0.9525 -0.2604
vn -0.1706 0.9473 -0.2712
vn -0.2504 0.9452 -0.2098
vn -0.7565 0.0873 0.6481
vn -0.7602 0.1165 0.6391
vn -0.8113 0.0926 0.5772
vn -0.8075 0.0640 0.5864
vn -0.7332 0.5121 0.4474
vn -0.7215 0.5499 0.4208
vn -0.7711 0.5215 0.3654
vn -0.7833 0.4836 0.3907
vn -0.4122 -0.6435 0.6449
vn -0.4818 -0.5610 0.6731
vn -0.5187 -0.5718 0.6356
vn -0.4445 -0.6528 0.6134
vn -0.3006 0.9451 -0.1279
vn -0.2315 0.9533 -0.1939
vn -0.2504 0.9452 -0.2098
vn -0.3248 0.9341 -0.1485
vn -0.7519 0.0568 0.6568
vn -0.7565 0.0873 0.6481
vn -0.8075 0.0640 0.5864
vn -0.8027 0.0341 0.5954
vn -0.7429 0.4745 0.4721
vn -0.7332 0.5121 0.4474
vn -0.7833 0.4836 0.3907
vn -0.7934 0.4461 0.4142
vn -0.3283 -0.7264 0.6038
vn -0.4122 -0.6435 0.6449
vn -0.4445 -0.6528 0.6134
vn -0.3655 -0.7216 0.5880
vn -0.3641 0.9292 -0.0636
vn -0.3006 0.9451 -0.1279
vn -0.3248 0.9341 -0.1485
vn -0.3930 0.9153 -0.0887
vn -0.7462 0.0246 0.6653
vn -0.7519 0.0568 0.6568
vn -0.8027 0.0341 0.5954
vn -0.7968 0.0025 0.6043
vn -0.7509 0.4370 0.4952
vn -0.7429 0.4745 0.4721
vn -0.7934 0.4461 0.4142
vn -0.8016 0.4088 0.4363
vn -0.2817 -0.7668 0.5767
vn -0.3283 -0.7264 0.6038
vn -0.3655 -0.7216 0.5880
vn -0.2923 -0.7696 0.5677
vn -0.4215 0.9068 -0.0021
vn -0.3641 0.9292 -0.0636
vn -0.3930 0.9153 -0.0887
vn -0.4545 0.8902 -0.0314
vn -0.7392 -0.0096 0.6734
vn -0.7462 0.0246 0.6653
vn -0.7968 0.0025 0.6043
vn -0.7895 -0.0309 0.6129
vn -0.7572 0.3997 0.5167
vn -0.7509 0.4370 0.4952
vn -0.8016 0.4088 0.4363
vn -0.8081 0.3717 0.4569
vn -0.4729 0.8793 0.0561
vn -0.4215 0.9068 -0.0021
vn -0.4545 0.8902 -0.0314
vn -0.5093 0.8603 0.0229
vn -0.7307 -0.0461 0.6811
vn -0.7392 -0.0096 0.6734
vn -0.7895 -0.0309 0.6129
vn -0.7807 -0.0667 0.6214
vn -0.7619 0.3623 0.5368
vn -0.7572 0.3997 0.5167
vn -0.8081 0.3717 0.4569
vn -0.8131 0.3347 0.4763
vn -0.5183 0.8480 0.1106
vn -0.4729 0.8793 0.0561
vn -0.5093 0.8603 0.0229
vn -0.5576 0.8269 0.0738
vn -0.7203 -0.0854 0.6883
vn -0.7307 -0.0461 0.6811
vn -0.7807 -0.0667 0.6214
vn -0.7699 -0.1052 0.6294
vn -0.7653 0.3249 0.5557
vn -0.7619 0.3623 0.5368
vn -0.8131 0.3347 0.4763
vn -0.8166 0.2977 0.4946
vn -0.5582 0.8139 0.1611
vn -0.5183 0.8480 0.1106
vn -0.5576 0.8269 0.0738
vn -0.5998 0.7909 0.1211
vn -0.7077 -0.1279 0.6948
vn -0.7203 -0.0854 0.6883
vn -0.7699 -0.1052 0.6294
vn -0.7567 -0.1469 0.6370
vn -0.7673 0.2873 0.5733
vn -0.7653 0.3249 0.5557
vn -0.8166 0.2977 0.4946
vn -0.8186 0.2606 0.5118
vn -0.5930 0.7779 0.2079
vn -0.5582 0.8139 0.1611
vn -0.5998 0.7909 0.1211
vn -0.6365 0.7534 0.1650
vn -0.6922 -0.1742 0.7004
vn -0.7077 -0.1279 0.6948
vn -0.7567 -0.1469 0.6370
vn -0.7406 -0.1922 0.6439
vn -0.7679 0.2494 0.5900
vn -0.7673 0.2873 0.5733
vn -0.8186 0.2606 0.5118
vn -0.8193 0.2233 0.5281
vn -0.6232 0.7407 0.2510
vn -0.5930 0.7779 0.2079
vn -0.6365 0.7534 0.1650
vn -0.6683 0.7150 0.2054
vn -0.6731 -0.2249 0.7045
vn -0.6922 -0.1742 0.7004
vn -0.7406 -0.1922 0.6439
vn -0.7206 -0.2419 0.6497
vn -0.7675 0.2175 0.6030
vn -0.7679 0.2494 0.5900
vn -0.8193 0.2233 0.5281
vn -0.8188 0.1919 0.5410
vn -0.6493 0.7027 0.2907
vn -0.6232 0.7407 0.2510
vn -0.6683 0.7150 0.2054
vn -0.6957 0.6761 0.2427
vn -0.6495 -0.2805 0.7067
vn -0.6731 -0.2249 0.7045
vn -0.7206 -0.2419 0.6497
vn -0.6960 -0.2964 0.6540
vn -0.7666 0.1948 0.6118
vn -0.7675 0.2175 0.6030
vn -0.8188 0.1919 0.5410
vn -0.8179 0.1696 0.5497
vn -0.6718 0.6645 0.3273
vn -0.6493 0.7027 0.2907
vn -0.6957 0.6761 0.2427
vn -0.7193 0.6371 0.2771
vn -0.6203 -0.3418 0.7060
vn -0.6495 -0.2805 0.7067
vn -0.6960 -0.2964 0.6540
vn -0.6652 -0.3565 0.6560
vn -0.7653 0.1716 0.6204
vn -0.7666 0.1948 0.6118
vn -0.8179 0.1696 0.5497
vn -0.8165 0.1468 0.5583
vn -0.6911 0.6262 0.3610
vn -0.6718 0.6645 0.3273
vn -0.7193 0.6371 0.2771
vn -0.7394 0.5983 0.3088
vn -0.5838 -0.4090 0.7014
vn -0.6203 -0.3418 0.7060
vn -0.6652 -0.3565 0.6560
vn -0.6268 -0.4225 0.6547
vn -0.0804 0.9420 -0.3259
vn -0.0000 0.9211 -0.3894
vn -0.0870 0.9395 -0.3314
vn -0.8188 0.1919 0.5410
vn -0.8193 0.2233 0.5281
vn -0.8635 0.1964 0.4645
vn -0.8631 0.1655 0.4772
vn -0.6957 0.6761 0.2427
vn -0.6683 0.7150 0.2054
vn -0.7078 0.6887 0.1575
vn -0.7362 0.6488 0.1924
vn -0.6960 -0.2964 0.6540
vn -0.7206 -0.2419 0.6497
vn -0.7620 -0.2601 0.5930
vn -0.7365 -0.3136 0.5994
vn -0.8179 0.1696 0.5497
vn -0.8188 0.1919 0.5410
vn -0.8631 0.1655 0.4772
vn -0.8621 0.1435 0.4859
vn -0.7193 0.6371 0.2771
vn -0.6957 0.6761 0.2427
vn -0.7362 0.6488 0.1924
vn -0.7606 0.6091 0.2246
vn -0.6652 -0.3565 0.6560
vn -0.6960 -0.2964 0.6540
vn -0.7365 -0.3136 0.5994
vn -0.7046 -0.3724 0.6041
vn -0.8165 0.1468 0.5583
vn -0.8179 0.1696 0.5497
vn -0.8621 0.1435 0.4859
vn -0.8607 0.1211 0.4945
vn -0.7394 0.5983 0.3088
vn -0.7193 0.6371 0.2771
vn -0.7606 0.6091 0.2246
vn -0.7814 0.5698 0.2545
vn -0.6268 -0.4225 0.6547
vn -0.6652 -0.3565 0.6560
vn -0.7046 -0.3724 0.6041
vn -0.6646 -0.4371 0.6060
vn -0.0870 0.9395 -0.3314
vn -0.0000 0.9211 -0.3894
vn -0.0930 0.9367 -0.3374
vn -0.8143 0.1201 0.5679
vn -0.8165 0.1468 0.5583
vn -0.8607 0.1211 0.4945
vn -0.8584 0.0949 0.5041
vn -0.7566 0.5597 0.3382
vn -0.7394 0.5983 0.3088
vn -0.7814 0.5698 0.2545
vn -0.7991 0.5309 0.2822
vn -0.5787 -0.4944 0.6485
vn -0.6268 -0.4225 0.6547
vn -0.6646 -0.4371 0.6060
vn -0.6143 -0.5077 0.6040
vn -0.1706 0.9473 -0.2712
vn -0.0870 0.9395 -0.3314
vn -0.0930 0.9367 -0.3374
vn -0.1823 0.9417 -0.2829
vn -0.8113 0.0926 0.5772
vn -0.8143 0.1201 0.5679
vn -0.8584 0.0949 0.5041
vn -0.8553 0.0679 0.5136
vn -0.7711 0.5215 0.3654
vn -0.7566 0.5597 0.3382
vn -0.7991 0.5309 0.2822
vn -0.8140 0.4925 0.3079
vn -0.5187 -0.5718 0.6356
vn -0.5787 -0.4944 0.6485
vn -0.6143 -0.5077 0.6040
vn -0.5514 -0.5836 0.5961
vn -0.2504 0.9452 -0.2098
vn -0.1706 0.9473 -0.2712
vn -0.1823 0.9417 -0.2829
vn -0.2673 0.9365 -0.2268
vn -0.8075 0.0640 0.5864
vn -0.8113 0.0926 0.5772
vn -0.8553 0.0679 0.5136
vn -0.8514 0.0398 0.5230
vn -0.7833 0.4836 0.3907
vn -0.7711 0.5215 0.3654
vn -0.8140 0.4925 0.3079
vn -0.8266 0.4546 0.3319
vn -0.4445 -0.6528 0.6134
vn -0.5187 -0.5718 0.6356
vn -0.5514 -0.5836 0.5961
vn -0.4732 -0.6630 0.5800
vn -0.3248 0.9341 -0.1485
vn -0.2504 0.9452 -0.2098
vn -0.2673 0.9365 -0.2268
vn -0.3464 0.9224 -0.1707
vn -0.8027 0.0341 0.5954
vn -0.8075 0.0640 0.5864
vn -0.8514 0.0398 0.5230
vn -0.8465 0.0104 0.5323
vn -0.7934 0.4461 0.4142
vn -0.7833 0.4836 0.3907
vn -0.8266 0.4546 0.3319
vn -0.8370 0.4171 0.3543
vn -0.3655 -0.7216 0.5880
vn -0.4445 -0.6528 0.6134
vn -0.4732 -0.6630 0.5800
vn -0.4291 -0.7032 0.5669
vn -0.3930 0.9153 -0.0887
vn -0.3248 0.9341 -0.1485
vn -0.3464 0.9224 -0.1707
vn -0.4187 0.9007 -0.1156
vn -0.7968 0.0025 0.6043
vn -0.8027 0.0341 0.5954
vn -0.8465 0.0104 0.5323
vn -0.8404 -0.0206 0.5415
vn -0.8016 0.4088 0.4363
vn -0.7934 0.4461 0.4142
vn -0.8370 0.4171 0.3543
vn -0.8454 0.3799 0.3754
vn -0.4545 0.8902 -0.0314
vn -0.3930 0.9153 -0.0887
vn -0.4187 0.9007 -0.1156
vn -0.4838 0.8730 -0.0627
vn -0.7895 -0.0309 0.6129
vn -0.7968 0.0025 0.6043
vn -0.8404 -0.0206 0.5415
vn -0.8330 -0.0534 0.5507
vn -0.8081 0.3717 0.4569
vn -0.8016 0.4088 0.4363
vn -0.8454 0.3799 0.3754
vn -0.8521 0.3431 0.3952
vn -0.5093 0.8603 0.0229
vn -0.4545 0.8902 -0.0314
vn -0.4838 0.8730 -0.0627
vn -0.5415 0.8406 -0.0124
vn -0.7807 -0.0667 0.6214
vn -0.7895 -0.0309 0.6129
vn -0.8330 -0.0534 0.5507
vn -0.8239 -0.0885 0.5598
vn -0.8131 0.3347 0.4763
vn -0.8081 0.3717 0.4569
vn -0.8521 0.3431 0.3952
vn -0.8572 0.3064 0.4139
vn -0.5576 0.8269 0.0738
vn -0.5093 0.8603 0.0229
vn -0.5415 0.8406 -0.0124
vn -0.5922 0.8051 0.0349
vn -0.7699 -0.1052 0.6294
vn -0.7807 -0.0667 0.6214
vn -0.8239 -0.0885 0.5598
vn -0.8128 -0.1262 0.5687
vn -0.8166 0.2977 0.4946
vn -0.8131 0.3347 0.4763
vn -0.8572 0.3064 0.4139
vn -0.8607 0.2699 0.4317
vn -0.5998 0.7909 0.1211
vn -0.5576 0.8269 0.0738
vn -0.5922 0.8051 0.0349
vn -0.6364 0.7673 0.0789
vn -0.7567 -0.1469 0.6370
vn -0.7699 -0.1052 0.6294
vn -0.8128 -0.1262 0.5687
vn -0.7993 -0.1670 0.5773
vn -0.8186 0.2606 0.5118
vn -0.8166 0.2977 0.4946
vn -0.8607 0.2699 0.4317
vn -0.8628 0.2332 0.4485
vn -0.6365 0.7534 0.1650
vn -0.5998 0.7909 0.1211
vn -0.6364 0.7673 0.0789
vn -0.6747 0.7283 0.1197
vn -0.7406 -0.1922 0.6439
vn -0.7567 -0.1469 0.6370
vn -0.7993 -0.1670 0.5773
vn -0.7826 -0.2114 0.5855
vn -0.8193 0.2233 0.5281
vn -0.8186 0.2606 0.5118
vn -0.8628 0.2332 0.4485
vn -0.8635 0.1964 0.4645
vn -0.6683 0.7150 0.2054
vn -0.6365 0.7534 0.1650
vn -0.6747 0.7283 0.1197
vn -0.7078 0.6887 0.1575
vn -0.7206 -0.2419 0.6497
vn -0.7406 -0.1922 0.6439
vn -0.7826 -0.2114 0.5855
vn -0.7620 -0.2601 0.5930
vn -0.8128 -0.1262 0.5687
vn -0.8239 -0.0885 0.5598
vn -0.8607 -0.1111 0.4969
vn -0.8493 -0.1481 0.5066
vn -0.8607 0.2699 0.4317
vn -0.8572 0.3064 0.4139
vn -0.8945 0.2778 0.3502
vn -0.8981 0.2416 0.3674
vn -0.6364 0.7673 0.0789
vn -0.5922 0.8051 0.0349
vn -0.6221 0.7829 -0.0059
vn -0.6679 0.7434 0.0347
vn -0.7993 -0.1670 0.5773
vn -0.8128 -0.1262 0.5687
vn -0.8493 -0.1481 0.5066
vn -0.8355 -0.1881 0.5163
vn -0.8628 0.2332 0.4485
vn -0.8607 0.2699 0.4317
vn -0.8981 0.2416 0.3674
vn -0.9003 0.2053 0.3839
vn -0.6747 0.7283 0.1197
vn -0.6364 0.7673 0.0789
vn -0.6679 0.7434 0.0347
vn -0.7075 0.7029 0.0726
vn -0.7826 -0.2114 0.5855
vn -0.7993 -0.1670 0.5773
vn -0.8355 -0.1881 0.5163
vn -0.8184 -0.2317 0.5258
vn -0.8635 0.1964 0.4645
vn -0.8628 0.2332 0.4485
vn -0.9003 0.2053 0.3839
vn -0.9010 0.1689 0.3996
vn -0.7078 0.6887 0.1575
vn -0.6747 0.7283 0.1197
vn -0.7075 0.7029 0.0726
vn -0.7416 0.6621 0.1077
vn -0.7620 -0.2601 0.5930
vn -0.7826 -0.2114 0.5855
vn -0.8184 -0.2317 0.5258
vn -0.7974 -0.2794 0.5349
vn -0.8631 0.1655 0.4772
vn -0.8635 0.1964 0.4645
vn -0.9010 0.1689 0.3996
vn -0.9005 0.1385 0.4122
vn -0.7362 0.6488 0.1924
vn -0.7078 0.6887 0.1575
vn -0.7416 0.6621 0.1077
vn -0.7709 0.6213 0.1402
vn -0.7365 -0.3136 0.5994
vn -0.7620 -0.2601 0.5930
vn -0.7974 -0.2794 0.5349
vn -0.7711 -0.3318 0.5434
vn -0.8621 0.1435 0.4859
vn -0.8631 0.1655 0.4772
vn -0.9005 0.1385 0.4122
vn -0.8996 0.1168 0.4209
vn -0.7606 0.6091 0.2246
vn -0.7362 0.6488 0.1924
vn -0.7709 0.6213 0.1402
vn -0.7959 0.5810 0.1704
vn -0.7046 -0.3724 0.6041
vn -0.7365 -0.3136 0.5994
vn -0.7711 -0.3318 0.5434
vn -0.7383 -0.3895 0.5506
vn -0.8607 0.1211 0.4945
vn -0.8621 0.1435 0.4859
vn -0.8996 0.1168 0.4209
vn -0.8981 0.0947 0.4295
vn -0.7814 0.5698 0.2545
vn -0.7606 0.6091 0.2246
vn -0.7959 0.5810 0.1704
vn -0.8172 0.5411 0.1984
vn -0.6646 -0.4371 0.6060
vn -0.7046 -0.3724 0.6041
vn -0.7383 -0.3895 0.5506
vn -0.6971 -0.4530 0.5558
vn -0.0930 0.9367 -0.3374
vn -0.0000 0.9211 -0.3894
vn -0.0982 0.9339 -0.3438
vn -0.8584 0.0949 0.5041
vn -0.8607 0.1211 0.4945
vn -0.8981 0.0947 0.4295
vn -0.8958 0.0689 0.4391
vn -0.7991 0.5309 0.2822
vn -0.7814 0.5698 0.2545
vn -0.8172 0.5411 0.1984
vn -0.8353 0.5019 0.2245
vn -0.6143 -0.5077 0.6040
vn -0.6646 -0.4371 0.6060
vn -0.6971 -0.4530 0.5558
vn -0.6451 -0.5222 0.5579
vn -0.1823 0.9417 -0.2829
vn -0.0930 0.9367 -0.3374
vn -0.0982 0.9339 -0.3438
vn -0.1925 0.9358 -0.2953
vn -0.8553 0.0679 0.5136
vn -0.8584 0.0949 0.5041
vn -0.8958 0.0689 0.4391
vn -0.8927 0.0424 0.4487
vn -0.8140 0.4925 0.3079
vn -0.7991 0.5309 0.2822
vn -0.8353 0.5019 0.2245
vn -0.8506 0.4633 0.2488
vn -0.5514 -0.5836 0.5961
vn -0.6143 -0.5077 0.6040
vn -0.6451 -0.5222 0.5579
vn -0.5797 -0.5965 0.5551
vn -0.2673 0.9365 -0.2268
vn -0.1823 0.9417 -0.2829
vn -0.1925 0.9358 -0.2953
vn -0.2821 0.9276 -0.2450
vn -0.8514 0.0398 0.5230
vn -0.8553 0.0679 0.5136
vn -0.8927 0.0424 0.4487
vn -0.8887 0.0148 0.4583
vn -0.8266 0.4546 0.3319
vn -0.8140 0.4925 0.3079
vn -0.8506 0.4633 0.2488
vn -0.8634 0.4253 0.2715
vn -0.4732 -0.6630 0.5800
vn -0.5514 -0.5836 0.5961
vn -0.5797 -0.5965 0.5551
vn -0.4982 -0.6742 0.5452
vn -0.3464 0.9224 -0.1707
vn -0.2673 0.9365 -0.2268
vn -0.2821 0.9276 -0.2450
vn -0.3654 0.9104 -0.1942
vn -0.8465 0.0104 0.5323
vn -0.8514 0.0398 0.5230
vn -0.8887 0.0148 0.4583
vn -0.8837 -0.0141 0.4679
vn -0.8370 0.4171 0.3543
vn -0.8266 0.4546 0.3319
vn -0.8634 0.4253 0.2715
vn -0.8740 0.3878 0.2929
vn -0.4291 -0.7032 0.5669
vn -0.4732 -0.6630 0.5800
vn -0.4982 -0.6742 0.5452
vn -0.4519 -0.7133 0.5357
vn -0.4187 0.9007 -0.1156
vn -0.3464 0.9224 -0.1707
vn -0.3654 0.9104 -0.1942
vn -0.4413 0.8857 -0.1441
vn -0.8404 -0.0206 0.5415
vn -0.8465 0.0104 0.5323
vn -0.8837 -0.0141 0.4679
vn -0.8775 -0.0445 0.4775
vn -0.8454 0.3799 0.3754
vn -0.8370 0.4171 0.3543
vn -0.8740 0.3878 0.2929
vn -0.8826 0.3508 0.3131
vn -0.4838 0.8730 -0.0627
vn -0.4187 0.9007 -0.1156
vn -0.4413 0.8857 -0.1441
vn -0.5093 0.8553 -0.0956
vn -0.8330 -0.0534 0.5507
vn -0.8404 -0.0206 0.5415
vn -0.8775 -0.0445 0.4775
vn -0.8699 -0.0767 0.4872
vn -0.8521 0.3431 0.3952
vn -0.8454 0.3799 0.3754
vn -0.8826 0.3508 0.3131
vn -0.8894 0.3142 0.3321
vn -0.5415 0.8406 -0.0124
vn -0.4838 0.8730 -0.0627
vn -0.5093 0.8553 -0.0956
vn -0.5694 0.8206 -0.0494
vn -0.8239 -0.0885 0.5598
vn -0.8330 -0.0534 0.5507
vn -0.8699 -0.0767 0.4872
vn -0.8607 -0.1111 0.4969
vn -0.8572 0.3064 0.4139
vn -0.8521 0.3431 0.3952
vn -0.8894 0.3142 0.3321
vn -0.8945 0.2778 0.3502
vn -0.5922 0.8051 0.0349
vn -0.5415 0.8406 -0.0124
vn -0.5694 0.8206 -0.0494
vn -0.6221 0.7829 -0.0059
vn -0.4413 0.8857 -0.1441
vn -0.3654 0.9104 -0.1942
vn -0.3816 0.8981 -0.2188
vn -0.4604 0.8705 -0.1739
vn -0.8775 -0.0445 0.4775
vn -0.8837 -0.0141 0.4679
vn -0.9145 -0.0393 0.4027
vn -0.9082 -0.0692 0.4127
vn -0.8826 0.3508 0.3131
vn -0.8740 0.3878 0.2929
vn -0.9047 0.3585 0.2304
vn -0.9134 0.3216 0.2497
vn -0.5093 0.8553 -0.0956
vn -0.4413 0.8857 -0.1441
vn -0.4604 0.8705 -0.1739
vn -0.5309 0.8374 -0.1301
vn -0.8699 -0.0767 0.4872
vn -0.8775 -0.0445 0.4775
vn -0.9082 -0.0692 0.4127
vn -0.9006 -0.1009 0.4229
vn -0.8894 0.3142 0.3321
vn -0.8826 0.3508 0.3131
vn -0.9134 0.3216 0.2497
vn -0.9203 0.2851 0.2680
vn -0.5694 0.8206 -0.0494
vn -0.5093 0.8553 -0.0956
vn -0.5309 0.8374 -0.1301
vn -0.5931 0.8003 -0.0881
vn -0.8607 -0.1111 0.4969
vn -0.8699 -0.0767 0.4872
vn -0.9006 -0.1009 0.4229
vn -0.8912 -0.1347 0.4332
vn -0.8945 0.2778 0.3502
vn -0.8894 0.3142 0.3321
vn -0.9203 0.2851 0.2680
vn -0.9255 0.2490 0.2855
vn -0.6221 0.7829 -0.0059
vn -0.5694 0.8206 -0.0494
vn -0.5931 0.8003 -0.0881
vn -0.6474 0.7606 -0.0484
vn -0.8493 -0.1481 0.5066
vn -0.8607 -0.1111 0.4969
vn -0.8912 -0.1347 0.4332
vn -0.8797 -0.1710 0.4437
vn -0.8981 0.2416 0.3674
vn -0.8945 0.2778 0.3502
vn -0.9255 0.2490 0.2855
vn -0.9291 0.2130 0.3022
vn -0.6679 0.7434 0.0347
vn -0.6221 0.7829 -0.0059
vn -0.6474 0.7606 -0.0484
vn -0.6945 0.7194 -0.0110
vn -0.8355 -0.1881 0.5163
vn -0.8493 -0.1481 0.5066
vn -0.8797 -0.1710 0.4437
vn -0.8656 -0.2103 0.4544
vn -0.9003 0.2053 0.3839
vn -0.8981 0.2416 0.3674
vn -0.9291 0.2130 0.3022
vn -0.9313 0.1771 0.3183
vn -0.7075 0.7029 0.0726
vn -0.6679 0.7434 0.0347
vn -0.6945 0.7194 -0.0110
vn -0.7351 0.6775 0.0239
vn -0.8184 -0.2317 0.5258
vn -0.8355 -0.1881 0.5163
vn -0.8656 -0.2103 0.4544
vn -0.8483 -0.2530 0.4651
vn -0.9010 0.1689 0.3996
vn -0.9003 0.2053 0.3839
vn -0.9313 0.1771 0.3183
vn -0.9320 0.1411 0.3338
vn -0.7416 0.6621 0.1077
vn -0.7075 0.7029 0.0726
vn -0.7351 0.6775 0.0239
vn -0.7700 0.6355 0.0564
vn -0.7974 -0.2794 0.5349
vn -0.8184 -0.2317 0.5258
vn -0.8483 -0.2530 0.4651
vn -0.8269 -0.2998 0.4758
vn -0.9005 0.1385 0.4122
vn -0.9010 0.1689 0.3996
vn -0.9320 0.1411 0.3338
vn -0.9315 0.1110 0.3464
vn -0.7709 0.6213 0.1402
vn -0.7416 0.6621 0.1077
vn -0.7700 0.6355 0.0564
vn -0.7999 0.5939 0.0866
vn -0.7711 -0.3318 0.5434
vn -0.7974 -0.2794 0.5349
vn -0.8269 -0.2998 0.4758
vn -0.8001 -0.3512 0.4863
vn -0.8996 0.1168 0.4209
vn -0.9005 0.1385 0.4122
vn -0.9315 0.1110 0.3464
vn -0.9306 0.0896 0.3550
vn -0.7959 0.5810 0.1704
vn -0.7709 0.6213 0.1402
vn -0.7999 0.5939 0.0866
vn -0.8254 0.5528 0.1147
vn -0.7383 -0.3895 0.5506
vn -0.7711 -0.3318 0.5434
vn -0.8001 -0.3512 0.4863
vn -0.7666 -0.4078 0.4960
vn -0.8981 0.0947 0.4295
vn -0.8996 0.1168 0.4209
vn -0.9306 0.0896 0.3550
vn -0.9291 0.0678 0.3636
vn -0.8172 0.5411 0.1984
vn -0.7959 0.5810 0.1704
vn -0.8254 0.5528 0.1147
vn -0.8471 0.5125 0.1410
vn -0.6971 -0.4530 0.5558
vn -0.7383 -0.3895 0.5506
vn -0.7666 -0.4078 0.4960
vn -0.7244 -0.4699 0.5044
vn -0.0982 0.9339 -0.3438
vn -0.0000 0.9211 -0.3894
vn -0.1027 0.9309 -0.3505
vn -0.8958 0.0689 0.4391
vn -0.8981 0.0947 0.4295
vn -0.9291 0.0678 0.3636
vn -0.9267 0.0425 0.3733
vn -0.8353 0.5019 0.2245
vn -0.8172 0.5411 0.1984
vn -0.8471 0.5125 0.1410
vn -0.8655 0.4729 0.1655
vn -0.6451 -0.5222 0.5579
vn -0.6971 -0.4530 0.5558
vn -0.7244 -0.4699 0.5044
vn -0.6710 -0.5376 0.5105
vn -0.1925 0.9358 -0.2953
vn -0.0982 0.9339 -0.3438
vn -0.1027 0.9309 -0.3505
vn -0.2013 0.9297 -0.3084
vn -0.8927 0.0424 0.4487
vn -0.8958 0.0689 0.4391
vn -0.9267 0.0425 0.3733
vn -0.9236 0.0163 0.3831
vn -0.8506 0.4633 0.2488
vn -0.8353 0.5019 0.2245
vn -0.8655 0.4729 0.1655
vn -0.8810 0.4340 0.1884
vn -0.5797 -0.5965 0.5551
vn -0.6451 -0.5222 0.5579
vn -0.6710 -0.5376 0.5105
vn -0.6037 -0.6104 0.5128
vn -0.2821 0.9276 -0.2450
vn -0.1925 0.9358 -0.2953
vn -0.2013 0.9297 -0.3084
vn -0.2949 0.9183 -0.2640
vn -0.8887 0.0148 0.4583
vn -0.8927 0.0424 0.4487
vn -0.9236 0.0163 0.3831
vn -0.9195 -0.0109 0.3928
vn -0.8634 0.4253 0.2715
vn -0.8506 0.4633 0.2488
vn -0.8810 0.4340 0.1884
vn -0.8939 0.3959 0.2100
vn -0.4982 -0.6742 0.5452
vn -0.5797 -0.5965 0.5551
vn -0.6037 -0.6104 0.5128
vn -0.5308 -0.6731 0.5150
vn -0.3654 0.9104 -0.1942
vn -0.2821 0.9276 -0.2450
vn -0.2949 0.9183 -0.2640
vn -0.3816 0.8981 -0.2188
vn -0.8837 -0.0141 0.4679
vn -0.8887 0.0148 0.4583
vn -0.9195 -0.0109 0.3928
vn -0.9145 -0.0393 0.4027
vn -0.8740 0.3878 0.2929
vn -0.8634 0.4253 0.2715
vn -0.8939 0.3959 0.2100
vn -0.9047 0.3585 0.2304
vn -0.4519 -0.7133 0.5357
vn -0.4982 -0.6742 0.5452
vn -0.5308 -0.6731 0.5150
vn -0.4616 -0.7180 0.5210
vn -0.6710 -0.5376 0.5105
vn -0.7244 -0.4699 0.5044
vn -0.7466 -0.4879 0.4523
vn -0.6922 -0.5542 0.4623
vn -0.2013 0.9297 -0.3084
vn -0.1027 0.9309 -0.3505
vn -0.1064 0.9279 -0.3574
vn -0.2086 0.9235 -0.3219
vn -0.9236 0.0163 0.3831
vn -0.9267 0.0425 0.3733
vn -0.9516 0.0155 0.3070
vn -0.9484 -0.0103 0.3169
vn -0.8810 0.4340 0.1884
vn -0.8655 0.4729 0.1655
vn -0.8898 0.4441 0.1055
vn -0.9054 0.4050 0.1271
vn -0.6037 -0.6104 0.5128
vn -0.6710 -0.5376 0.5105
vn -0.6922 -0.5542 0.4623
vn -0.6326 -0.6119 0.4748
vn -0.2949 0.9183 -0.2640
vn -0.2013 0.9297 -0.3084
vn -0.2086 0.9235 -0.3219
vn -0.3054 0.9089 -0.2839
vn -0.9195 -0.0109 0.3928
vn -0.9236 0.0163 0.3831
vn -0.9484 -0.0103 0.3169
vn -0.9443 -0.0371 0.3269
vn -0.8939 0.3959 0.2100
vn -0.8810 0.4340 0.1884
vn -0.9054 0.4050 0.1271
vn -0.9185 0.3668 0.1476
vn -0.5308 -0.6731 0.5150
vn -0.6037 -0.6104 0.5128
vn -0.6326 -0.6119 0.4748
vn -0.5747 -0.6541 0.4919
vn -0.3816 0.8981 -0.2188
vn -0.2949 0.9183 -0.2640
vn -0.3054 0.9089 -0.2839
vn -0.3949 0.8856 -0.2445
vn -0.9145 -0.0393 0.4027
vn -0.9195 -0.0109 0.3928
vn -0.9443 -0.0371 0.3269
vn -0.9392 -0.0651 0.3370
vn -0.9047 0.3585 0.2304
vn -0.8939 0.3959 0.2100
vn -0.9185 0.3668 0.1476
vn -0.9293 0.3293 0.1670
vn -0.4604 0.8705 -0.1739
vn -0.3816 0.8981 -0.2188
vn -0.3949 0.8856 -0.2445
vn -0.4762 0.8552 -0.2048
vn -0.9082 -0.0692 0.4127
vn -0.9145 -0.0393 0.4027
vn -0.9392 -0.0651 0.3370
vn -0.9329 -0.0945 0.3474
vn -0.9134 0.3216 0.2497
vn -0.9047 0.3585 0.2304
vn -0.9293 0.3293 0.1670
vn -0.9381 0.2924 0.1855
vn -0.5309 0.8374 -0.1301
vn -0.4604 0.8705 -0.1739
vn -0.4762 0.8552 -0.2048
vn -0.5487 0.8194 -0.1658
vn -0.9006 -0.1009 0.4229
vn -0.9082 -0.0692 0.4127
vn -0.9329 -0.0945 0.3474
vn -0.9252 -0.1257 0.3580
vn -0.9203 0.2851 0.2680
vn -0.9134 0.3216 0.2497
vn -0.9381 0.2924 0.1855
vn -0.9451 0.2561 0.2032
vn -0.5931 0.8003 -0.0881
vn -0.5309 0.8374 -0.1301
vn -0.5487 0.8194 -0.1658
vn -0.6125 0.7801 -0.1281
vn -0.8912 -0.1347 0.4332
vn -0.9006 -0.1009 0.4229
vn -0.9252 -0.1257 0.3580
vn -0.9157 -0.1590 0.3690
vn -0.9255 0.2490 0.2855
vn -0.9203 0.2851 0.2680
vn -0.9451 0.2561 0.2032
vn -0.9503 0.2201 0.2201
vn -0.6474 0.7606 -0.0484
vn -0.5931 0.8003 -0.0881
vn -0.6125 0.7801 -0.1281
vn -0.6680 0.7384 -0.0921
vn -0.8797 -0.1710 0.4437
vn -0.8912 -0.1347 0.4332
vn -0.9157 -0.1590 0.3690
vn -0.9042 -0.1947 0.3803
vn -0.9291 0.2130 0.3022
vn -0.9255 0.2490 0.2855
vn -0.9503 0.2201 0.2201
vn -0.9540 0.1844 0.2365
vn -0.6945 0.7194 -0.0110
vn -0.6474 0.7606 -0.0484
vn -0.6680 0.7384 -0.0921
vn -0.7162 0.6955 -0.0581
vn -0.8656 -0.2103 0.4544
vn -0.8797 -0.1710 0.4437
vn -0.9042 -0.1947 0.3803
vn -0.8899 -0.2333 0.3919
vn -0.9313 0.1771 0.3183
vn -0.9291 0.2130 0.3022
vn -0.9540 0.1844 0.2365
vn -0.9562 0.1488 0.2522
vn -0.7351 0.6775 0.0239
vn -0.6945 0.7194 -0.0110
vn -0.7162 0.6955 -0.0581
vn -0.7575 0.6523 -0.0262
vn -0.8483 -0.2530 0.4651
vn -0.8656 -0.2103 0.4544
vn -0.8899 -0.2333 0.3919
vn -0.8724 -0.2753 0.4039
vn -0.9320 0.1411 0.3338
vn -0.9313 0.1771 0.3183
vn -0.9562 0.1488 0.2522
vn -0.9569 0.1131 0.2675
vn -0.7700 0.6355 0.0564
vn -0.7351 0.6775 0.0239
vn -0.7575 0.6523 -0.0262
vn -0.7930 0.6092 0.0037
vn -0.8269 -0.2998 0.4758
vn -0.8483 -0.2530 0.4651
vn -0.8724 -0.2753 0.4039
vn -0.8507 -0.3212 0.4161
vn -0.9315 0.1110 0.3464
vn -0.9320 0.1411 0.3338
vn -0.9569 0.1131 0.2675
vn -0.9564 0.0833 0.2800
vn -0.7999 0.5939 0.0866
vn -0.7700 0.6355 0.0564
vn -0.7930 0.6092 0.0037
vn -0.8233 0.5667 0.0317
vn -0.8001 -0.3512 0.4863
vn -0.8269 -0.2998 0.4758
vn -0.8507 -0.3212 0.4161
vn -0.8236 -0.3716 0.4285
vn -0.9306 0.0896 0.3550
vn -0.9315 0.1110 0.3464
vn -0.9564 0.0833 0.2800
vn -0.9554 0.0622 0.2886
vn -0.8254 0.5528 0.1147
vn -0.7999 0.5939 0.0866
vn -0.8233 0.5667 0.0317
vn -0.8492 0.5249 0.0579
vn -0.7666 -0.4078 0.4960
vn -0.8001 -0.3512 0.4863
vn -0.8236 -0.3716 0.4285
vn -0.7896 -0.4270 0.4407
vn -0.9291 0.0678 0.3636
vn -0.9306 0.0896 0.3550
vn -0.9554 0.0622 0.2886
vn -0.9540 0.0406 0.2972
vn -0.8471 0.5125 0.1410
vn -0.8254 0.5528 0.1147
vn -0.8492 0.5249 0.0579
vn -0.8712 0.4840 0.0824
vn -0.7244 -0.4699 0.5044
vn -0.7666 -0.4078 0.4960
vn -0.7896 -0.4270 0.4407
vn -0.7466 -0.4879 0.4523
vn -0.1027 0.9309 -0.3505
vn -0.0000 0.9211 -0.3894
vn -0.1064 0.9279 -0.3574
vn -0.9267 0.0425 0.3733
vn -0.9291 0.0678 0.3636
vn -0.9540 0.0406 0.2972
vn -0.9516 0.0155 0.3070
vn -0.8655 0.4729 0.1655
vn -0.8471 0.5125 0.1410
vn -0.8712 0.4840 0.0824
vn -0.8898 0.4441 0.1055
vn -0.8233 0.5667 0.0317
vn -0.7930 0.6092 0.0037
vn -0.8108 0.5832 -0.0499
vn -0.8414 0.5398 -0.0241
vn -0.8236 -0.3716 0.4285
vn -0.8507 -0.3212 0.4161
vn -0.8690 -0.3435 0.3560
vn -0.8417 -0.3930 0.3703
vn -0.9554 0.0622 0.2886
vn -0.9564 0.0833 0.2800
vn -0.9754 0.0554 0.2132
vn -0.9745 0.0344 0.2219
vn -0.8492 0.5249 0.0579
vn -0.8233 0.5667 0.0317
vn -0.8414 0.5398 -0.0241
vn -0.8675 0.4974 0.0002
vn -0.7896 -0.4270 0.4407
vn -0.8236 -0.3716 0.4285
vn -0.8417 -0.3930 0.3703
vn -0.8073 -0.4473 0.3850
vn -0.9540 0.0406 0.2972
vn -0.9554 0.0622 0.2886
vn -0.9745 0.0344 0.2219
vn -0.9730 0.0131 0.2305
vn -0.8712 0.4840 0.0824
vn -0.8492 0.5249 0.0579
vn -0.8675 0.4974 0.0002
vn -0.8897 0.4560 0.0230
vn -0.7466 -0.4879 0.4523
vn -0.7896 -0.4270 0.4407
vn -0.8073 -0.4473 0.3850
vn -0.7692 -0.4942 0.4052
vn -0.1064 0.9279 -0.3574
vn -0.0000 0.9211 -0.3894
vn -0.1093 0.9247 -0.3646
vn -0.9516 0.0155 0.3070
vn -0.9540 0.0406 0.2972
vn -0.9730 0.0131 0.2305
vn -0.9706 -0.0117 0.2404
vn -0.8898 0.4441 0.1055
vn -0.8712 0.4840 0.0824
vn -0.8897 0.4560 0.0230
vn -0.9084 0.4157 0.0446
vn -0.6922 -0.5542 0.4623
vn -0.7466 -0.4879 0.4523
vn -0.7692 -0.4942 0.4052
vn -0.7001 -0.5639 0.4381
vn -0.2086 0.9235 -0.3219
vn -0.1064 0.9279 -0.3574
vn -0.1093 0.9247 -0.3646
vn -0.2142 0.9172 -0.3360
vn -0.9484 -0.0103 0.3169
vn -0.9516 0.0155 0.3070
vn -0.9706 -0.0117 0.2404
vn -0.9674 -0.0373 0.2505
vn -0.9054 0.4050 0.1271
vn -0.8898 0.4441 0.1055
vn -0.9084 0.4157 0.0446
vn -0.9242 0.3763 0.0651
vn -0.6326 -0.6119 0.4748
vn -0.6922 -0.5542 0.4623
vn -0.7001 -0.5639 0.4381
vn -0.6692 -0.5965 0.4431
vn -0.3054 0.9089 -0.2839
vn -0.2086 0.9235 -0.3219
vn -0.2142 0.9172 -0.3360
vn -0.3136 0.8995 -0.3043
vn -0.9443 -0.0371 0.3269
vn -0.9484 -0.0103 0.3169
vn -0.9674 -0.0373 0.2505
vn -0.9633 -0.0638 0.2607
vn -0.9185 0.3668 0.1476
vn -0.9054 0.4050 0.1271
vn -0.9242 0.3763 0.0651
vn -0.9374 0.3379 0.0845
vn -0.3949 0.8856 -0.2445
vn -0.3054 0.9089 -0.2839
vn -0.3136 0.8995 -0.3043
vn -0.4054 0.8731 -0.2709
vn -0.9392 -0.0651 0.3370
vn -0.9443 -0.0371 0.3269
vn -0.9633 -0.0638 0.2607
vn -0.9582 -0.0914 0.2711
vn -0.9293 0.3293 0.1670
vn -0.9185 0.3668 0.1476
vn -0.9374 0.3379 0.0845
vn -0.9482 0.3003 0.1031
vn -0.4762 0.8552 -0.2048
vn -0.3949 0.8856 -0.2445
vn -0.4054 0.8731 -0.2709
vn -0.4885 0.8398 -0.2367
vn -0.9329 -0.0945 0.3474
vn -0.9392 -0.0651 0.3370
vn -0.9582 -0.0914 0.2711
vn -0.9519 -0.1205 0.2819
vn -0.9381 0.2924 0.1855
vn -0.9293 0.3293 0.1670
vn -0.9482 0.3003 0.1031
vn -0.9571 0.2635 0.1208
vn -0.5487 0.8194 -0.1658
vn -0.4762 0.8552 -0.2048
vn -0.4885 0.8398 -0.2367
vn -0.5625 0.8016 -0.2026
vn -0.9252 -0.1257 0.3580
vn -0.9329 -0.0945 0.3474
vn -0.9519 -0.1205 0.2819
vn -0.9441 -0.1512 0.2930
vn -0.9451 0.2561 0.2032
vn -0.9381 0.2924 0.1855
vn -0.9571 0.2635 0.1208
vn -0.9641 0.2271 0.1379
vn -0.6125 0.7801 -0.1281
vn -0.5487 0.8194 -0.1658
vn -0.5625 0.8016 -0.2026
vn -0.6275 0.7600 -0.1692
vn -0.9157 -0.1590 0.3690
vn -0.9252 -0.1257 0.3580
vn -0.9441 -0.1512 0.2930
vn -0.9346 -0.1840 0.3045
vn -0.9503 0.2201 0.2201
vn -0.9451 0.2561 0.2032
vn -0.9641 0.2271 0.1379
vn -0.9693 0.1913 0.1543
vn -0.6680 0.7384 -0.0921
vn -0.6125 0.7801 -0.1281
vn -0.6275 0.7600 -0.1692
vn -0.6841 0.7164 -0.1370
vn -0.9042 -0.1947 0.3803
vn -0.9157 -0.1590 0.3690
vn -0.9346 -0.1840 0.3045
vn -0.9229 -0.2191 0.3165
vn -0.9540 0.1844 0.2365
vn -0.9503 0.2201 0.2201
vn -0.9693 0.1913 0.1543
vn -0.9730 0.1557 0.1702
vn -0.7162 0.6955 -0.0581
vn -0.6680 0.7384 -0.0921
vn -0.6841 0.7164 -0.1370
vn -0.7329 0.6720 -0.1064
vn -0.8899 -0.2333 0.3919
vn -0.9042 -0.1947 0.3803
vn -0.9229 -0.2191 0.3165
vn -0.9086 -0.2571 0.3291
vn -0.9562 0.1488 0.2522
vn -0.9540 0.1844 0.2365
vn -0.9730 0.1557 0.1702
vn -0.9752 0.1203 0.1857
vn -0.7575 0.6523 -0.0262
vn -0.7162 0.6955 -0.0581
vn -0.7329 0.6720 -0.1064
vn -0.7749 0.6274 -0.0773
vn -0.8724 -0.2753 0.4039
vn -0.8899 -0.2333 0.3919
vn -0.9086 -0.2571 0.3291
vn -0.8910 -0.2984 0.3423
vn -0.9569 0.1131 0.2675
vn -0.9562 0.1488 0.2522
vn -0.9752 0.1203 0.1857
vn -0.9759 0.0849 0.2009
vn -0.7930 0.6092 0.0037
vn -0.7575 0.6523 -0.0262
vn -0.7749 0.6274 -0.0773
vn -0.8108 0.5832 -0.0499
vn -0.8507 -0.3212 0.4161
vn -0.8724 -0.2753 0.4039
vn -0.8910 -0.2984 0.3423
vn -0.8690 -0.3435 0.3560
vn -0.9564 0.0833 0.2800
vn -0.9569 0.1131 0.2675
vn -0.9759 0.0849 0.2009
vn -0.9754 0.0554 0.2132
vn -0.7329 0.6720 -0.1064
vn -0.6841 0.7164 -0.1370
vn -0.6955 0.6949 -0.1828
vn -0.7448 0.6489 -0.1555
vn -0.9086 -0.2571 0.3291
vn -0.9229 -0.2191 0.3165
vn -0.9362 -0.2443 0.2527
vn -0.9218 -0.2817 0.2663
vn -0.9752 0.1203 0.1857
vn -0.9730 0.1557 0.1702
vn -0.9864 0.1271 0.1037
vn -0.9886 0.0919 0.1190
vn -0.7749 0.6274 -0.0773
vn -0.7329 0.6720 -0.1064
vn -0.7448 0.6489 -0.1555
vn -0.7872 0.6030 -0.1293
vn -0.8910 -0.2984 0.3423
vn -0.9086 -0.2571 0.3291
vn -0.9218 -0.2817 0.2663
vn -0.9041 -0.3224 0.2806
vn -0.9759 0.0849 0.2009
vn -0.9752 0.1203 0.1857
vn -0.9886 0.0919 0.1190
vn -0.9894 0.0567 0.1340
vn -0.8108 0.5832 -0.0499
vn -0.7749 0.6274 -0.0773
vn -0.7872 0.6030 -0.1293
vn -0.8234 0.5578 -0.1044
vn -0.8690 -0.3435 0.3560
vn -0.8910 -0.2984 0.3423
vn -0.9041 -0.3224 0.2806
vn -0.8820 -0.3667 0.2959
vn -0.9754 0.0554 0.2132
vn -0.9759 0.0849 0.2009
vn -0.9894 0.0567 0.1340
vn -0.9889 0.0273 0.1463
vn -0.8414 0.5398 -0.0241
vn -0.8108 0.5832 -0.0499
vn -0.8234 0.5578 -0.1044
vn -0.8542 0.5136 -0.0808
vn -0.8417 -0.3930 0.3703
vn -0.8690 -0.3435 0.3560
vn -0.8820 -0.3667 0.2959
vn -0.8578 -0.4035 0.3184
vn -0.9745 0.0344 0.2219
vn -0.9754 0.0554 0.2132
vn -0.9889 0.0273 0.1463
vn -0.9879 0.0065 0.1550
vn -0.8675 0.4974 0.0002
vn -0.8414 0.5398 -0.0241
vn -0.8542 0.5136 -0.0808
vn -0.8805 0.4704 -0.0583
vn -0.8073 -0.4473 0.3850
vn -0.8417 -0.3930 0.3703
vn -0.8578 -0.4035 0.3184
vn -0.8140 -0.4582 0.3570
vn -0.9730 0.0131 0.2305
vn -0.9745 0.0344 0.2219
vn -0.9879 0.0065 0.1550
vn -0.9864 -0.0147 0.1637
vn -0.8897 0.4560 0.0230
vn -0.8675 0.4974 0.0002
vn -0.8805 0.4704 -0.0583
vn -0.9028 0.4285 -0.0370
vn -0.7692 -0.4942 0.4052
vn -0.8073 -0.4473 0.3850
vn -0.8140 -0.4582 0.3570
vn -0.7944 -0.4858 0.3647
vn -0.1093 0.9247 -0.3646
vn -0.0000 0.9211 -0.3894
vn -0.1114 0.9215 -0.3720
vn -0.9706 -0.0117 0.2404
vn -0.9730 0.0131 0.2305
vn -0.9864 -0.0147 0.1637
vn -0.9840 -0.0393 0.1737
vn -0.9084 0.4157 0.0446
vn -0.8897 0.4560 0.0230
vn -0.9028 0.4285 -0.0370
vn -0.9216 0.3877 -0.0168
vn -0.2142 0.9172 -0.3360
vn -0.1093 0.9247 -0.3646
vn -0.1114 0.9215 -0.3720
vn -0.2183 0.9108 -0.3504
vn -0.9674 -0.0373 0.2505
vn -0.9706 -0.0117 0.2404
vn -0.9840 -0.0393 0.1737
vn -0.9808 -0.0646 0.1839
vn -0.9242 0.3763 0.0651
vn -0.9084 0.4157 0.0446
vn -0.9216 0.3877 -0.0168
vn -0.9375 0.3481 0.0025
vn -0.3136 0.8995 -0.3043
vn -0.2142 0.9172 -0.3360
vn -0.2183 0.9108 -0.3504
vn -0.3195 0.8900 -0.3254
vn -0.9633 -0.0638 0.2607
vn -0.9674 -0.0373 0.2505
vn -0.9808 -0.0646 0.1839
vn -0.9767 -0.0908 0.1943
vn -0.9374 0.3379 0.0845
vn -0.9242 0.3763 0.0651
vn -0.9375 0.3481 0.0025
vn -0.9507 0.3094 0.0209
vn -0.4054 0.8731 -0.2709
vn -0.3136 0.8995 -0.3043
vn -0.3195 0.8900 -0.3254
vn -0.4129 0.8606 -0.2980
vn -0.9582 -0.0914 0.2711
vn -0.9633 -0.0638 0.2607
vn -0.9767 -0.0908 0.1943
vn -0.9716 -0.1182 0.2051
vn -0.9482 0.3003 0.1031
vn -0.9374 0.3379 0.0845
vn -0.9507 0.3094 0.0209
vn -0.9616 0.2717 0.0386
vn -0.4885 0.8398 -0.2367
vn -0.4054 0.8731 -0.2709
vn -0.4129 0.8606 -0.2980
vn -0.4973 0.8247 -0.2693
vn -0.9519 -0.1205 0.2819
vn -0.9582 -0.0914 0.2711
vn -0.9716 -0.1182 0.2051
vn -0.9652 -0.1469 0.2162
vn -0.9571 0.2635 0.1208
vn -0.9482 0.3003 0.1031
vn -0.9616 0.2717 0.0386
vn -0.9705 0.2348 0.0557
vn -0.5625 0.8016 -0.2026
vn -0.4885 0.8398 -0.2367
vn -0.4973 0.8247 -0.2693
vn -0.5724 0.7840 -0.2402
vn -0.9441 -0.1512 0.2930
vn -0.9519 -0.1205 0.2819
vn -0.9652 -0.1469 0.2162
vn -0.9574 -0.1773 0.2278
vn -0.9641 0.2271 0.1379
vn -0.9571 0.2635 0.1208
vn -0.9705 0.2348 0.0557
vn -0.9775 0.1984 0.0722
vn -0.6275 0.7600 -0.1692
vn -0.5625 0.8016 -0.2026
vn -0.5724 0.7840 -0.2402
vn -0.6382 0.7403 -0.2112
vn -0.9346 -0.1840 0.3045
vn -0.9441 -0.1512 0.2930
vn -0.9574 -0.1773 0.2278
vn -0.9479 -0.2096 0.2400
vn -0.9693 0.1913 0.1543
vn -0.9641 0.2271 0.1379
vn -0.9775 0.1984 0.0722
vn -0.9827 0.1626 0.0882
vn -0.6841 0.7164 -0.1370
vn -0.6275 0.7600 -0.1692
vn -0.6382 0.7403 -0.2112
vn -0.6955 0.6949 -0.1828
vn -0.9229 -0.2191 0.3165
vn -0.9346 -0.1840 0.3045
vn -0.9479 -0.2096 0.2400
vn -0.9362 -0.2443 0.2527
vn -0.9730 0.1557 0.1702
vn -0.9693 0.1913 0.1543
vn -0.9827 0.1626 0.0882
vn -0.9864 0.1271 0.1037
vn -0.9705 0.2348 0.0557
vn -0.9616 0.2717 0.0386
vn -0.9696 0.2435 -0.0261
vn -0.9784 0.2064 -0.0098
vn -0.5724 0.7840 -0.2402
vn -0.4973 0.8247 -0.2693
vn -0.5026 0.8098 -0.3026
vn -0.5783 0.7668 -0.2784
vn -0.9574 -0.1773 0.2278
vn -0.9652 -0.1469 0.2162
vn -0.9732 -0.1739 0.1506
vn -0.9654 -0.2039 0.1627
vn -0.9775 0.1984 0.0722
vn -0.9705 0.2348 0.0557
vn -0.9784 0.2064 -0.0098
vn -0.9854 0.1700 0.0062
vn -0.6382 0.7403 -0.2112
vn -0.5724 0.7840 -0.2402
vn -0.5783 0.7668 -0.2784
vn -0.6447 0.7211 -0.2538
vn -0.9479 -0.2096 0.2400
vn -0.9574 -0.1773 0.2278
vn -0.9654 -0.2039 0.1627
vn -0.9558 -0.2359 0.1755
vn -0.9827 0.1626 0.0882
vn -0.9775 0.1984 0.0722
vn -0.9854 0.1700 0.0062
vn -0.9907 0.1341 0.0218
vn -0.6955 0.6949 -0.1828
vn -0.6382 0.7403 -0.2112
vn -0.6447 0.7211 -0.2538
vn -0.7023 0.6739 -0.2293
vn -0.9362 -0.2443 0.2527
vn -0.9479 -0.2096 0.2400
vn -0.9558 -0.2359 0.1755
vn -0.9441 -0.2702 0.1890
vn -0.9864 0.1271 0.1037
vn -0.9827 0.1626 0.0882
vn -0.9907 0.1341 0.0218
vn -0.9944 0.0987 0.0371
vn -0.7448 0.6489 -0.1555
vn -0.6955 0.6949 -0.1828
vn -0.7023 0.6739 -0.2293
vn -0.7519 0.6264 -0.2053
vn -0.9218 -0.2817 0.2663
vn -0.9362 -0.2443 0.2527
vn -0.9441 -0.2702 0.1890
vn -0.9297 -0.3071 0.2035
vn -0.9886 0.0919 0.1190
vn -0.9864 0.1271 0.1037
vn -0.9944 0.0987 0.0371
vn -0.9966 0.0634 0.0521
vn -0.7872 0.6030 -0.1293
vn -0.7448 0.6489 -0.1555
vn -0.7519 0.6264 -0.2053
vn -0.7945 0.5793 -0.1820
vn -0.9041 -0.3224 0.2806
vn -0.9218 -0.2817 0.2663
vn -0.9297 -0.3071 0.2035
vn -0.9119 -0.3471 0.2190
vn -0.9894 0.0567 0.1340
vn -0.9886 0.0919 0.1190
vn -0.9966 0.0634 0.0521
vn -0.9973 0.0283 0.0670
vn -0.8234 0.5578 -0.1044
vn -0.7872 0.6030 -0.1293
vn -0.7945 0.5793 -0.1820
vn -0.8309 0.5331 -0.1596
vn -0.8820 -0.3667 0.2959
vn -0.9041 -0.3224 0.2806
vn -0.9119 -0.3471 0.2190
vn -0.8898 -0.3908 0.2357
vn -0.9889 0.0273 0.1463
vn -0.9894 0.0567 0.1340
vn -0.9973 0.0283 0.0670
vn -0.9968 -0.0009 0.0794
vn -0.8542 0.5136 -0.0808
vn -0.8234 0.5578 -0.1044
vn -0.8309 0.5331 -0.1596
vn -0.8619 0.4879 -0.1380
vn -0.8578 -0.4035 0.3184
vn -0.8820 -0.3667 0.2959
vn -0.8898 -0.3908 0.2357
vn -0.8770 -0.4138 0.2441
vn -0.9879 0.0065 0.1550
vn -0.9889 0.0273 0.1463
vn -0.9968 -0.0009 0.0794
vn -0.9959 -0.0216 0.0880
vn -0.8805 0.4704 -0.0583
vn -0.8542 0.5136 -0.0808
vn -0.8619 0.4879 -0.1380
vn -0.8883 0.4441 -0.1174
vn -0.9864 -0.0147 0.1637
vn -0.9879 0.0065 0.1550
vn -0.9959 -0.0216 0.0880
vn -0.9944 -0.0427 0.0968
vn -0.9028 0.4285 -0.0370
vn -0.8805 0.4704 -0.0583
vn -0.8883 0.4441 -0.1174
vn -0.9106 0.4016 -0.0977
vn -0.1114 0.9215 -0.3720
vn -0.0000 0.9211 -0.3894
vn -0.1127 0.9184 -0.3794
vn -0.9840 -0.0393 0.1737
vn -0.9864 -0.0147 0.1637
vn -0.9944 -0.0427 0.0968
vn -0.9920 -0.0671 0.1070
vn -0.9216 0.3877 -0.0168
vn -0.9028 0.4285 -0.0370
vn -0.9106 0.4016 -0.0977
vn -0.9295 0.3604 -0.0787
vn -0.2183 0.9108 -0.3504
vn -0.1114 0.9215 -0.3720
vn -0.1127 0.9184 -0.3794
vn -0.2208 0.9045 -0.3649
vn -0.9808 -0.0646 0.1839
vn -0.9840 -0.0393 0.1737
vn -0.9920 -0.0671 0.1070
vn -0.9888 -0.0923 0.1173
vn -0.9375 0.3481 0.0025
vn -0.9216 0.3877 -0.0168
vn -0.9295 0.3604 -0.0787
vn -0.9454 0.3203 -0.0606
vn -0.3195 0.8900 -0.3254
vn -0.2183 0.9108 -0.3504
vn -0.2208 0.9045 -0.3649
vn -0.3230 0.8806 -0.3468
vn -0.9767 -0.0908 0.1943
vn -0.9808 -0.0646 0.1839
vn -0.9888 -0.0923 0.1173
vn -0.9847 -0.1183 0.1280
vn -0.9507 0.3094 0.0209
vn -0.9375 0.3481 0.0025
vn -0.9454 0.3203 -0.0606
vn -0.9586 0.2814 -0.0430
vn -0.4129 0.8606 -0.2980
vn -0.3195 0.8900 -0.3254
vn -0.3230 0.8806 -0.3468
vn -0.4174 0.8484 -0.3257
vn -0.9716 -0.1182 0.2051
vn -0.9767 -0.0908 0.1943
vn -0.9847 -0.1183 0.1280
vn -0.9795 -0.1454 0.1391
vn -0.9616 0.2717 0.0386
vn -0.9507 0.3094 0.0209
vn -0.9586 0.2814 -0.0430
vn -0.9696 0.2435 -0.0261
vn -0.4973 0.8247 -0.2693
vn -0.4129 0.8606 -0.2980
vn -0.4174 0.8484 -0.3257
vn -0.5026 0.8098 -0.3026
vn -0.9652 -0.1469 0.2162
vn -0.9716 -0.1182 0.2051
vn -0.9795 -0.1454 0.1391
vn -0.9732 -0.1739 0.1506
vn -0.9454 0.3203 -0.0606
vn -0.9295 0.3604 -0.0787
vn -0.9321 0.3336 -0.1410
vn -0.9480 0.2932 -0.1240
vn -0.3230 0.8806 -0.3468
vn -0.2208 0.9045 -0.3649
vn -0.2216 0.8982 -0.3797
vn -0.3242 0.8713 -0.3684
vn -0.9847 -0.1183 0.1280
vn -0.9888 -0.0923 0.1173
vn -0.9914 -0.1202 0.0508
vn -0.9873 -0.1461 0.0618
vn -0.9586 0.2814 -0.0430
vn -0.9454 0.3203 -0.0606
vn -0.9480 0.2932 -0.1240
vn -0.9612 0.2539 -0.1074
vn -0.4174 0.8484 -0.3257
vn -0.3230 0.8806 -0.3468
vn -0.3242 0.8713 -0.3684
vn -0.4189 0.8364 -0.3536
vn -0.9795 -0.1454 0.1391
vn -0.9847 -0.1183 0.1280
vn -0.9873 -0.1461 0.0618
vn -0.9822 -0.1730 0.0732
vn -0.9696 0.2435 -0.0261
vn -0.9586 0.2814 -0.0430
vn -0.9612 0.2539 -0.1074
vn -0.9722 0.2157 -0.0912
vn -0.5026 0.8098 -0.3026
vn -0.4174 0.8484 -0.3257
vn -0.4189 0.8364 -0.3536
vn -0.5044 0.7953 -0.3363
vn -0.9732 -0.1739 0.1506
vn -0.9795 -0.1454 0.1391
vn -0.9822 -0.1730 0.0732
vn -0.9758 -0.2013 0.0851
vn -0.9784 0.2064 -0.0098
vn -0.9696 0.2435 -0.0261
vn -0.9722 0.2157 -0.0912
vn -0.9811 0.1784 -0.0754
vn -0.5783 0.7668 -0.2784
vn -0.5026 0.8098 -0.3026
vn -0.5044 0.7953 -0.3363
vn -0.5803 0.7501 -0.3171
vn -0.9654 -0.2039 0.1627
vn -0.9732 -0.1739 0.1506
vn -0.9758 -0.2013 0.0851
vn -0.9680 -0.2311 0.0977
vn -0.9854 0.1700 0.0062
vn -0.9784 0.2064 -0.0098
vn -0.9811 0.1784 -0.0754
vn -0.9881 0.1418 -0.0600
vn -0.6447 0.7211 -0.2538
vn -0.5783 0.7668 -0.2784
vn -0.5803 0.7501 -0.3171
vn -0.6468 0.7024 -0.2970
vn -0.9558 -0.2359 0.1755
vn -0.9654 -0.2039 0.1627
vn -0.9680 -0.2311 0.0977
vn -0.9584 -0.2628 0.1111
vn -0.9907 0.1341 0.0218
vn -0.9854 0.1700 0.0062
vn -0.9881 0.1418 -0.0600
vn -0.9934 0.1058 -0.0447
vn -0.7023 0.6739 -0.2293
vn -0.6447 0.7211 -0.2538
vn -0.6468 0.7024 -0.2970
vn -0.7046 0.6536 -0.2763
vn -0.9441 -0.2702 0.1890
vn -0.9558 -0.2359 0.1755
vn -0.9584 -0.2628 0.1111
vn -0.9467 -0.2967 0.1254
vn -0.9944 0.0987 0.0371
vn -0.9907 0.1341 0.0218
vn -0.9934 0.1058 -0.0447
vn -0.9971 0.0703 -0.0297
vn -0.7519 0.6264 -0.2053
vn -0.7023 0.6739 -0.2293
vn -0.7046 0.6536 -0.2763
vn -0.7543 0.6047 -0.2557
vn -0.9297 -0.3071 0.2035
vn -0.9441 -0.2702 0.1890
vn -0.9467 -0.2967 0.1254
vn -0.9323 -0.3332 0.1409
vn -0.9966 0.0634 0.0521
vn -0.9944 0.0987 0.0371
vn -0.9971 0.0703 -0.0297
vn -0.9993 0.0351 -0.0148
vn -0.7945 0.5793 -0.1820
vn -0.7519 0.6264 -0.2053
vn -0.7543 0.6047 -0.2557
vn -0.7970 0.5563 -0.2352
vn -0.9119 -0.3471 0.2190
vn -0.9297 -0.3071 0.2035
vn -0.9323 -0.3332 0.1409
vn -0.9145 -0.3727 0.1576
vn -0.9973 0.0283 0.0670
vn -0.9966 0.0634 0.0521
vn -0.9993 0.0351 -0.0148
vn -1.0000 0.0000 0.0000
vn -0.8309 0.5331 -0.1596
vn -0.7945 0.5793 -0.1820
vn -0.7970 0.5563 -0.2352
vn -0.8334 0.5090 -0.2152
vn -0.8898 -0.3908 0.2357
vn -0.9119 -0.3471 0.2190
vn -0.9145 -0.3727 0.1576
vn -0.8924 -0.4157 0.1758
vn -0.9968 -0.0009 0.0794
vn -0.9973 0.0283 0.0670
vn -1.0000 0.0000 0.0000
vn -0.9995 -0.0292 0.0124
vn -0.8770 -0.4138 0.2441
vn -0.8898 -0.3908 0.2357
vn -0.8924 -0.4157 0.1758
vn -0.8796 -0.4382 0.1853
vn -0.8619 0.4879 -0.1380
vn -0.8309 0.5331 -0.1596
vn -0.8334 0.5090 -0.2152
vn -0.8644 0.4630 -0.1958
vn -0.9959 -0.0216 0.0880
vn -0.9968 -0.0009 0.0794
vn -0.9995 -0.0292 0.0124
vn -0.9985 -0.0499 0.0211
vn -0.8883 0.4441 -0.1174
vn -0.8619 0.4879 -0.1380
vn -0.8644 0.4630 -0.1958
vn -0.8908 0.4185 -0.1769
vn -0.9944 -0.0427 0.0968
vn -0.9959 -0.0216 0.0880
vn -0.9985 -0.0499 0.0211
vn -0.9970 -0.0708 0.0300
vn -0.9106 0.4016 -0.0977
vn -0.8883 0.4441 -0.1174
vn -0.8908 0.4185 -0.1769
vn -0.9132 0.3754 -0.1587
vn -0.1127 0.9184 -0.3794
vn -0.0000 0.9211 -0.3894
vn -0.1131 0.9152 -0.3869
vn -0.9920 -0.0671 0.1070
vn -0.9944 -0.0427 0.0968
vn -0.9970 -0.0708 0.0300
vn -0.9946 -0.0952 0.0403
vn -0.9295 0.3604 -0.0787
vn -0.9106 0.4016 -0.0977
vn -0.9132 0.3754 -0.1587
vn -0.9321 0.3336 -0.1410
vn -0.2208 0.9045 -0.3649
vn -0.1127 0.9184 -0.3794
vn -0.1131 0.9152 -0.3869
vn -0.2216 0.8982 -0.3797
vn -0.9888 -0.0923 0.1173
vn -0.9920 -0.0671 0.1070
vn -0.9946 -0.0952 0.0403
vn -0.9914 -0.1202 0.0508
vn -0.8908 0.4185 -0.1769
vn -0.8644 0.4630 -0.1958
vn -0.8619 0.4390 -0.2539
vn -0.8883 0.3936 -0.2368
vn -0.9970 -0.0708 0.0300
vn -0.9985 -0.0499 0.0211
vn -0.9959 -0.0782 -0.0458
vn -0.9944 -0.0992 -0.0368
vn -0.9132 0.3754 -0.1587
vn -0.8908 0.4185 -0.1769
vn -0.8883 0.3936 -0.2368
vn -0.9106 0.3498 -0.2200
vn -0.1131 0.9152 -0.3869
vn -0.0000 0.9211 -0.3894
vn -0.1126 0.9120 -0.3945
vn -0.9946 -0.0952 0.0403
vn -0.9970 -0.0708 0.0300
vn -0.9944 -0.0992 -0.0368
vn -0.9920 -0.1235 -0.0264
vn -0.9321 0.3336 -0.1410
vn -0.9132 0.3754 -0.1587
vn -0.9106 0.3498 -0.2200
vn -0.9295 0.3075 -0.2037
vn -0.2216 0.8982 -0.3797
vn -0.1131 0.9152 -0.3869
vn -0.1126 0.9120 -0.3945
vn -0.2208 0.8920 -0.3946
vn -0.9914 -0.1202 0.0508
vn -0.9946 -0.0952 0.0403
vn -0.9920 -0.1235 -0.0264
vn -0.9888 -0.1485 -0.0156
vn -0.9480 0.2932 -0.1240
vn -0.9321 0.3336 -0.1410
vn -0.9295 0.3075 -0.2037
vn -0.9454 0.2666 -0.1876
vn -0.3242 0.8713 -0.3684
vn -0.2216 0.8982 -0.3797
vn -0.2208 0.8920 -0.3946
vn -0.3230 0.8622 -0.3901
vn -0.9873 -0.1461 0.0618
vn -0.9914 -0.1202 0.0508
vn -0.9888 -0.1485 -0.0156
vn -0.9847 -0.1742 -0.0043
vn -0.9612 0.2539 -0.1074
vn -0.9480 0.2932 -0.1240
vn -0.9454 0.2666 -0.1876
vn -0.9586 0.2270 -0.1719
vn -0.4189 0.8364 -0.3536
vn -0.3242 0.8713 -0.3684
vn -0.3230 0.8622 -0.3901
vn -0.4174 0.8247 -0.3817
vn -0.9822 -0.1730 0.0732
vn -0.9873 -0.1461 0.0618
vn -0.9847 -0.1742 -0.0043
vn -0.9795 -0.2011 0.0074
vn -0.9722 0.2157 -0.0912
vn -0.9612 0.2539 -0.1074
vn -0.9586 0.2270 -0.1719
vn -0.9696 0.1884 -0.1565
vn -0.5044 0.7953 -0.3363
vn -0.4189 0.8364 -0.3536
vn -0.4174 0.8247 -0.3817
vn -0.5026 0.7813 -0.3701
vn -0.9758 -0.2013 0.0851
vn -0.9822 -0.1730 0.0732
vn -0.9795 -0.2011 0.0074
vn -0.9732 -0.2292 0.0198
vn -0.9811 0.1784 -0.0754
vn -0.9722 0.2157 -0.0912
vn -0.9696 0.1884 -0.1565
vn -0.9784 0.1508 -0.1413
vn -0.5803 0.7501 -0.3171
vn -0.5044 0.7953 -0.3363
vn -0.5026 0.7813 -0.3701
vn -0.5783 0.7340 -0.3561
vn -0.9680 -0.2311 0.0977
vn -0.9758 -0.2013 0.0851
vn -0.9732 -0.2292 0.0198
vn -0.9654 -0.2588 0.0329
vn -0.9881 0.1418 -0.0600
vn -0.9811 0.1784 -0.0754
vn -0.9784 0.1508 -0.1413
vn -0.9854 0.1140 -0.1263
vn -0.6468 0.7024 -0.2970
vn -0.5803 0.7501 -0.3171
vn -0.5783 0.7340 -0.3561
vn -0.6447 0.6845 -0.3404
vn -0.9584 -0.2628 0.1111
vn -0.9680 -0.2311 0.0977
vn -0.9654 -0.2588 0.0329
vn -0.9558 -0.2902 0.0470
vn -0.9934 0.1058 -0.0447
vn -0.9881 0.1418 -0.0600
vn -0.9854 0.1140 -0.1263
vn -0.9907 0.0778 -0.1114
vn -0.7046 0.6536 -0.2763
vn -0.6468 0.7024 -0.2970
vn -0.6447 0.6845 -0.3404
vn -0.7023 0.6340 -0.3237
vn -0.9467 -0.2967 0.1254
vn -0.9584 -0.2628 0.1111
vn -0.9558 -0.2902 0.0470
vn -0.9441 -0.3238 0.0621
vn -0.9971 0.0703 -0.0297
vn -0.9934 0.1058 -0.0447
vn -0.9907 0.0778 -0.1114
vn -0.9944 0.0421 -0.0966
vn -0.7543 0.6047 -0.2557
vn -0.7046 0.6536 -0.2763
vn -0.7023 0.6340 -0.3237
vn -0.7519 0.5837 -0.3063
vn -0.9323 -0.3332 0.1409
vn -0.9467 -0.2967 0.1254
vn -0.9441 -0.3238 0.0621
vn -0.9297 -0.3599 0.0785
vn -0.9993 0.0351 -0.0148
vn -0.9971 0.0703 -0.0297
vn -0.9944 0.0421 -0.0966
vn -0.9966 0.0068 -0.0818
vn -0.7970 0.5563 -0.2352
vn -0.7543 0.6047 -0.2557
vn -0.7519 0.5837 -0.3063
vn -0.7945 0.5342 -0.2888
vn -0.9145 -0.3727 0.1576
vn -0.9323 -0.3332 0.1409
vn -0.9297 -0.3599 0.0785
vn -0.9119 -0.3990 0.0964
vn -1.0000 0.0000 0.0000
vn -0.9993 0.0351 -0.0148
vn -0.9966 0.0068 -0.0818
vn -0.9973 -0.0283 -0.0670
vn -0.8334 0.5090 -0.2152
vn -0.7970 0.5563 -0.2352
vn -0.7945 0.5342 -0.2888
vn -0.8309 0.4858 -0.2712
vn -0.8924 -0.4157 0.1758
vn -0.9145 -0.3727 0.1576
vn -0.9119 -0.3990 0.0964
vn -0.8898 -0.4414 0.1161
vn -0.9995 -0.0292 0.0124
vn -1.0000 0.0000 0.0000
vn -0.9973 -0.0283 -0.0670
vn -0.9968 -0.0576 -0.0546
vn -0.8644 0.4630 -0.1958
vn -0.8334 0.5090 -0.2152
vn -0.8309 0.4858 -0.2712
vn -0.8619 0.4390 -0.2539
vn -0.8796 -0.4382 0.1853
vn -0.8924 -0.4157 0.1758
vn -0.8898 -0.4414 0.1161
vn -0.8770 -0.4634 0.1268
vn -0.9985 -0.0499 0.0211
vn -0.9995 -0.0292 0.0124
vn -0.9968 -0.0576 -0.0546
vn -0.9959 -0.0782 -0.0458
vn -0.7945 0.5342 -0.2888
vn -0.7519 0.5837 -0.3063
vn -0.7448 0.5636 -0.3572
vn -0.7872 0.5129 -0.3425
vn -0.9119 -0.3990 0.0964
vn -0.9297 -0.3599 0.0785
vn -0.9218 -0.3873 0.0166
vn -0.9041 -0.4259 0.0357
vn -0.9973 -0.0283 -0.0670
vn -0.9966 0.0068 -0.0818
vn -0.9886 -0.0214 -0.1488
vn -0.9894 -0.0567 -0.1340
vn -0.8309 0.4858 -0.2712
vn -0.7945 0.5342 -0.2888
vn -0.7872 0.5129 -0.3425
vn -0.8234 0.4635 -0.3274
vn -0.8898 -0.4414 0.1161
vn -0.9119 -0.3990 0.0964
vn -0.9041 -0.4259 0.0357
vn -0.8820 -0.4677 0.0569
vn -0.9968 -0.0576 -0.0546
vn -0.9973 -0.0283 -0.0670
vn -0.9894 -0.0567 -0.1340
vn -0.9889 -0.0860 -0.1215
vn -0.8619 0.4390 -0.2539
vn -0.8309 0.4858 -0.2712
vn -0.8234 0.4635 -0.3274
vn -0.8542 0.4157 -0.3121
vn -0.8770 -0.4634 0.1268
vn -0.8898 -0.4414 0.1161
vn -0.8820 -0.4677 0.0569
vn -0.8694 -0.4893 0.0688
vn -0.9959 -0.0782 -0.0458
vn -0.9968 -0.0576 -0.0546
vn -0.9889 -0.0860 -0.1215
vn -0.9879 -0.1067 -0.1126
vn -0.8883 0.3936 -0.2368
vn -0.8619 0.4390 -0.2539
vn -0.8542 0.4157 -0.3121
vn -0.8805 0.3696 -0.2968
vn -0.9944 -0.0992 -0.0368
vn -0.9959 -0.0782 -0.0458
vn -0.9879 -0.1067 -0.1126
vn -0.9864 -0.1277 -0.1035
vn -0.9106 0.3498 -0.2200
vn -0.8883 0.3936 -0.2368
vn -0.8805 0.3696 -0.2968
vn -0.9028 0.3251 -0.2816
vn -0.1126 0.9120 -0.3945
vn -0.0000 0.9211 -0.3894
vn -0.1114 0.9089 -0.4019
vn -0.9920 -0.1235 -0.0264
vn -0.9944 -0.0992 -0.0368
vn -0.9864 -0.1277 -0.1035
vn -0.9840 -0.1520 -0.0928
vn -0.9295 0.3075 -0.2037
vn -0.9106 0.3498 -0.2200
vn -0.9028 0.3251 -0.2816
vn -0.9216 0.2822 -0.2664
vn -0.2208 0.8920 -0.3946
vn -0.1126 0.9120 -0.3945
vn -0.1114 0.9089 -0.4019
vn -0.2183 0.8859 -0.4093
vn -0.9888 -0.1485 -0.0156
vn -0.9920 -0.1235 -0.0264
vn -0.9840 -0.1520 -0.0928
vn -0.9808 -0.1769 -0.0818
vn -0.9454 0.2666 -0.1876
vn -0.9295 0.3075 -0.2037
vn -0.9216 0.2822 -0.2664
vn -0.9375 0.2407 -0.2514
vn -0.3230 0.8622 -0.3901
vn -0.2208 0.8920 -0.3946
vn -0.2183 0.8859 -0.4093
vn -0.3195 0.8535 -0.4117
vn -0.9847 -0.1742 -0.0043
vn -0.9888 -0.1485 -0.0156
vn -0.9808 -0.1769 -0.0818
vn -0.9767 -0.2027 -0.0702
vn -0.9586 0.2270 -0.1719
vn -0.9454 0.2666 -0.1876
vn -0.9375 0.2407 -0.2514
vn -0.9507 0.2006 -0.2366
vn -0.4174 0.8247 -0.3817
vn -0.3230 0.8622 -0.3901
vn -0.3195 0.8535 -0.4117
vn -0.4129 0.8134 -0.4097
vn -0.9795 -0.2011 0.0074
vn -0.9847 -0.1742 -0.0043
vn -0.9767 -0.2027 -0.0702
vn -0.9716 -0.2295 -0.0581
vn -0.9696 0.1884 -0.1565
vn -0.9586 0.2270 -0.1719
vn -0.9507 0.2006 -0.2366
vn -0.9616 0.1616 -0.2218
vn -0.5026 0.7813 -0.3701
vn -0.4174 0.8247 -0.3817
vn -0.4129 0.8134 -0.4097
vn -0.4973 0.7678 -0.4039
vn -0.9732 -0.2292 0.0198
vn -0.9795 -0.2011 0.0074
vn -0.9716 -0.2295 -0.0581
vn -0.9652 -0.2574 -0.0452
vn -0.9784 0.1508 -0.1413
vn -0.9696 0.1884 -0.1565
vn -0.9616 0.1616 -0.2218
vn -0.9705 0.1236 -0.2072
vn -0.5783 0.7340 -0.3561
vn -0.5026 0.7813 -0.3701
vn -0.4973 0.7678 -0.4039
vn -0.5724 0.7185 -0.3951
vn -0.9654 -0.2588 0.0329
vn -0.9732 -0.2292 0.0198
vn -0.9652 -0.2574 -0.0452
vn -0.9574 -0.2869 -0.0315
vn -0.9854 0.1140 -0.1263
vn -0.9784 0.1508 -0.1413
vn -0.9705 0.1236 -0.2072
vn -0.9775 0.0865 -0.1926
vn -0.6447 0.6845 -0.3404
vn -0.5783 0.7340 -0.3561
vn -0.5724 0.7185 -0.3951
vn -0.6382 0.6673 -0.3839
vn -0.9558 -0.2902 0.0470
vn -0.9654 -0.2588 0.0329
vn -0.9574 -0.2869 -0.0315
vn -0.9479 -0.3182 -0.0168
vn -0.9907 0.0778 -0.1114
vn -0.9854 0.1140 -0.1263
vn -0.9775 0.0865 -0.1926
vn -0.9827 0.0500 -0.1781
vn -0.7023 0.6340 -0.3237
vn -0.6447 0.6845 -0.3404
vn -0.6382 0.6673 -0.3839
vn -0.6955 0.6153 -0.3711
vn -0.9441 -0.3238 0.0621
vn -0.9558 -0.2902 0.0470
vn -0.9479 -0.3182 -0.0168
vn -0.9362 -0.3515 -0.0008
vn -0.9944 0.0421 -0.0966
vn -0.9907 0.0778 -0.1114
vn -0.9827 0.0500 -0.1781
vn -0.9864 0.0141 -0.1635
vn -0.7519 0.5837 -0.3063
vn -0.7023 0.6340 -0.3237
vn -0.6955 0.6153 -0.3711
vn -0.7448 0.5636 -0.3572
vn -0.9297 -0.3599 0.0785
vn -0.9441 -0.3238 0.0621
vn -0.9362 -0.3515 -0.0008
vn -0.9218 -0.3873 0.0166
vn -0.9966 0.0068 -0.0818
vn -0.9944 0.0421 -0.0966
vn -0.9864 0.0141 -0.1635
vn -0.9886 -0.0214 -0.1488
vn -0.9775 0.0865 -0.1926
vn -0.9705 0.1236 -0.2072
vn -0.9571 0.0969 -0.2732
vn -0.9641 0.0594 -0.2590
vn -0.6382 0.6673 -0.3839
vn -0.5724 0.7185 -0.3951
vn -0.5625 0.7038 -0.4339
vn -0.6275 0.6509 -0.4273
vn -0.9479 -0.3182 -0.0168
vn -0.9574 -0.2869 -0.0315
vn -0.9441 -0.3155 -0.0956
vn -0.9346 -0.3466 -0.0802
vn -0.9827 0.0500 -0.1781
vn -0.9775 0.0865 -0.1926
vn -0.9641 0.0594 -0.2590
vn -0.9693 0.0226 -0.2447
vn -0.6955 0.6153 -0.3711
vn -0.6382 0.6673 -0.3839
vn -0.6275 0.6509 -0.4273
vn -0.6841 0.5974 -0.4185
vn -0.9362 -0.3515 -0.0008
vn -0.9479 -0.3182 -0.0168
vn -0.9346 -0.3466 -0.0802
vn -0.9229 -0.3797 -0.0633
vn -0.9864 0.0141 -0.1635
vn -0.9827 0.0500 -0.1781
vn -0.9693 0.0226 -0.2447
vn -0.9730 -0.0136 -0.2303
vn -0.7448 0.5636 -0.3572
vn -0.6955 0.6153 -0.3711
vn -0.6841 0.5974 -0.4185
vn -0.7329 0.5445 -0.4079
vn -0.9218 -0.3873 0.0166
vn -0.9362 -0.3515 -0.0008
vn -0.9229 -0.3797 -0.0633
vn -0.9086 -0.4152 -0.0449
vn -0.9886 -0.0214 -0.1488
vn -0.9864 0.0141 -0.1635
vn -0.9730 -0.0136 -0.2303
vn -0.9752 -0.0494 -0.2157
vn -0.7872 0.5129 -0.3425
vn -0.7448 0.5636 -0.3572
vn -0.7329 0.5445 -0.4079
vn -0.7749 0.4926 -0.3962
vn -0.9041 -0.4259 0.0357
vn -0.9218 -0.3873 0.0166
vn -0.9086 -0.4152 -0.0449
vn -0.8910 -0.4534 -0.0244
vn -0.9894 -0.0567 -0.1340
vn -0.9886 -0.0214 -0.1488
vn -0.9752 -0.0494 -0.2157
vn -0.9759 -0.0849 -0.2009
vn -0.8234 0.4635 -0.3274
vn -0.7872 0.5129 -0.3425
vn -0.7749 0.4926 -0.3962
vn -0.8108 0.4422 -0.3836
vn -0.8820 -0.4677 0.0569
vn -0.9041 -0.4259 0.0357
vn -0.8910 -0.4534 -0.0244
vn -0.8690 -0.4947 -0.0016
vn -0.9889 -0.0860 -0.1215
vn -0.9894 -0.0567 -0.1340
vn -0.9759 -0.0849 -0.2009
vn -0.9754 -0.1144 -0.1883
vn -0.8542 0.4157 -0.3121
vn -0.8234 0.4635 -0.3274
vn -0.8108 0.4422 -0.3836
vn -0.8414 0.3934 -0.3704
vn -0.8694 -0.4893 0.0688
vn -0.8820 -0.4677 0.0569
vn -0.8690 -0.4947 -0.0016
vn -0.8566 -0.5158 0.0113
vn -0.9879 -0.1067 -0.1126
vn -0.9889 -0.0860 -0.1215
vn -0.9754 -0.1144 -0.1883
vn -0.9745 -0.1352 -0.1793
vn -0.8805 0.3696 -0.2968
vn -0.8542 0.4157 -0.3121
vn -0.8414 0.3934 -0.3704
vn -0.8675 0.3464 -0.3569
vn -0.9864 -0.1277 -0.1035
vn -0.9879 -0.1067 -0.1126
vn -0.9745 -0.1352 -0.1793
vn -0.9730 -0.1562 -0.1700
vn -0.9028 0.3251 -0.2816
vn -0.8805 0.3696 -0.2968
vn -0.8675 0.3464 -0.3569
vn -0.8897 0.3012 -0.3432
vn -0.1114 0.9089 -0.4019
vn -0.0000 0.9211 -0.3894
vn -0.1093 0.9058 -0.4093
vn -0.9840 -0.1520 -0.0928
vn -0.9864 -0.1277 -0.1035
vn -0.9730 -0.1562 -0.1700
vn -0.9706 -0.1806 -0.1591
vn -0.9216 0.2822 -0.2664
vn -0.9028 0.3251 -0.2816
vn -0.8897 0.3012 -0.3432
vn -0.9084 0.2576 -0.3293
vn -0.2183 0.8859 -0.4093
vn -0.1114 0.9089 -0.4019
vn -0.1093 0.9058 -0.4093
vn -0.2142 0.8800 -0.4239
vn -0.9808 -0.1769 -0.0818
vn -0.9840 -0.1520 -0.0928
vn -0.9706 -0.1806 -0.1591
vn -0.9674 -0.2056 -0.1478
vn -0.9375 0.2407 -0.2514
vn -0.9216 0.2822 -0.2664
vn -0.9084 0.2576 -0.3293
vn -0.9242 0.2155 -0.3153
vn -0.3195 0.8535 -0.4117
vn -0.2183 0.8859 -0.4093
vn -0.2142 0.8800 -0.4239
vn -0.3136 0.8450 -0.4332
vn -0.9767 -0.2027 -0.0702
vn -0.9808 -0.1769 -0.0818
vn -0.9674 -0.2056 -0.1478
vn -0.9633 -0.2314 -0.1359
vn -0.9507 0.2006 -0.2366
vn -0.9375 0.2407 -0.2514
vn -0.9242 0.2155 -0.3153
vn -0.9374 0.1748 -0.3013
vn -0.4129 0.8134 -0.4097
vn -0.3195 0.8535 -0.4117
vn -0.3136 0.8450 -0.4332
vn -0.4054 0.8026 -0.4375
vn -0.9716 -0.2295 -0.0581
vn -0.9767 -0.2027 -0.0702
vn -0.9633 -0.2314 -0.1359
vn -0.9582 -0.2582 -0.1233
vn -0.9616 0.1616 -0.2218
vn -0.9507 0.2006 -0.2366
vn -0.9374 0.1748 -0.3013
vn -0.9482 0.1353 -0.2873
vn -0.4973 0.7678 -0.4039
vn -0.4129 0.8134 -0.4097
vn -0.4054 0.8026 -0.4375
vn -0.4885 0.7549 -0.4376
vn -0.9652 -0.2574 -0.0452
vn -0.9716 -0.2295 -0.0581
vn -0.9582 -0.2582 -0.1233
vn -0.9519 -0.2861 -0.1100
vn -0.9705 0.1236 -0.2072
vn -0.9616 0.1616 -0.2218
vn -0.9482 0.1353 -0.2873
vn -0.9571 0.0969 -0.2732
vn -0.5724 0.7185 -0.3951
vn -0.4973 0.7678 -0.4039
vn -0.4885 0.7549 -0.4376
vn -0.5625 0.7038 -0.4339
vn -0.9574 -0.2869 -0.0315
vn -0.9652 -0.2574 -0.0452
vn -0.9519 -0.2861 -0.1100
vn -0.9441 -0.3155 -0.0956
vn -0.9374 0.1748 -0.3013
vn -0.9242 0.2155 -0.3153
vn -0.9054 0.1910 -0.3791
vn -0.9185 0.1496 -0.3660
vn -0.4054 0.8026 -0.4375
vn -0.3136 0.8450 -0.4332
vn -0.3054 0.8369 -0.4543
vn -0.3949 0.7924 -0.4650
vn -0.9582 -0.2582 -0.1233
vn -0.9633 -0.2314 -0.1359
vn -0.9413 -0.2608 -0.2145
vn -0.9388 -0.2869 -0.1905
vn -0.9482 0.1353 -0.2873
vn -0.9374 0.1748 -0.3013
vn -0.9185 0.1496 -0.3660
vn -0.9293 0.1096 -0.3526
vn -0.4885 0.7549 -0.4376
vn -0.4054 0.8026 -0.4375
vn -0.3949 0.7924 -0.4650
vn -0.4762 0.7427 -0.4708
vn -0.9519 -0.2861 -0.1100
vn -0.9582 -0.2582 -0.1233
vn -0.9388 -0.2869 -0.1905
vn -0.9329 -0.3151 -0.1742
vn -0.9571 0.0969 -0.2732
vn -0.9482 0.1353 -0.2873
vn -0.9293 0.1096 -0.3526
vn -0.9381 0.0706 -0.3390
vn -0.5625 0.7038 -0.4339
vn -0.4885 0.7549 -0.4376
vn -0.4762 0.7427 -0.4708
vn -0.5487 0.6898 -0.4723
vn -0.9441 -0.3155 -0.0956
vn -0.9519 -0.2861 -0.1100
vn -0.9329 -0.3151 -0.1742
vn -0.9252 -0.3444 -0.1593
vn -0.9641 0.0594 -0.2590
vn -0.9571 0.0969 -0.2732
vn -0.9381 0.0706 -0.3390
vn -0.9451 0.0326 -0.3253
vn -0.6275 0.6509 -0.4273
vn -0.5625 0.7038 -0.4339
vn -0.5487 0.6898 -0.4723
vn -0.6124 0.6354 -0.4703
vn -0.9346 -0.3466 -0.0802
vn -0.9441 -0.3155 -0.0956
vn -0.9252 -0.3444 -0.1593
vn -0.9157 -0.3754 -0.1430
vn -0.9693 0.0226 -0.2447
vn -0.9641 0.0594 -0.2590
vn -0.9451 0.0326 -0.3253
vn -0.9503 -0.0046 -0.3113
vn -0.6841 0.5974 -0.4185
vn -0.6275 0.6509 -0.4273
vn -0.6124 0.6354 -0.4703
vn -0.6681 0.5805 -0.4655
vn -0.9229 -0.3797 -0.0633
vn -0.9346 -0.3466 -0.0802
vn -0.9157 -0.3754 -0.1430
vn -0.9042 -0.4084 -0.1253
vn -0.9730 -0.0136 -0.2303
vn -0.9693 0.0226 -0.2447
vn -0.9503 -0.0046 -0.3113
vn -0.9540 -0.0412 -0.2970
vn -0.7329 0.5445 -0.4079
vn -0.6841 0.5974 -0.4185
vn -0.6681 0.5805 -0.4655
vn -0.7162 0.5263 -0.4584
vn -0.9086 -0.4152 -0.0449
vn -0.9229 -0.3797 -0.0633
vn -0.9042 -0.4084 -0.1253
vn -0.8899 -0.4437 -0.1057
vn -0.9752 -0.0494 -0.2157
vn -0.9730 -0.0136 -0.2303
vn -0.9540 -0.0412 -0.2970
vn -0.9562 -0.0773 -0.2824
vn -0.7749 0.4926 -0.3962
vn -0.7329 0.5445 -0.4079
vn -0.7162 0.5263 -0.4584
vn -0.7575 0.4732 -0.4497
vn -0.8910 -0.4534 -0.0244
vn -0.9086 -0.4152 -0.0449
vn -0.8899 -0.4437 -0.1057
vn -0.8724 -0.4815 -0.0839
vn -0.9759 -0.0849 -0.2009
vn -0.9752 -0.0494 -0.2157
vn -0.9562 -0.0773 -0.2824
vn -0.9566 -0.1143 -0.2680
vn -0.8108 0.4422 -0.3836
vn -0.7749 0.4926 -0.3962
vn -0.7575 0.4732 -0.4497
vn -0.7930 0.4217 -0.4396
vn -0.8690 -0.4947 -0.0016
vn -0.8910 -0.4534 -0.0244
vn -0.8724 -0.4815 -0.0839
vn -0.8584 -0.5101 -0.0543
vn -0.9754 -0.1144 -0.1883
vn -0.9759 -0.0849 -0.2009
vn -0.9566 -0.1143 -0.2680
vn -0.9537 -0.1506 -0.2605
vn -0.8414 0.3934 -0.3704
vn -0.8108 0.4422 -0.3836
vn -0.7930 0.4217 -0.4396
vn -0.8233 0.3720 -0.4286
vn -0.8566 -0.5158 0.0113
vn -0.8690 -0.4947 -0.0016
vn -0.8584 -0.5101 -0.0543
vn -0.8482 -0.5294 -0.0181
vn -0.9745 -0.1352 -0.1793
vn -0.9754 -0.1144 -0.1883
vn -0.9537 -0.1506 -0.2605
vn -0.9469 -0.1805 -0.2661
vn -0.8675 0.3464 -0.3569
vn -0.8414 0.3934 -0.3704
vn -0.8233 0.3720 -0.4286
vn -0.8492 0.3242 -0.4169
vn -0.9730 -0.1562 -0.1700
vn -0.9745 -0.1352 -0.1793
vn -0.9469 -0.1805 -0.2661
vn -0.9398 -0.2051 -0.2734
vn -0.8897 0.3012 -0.3432
vn -0.8675 0.3464 -0.3569
vn -0.8492 0.3242 -0.4169
vn -0.8712 0.2781 -0.4047
vn -0.1093 0.9058 -0.4093
vn -0.0000 0.9211 -0.3894
vn -0.1064 0.9028 -0.4166
vn -0.9706 -0.1806 -0.1591
vn -0.9730 -0.1562 -0.1700
vn -0.9398 -0.2051 -0.2734
vn -0.9371 -0.2252 -0.2667
vn -0.9084 0.2576 -0.3293
vn -0.8897 0.3012 -0.3432
vn -0.8712 0.2781 -0.4047
vn -0.8898 0.2337 -0.3920
vn -0.2142 0.8800 -0.4239
vn -0.1093 0.9058 -0.4093
vn -0.1064 0.9028 -0.4166
vn -0.2086 0.8744 -0.4382
vn -0.9674 -0.2056 -0.1478
vn -0.9706 -0.1806 -0.1591
vn -0.9371 -0.2252 -0.2667
vn -0.9393 -0.2410 -0.2442
vn -0.9242 0.2155 -0.3153
vn -0.9084 0.2576 -0.3293
vn -0.8898 0.2337 -0.3920
vn -0.9054 0.1910 -0.3791
vn -0.3136 0.8450 -0.4332
vn -0.2142 0.8800 -0.4239
vn -0.2086 0.8744 -0.4382
vn -0.3054 0.8369 -0.4543
vn -0.9633 -0.2314 -0.1359
vn -0.9674 -0.2056 -0.1478
vn -0.9393 -0.2410 -0.2442
vn -0.9413 -0.2608 -0.2145
vn -0.9398 -0.2051 -0.2734
vn -0.9469 -0.1805 -0.2661
vn -0.8356 -0.2983 -0.4613
vn -0.8060 -0.3150 -0.5011
vn -0.8712 0.2781 -0.4047
vn -0.8492 0.3242 -0.4169
vn -0.8254 0.3028 -0.4765
vn -0.8471 0.2559 -0.4658
vn -0.1064 0.9028 -0.4166
vn -0.0000 0.9211 -0.3894
vn -0.1027 0.9000 -0.4236
vn -0.9371 -0.2252 -0.2667
vn -0.9398 -0.2051 -0.2734
vn -0.8060 -0.3150 -0.5011
vn -0.8054 -0.3139 -0.5027
vn -0.8898 0.2337 -0.3920
vn -0.8712 0.2781 -0.4047
vn -0.8471 0.2559 -0.4658
vn -0.8655 0.2107 -0.4545
vn -0.2086 0.8744 -0.4382
vn -0.1064 0.9028 -0.4166
vn -0.1027 0.9000 -0.4236
vn -0.2013 0.8689 -0.4521
vn -0.9393 -0.2410 -0.2442
vn -0.9371 -0.2252 -0.2667
vn -0.8054 -0.3139 -0.5027
vn -0.8327 -0.3045 -0.4624
vn -0.9054 0.1910 -0.3791
vn -0.8898 0.2337 -0.3920
vn -0.8655 0.2107 -0.4545
vn -0.8810 0.1672 -0.4427
vn -0.3054 0.8369 -0.4543
vn -0.2086 0.8744 -0.4382
vn -0.2013 0.8689 -0.4521
vn -0.2949 0.8292 -0.4748
vn -0.9413 -0.2608 -0.2145
vn -0.9393 -0.2410 -0.2442
vn -0.8327 -0.3045 -0.4624
vn -0.8702 -0.3037 -0.3879
vn -0.9185 0.1496 -0.3660
vn -0.9054 0.1910 -0.3791
vn -0.8810 0.1672 -0.4427
vn -0.8939 0.1252 -0.4304
vn -0.3949 0.7924 -0.4650
vn -0.3054 0.8369 -0.4543
vn -0.2949 0.8292 -0.4748
vn -0.3816 0.7826 -0.4918
vn -0.9388 -0.2869 -0.1905
vn -0.9413 -0.2608 -0.2145
vn -0.8702 -0.3037 -0.3879
vn -0.8970 -0.3175 -0.3075
vn -0.9293 0.1096 -0.3526
vn -0.9185 0.1496 -0.3660
vn -0.8939 0.1252 -0.4304
vn -0.9047 0.0845 -0.4177
vn -0.4762 0.7427 -0.4708
vn -0.3949 0.7924 -0.4650
vn -0.3816 0.7826 -0.4918
vn -0.4604 0.7312 -0.5033
vn -0.9329 -0.3151 -0.1742
vn -0.9388 -0.2869 -0.1905
vn -0.8970 -0.3175 -0.3075
vn -0.9054 -0.3430 -0.2503
vn -0.9381 0.0706 -0.3390
vn -0.9293 0.1096 -0.3526
vn -0.9047 0.0845 -0.4177
vn -0.9134 0.0449 -0.4046
vn -0.5487 0.6898 -0.4723
vn -0.4762 0.7427 -0.4708
vn -0.4604 0.7312 -0.5033
vn -0.5309 0.6767 -0.5101
vn -0.9252 -0.3444 -0.1593
vn -0.9329 -0.3151 -0.1742
vn -0.9054 -0.3430 -0.2503
vn -0.9006 -0.3736 -0.2223
vn -0.9451 0.0326 -0.3253
vn -0.9381 0.0706 -0.3390
vn -0.9134 0.0449 -0.4046
vn -0.9203 0.0064 -0.3913
vn -0.6124 0.6354 -0.4703
vn -0.5487 0.6898 -0.4723
vn -0.5309 0.6767 -0.5101
vn -0.5931 0.6208 -0.5127
vn -0.9157 -0.3754 -0.1430
vn -0.9252 -0.3444 -0.1593
vn -0.9006 -0.3736 -0.2223
vn -0.8912 -0.4046 -0.2052
vn -0.9503 -0.0046 -0.3113
vn -0.9451 0.0326 -0.3253
vn -0.9203 0.0064 -0.3913
vn -0.9255 -0.0313 -0.3775
vn -0.6681 0.5805 -0.4655
vn -0.6124 0.6354 -0.4703
vn -0.5931 0.6208 -0.5127
vn -0.6474 0.5646 -0.5119
vn -0.9042 -0.4084 -0.1253
vn -0.9157 -0.3754 -0.1430
vn -0.8912 -0.4046 -0.2052
vn -0.8797 -0.4374 -0.1865
vn -0.9540 -0.0412 -0.2970
vn -0.9503 -0.0046 -0.3113
vn -0.9255 -0.0313 -0.3775
vn -0.9291 -0.0684 -0.3634
vn -0.7162 0.5263 -0.4584
vn -0.6681 0.5805 -0.4655
vn -0.6474 0.5646 -0.5119
vn -0.6945 0.5091 -0.5084
vn -0.8899 -0.4437 -0.1057
vn -0.9042 -0.4084 -0.1253
vn -0.8797 -0.4374 -0.1865
vn -0.8656 -0.4724 -0.1657
vn -0.9562 -0.0773 -0.2824
vn -0.9540 -0.0412 -0.2970
vn -0.9291 -0.0684 -0.3634
vn -0.9283 -0.1154 -0.3534
vn -0.7575 0.4732 -0.4497
vn -0.7162 0.5263 -0.4584
vn -0.6945 0.5091 -0.5084
vn -0.7351 0.4549 -0.5026
vn -0.8724 -0.4815 -0.0839
vn -0.8899 -0.4437 -0.1057
vn -0.8656 -0.4724 -0.1657
vn -0.8483 -0.5099 -0.1425
vn -0.9566 -0.1143 -0.2680
vn -0.9562 -0.0773 -0.2824
vn -0.9283 -0.1154 -0.3534
vn -0.9135 -0.1842 -0.3627
vn -0.7930 0.4217 -0.4396
vn -0.7575 0.4732 -0.4497
vn -0.7351 0.4549 -0.5026
vn -0.7700 0.4024 -0.4952
vn -0.8584 -0.5101 -0.0543
vn -0.8724 -0.4815 -0.0839
vn -0.8483 -0.5099 -0.1425
vn -0.8389 -0.5288 -0.1290
vn -0.9537 -0.1506 -0.2605
vn -0.9566 -0.1143 -0.2680
vn -0.9135 -0.1842 -0.3627
vn -0.8787 -0.2549 -0.4036
vn -0.8233 0.3720 -0.4286
vn -0.7930 0.4217 -0.4396
vn -0.7700 0.4024 -0.4952
vn -0.7999 0.3516 -0.4863
vn -0.9469 -0.1805 -0.2661
vn -0.9537 -0.1506 -0.2605
vn -0.8787 -0.2549 -0.4036
vn -0.8356 -0.2983 -0.4613
vn -0.8492 0.3242 -0.4169
vn -0.8233 0.3720 -0.4286
vn -0.7999 0.3516 -0.4863
vn -0.8254 0.3028 -0.4765
vn -0.9135 -0.1842 -0.3627
vn -0.9283 -0.1154 -0.3534
vn -0.8765 -0.1961 -0.4397
vn -0.8151 -0.3274 -0.4779
vn -0.7700 0.4024 -0.4952
vn -0.7351 0.4549 -0.5026
vn -0.7075 0.4377 -0.5548
vn -0.7416 0.3840 -0.5500
vn -0.8389 -0.5288 -0.1290
vn -0.8483 -0.5099 -0.1425
vn -0.8273 -0.5268 -0.1949
vn -0.8245 -0.5432 -0.1586
vn -0.8787 -0.2549 -0.4036
vn -0.9135 -0.1842 -0.3627
vn -0.8151 -0.3274 -0.4779
vn -0.7185 -0.4180 -0.5559
vn -0.7999 0.3516 -0.4863
vn -0.7700 0.4024 -0.4952
vn -0.7416 0.3840 -0.5500
vn -0.7709 0.3323 -0.5434
vn -0.8356 -0.2983 -0.4613
vn -0.8787 -0.2549 -0.4036
vn -0.7185 -0.4180 -0.5559
vn -0.6292 -0.4342 -0.6446
vn -0.8254 0.3028 -0.4765
vn -0.7999 0.3516 -0.4863
vn -0.7709 0.3323 -0.5434
vn -0.7959 0.2825 -0.5355
vn -0.8060 -0.3150 -0.5011
vn -0.8356 -0.2983 -0.4613
vn -0.6292 -0.4342 -0.6446
vn -0.5821 -0.4130 -0.7004
vn -0.8471 0.2559 -0.4658
vn -0.8254 0.3028 -0.4765
vn -0.7959 0.2825 -0.5355
vn -0.8172 0.2347 -0.5264
vn -0.1027 0.9000 -0.4236
vn -0.0000 0.9211 -0.3894
vn -0.0982 0.8973 -0.4304
vn -0.8054 -0.3139 -0.5027
vn -0.8060 -0.3150 -0.5011
vn -0.5821 -0.4130 -0.7004
vn -0.5919 -0.3763 -0.7128
vn -0.8655 0.2107 -0.4545
vn -0.8471 0.2559 -0.4658
vn -0.8172 0.2347 -0.5264
vn -0.8353 0.1886 -0.5164
vn -0.2013 0.8689 -0.4521
vn -0.1027 0.9000 -0.4236
vn -0.0982 0.8973 -0.4304
vn -0.1925 0.8638 -0.4656
vn -0.8327 -0.3045 -0.4624
vn -0.8054 -0.3139 -0.5027
vn -0.5919 -0.3763 -0.7128
vn -0.6502 -0.3389 -0.6800
vn -0.8810 0.1672 -0.4427
vn -0.8655 0.2107 -0.4545
vn -0.8353 0.1886 -0.5164
vn -0.8506 0.1443 -0.5057
vn -0.2949 0.8292 -0.4748
vn -0.2013 0.8689 -0.4521
vn -0.1925 0.8638 -0.4656
vn -0.2821 0.8220 -0.4947
vn -0.8702 -0.3037 -0.3879
vn -0.8327 -0.3045 -0.4624
vn -0.6502 -0.3389 -0.6800
vn -0.7339 -0.3201 -0.5992
vn -0.8939 0.1252 -0.4304
vn -0.8810 0.1672 -0.4427
vn -0.8506 0.1443 -0.5057
vn -0.8634 0.1015 -0.4943
vn -0.3816 0.7826 -0.4918
vn -0.2949 0.8292 -0.4748
vn -0.2821 0.8220 -0.4947
vn -0.3654 0.7735 -0.5178
vn -0.8970 -0.3175 -0.3075
vn -0.8702 -0.3037 -0.3879
vn -0.7339 -0.3201 -0.5992
vn -0.8142 -0.3289 -0.4784
vn -0.9047 0.0845 -0.4177
vn -0.8939 0.1252 -0.4304
vn -0.8634 0.1015 -0.4943
vn -0.8740 0.0601 -0.4823
vn -0.4604 0.7312 -0.5033
vn -0.3816 0.7826 -0.4918
vn -0.3654 0.7735 -0.5178
vn -0.4413 0.7205 -0.5350
vn -0.9054 -0.3430 -0.2503
vn -0.8970 -0.3175 -0.3075
vn -0.8142 -0.3289 -0.4784
vn -0.8585 -0.3636 -0.3617
vn -0.9134 0.0449 -0.4046
vn -0.9047 0.0845 -0.4177
vn -0.8740 0.0601 -0.4823
vn -0.8826 0.0198 -0.4698
vn -0.5309 0.6767 -0.5101
vn -0.4604 0.7312 -0.5033
vn -0.4413 0.7205 -0.5350
vn -0.5093 0.6645 -0.5469
vn -0.9006 -0.3736 -0.2223
vn -0.9054 -0.3430 -0.2503
vn -0.8585 -0.3636 -0.3617
vn -0.8673 -0.4022 -0.2933
vn -0.9203 0.0064 -0.3913
vn -0.9134 0.0449 -0.4046
vn -0.8826 0.0198 -0.4698
vn -0.8894 -0.0194 -0.4568
vn -0.5931 0.6208 -0.5127
vn -0.5309 0.6767 -0.5101
vn -0.5093 0.6645 -0.5469
vn -0.5694 0.6072 -0.5542
vn -0.8912 -0.4046 -0.2052
vn -0.9006 -0.3736 -0.2223
vn -0.8673 -0.4022 -0.2933
vn -0.8607 -0.4339 -0.2665
vn -0.9255 -0.0313 -0.3775
vn -0.9203 0.0064 -0.3913
vn -0.8894 -0.0194 -0.4568
vn -0.8945 -0.0577 -0.4433
vn -0.6474 0.5646 -0.5119
vn -0.5931 0.6208 -0.5127
vn -0.5694 0.6072 -0.5542
vn -0.6221 0.5497 -0.5575
vn -0.8797 -0.4374 -0.1865
vn -0.8912 -0.4046 -0.2052
vn -0.8607 -0.4339 -0.2665
vn -0.8494 -0.4666 -0.2467
vn -0.9291 -0.0684 -0.3634
vn -0.9255 -0.0313 -0.3775
vn -0.8945 -0.0577 -0.4433
vn -0.8951 -0.1046 -0.4334
vn -0.6945 0.5091 -0.5084
vn -0.6474 0.5646 -0.5119
vn -0.6221 0.5497 -0.5575
vn -0.6679 0.4930 -0.5575
vn -0.8656 -0.4724 -0.1657
vn -0.8797 -0.4374 -0.1865
vn -0.8494 -0.4666 -0.2467
vn -0.8355 -0.5015 -0.2247
vn -0.9283 -0.1154 -0.3534
vn -0.9291 -0.0684 -0.3634
vn -0.8951 -0.1046 -0.4334
vn -0.8765 -0.1961 -0.4397
vn -0.7351 0.4549 -0.5026
vn -0.6945 0.5091 -0.5084
vn -0.6679 0.4930 -0.5575
vn -0.7075 0.4377 -0.5548
vn -0.8483 -0.5099 -0.1425
vn -0.8656 -0.4724 -0.1657
vn -0.8355 -0.5015 -0.2247
vn -0.8273 -0.5268 -0.1949
vn -0.8607 -0.4339 -0.2665
vn -0.8673 -0.4022 -0.2933
vn -0.8268 -0.4223 -0.3714
vn -0.8239 -0.4632 -0.3265
vn -0.8945 -0.0577 -0.4433
vn -0.8894 -0.0194 -0.4568
vn -0.8521 -0.0445 -0.5215
vn -0.8571 -0.0837 -0.5083
vn -0.6221 0.5497 -0.5575
vn -0.5694 0.6072 -0.5542
vn -0.5415 0.5945 -0.5944
vn -0.5922 0.5359 -0.6018
vn -0.8494 -0.4666 -0.2467
vn -0.8607 -0.4339 -0.2665
vn -0.8239 -0.4632 -0.3265
vn -0.8128 -0.4958 -0.3057
vn -0.8951 -0.1046 -0.4334
vn -0.8945 -0.0577 -0.4433
vn -0.8571 -0.0837 -0.5083
vn -0.8518 -0.1584 -0.4994
vn -0.6679 0.4930 -0.5575
vn -0.6221 0.5497 -0.5575
vn -0.5922 0.5359 -0.6018
vn -0.6364 0.4780 -0.6054
vn -0.8355 -0.5015 -0.2247
vn -0.8494 -0.4666 -0.2467
vn -0.8128 -0.4958 -0.3057
vn -0.8086 -0.5191 -0.2769
vn -0.8765 -0.1961 -0.4397
vn -0.8951 -0.1046 -0.4334
vn -0.8518 -0.1584 -0.4994
vn -0.8088 -0.3087 -0.5006
vn -0.7075 0.4377 -0.5548
vn -0.6679 0.4930 -0.5575
vn -0.6364 0.4780 -0.6054
vn -0.6747 0.4215 -0.6059
vn -0.8273 -0.5268 -0.1949
vn -0.8355 -0.5015 -0.2247
vn -0.8086 -0.5191 -0.2769
vn -0.8105 -0.5335 -0.2416
vn -0.8151 -0.3274 -0.4779
vn -0.8765 -0.1961 -0.4397
vn -0.8088 -0.3087 -0.5006
vn -0.7136 -0.4710 -0.5185
vn -0.7416 0.3840 -0.5500
vn -0.7075 0.4377 -0.5548
vn -0.6747 0.4215 -0.6059
vn -0.7078 0.3668 -0.6037
vn -0.7185 -0.4180 -0.5559
vn -0.8151 -0.3274 -0.4779
vn -0.7136 -0.4710 -0.5185
vn -0.6082 -0.5419 -0.5801
vn -0.7709 0.3323 -0.5434
vn -0.7416 0.3840 -0.5500
vn -0.7078 0.3668 -0.6037
vn -0.7362 0.3140 -0.5995
vn -0.6292 -0.4342 -0.6446
vn -0.7185 -0.4180 -0.5559
vn -0.6082 -0.5419 -0.5801
vn -0.5303 -0.5160 -0.6727
vn -0.7959 0.2825 -0.5355
vn -0.7709 0.3323 -0.5434
vn -0.7362 0.3140 -0.5995
vn -0.7606 0.2633 -0.5935
vn -0.5821 -0.4130 -0.7004
vn -0.6292 -0.4342 -0.6446
vn -0.5303 -0.5160 -0.6727
vn -0.4957 -0.4507 -0.7424
vn -0.8172 0.2347 -0.5264
vn -0.7959 0.2825 -0.5355
vn -0.7606 0.2633 -0.5935
vn -0.7814 0.2144 -0.5860
vn -0.0982 0.8973 -0.4304
vn -0.0000 0.9211 -0.3894
vn -0.0930 0.8947 -0.4369
vn -0.5919 -0.3763 -0.7128
vn -0.5821 -0.4130 -0.7004
vn -0.4957 -0.4507 -0.7424
vn -0.5176 -0.3759 -0.7686
vn -0.8353 0.1886 -0.5164
vn -0.8172 0.2347 -0.5264
vn -0.7814 0.2144 -0.5860
vn -0.7991 0.1675 -0.5774
vn -0.1925 0.8638 -0.4656
vn -0.0982 0.8973 -0.4304
vn -0.0930 0.8947 -0.4369
vn -0.1823 0.8590 -0.4784
vn -0.6502 -0.3389 -0.6800
vn -0.5919 -0.3763 -0.7128
vn -0.5176 -0.3759 -0.7686
vn -0.5829 -0.3122 -0.7501
vn -0.8506 0.1443 -0.5057
vn -0.8353 0.1886 -0.5164
vn -0.7991 0.1675 -0.5774
vn -0.8140 0.1223 -0.5678
vn -0.2821 0.8220 -0.4947
vn -0.1925 0.8638 -0.4656
vn -0.1823 0.8590 -0.4784
vn -0.2673 0.8152 -0.5138
vn -0.7339 -0.3201 -0.5992
vn -0.6502 -0.3389 -0.6800
vn -0.5829 -0.3122 -0.7501
vn -0.6647 -0.2836 -0.6912
vn -0.8634 0.1015 -0.4943
vn -0.8506 0.1443 -0.5057
vn -0.8140 0.1223 -0.5678
vn -0.8266 0.0786 -0.5573
vn -0.3654 0.7735 -0.5178
vn -0.2821 0.8220 -0.4947
vn -0.2673 0.8152 -0.5138
vn -0.3464 0.7651 -0.5428
vn -0.8142 -0.3289 -0.4784
vn -0.7339 -0.3201 -0.5992
vn -0.6647 -0.2836 -0.6912
vn -0.7449 -0.2980 -0.5970
vn -0.8740 0.0601 -0.4823
vn -0.8634 0.1015 -0.4943
vn -0.8266 0.0786 -0.5573
vn -0.8370 0.0364 -0.5460
vn -0.4413 0.7205 -0.5350
vn -0.3654 0.7735 -0.5178
vn -0.3464 0.7651 -0.5428
vn -0.4187 0.7105 -0.5656
vn -0.8585 -0.3636 -0.3617
vn -0.8142 -0.3289 -0.4784
vn -0.7449 -0.2980 -0.5970
vn -0.8051 -0.3578 -0.4731
vn -0.8826 0.0198 -0.4698
vn -0.8740 0.0601 -0.4823
vn -0.8370 0.0364 -0.5460
vn -0.8454 -0.0046 -0.5341
vn -0.5093 0.6645 -0.5469
vn -0.4413 0.7205 -0.5350
vn -0.4187 0.7105 -0.5656
vn -0.4838 0.6531 -0.5826
vn -0.8673 -0.4022 -0.2933
vn -0.8585 -0.3636 -0.3617
vn -0.8051 -0.3578 -0.4731
vn -0.8268 -0.4223 -0.3714
vn -0.8894 -0.0194 -0.4568
vn -0.8826 0.0198 -0.4698
vn -0.8454 -0.0046 -0.5341
vn -0.8521 -0.0445 -0.5215
vn -0.5694 0.6072 -0.5542
vn -0.5093 0.6645 -0.5469
vn -0.4838 0.6531 -0.5826
vn -0.5415 0.5945 -0.5944
vn -0.3464 0.7651 -0.5428
vn -0.2673 0.8152 -0.5138
vn -0.2504 0.8090 -0.5319
vn -0.3248 0.7573 -0.5666
vn -0.7449 -0.2980 -0.5970
vn -0.6647 -0.2836 -0.6912
vn -0.7189 -0.2228 -0.6585
vn -0.7557 -0.2498 -0.6053
vn -0.8370 0.0364 -0.5460
vn -0.8266 0.0786 -0.5573
vn -0.7833 0.0567 -0.6191
vn -0.7933 0.0135 -0.6086
vn -0.4187 0.7105 -0.5656
vn -0.3464 0.7651 -0.5428
vn -0.3248 0.7573 -0.5666
vn -0.3930 0.7013 -0.5947
vn -0.8051 -0.3578 -0.4731
vn -0.7449 -0.2980 -0.5970
vn -0.7557 -0.2498 -0.6053
vn -0.7835 -0.3324 -0.5250
vn -0.8454 -0.0046 -0.5341
vn -0.8370 0.0364 -0.5460
vn -0.7933 0.0135 -0.6086
vn -0.8014 -0.0285 -0.5975
vn -0.4838 0.6531 -0.5826
vn -0.4187 0.7105 -0.5656
vn -0.3930 0.7013 -0.5947
vn -0.4545 0.6427 -0.6167
vn -0.8268 -0.4223 -0.3714
vn -0.8051 -0.3578 -0.4731
vn -0.7835 -0.3324 -0.5250
vn -0.7893 -0.4331 -0.4353
vn -0.8521 -0.0445 -0.5215
vn -0.8454 -0.0046 -0.5341
vn -0.8014 -0.0285 -0.5975
vn -0.8078 -0.0689 -0.5855
vn -0.5415 0.5945 -0.5944
vn -0.4838 0.6531 -0.5826
vn -0.4545 0.6427 -0.6167
vn -0.5093 0.5829 -0.6331
vn -0.8239 -0.4632 -0.3265
vn -0.8268 -0.4223 -0.3714
vn -0.7893 -0.4331 -0.4353
vn -0.7807 -0.4922 -0.3850
vn -0.8571 -0.0837 -0.5083
vn -0.8521 -0.0445 -0.5215
vn -0.8078 -0.0689 -0.5855
vn -0.8127 -0.1093 -0.5723
vn -0.5922 0.5359 -0.6018
vn -0.5415 0.5945 -0.5944
vn -0.5093 0.5829 -0.6331
vn -0.5576 0.5231 -0.6446
vn -0.8128 -0.4958 -0.3057
vn -0.8239 -0.4632 -0.3265
vn -0.7807 -0.4922 -0.3850
vn -0.7799 -0.5139 -0.3574
vn -0.8518 -0.1584 -0.4994
vn -0.8571 -0.0837 -0.5083
vn -0.8127 -0.1093 -0.5723
vn -0.8103 -0.2102 -0.5470
vn -0.6364 0.4780 -0.6054
vn -0.5922 0.5359 -0.6018
vn -0.5576 0.5231 -0.6446
vn -0.5998 0.4641 -0.6518
vn -0.8086 -0.5191 -0.2769
vn -0.8128 -0.4958 -0.3057
vn -0.7799 -0.5139 -0.3574
vn -0.7862 -0.5268 -0.3231
vn -0.8088 -0.3087 -0.5006
vn -0.8518 -0.1584 -0.4994
vn -0.8103 -0.2102 -0.5470
vn -0.7750 -0.3858 -0.5005
vn -0.6747 0.4215 -0.6059
vn -0.6364 0.4780 -0.6054
vn -0.5998 0.4641 -0.6518
vn -0.6365 0.4066 -0.6554
vn -0.7136 -0.4710 -0.5185
vn -0.8088 -0.3087 -0.5006
vn -0.7750 -0.3858 -0.5005
vn -0.7080 -0.5346 -0.4614
vn -0.7078 0.3668 -0.6037
vn -0.6747 0.4215 -0.6059
vn -0.6365 0.4066 -0.6554
vn -0.6683 0.3508 -0.6560
vn -0.6082 -0.5419 -0.5801
vn -0.7136 -0.4710 -0.5185
vn -0.7080 -0.5346 -0.4614
vn -0.6549 -0.5813 -0.4829
vn -0.7362 0.3140 -0.5995
vn -0.7078 0.3668 -0.6037
vn -0.6683 0.3508 -0.6560
vn -0.6957 0.2969 -0.6541
vn -0.5303 -0.5160 -0.6727
vn -0.6082 -0.5419 -0.5801
vn -0.6549 -0.5813 -0.4829
vn -0.6337 -0.5303 -0.5632
vn -0.7606 0.2633 -0.5935
vn -0.7362 0.3140 -0.5995
vn -0.6957 0.2969 -0.6541
vn -0.7193 0.2451 -0.6501
vn -0.4957 -0.4507 -0.7424
vn -0.5303 -0.5160 -0.6727
vn -0.6337 -0.5303 -0.5632
vn -0.6322 -0.4335 -0.6421
vn -0.7814 0.2144 -0.5860
vn -0.7606 0.2633 -0.5935
vn -0.7193 0.2451 -0.6501
vn -0.7394 0.1953 -0.6443
vn -0.0930 0.8947 -0.4369
vn -0.0000 0.9211 -0.3894
vn -0.0870 0.8923 -0.4430
vn -0.5176 -0.3759 -0.7686
vn -0.4957 -0.4507 -0.7424
vn -0.6322 -0.4335 -0.6421
vn -0.6488 -0.3297 -0.6858
vn -0.7991 0.1675 -0.5774
vn -0.7814 0.2144 -0.5860
vn -0.7394 0.1953 -0.6443
vn -0.7566 0.1474 -0.6371
vn -0.1823 0.8590 -0.4784
vn -0.0930 0.8947 -0.4369
vn -0.0870 0.8923 -0.4430
vn -0.1707 0.8545 -0.4906
vn -0.5829 -0.3122 -0.7501
vn -0.5176 -0.3759 -0.7686
vn -0.6488 -0.3297 -0.6858
vn -0.6806 -0.2495 -0.6889
vn -0.8140 0.1223 -0.5678
vn -0.7991 0.1675 -0.5774
vn -0.7566 0.1474 -0.6371
vn -0.7711 0.1012 -0.6286
vn -0.2673 0.8152 -0.5138
vn -0.1823 0.8590 -0.4784
vn -0.1707 0.8545 -0.4906
vn -0.2504 0.8090 -0.5319
vn -0.6647 -0.2836 -0.6912
vn -0.5829 -0.3122 -0.7501
vn -0.6806 -0.2495 -0.6889
vn -0.7189 -0.2228 -0.6585
vn -0.8266 0.0786 -0.5573
vn -0.8140 0.1223 -0.5678
vn -0.7711 0.1012 -0.6286
vn -0.7833 0.0567 -0.6191
vn -0.0870 0.8923 -0.4430
vn -0.0000 0.9211 -0.3894
vn -0.0804 0.8900 -0.4487
vn -0.6488 -0.3297 -0.6858
vn -0.6322 -0.4335 -0.6421
vn -0.8436 -0.3360 -0.4188
vn -0.8491 -0.2361 -0.4725
vn -0.7566 0.1474 -0.6371
vn -0.7394 0.1953 -0.6443
vn -0.6999 0.1887 -0.6888
vn -0.7281 0.1410 -0.6708
vn -0.1707 0.8545 -0.4906
vn -0.0870 0.8923 -0.4430
vn -0.0804 0.8900 -0.4487
vn -0.1577 0.8504 -0.5019
vn -0.6806 -0.2495 -0.6889
vn -0.6488 -0.3297 -0.6858
vn -0.8491 -0.2361 -0.4725
vn -0.8382 -0.1732 -0.5172
vn -0.7711 0.1012 -0.6286
vn -0.7566 0.1474 -0.6371
vn -0.7281 0.1410 -0.6708
vn -0.7380 0.0704 -0.6711
vn -0.2504 0.8090 -0.5319
vn -0.1707 0.8545 -0.4906
vn -0.1577 0.8504 -0.5019
vn -0.2315 0.8033 -0.5488
vn -0.7189 -0.2228 -0.6585
vn -0.6806 -0.2495 -0.6889
vn -0.8382 -0.1732 -0.5172
vn -0.8222 -0.1696 -0.5433
vn -0.7833 0.0567 -0.6191
vn -0.7711 0.1012 -0.6286
vn -0.7380 0.0704 -0.6711
vn -0.7087 -0.0144 -0.7054
vn -0.3248 0.7573 -0.5666
vn -0.2504 0.8090 -0.5319
vn -0.2315 0.8033 -0.5488
vn -0.3006 0.7502 -0.5889
vn -0.7557 -0.2498 -0.6053
vn -0.7189 -0.2228 -0.6585
vn -0.8222 -0.1696 -0.5433
vn -0.8065 -0.2200 -0.5487
vn -0.7933 0.0135 -0.6086
vn -0.7833 0.0567 -0.6191
vn -0.7087 -0.0144 -0.7054
vn -0.6471 -0.0866 -0.7574
vn -0.3930 0.7013 -0.5947
vn -0.3248 0.7573 -0.5666
vn -0.3006 0.7502 -0.5889
vn -0.3641 0.6930 -0.6223
vn -0.7835 -0.3324 -0.5250
vn -0.7557 -0.2498 -0.6053
vn -0.8065 -0.2200 -0.5487
vn -0.7850 -0.3271 -0.5260
vn -0.8014 -0.0285 -0.5975
vn -0.7933 0.0135 -0.6086
vn -0.6471 -0.0866 -0.7574
vn -0.5895 -0.1311 -0.7970
vn -0.4545 0.6427 -0.6167
vn -0.3930 0.7013 -0.5947
vn -0.3641 0.6930 -0.6223
vn -0.4215 0.6333 -0.6491
vn -0.7893 -0.4331 -0.4353
vn -0.7835 -0.3324 -0.5250
vn -0.7850 -0.3271 -0.5260
vn -0.7673 -0.4274 -0.4781
vn -0.8078 -0.0689 -0.5855
vn -0.8014 -0.0285 -0.5975
vn -0.5895 -0.1311 -0.7970
vn -0.5742 -0.1490 -0.8050
vn -0.5093 0.5829 -0.6331
vn -0.4545 0.6427 -0.6167
vn -0.4215 0.6333 -0.6491
vn -0.4729 0.5724 -0.6699
vn -0.7807 -0.4922 -0.3850
vn -0.7893 -0.4331 -0.4353
vn -0.7673 -0.4274 -0.4781
vn -0.7570 -0.5056 -0.4138
vn -0.8127 -0.1093 -0.5723
vn -0.8078 -0.0689 -0.5855
vn -0.5742 -0.1490 -0.8050
vn -0.6139 -0.1539 -0.7743
vn -0.5576 0.5231 -0.6446
vn -0.5093 0.5829 -0.6331
vn -0.4729 0.5724 -0.6699
vn -0.5183 0.5115 -0.6853
vn -0.7799 -0.5139 -0.3574
vn -0.7807 -0.4922 -0.3850
vn -0.7570 -0.5056 -0.4138
vn -0.7519 -0.5221 -0.4026
vn -0.8103 -0.2102 -0.5470
vn -0.8127 -0.1093 -0.5723
vn -0.6139 -0.1539 -0.7743
vn -0.6967 -0.2257 -0.6809
vn -0.5998 0.4641 -0.6518
vn -0.5576 0.5231 -0.6446
vn -0.5183 0.5115 -0.6853
vn -0.5582 0.4515 -0.6961
vn -0.7750 -0.3858 -0.5005
vn -0.8103 -0.2102 -0.5470
vn -0.6967 -0.2257 -0.6809
vn -0.7611 -0.3824 -0.5240
vn -0.6365 0.4066 -0.6554
vn -0.5998 0.4641 -0.6518
vn -0.5582 0.4515 -0.6961
vn -0.5930 0.3928 -0.7029
vn -0.7080 -0.5346 -0.4614
vn -0.7750 -0.3858 -0.5005
vn -0.7611 -0.3824 -0.5240
vn -0.7697 -0.5061 -0.3891
vn -0.6683 0.3508 -0.6560
vn -0.6365 0.4066 -0.6554
vn -0.5930 0.3928 -0.7029
vn -0.6232 0.3359 -0.7062
vn -0.6549 -0.5813 -0.4829
vn -0.7080 -0.5346 -0.4614
vn -0.7697 -0.5061 -0.3891
vn -0.7815 -0.5220 -0.3417
vn -0.6957 0.2969 -0.6541
vn -0.6683 0.3508 -0.6560
vn -0.6232 0.3359 -0.7062
vn -0.6493 0.2810 -0.7067
vn -0.6337 -0.5303 -0.5632
vn -0.6549 -0.5813 -0.4829
vn -0.7815 -0.5220 -0.3417
vn -0.8165 -0.4457 -0.3671
vn -0.7193 0.2451 -0.6501
vn -0.6957 0.2969 -0.6541
vn -0.6493 0.2810 -0.7067
vn -0.6732 0.2312 -0.7024
vn -0.6322 -0.4335 -0.6421
vn -0.6337 -0.5303 -0.5632
vn -0.8165 -0.4457 -0.3671
vn -0.8436 -0.3360 -0.4188
vn -0.7394 0.1953 -0.6443
vn -0.7193 0.2451 -0.6501
vn -0.6732 0.2312 -0.7024
vn -0.6999 0.1887 -0.6888
vn -0.6232 0.3359 -0.7062
vn -0.5930 0.3928 -0.7029
vn -0.5442 0.3803 -0.7478
vn -0.5724 0.3224 -0.7539
vn -0.7815 -0.5220 -0.3417
vn -0.7697 -0.5061 -0.3891
vn -0.7764 -0.4166 -0.4729
vn -0.8584 -0.4196 -0.2952
vn -0.6493 0.2810 -0.7067
vn -0.6232 0.3359 -0.7062
vn -0.5724 0.3224 -0.7539
vn -0.6021 0.2754 -0.7494
vn -0.8165 -0.4457 -0.3671
vn -0.7815 -0.5220 -0.3417
vn -0.8584 -0.4196 -0.2952
vn -0.9095 -0.3334 -0.2484
vn -0.6732 0.2312 -0.7024
vn -0.6493 0.2810 -0.7067
vn -0.6021 0.2754 -0.7494
vn -0.6523 0.2599 -0.7120
vn -0.8436 -0.3360 -0.4188
vn -0.8165 -0.4457 -0.3671
vn -0.9095 -0.3334 -0.2484
vn -0.9364 -0.2379 -0.2581
vn -0.6999 0.1887 -0.6888
vn -0.6732 0.2312 -0.7024
vn -0.6523 0.2599 -0.7120
vn -0.7270 0.2467 -0.6408
vn -0.0804 0.8900 -0.4487
vn -0.0000 0.9211 -0.3894
vn -0.0732 0.8880 -0.4540
vn -0.8491 -0.2361 -0.4725
vn -0.8436 -0.3360 -0.4188
vn -0.9364 -0.2379 -0.2581
vn -0.9363 -0.1709 -0.3069
vn -0.7281 0.1410 -0.6708
vn -0.6999 0.1887 -0.6888
vn -0.7270 0.2467 -0.6408
vn -0.7819 0.1595 -0.6027
vn -0.1577 0.8504 -0.5019
vn -0.0804 0.8900 -0.4487
vn -0.0732 0.8880 -0.4540
vn -0.1435 0.8467 -0.5124
vn -0.8382 -0.1732 -0.5172
vn -0.8491 -0.2361 -0.4725
vn -0.9363 -0.1709 -0.3069
vn -0.9142 -0.1439 -0.3789
vn -0.7380 0.0704 -0.6711
vn -0.7281 0.1410 -0.6708
vn -0.7819 0.1595 -0.6027
vn -0.7490 -0.0243 -0.6621
vn -0.2315 0.8033 -0.5488
vn -0.1577 0.8504 -0.5019
vn -0.1435 0.8467 -0.5124
vn -0.2108 0.7981 -0.5645
vn -0.8222 -0.1696 -0.5433
vn -0.8382 -0.1732 -0.5172
vn -0.9142 -0.1439 -0.3789
vn -0.8777 -0.1672 -0.4492
vn -0.7087 -0.0144 -0.7054
vn -0.7380 0.0704 -0.6711
vn -0.7490 -0.0243 -0.6621
vn -0.5825 -0.2154 -0.7837
vn -0.3006 0.7502 -0.5889
vn -0.2315 0.8033 -0.5488
vn -0.2108 0.7981 -0.5645
vn -0.2739 0.7438 -0.6097
vn -0.8065 -0.2200 -0.5487
vn -0.8222 -0.1696 -0.5433
vn -0.8777 -0.1672 -0.4492
vn -0.8398 -0.2184 -0.4971
vn -0.6471 -0.0866 -0.7574
vn -0.7087 -0.0144 -0.7054
vn -0.5825 -0.2154 -0.7837
vn -0.3227 -0.3174 -0.8917
vn -0.3641 0.6930 -0.6223
vn -0.3006 0.7502 -0.5889
vn -0.2739 0.7438 -0.6097
vn -0.3322 0.6855 -0.6479
vn -0.7850 -0.3271 -0.5260
vn -0.8065 -0.2200 -0.5487
vn -0.8398 -0.2184 -0.4971
vn -0.7840 -0.3389 -0.5201
vn -0.5895 -0.1311 -0.7970
vn -0.6471 -0.0866 -0.7574
vn -0.3227 -0.3174 -0.8917
vn -0.1074 -0.3046 -0.9464
vn -0.4215 0.6333 -0.6491
vn -0.3641 0.6930 -0.6223
vn -0.3322 0.6855 -0.6479
vn -0.3850 0.6248 -0.6793
vn -0.7673 -0.4274 -0.4781
vn -0.7850 -0.3271 -0.5260
vn -0.7840 -0.3389 -0.5201
vn -0.7554 -0.4099 -0.5112
vn -0.5742 -0.1490 -0.8050
vn -0.5895 -0.1311 -0.7970
vn -0.1074 -0.3046 -0.9464
vn -0.0343 -0.2374 -0.9708
vn -0.4729 0.5724 -0.6699
vn -0.4215 0.6333 -0.6491
vn -0.3850 0.6248 -0.6793
vn -0.4325 0.5629 -0.7043
vn -0.6139 -0.1539 -0.7743
vn -0.5742 -0.1490 -0.8050
vn -0.0343 -0.2374 -0.9708
vn -0.1041 -0.1673 -0.9804
vn -0.5183 0.5115 -0.6853
vn -0.4729 0.5724 -0.6699
vn -0.4325 0.5629 -0.7043
vn -0.4746 0.5010 -0.7237
vn -0.6967 -0.2257 -0.6809
vn -0.6139 -0.1539 -0.7743
vn -0.1041 -0.1673 -0.9804
vn -0.3099 -0.1697 -0.9355
vn -0.5582 0.4515 -0.6961
vn -0.5183 0.5115 -0.6853
vn -0.4746 0.5010 -0.7237
vn -0.5117 0.4400 -0.7380
vn -0.7611 -0.3824 -0.5240
vn -0.6967 -0.2257 -0.6809
vn -0.3099 -0.1697 -0.9355
vn -0.5821 -0.2925 -0.7587
vn -0.5930 0.3928 -0.7029
vn -0.5582 0.4515 -0.6961
vn -0.5117 0.4400 -0.7380
vn -0.5442 0.3803 -0.7478
vn -0.7697 -0.5061 -0.3891
vn -0.7611 -0.3824 -0.5240
vn -0.5821 -0.2925 -0.7587
vn -0.7764 -0.4166 -0.4729
vn -0.4746 0.5010 -0.7237
vn -0.4325 0.5629 -0.7043
vn -0.3882 0.5545 -0.7361
vn -0.4265 0.4917 -0.7591
vn -0.3099 -0.1697 -0.9355
vn -0.1041 -0.1673 -0.9804
vn 0.3110 -0.0890 -0.9462
vn 0.1408 -0.0063 -0.9900
vn -0.5117 0.4400 -0.7380
vn -0.4746 0.5010 -0.7237
vn -0.4265 0.4917 -0.7591
vn -0.4604 0.4297 -0.7768
vn -0.5821 -0.2925 -0.7587
vn -0.3099 -0.1697 -0.9355
vn 0.1408 -0.0063 -0.9900
vn -0.2068 -0.0726 -0.9757
vn -0.5442 0.3803 -0.7478
vn -0.5117 0.4400 -0.7380
vn -0.4604 0.4297 -0.7768
vn -0.4901 0.3691 -0.7897
vn -0.7764 -0.4166 -0.4729
vn -0.5821 -0.2925 -0.7587
vn -0.2068 -0.0726 -0.9757
vn -0.6037 -0.2386 -0.7607
vn -0.5724 0.3224 -0.7539
vn -0.5442 0.3803 -0.7478
vn -0.4901 0.3691 -0.7897
vn -0.5165 0.3107 -0.7979
vn -0.8584 -0.4196 -0.2952
vn -0.7764 -0.4166 -0.4729
vn -0.6037 -0.2386 -0.7607
vn -0.8260 -0.3306 -0.4566
vn -0.6021 0.2754 -0.7494
vn -0.5724 0.3224 -0.7539
vn -0.5165 0.3107 -0.7979
vn -0.5556 0.3002 -0.7754
vn -0.9095 -0.3334 -0.2484
vn -0.8584 -0.4196 -0.2952
vn -0.8260 -0.3306 -0.4566
vn -0.9026 -0.2952 -0.3134
vn -0.6523 0.2599 -0.7120
vn -0.6021 0.2754 -0.7494
vn -0.5556 0.3002 -0.7754
vn -0.6364 0.3583 -0.6831
vn -0.9364 -0.2379 -0.2581
vn -0.9095 -0.3334 -0.2484
vn -0.9026 -0.2952 -0.3134
vn -0.9288 -0.2317 -0.2891
vn -0.7270 0.2467 -0.6408
vn -0.6523 0.2599 -0.7120
vn -0.6364 0.3583 -0.6831
vn -0.7407 0.3553 -0.5702
vn -0.0732 0.8880 -0.4540
vn -0.0000 0.9211 -0.3894
vn -0.0654 0.8862 -0.4587
vn -0.9363 -0.1709 -0.3069
vn -0.9364 -0.2379 -0.2581
vn -0.9288 -0.2317 -0.2891
vn -0.9282 -0.1955 -0.3166
vn -0.7819 0.1595 -0.6027
vn -0.7270 0.2467 -0.6408
vn -0.7407 0.3553 -0.5702
vn -0.8114 0.1469 -0.5658
vn -0.1435 0.8467 -0.5124
vn -0.0732 0.8880 -0.4540
vn -0.0654 0.8862 -0.4587
vn -0.1282 0.8433 -0.5219
vn -0.9142 -0.1439 -0.3789
vn -0.9363 -0.1709 -0.3069
vn -0.9282 -0.1955 -0.3166
vn -0.9038 -0.1944 -0.3812
vn -0.7490 -0.0243 -0.6621
vn -0.7819 0.1595 -0.6027
vn -0.8114 0.1469 -0.5658
vn -0.7290 -0.1985 -0.6551
vn -0.2108 0.7981 -0.5645
vn -0.1435 0.8467 -0.5124
vn -0.1282 0.8433 -0.5219
vn -0.1884 0.7935 -0.5787
vn -0.8777 -0.1672 -0.4492
vn -0.9142 -0.1439 -0.3789
vn -0.9038 -0.1944 -0.3812
vn -0.8546 -0.2392 -0.4609
vn -0.5825 -0.2154 -0.7837
vn -0.7490 -0.0243 -0.6621
vn -0.7290 -0.1985 -0.6551
vn -0.4461 -0.4699 -0.7618
vn -0.2739 0.7438 -0.6097
vn -0.2108 0.7981 -0.5645
vn -0.1884 0.7935 -0.5787
vn -0.2451 0.7382 -0.6285
vn -0.8398 -0.2184 -0.4971
vn -0.8777 -0.1672 -0.4492
vn -0.8546 -0.2392 -0.4609
vn -0.8164 -0.2805 -0.5049
vn -0.3227 -0.3174 -0.8917
vn -0.5825 -0.2154 -0.7837
vn -0.4461 -0.4699 -0.7618
vn -0.0924 -0.5414 -0.8357
vn -0.3322 0.6855 -0.6479
vn -0.2739 0.7438 -0.6097
vn -0.2451 0.7382 -0.6285
vn -0.2975 0.6789 -0.6713
vn -0.1074 -0.3046 -0.9464
vn -0.3227 -0.3174 -0.8917
vn -0.0924 -0.5414 -0.8357
vn 0.1939 -0.4374 -0.8781
vn -0.3850 0.6248 -0.6793
vn -0.3322 0.6855 -0.6479
vn -0.2975 0.6789 -0.6713
vn -0.3452 0.6173 -0.7070
vn -0.0343 -0.2374 -0.9708
vn -0.1074 -0.3046 -0.9464
vn 0.1939 -0.4374 -0.8781
vn 0.3360 -0.2491 -0.9083
vn -0.4325 0.5629 -0.7043
vn -0.3850 0.6248 -0.6793
vn -0.3452 0.6173 -0.7070
vn -0.3882 0.5545 -0.7361
vn -0.1041 -0.1673 -0.9804
vn -0.0343 -0.2374 -0.9708
vn 0.3360 -0.2491 -0.9083
vn 0.3110 -0.0890 -0.9462
vn -0.0924 -0.5414 -0.8357
vn -0.4461 -0.4699 -0.7618
vn -0.3740 -0.6242 -0.6859
vn -0.1095 -0.6842 -0.7211
vn -0.2975 0.6789 -0.6713
vn -0.2451 0.7382 -0.6285
vn -0.2142 0.7332 -0.6454
vn -0.2602 0.6732 -0.6922
vn 0.1939 -0.4374 -0.8781
vn -0.0924 -0.5414 -0.8357
vn -0.1095 -0.6842 -0.7211
vn 0.1562 -0.5600 -0.8136
vn -0.3452 0.6173 -0.7070
vn -0.2975 0.6789 -0.6713
vn -0.2602 0.6732 -0.6922
vn -0.3023 0.6107 -0.7319
vn 0.3360 -0.2491 -0.9083
vn 0.1939 -0.4374 -0.8781
vn 0.1562 -0.5600 -0.8136
vn 0.3369 -0.2534 -0.9068
vn -0.3882 0.5545 -0.7361
vn -0.3452 0.6173 -0.7070
vn -0.3023 0.6107 -0.7319
vn -0.3403 0.5472 -0.7647
vn 0.3110 -0.0890 -0.9462
vn 0.3360 -0.2491 -0.9083
vn 0.3369 -0.2534 -0.9068
vn 0.3405 0.0497 -0.9389
vn -0.4265 0.4917 -0.7591
vn -0.3882 0.5545 -0.7361
vn -0.3403 0.5472 -0.7647
vn -0.3743 0.4836 -0.7912
vn 0.1408 -0.0063 -0.9900
vn 0.3110 -0.0890 -0.9462
vn 0.3405 0.0497 -0.9389
vn 0.2042 0.1951 -0.9593
vn -0.4604 0.4297 -0.7768
vn -0.4265 0.4917 -0.7591
vn -0.3743 0.4836 -0.7912
vn -0.4045 0.4208 -0.8120
vn -0.2068 -0.0726 -0.9757
vn 0.1408 -0.0063 -0.9900
vn 0.2042 0.1951 -0.9593
vn -0.0240 0.1852 -0.9824
vn -0.4901 0.3691 -0.7897
vn -0.4604 0.4297 -0.7768
vn -0.4045 0.4208 -0.8120
vn -0.4311 0.3592 -0.8277
vn -0.6037 -0.2386 -0.7607
vn -0.2068 -0.0726 -0.9757
vn -0.0240 0.1852 -0.9824
vn -0.3583 0.0055 -0.9336
vn -0.5165 0.3107 -0.7979
vn -0.4901 0.3691 -0.7897
vn -0.4311 0.3592 -0.8277
vn -0.4558 0.3023 -0.8372
vn -0.8260 -0.3306 -0.4566
vn -0.6037 -0.2386 -0.7607
vn -0.3583 0.0055 -0.9336
vn -0.6375 -0.2379 -0.7328
vn -0.5556 0.3002 -0.7754
vn -0.5165 0.3107 -0.7979
vn -0.4558 0.3023 -0.8372
vn -0.4808 0.3461 -0.8056
vn -0.9026 -0.2952 -0.3134
vn -0.8260 -0.3306 -0.4566
vn -0.6375 -0.2379 -0.7328
vn -0.7646 -0.3353 -0.5504
vn -0.6364 0.3583 -0.6831
vn -0.5556 0.3002 -0.7754
vn -0.4808 0.3461 -0.8056
vn -0.5236 0.4662 -0.7131
vn -0.9288 -0.2317 -0.2891
vn -0.9026 -0.2952 -0.3134
vn -0.7646 -0.3353 -0.5504
vn -0.8093 -0.3142 -0.4963
vn -0.7407 0.3553 -0.5702
vn -0.6364 0.3583 -0.6831
vn -0.5236 0.4662 -0.7131
vn -0.6067 0.4353 -0.6652
vn -0.0654 0.8862 -0.4587
vn -0.0000 0.9211 -0.3894
vn -0.0570 0.8845 -0.4630
vn -0.9282 -0.1955 -0.3166
vn -0.9288 -0.2317 -0.2891
vn -0.8093 -0.3142 -0.4963
vn -0.8109 -0.3060 -0.4989
vn -0.8114 0.1469 -0.5658
vn -0.7407 0.3553 -0.5702
vn -0.6067 0.4353 -0.6652
vn -0.6858 0.0829 -0.7231
vn -0.1282 0.8433 -0.5219
vn -0.0654 0.8862 -0.4587
vn -0.0570 0.8845 -0.4630
vn -0.1118 0.8404 -0.5303
vn -0.9038 -0.1944 -0.3812
vn -0.9282 -0.1955 -0.3166
vn -0.8109 -0.3060 -0.4989
vn -0.7761 -0.3266 -0.5395
vn -0.7290 -0.1985 -0.6551
vn -0.8114 0.1469 -0.5658
vn -0.6858 0.0829 -0.7231
vn -0.5966 -0.3739 -0.7101
vn -0.1884 0.7935 -0.5787
vn -0.1282 0.8433 -0.5219
vn -0.1118 0.8404 -0.5303
vn -0.1645 0.7895 -0.5913
vn -0.8546 -0.2392 -0.4609
vn -0.9038 -0.1944 -0.3812
vn -0.7761 -0.3266 -0.5395
vn -0.6182 -0.4720 -0.6286
vn -0.4461 -0.4699 -0.7618
vn -0.7290 -0.1985 -0.6551
vn -0.5966 -0.3739 -0.7101
vn -0.3740 -0.6242 -0.6859
vn -0.2451 0.7382 -0.6285
vn -0.1884 0.7935 -0.5787
vn -0.1645 0.7895 -0.5913
vn -0.2142 0.7332 -0.6454
vn -0.8164 -0.2805 -0.5049
vn -0.8546 -0.2392 -0.4609
vn -0.6182 -0.4720 -0.6286
vn -0.5201 -0.5503 -0.6531
vn -0.6858 0.0829 -0.7231
vn -0.6067 0.4353 -0.6652
vn -0.3020 0.4246 -0.8535
vn -0.3879 -0.0007 -0.9217
vn -0.1118 0.8404 -0.5303
vn -0.0570 0.8845 -0.4630
vn -0.0482 0.8831 -0.4666
vn -0.0946 0.8379 -0.5375
vn -0.7761 -0.3266 -0.5395
vn -0.8109 -0.3060 -0.4989
vn 0.1275 -0.6530 -0.7466
vn 0.2164 -0.5433 -0.8112
vn -0.5966 -0.3739 -0.7101
vn -0.6858 0.0829 -0.7231
vn -0.3879 -0.0007 -0.9217
vn -0.3982 -0.4771 -0.7835
vn -0.1645 0.7895 -0.5913
vn -0.1118 0.8404 -0.5303
vn -0.0946 0.8379 -0.5375
vn -0.1393 0.7861 -0.6022
vn -0.6182 -0.4720 -0.6286
vn -0.7761 -0.3266 -0.5395
vn 0.2164 -0.5433 -0.8112
vn 0.3364 -0.5883 -0.7353
vn -0.3740 -0.6242 -0.6859
vn -0.5966 -0.3739 -0.7101
vn -0.3982 -0.4771 -0.7835
vn -0.3450 -0.6808 -0.6461
vn -0.2142 0.7332 -0.6454
vn -0.1645 0.7895 -0.5913
vn -0.1393 0.7861 -0.6022
vn -0.1814 0.7291 -0.6600
vn -0.5201 -0.5503 -0.6531
vn -0.6182 -0.4720 -0.6286
vn 0.3364 -0.5883 -0.7353
vn 0.5230 -0.5887 -0.6163
vn -0.1095 -0.6842 -0.7211
vn -0.3740 -0.6242 -0.6859
vn -0.3450 -0.6808 -0.6461
vn -0.2856 -0.7367 -0.6129
vn -0.2602 0.6732 -0.6922
vn -0.2142 0.7332 -0.6454
vn -0.1814 0.7291 -0.6600
vn -0.2206 0.6683 -0.7104
vn 0.1562 -0.5600 -0.8136
vn -0.1095 -0.6842 -0.7211
vn -0.2856 -0.7367 -0.6129
vn -0.2395 -0.6045 -0.7598
vn -0.3023 0.6107 -0.7319
vn -0.2602 0.6732 -0.6922
vn -0.2206 0.6683 -0.7104
vn -0.2566 0.6052 -0.7536
vn 0.3369 -0.2534 -0.9068
vn 0.1562 -0.5600 -0.8136
vn -0.2395 -0.6045 -0.7598
vn -0.2200 -0.1954 -0.9557
vn -0.3403 0.5472 -0.7647
vn -0.3023 0.6107 -0.7319
vn -0.2566 0.6052 -0.7536
vn -0.2891 0.5410 -0.7898
vn 0.3405 0.0497 -0.9389
vn 0.3369 -0.2534 -0.9068
vn -0.2200 -0.1954 -0.9557
vn -0.1568 0.2297 -0.9606
vn -0.3743 0.4836 -0.7912
vn -0.3403 0.5472 -0.7647
vn -0.2891 0.5410 -0.7898
vn -0.3184 0.4767 -0.8194
vn 0.2042 0.1951 -0.9593
vn 0.3405 0.0497 -0.9389
vn -0.1568 0.2297 -0.9606
vn -0.1543 0.3997 -0.9036
vn -0.4045 0.4208 -0.8120
vn -0.3743 0.4836 -0.7912
vn -0.3184 0.4767 -0.8194
vn -0.3444 0.4131 -0.8431
vn -0.0240 0.1852 -0.9824
vn 0.2042 0.1951 -0.9593
vn -0.1543 0.3997 -0.9036
vn -0.2328 0.3592 -0.9037
vn -0.4311 0.3592 -0.8277
vn -0.4045 0.4208 -0.8120
vn -0.3444 0.4131 -0.8431
vn -0.3673 0.3508 -0.8614
vn -0.3583 0.0055 -0.9336
vn -0.0240 0.1852 -0.9824
vn -0.2328 0.3592 -0.9037
vn -0.3530 0.1660 -0.9208
vn -0.4558 0.3023 -0.8372
vn -0.4311 0.3592 -0.8277
vn -0.3673 0.3508 -0.8614
vn -0.3860 0.2944 -0.8743
vn -0.6375 -0.2379 -0.7328
vn -0.3583 0.0055 -0.9336
vn -0.3530 0.1660 -0.9208
vn -0.4778 -0.1636 -0.8631
vn -0.4808 0.3461 -0.8056
vn -0.4558 0.3023 -0.8372
vn -0.3860 0.2944 -0.8743
vn -0.3610 0.3596 -0.8604
vn -0.7646 -0.3353 -0.5504
vn -0.6375 -0.2379 -0.7328
vn -0.4778 -0.1636 -0.8631
vn -0.5420 -0.3720 -0.7536
vn -0.5236 0.4662 -0.7131
vn -0.4808 0.3461 -0.8056
vn -0.3610 0.3596 -0.8604
vn -0.2979 0.4918 -0.8181
vn -0.8093 -0.3142 -0.4963
vn -0.7646 -0.3353 -0.5504
vn -0.5420 -0.3720 -0.7536
vn -0.3445 -0.5781 -0.7396
vn -0.6067 0.4353 -0.6652
vn -0.5236 0.4662 -0.7131
vn -0.2979 0.4918 -0.8181
vn -0.3020 0.4246 -0.8535
vn -0.0570 0.8845 -0.4630
vn -0.0000 0.9211 -0.3894
vn -0.0482 0.8831 -0.4666
vn -0.8109 -0.3060 -0.4989
vn -0.8093 -0.3142 -0.4963
vn -0.3445 -0.5781 -0.7396
vn 0.1275 -0.6530 -0.7466
vn -0.4778 -0.1636 -0.8631
vn -0.3530 0.1660 -0.9208
vn -0.5118 0.1545 -0.8451
vn -0.2271 -0.3222 -0.9190
vn -0.3610 0.3596 -0.8604
vn -0.3860 0.2944 -0.8743
vn -0.3127 0.2843 -0.9063
vn -0.2542 0.3140 -0.9148
vn -0.5420 -0.3720 -0.7536
vn -0.4778 -0.1636 -0.8631
vn -0.2271 -0.3222 -0.9190
vn 0.2797 -0.5900 -0.7574
vn -0.2979 0.4918 -0.8181
vn -0.3610 0.3596 -0.8604
vn -0.2542 0.3140 -0.9148
vn -0.0945 0.4009 -0.9112
vn -0.3445 -0.5781 -0.7396
vn -0.5420 -0.3720 -0.7536
vn 0.2797 -0.5900 -0.7574
vn 0.5552 -0.5933 -0.5829
vn -0.3020 0.4246 -0.8535
vn -0.2979 0.4918 -0.8181
vn -0.0945 0.4009 -0.9112
vn 0.0103 0.3257 -0.9454
vn -0.0482 0.8831 -0.4666
vn -0.0000 0.9211 -0.3894
vn -0.0391 0.8820 -0.4696
vn 0.1275 -0.6530 -0.7466
vn -0.3445 -0.5781 -0.7396
vn 0.5552 -0.5933 -0.5829
vn 0.9188 -0.3213 -0.2292
vn -0.3879 -0.0007 -0.9217
vn -0.3020 0.4246 -0.8535
vn 0.0103 0.3257 -0.9454
vn -0.0778 -0.0700 -0.9945
vn -0.0946 0.8379 -0.5375
vn -0.0482 0.8831 -0.4666
vn -0.0391 0.8820 -0.4696
vn -0.0767 0.8359 -0.5436
vn 0.2164 -0.5433 -0.8112
vn 0.1275 -0.6530 -0.7466
vn 0.9188 -0.3213 -0.2292
vn 0.9366 -0.2463 -0.2494
vn -0.3982 -0.4771 -0.7835
vn -0.3879 -0.0007 -0.9217
vn -0.0778 -0.0700 -0.9945
vn -0.2478 -0.4934 -0.8337
vn -0.1393 0.7861 -0.6022
vn -0.0946 0.8379 -0.5375
vn -0.0767 0.8359 -0.5436
vn -0.1129 0.7833 -0.6113
vn 0.3364 -0.5883 -0.7353
vn 0.2164 -0.5433 -0.8112
vn 0.9366 -0.2463 -0.2494
vn 0.9414 -0.2157 -0.2592
vn -0.3450 -0.6808 -0.6461
vn -0.3982 -0.4771 -0.7835
vn -0.2478 -0.4934 -0.8337
vn -0.4011 -0.6536 -0.6418
vn -0.1814 0.7291 -0.6600
vn -0.1393 0.7861 -0.6022
vn -0.1129 0.7833 -0.6113
vn -0.1471 0.7256 -0.6722
vn 0.5230 -0.5887 -0.6163
vn 0.3364 -0.5883 -0.7353
vn 0.9414 -0.2157 -0.2592
vn 0.9453 -0.2034 -0.2550
vn -0.2856 -0.7367 -0.6129
vn -0.3450 -0.6808 -0.6461
vn -0.4011 -0.6536 -0.6418
vn -0.5656 -0.6397 -0.5204
vn -0.2206 0.6683 -0.7104
vn -0.1814 0.7291 -0.6600
vn -0.1471 0.7256 -0.6722
vn -0.1790 0.6643 -0.7257
vn -0.2395 -0.6045 -0.7598
vn -0.2856 -0.7367 -0.6129
vn -0.5656 -0.6397 -0.5204
vn -0.7297 -0.4581 -0.5077
vn -0.2566 0.6052 -0.7536
vn -0.2206 0.6683 -0.7104
vn -0.1790 0.6643 -0.7257
vn -0.2084 0.6007 -0.7719
vn -0.2200 -0.1954 -0.9557
vn -0.2395 -0.6045 -0.7598
vn -0.7297 -0.4581 -0.5077
vn -0.8022 -0.0845 -0.5910
vn -0.2891 0.5410 -0.7898
vn -0.2566 0.6052 -0.7536
vn -0.2084 0.6007 -0.7719
vn -0.2351 0.5359 -0.8109
vn -0.1568 0.2297 -0.9606
vn -0.2200 -0.1954 -0.9557
vn -0.8022 -0.0845 -0.5910
vn -0.7343 0.2777 -0.6194
vn -0.3184 0.4767 -0.8194
vn -0.2891 0.5410 -0.7898
vn -0.2351 0.5359 -0.8109
vn -0.2590 0.4710 -0.8432
vn -0.1543 0.3997 -0.9036
vn -0.1568 0.2297 -0.9606
vn -0.7343 0.2777 -0.6194
vn -0.6321 0.4031 -0.6618
vn -0.3444 0.4131 -0.8431
vn -0.3184 0.4767 -0.8194
vn -0.2590 0.4710 -0.8432
vn -0.2805 0.4068 -0.8694
vn -0.2328 0.3592 -0.9037
vn -0.1543 0.3997 -0.9036
vn -0.6321 0.4031 -0.6618
vn -0.5599 0.3534 -0.7494
vn -0.3673 0.3508 -0.8614
vn -0.3444 0.4131 -0.8431
vn -0.2805 0.4068 -0.8694
vn -0.2994 0.3438 -0.8900
vn -0.3530 0.1660 -0.9208
vn -0.2328 0.3592 -0.9037
vn -0.5599 0.3534 -0.7494
vn -0.5118 0.1545 -0.8451
vn -0.3860 0.2944 -0.8743
vn -0.3673 0.3508 -0.8614
vn -0.2994 0.3438 -0.8900
vn -0.3127 0.2843 -0.9063
vn -0.6321 0.4031 -0.6618
vn -0.7343 0.2777 -0.6194
vn -0.8961 0.1622 -0.4131
vn -0.8105 0.2448 -0.5321
vn -0.2805 0.4068 -0.8694
vn -0.2590 0.4710 -0.8432
vn -0.1969 0.4666 -0.8623
vn -0.2133 0.4019 -0.8905
vn -0.5599 0.3534 -0.7494
vn -0.6321 0.4031 -0.6618
vn -0.8105 0.2448 -0.5321
vn -0.7007 0.1959 -0.6860
vn -0.2994 0.3438 -0.8900
vn -0.2805 0.4068 -0.8694
vn -0.2133 0.4019 -0.8905
vn -0.2279 0.3383 -0.9130
vn -0.5118 0.1545 -0.8451
vn -0.5599 0.3534 -0.7494
vn -0.7007 0.1959 -0.6860
vn -0.3975 -0.1672 -0.9022
vn -0.3127 0.2843 -0.9063
vn -0.2994 0.3438 -0.8900
vn -0.2279 0.3383 -0.9130
vn -0.2404 0.2765 -0.9305
vn -0.2271 -0.3222 -0.9190
vn -0.5118 0.1545 -0.8451
vn -0.3975 -0.1672 -0.9022
vn 0.4531 -0.6752 -0.5821
vn -0.2542 0.3140 -0.9148
vn -0.3127 0.2843 -0.9063
vn -0.2404 0.2765 -0.9305
vn -0.2043 0.2505 -0.9463
vn 0.2797 -0.5900 -0.7574
vn -0.2271 -0.3222 -0.9190
vn 0.4531 -0.6752 -0.5821
vn 0.8870 -0.4435 -0.1289
vn -0.0945 0.4009 -0.9112
vn -0.2542 0.3140 -0.9148
vn -0.2043 0.2505 -0.9463
vn -0.0581 0.2699 -0.9611
vn 0.5552 -0.5933 -0.5829
vn 0.2797 -0.5900 -0.7574
vn 0.8870 -0.4435 -0.1289
vn 0.9192 -0.3808 -0.1001
vn 0.0103 0.3257 -0.9454
vn -0.0945 0.4009 -0.9112
vn -0.0581 0.2699 -0.9611
vn 0.0991 0.2145 -0.9717
vn -0.0391 0.8820 -0.4696
vn -0.0000 0.9211 -0.3894
vn -0.0296 0.8811 -0.4720
vn 0.9188 -0.3213 -0.2292
vn 0.5552 -0.5933 -0.5829
vn 0.9192 -0.3808 -0.1001
vn 0.9391 -0.3261 -0.1083
vn -0.0778 -0.0700 -0.9945
vn 0.0103 0.3257 -0.9454
vn 0.0991 0.2145 -0.9717
vn 0.0470 -0.0646 -0.9968
vn -0.0767 0.8359 -0.5436
vn -0.0391 0.8820 -0.4696
vn -0.0296 0.8811 -0.4720
vn -0.0581 0.8342 -0.5483
vn 0.9366 -0.2463 -0.2494
vn 0.9188 -0.3213 -0.2292
vn 0.9391 -0.3261 -0.1083
vn 0.9531 -0.2735 -0.1299
vn -0.2478 -0.4934 -0.8337
vn -0.0778 -0.0700 -0.9945
vn 0.0470 -0.0646 -0.9968
vn -0.2288 -0.3977 -0.8885
vn -0.1129 0.7833 -0.6113
vn -0.0767 0.8359 -0.5436
vn -0.0581 0.8342 -0.5483
vn -0.0855 0.7811 -0.6185
vn 0.9414 -0.2157 -0.2592
vn 0.9366 -0.2463 -0.2494
vn 0.9531 -0.2735 -0.1299
vn 0.9608 -0.2253 -0.1616
vn -0.4011 -0.6536 -0.6418
vn -0.2478 -0.4934 -0.8337
vn -0.2288 -0.3977 -0.8885
vn -0.5272 -0.5210 -0.6713
vn -0.1471 0.7256 -0.6722
vn -0.1129 0.7833 -0.6113
vn -0.0855 0.7811 -0.6185
vn -0.1115 0.7229 -0.6818
vn 0.9453 -0.2034 -0.2550
vn 0.9414 -0.2157 -0.2592
vn 0.9608 -0.2253 -0.1616
vn 0.9645 -0.1972 -0.1759
vn -0.5656 -0.6397 -0.5204
vn -0.4011 -0.6536 -0.6418
vn -0.5272 -0.5210 -0.6713
vn -0.7401 -0.4560 -0.4943
vn -0.1790 0.6643 -0.7257
vn -0.1471 0.7256 -0.6722
vn -0.1115 0.7229 -0.6818
vn -0.1358 0.6612 -0.7378
vn -0.7297 -0.4581 -0.5077
vn -0.5656 -0.6397 -0.5204
vn -0.7401 -0.4560 -0.4943
vn -0.8822 -0.2741 -0.3828
vn -0.2084 0.6007 -0.7719
vn -0.1790 0.6643 -0.7257
vn -0.1358 0.6612 -0.7378
vn -0.1582 0.5971 -0.7864
vn -0.8022 -0.0845 -0.5910
vn -0.7297 -0.4581 -0.5077
vn -0.8822 -0.2741 -0.3828
vn -0.9349 -0.0306 -0.3535
vn -0.2351 0.5359 -0.8109
vn -0.2084 0.6007 -0.7719
vn -0.1582 0.5971 -0.7864
vn -0.1785 0.5319 -0.8277
vn -0.7343 0.2777 -0.6194
vn -0.8022 -0.0845 -0.5910
vn -0.9349 -0.0306 -0.3535
vn -0.8961 0.1622 -0.4131
vn -0.2590 0.4710 -0.8432
vn -0.2351 0.5359 -0.8109
vn -0.1785 0.5319 -0.8277
vn -0.1969 0.4666 -0.8623
vn -0.8822 -0.2741 -0.3828
vn -0.7401 -0.4560 -0.4943
vn -0.7548 -0.2893 -0.5888
vn -0.8576 -0.1828 -0.4807
vn -0.1582 0.5971 -0.7864
vn -0.1358 0.6612 -0.7378
vn -0.0912 0.6590 -0.7466
vn -0.1063 0.5946 -0.7969
vn -0.9349 -0.0306 -0.3535
vn -0.8822 -0.2741 -0.3828
vn -0.8576 -0.1828 -0.4807
vn -0.8859 -0.0618 -0.4596
vn -0.1785 0.5319 -0.8277
vn -0.1582 0.5971 -0.7864
vn -0.1063 0.5946 -0.7969
vn -0.1201 0.5291 -0.8400
vn -0.8961 0.1622 -0.4131
vn -0.9349 -0.0306 -0.3535
vn -0.8859 -0.0618 -0.4596
vn -0.8540 0.0308 -0.5193
vn -0.1969 0.4666 -0.8623
vn -0.1785 0.5319 -0.8277
vn -0.1201 0.5291 -0.8400
vn -0.1325 0.4634 -0.8762
vn -0.8105 0.2448 -0.5321
vn -0.8961 0.1622 -0.4131
vn -0.8540 0.0308 -0.5193
vn -0.7416 0.0141 -0.6707
vn -0.2133 0.4019 -0.8905
vn -0.1969 0.4666 -0.8623
vn -0.1325 0.4634 -0.8762
vn -0.1437 0.3983 -0.9059
vn -0.7007 0.1959 -0.6860
vn -0.8105 0.2448 -0.5321
vn -0.7416 0.0141 -0.6707
vn -0.3915 -0.2728 -0.8788
vn -0.2279 0.3383 -0.9130
vn -0.2133 0.4019 -0.8905
vn -0.1437 0.3983 -0.9059
vn -0.1536 0.3344 -0.9298
vn -0.3975 -0.1672 -0.9022
vn -0.7007 0.1959 -0.6860
vn -0.3915 -0.2728 -0.8788
vn 0.4242 -0.7101 -0.5620
vn -0.2404 0.2765 -0.9305
vn -0.2279 0.3383 -0.9130
vn -0.1536 0.3344 -0.9298
vn -0.1624 0.2719 -0.9485
vn 0.4531 -0.6752 -0.5821
vn -0.3975 -0.1672 -0.9022
vn 0.4242 -0.7101 -0.5620
vn 0.7969 -0.6035 0.0270
vn -0.2043 0.2505 -0.9463
vn -0.2404 0.2765 -0.9305
vn -0.1624 0.2719 -0.9485
vn -0.1603 0.2165 -0.9630
vn 0.8870 -0.4435 -0.1289
vn 0.4531 -0.6752 -0.5821
vn 0.7969 -0.6035 0.0270
vn 0.8652 -0.5014 0.0014
vn -0.0581 0.2699 -0.9611
vn -0.2043 0.2505 -0.9463
vn -0.1603 0.2165 -0.9630
vn -0.1116 0.1793 -0.9774
vn 0.9192 -0.3808 -0.1001
vn 0.8870 -0.4435 -0.1289
vn 0.8652 -0.5014 0.0014
vn 0.8795 -0.4754 0.0213
vn 0.0991 0.2145 -0.9717
vn -0.0581 0.2699 -0.9611
vn -0.1116 0.1793 -0.9774
vn -0.0203 0.1330 -0.9909
vn -0.0296 0.8811 -0.4720
vn -0.0000 0.9211 -0.3894
vn -0.0199 0.8804 -0.4737
vn 0.9391 -0.3261 -0.1083
vn 0.9192 -0.3808 -0.1001
vn 0.8795 -0.4754 0.0213
vn 0.9049 -0.4241 0.0362
vn 0.0470 -0.0646 -0.9968
vn 0.0991 0.2145 -0.9717
vn -0.0203 0.1330 -0.9909
vn -0.0362 -0.0068 -0.9993
vn -0.0581 0.8342 -0.5483
vn -0.0296 0.8811 -0.4720
vn -0.0199 0.8804 -0.4737
vn -0.0390 0.8331 -0.5518
vn 0.9531 -0.2735 -0.1299
vn 0.9391 -0.3261 -0.1083
vn 0.9049 -0.4241 0.0362
vn 0.9423 -0.3347 0.0054
vn -0.2288 -0.3977 -0.8885
vn 0.0470 -0.0646 -0.9968
vn -0.0362 -0.0068 -0.9993
vn -0.2549 -0.2074 -0.9445
vn -0.0855 0.7811 -0.6185
vn -0.0581 0.8342 -0.5483
vn -0.0390 0.8331 -0.5518
vn -0.0574 0.7795 -0.6237
vn 0.9608 -0.2253 -0.1616
vn 0.9531 -0.2735 -0.1299
vn 0.9423 -0.3347 0.0054
vn 0.9675 -0.2478 -0.0505
vn -0.5272 -0.5210 -0.6713
vn -0.2288 -0.3977 -0.8885
vn -0.2549 -0.2074 -0.9445
vn -0.5493 -0.3198 -0.7720
vn -0.1115 0.7229 -0.6818
vn -0.0855 0.7811 -0.6185
vn -0.0574 0.7795 -0.6237
vn -0.0749 0.7210 -0.6888
vn 0.9645 -0.1972 -0.1759
vn 0.9608 -0.2253 -0.1616
vn 0.9675 -0.2478 -0.0505
vn 0.9774 -0.1984 -0.0726
vn -0.7401 -0.4560 -0.4943
vn -0.5272 -0.5210 -0.6713
vn -0.5493 -0.3198 -0.7720
vn -0.7548 -0.2893 -0.5888
vn -0.1358 0.6612 -0.7378
vn -0.1115 0.7229 -0.6818
vn -0.0749 0.7210 -0.6888
vn -0.0912 0.6590 -0.7466
vn -0.0390 0.8331 -0.5518
vn -0.0199 0.8804 -0.4737
vn -0.0100 0.8800 -0.4748
vn -0.0196 0.8324 -0.5538
vn 0.9675 -0.2478 -0.0505
vn 0.9423 -0.3347 0.0054
vn 0.8210 -0.5175 0.2412
vn 0.9088 -0.3863 0.1577
vn -0.2549 -0.2074 -0.9445
vn -0.0362 -0.0068 -0.9993
vn -0.0850 0.0327 -0.9958
vn -0.1569 -0.0602 -0.9858
vn -0.0574 0.7795 -0.6237
vn -0.0390 0.8331 -0.5518
vn -0.0196 0.8324 -0.5538
vn -0.0288 0.7786 -0.6269
vn 0.9774 -0.1984 -0.0726
vn 0.9675 -0.2478 -0.0505
vn 0.9088 -0.3863 0.1577
vn 0.9397 -0.3232 0.1119
vn -0.5493 -0.3198 -0.7720
vn -0.2549 -0.2074 -0.9445
vn -0.1569 -0.0602 -0.9858
vn -0.2990 -0.1514 -0.9422
vn -0.0749 0.7210 -0.6888
vn -0.0574 0.7795 -0.6237
vn -0.0288 0.7786 -0.6269
vn -0.0376 0.7199 -0.6931
vn -0.7548 -0.2893 -0.5888
vn -0.5493 -0.3198 -0.7720
vn -0.2990 -0.1514 -0.9422
vn -0.4525 -0.1978 -0.8696
vn 0.2908 0.6961 0.6564
vn 0.2575 0.8343 0.4874
vn 0.0000 0.8547 0.5191
vn 0.0000 0.7188 0.6952
vn -0.0912 0.6590 -0.7466
vn -0.0749 0.7210 -0.6888
vn -0.0376 0.7199 -0.6931
vn -0.0458 0.6576 -0.7519
vn 0.2638 -0.1970 0.9442
vn 0.2908 -0.0142 0.9567
vn 0.0000 -0.0021 1.0000
vn 0.0000 -0.1881 0.9821
vn -0.8576 -0.1828 -0.4807
vn -0.7548 -0.2893 -0.5888
vn -0.4525 -0.1978 -0.8696
vn -0.5553 -0.1878 -0.8102
vn 0.2575 0.8343 0.4874
vn 0.1864 0.9627 0.1962
vn 0.0000 0.9762 0.2169
vn 0.0000 0.8547 0.5191
vn -0.1063 0.5946 -0.7969
vn -0.0912 0.6590 -0.7466
vn -0.0458 0.6576 -0.7519
vn -0.0534 0.5931 -0.8033
vn 0.2908 -0.0142 0.9567
vn 0.3054 0.1331 0.9429
vn 0.0000 0.1481 0.9890
vn 0.0000 -0.0021 1.0000
vn -0.8859 -0.0618 -0.4596
vn -0.8576 -0.1828 -0.4807
vn -0.5553 -0.1878 -0.8102
vn -0.5819 -0.1530 -0.7987
vn 0.1864 0.9627 0.1962
vn 0.0936 0.9885 -0.1190
vn 0.0000 0.9940 -0.1093
vn 0.0000 0.9762 0.2169
vn -0.1201 0.5291 -0.8400
vn -0.1063 0.5946 -0.7969
vn -0.0534 0.5931 -0.8033
vn -0.0604 0.5274 -0.8475
vn 0.3054 0.1331 0.9429
vn 0.3126 0.2577 0.9143
vn 0.0000 0.2753 0.9614
vn 0.0000 0.1481 0.9890
vn -0.8540 0.0308 -0.5193
vn -0.8859 -0.0618 -0.4596
vn -0.5819 -0.1530 -0.7987
vn -0.5258 -0.1392 -0.8391
vn -0.1325 0.4634 -0.8762
vn -0.1201 0.5291 -0.8400
vn -0.0604 0.5274 -0.8475
vn -0.0667 0.4615 -0.8846
vn 0.0936 0.9885 -0.1190
vn 0.0000 0.9211 -0.3894
vn 0.0000 0.9940 -0.1093
vn -0.7416 0.0141 -0.6707
vn -0.8540 0.0308 -0.5193
vn -0.5258 -0.1392 -0.8391
vn -0.3026 -0.3448 -0.8886
vn -0.1437 0.3983 -0.9059
vn -0.1325 0.4634 -0.8762
vn -0.0667 0.4615 -0.8846
vn -0.0723 0.3962 -0.9153
vn 0.3126 0.2577 0.9143
vn 0.3148 0.3696 0.8742
vn 0.0000 0.3894 0.9211
vn 0.0000 0.2753 0.9614
vn -0.3915 -0.2728 -0.8788
vn -0.7416 0.0141 -0.6707
vn -0.3026 -0.3448 -0.8886
vn 0.2663 -0.7776 -0.5697
vn -0.1536 0.3344 -0.9298
vn -0.1437 0.3983 -0.9059
vn -0.0723 0.3962 -0.9153
vn -0.0773 0.3320 -0.9401
vn 0.3148 0.3696 0.8742
vn 0.3126 0.4763 0.8218
vn 0.0000 0.4978 0.8673
vn 0.0000 0.3894 0.9211
vn 0.4242 -0.7101 -0.5620
vn -0.3915 -0.2728 -0.8788
vn 0.2663 -0.7776 -0.5697
vn 0.5811 -0.8059 0.1137
vn -0.1624 0.2719 -0.9485
vn -0.1536 0.3344 -0.9298
vn -0.0773 0.3320 -0.9401
vn -0.0817 0.2693 -0.9596
vn -0.0000 -0.9211 0.3894
vn 0.1305 -0.6914 0.7106
vn 0.0000 -0.6872 0.7264
vn 0.7969 -0.6035 0.0270
vn 0.4242 -0.7101 -0.5620
vn 0.5811 -0.8059 0.1137
vn 0.7625 -0.6396 0.0973
vn -0.1603 0.2165 -0.9630
vn -0.1624 0.2719 -0.9485
vn -0.0817 0.2693 -0.9596
vn -0.0856 0.2084 -0.9743
vn 0.3126 0.4763 0.8218
vn 0.3054 0.5837 0.7524
vn 0.0000 0.6063 0.7953
vn 0.0000 0.4978 0.8673
vn 0.8652 -0.5014 0.0014
vn 0.7969 -0.6035 0.0270
vn 0.7625 -0.6396 0.0973
vn 0.8668 -0.4970 0.0406
vn -0.1116 0.1793 -0.9774
vn -0.1603 0.2165 -0.9630
vn -0.0856 0.2084 -0.9743
vn -0.0877 0.1502 -0.9848
vn 0.1305 -0.6914 0.7106
vn 0.2148 -0.4270 0.8784
vn -0.0000 -0.4209 0.9071
vn 0.0000 -0.6872 0.7264
vn 0.8795 -0.4754 0.0213
vn 0.8652 -0.5014 0.0014
vn 0.8668 -0.4970 0.0406
vn 0.8084 -0.5752 0.1250
vn 0.9049 -0.4241 0.0362
vn 0.8795 -0.4754 0.0213
vn 0.8084 -0.5752 0.1250
vn 0.7331 -0.6275 0.2623
vn -0.0203 0.1330 -0.9909
vn -0.1116 0.1793 -0.9774
vn -0.0877 0.1502 -0.9848
vn -0.0822 0.0969 -0.9919
vn 0.3054 0.5837 0.7524
vn 0.2908 0.6961 0.6564
vn 0.0000 0.7188 0.6952
vn 0.0000 0.6063 0.7953
vn -0.0199 0.8804 -0.4737
vn -0.0000 0.9211 -0.3894
vn -0.0100 0.8800 -0.4748
vn 0.9423 -0.3347 0.0054
vn 0.9049 -0.4241 0.0362
vn 0.7331 -0.6275 0.2623
vn 0.8210 -0.5175 0.2412
vn -0.0362 -0.0068 -0.9993
vn -0.0203 0.1330 -0.9909
vn -0.0822 0.0969 -0.9919
vn -0.0850 0.0327 -0.9958
vn -0.0877 0.1502 -0.9848
vn -0.0856 0.2084 -0.9743
vn -0.0000 0.2074 -0.9783
vn -0.0000 0.1483 -0.9889
vn 0.2148 -0.4270 0.8784
vn 0.2638 -0.1970 0.9442
vn 0.0000 -0.1881 0.9821
vn -0.0000 -0.4209 0.9071
vn 0.8084 -0.5752 0.1250
vn 0.8668 -0.4970 0.0406
vn -0.0000 -0.9953 0.0969
vn -0.0000 -0.9235 0.3836
vn -0.0822 0.0969 -0.9919
vn -0.0877 0.1502 -0.9848
vn -0.0000 0.1483 -0.9889
vn -0.0000 0.0912 -0.9958
vn 0.4934 -0.2221 0.8409
vn 0.5407 -0.0476 0.8399
vn 0.2908 -0.0142 0.9567
vn 0.2638 -0.1970 0.9442
vn -0.0100 0.8800 -0.4748
vn -0.0000 0.9211 -0.3894
vn 0.0000 0.8799 -0.4751
vn 0.7331 -0.6275 0.2623
vn 0.8084 -0.5752 0.1250
vn -0.0000 -0.9235 0.3836
vn 0.0000 -0.8646 0.5024
vn -0.0850 0.0327 -0.9958
vn -0.0822 0.0969 -0.9919
vn -0.0000 0.0912 -0.9958
vn 0.0000 0.0361 -0.9993
vn 0.4820 0.7795 0.4002
vn 0.3525 0.9256 0.1381
vn 0.1864 0.9627 0.1962
vn 0.2575 0.8343 0.4874
vn -0.0196 0.8324 -0.5538
vn -0.0100 0.8800 -0.4748
vn 0.0000 0.8799 -0.4751
vn 0.0000 0.8322 -0.5545
vn 0.8210 -0.5175 0.2412
vn 0.7331 -0.6275 0.2623
vn 0.0000 -0.8646 0.5024
vn 0.0000 -0.8422 0.5392
vn -0.1569 -0.0602 -0.9858
vn -0.0850 0.0327 -0.9958
vn 0.0000 0.0361 -0.9993
vn -0.0009 -0.0178 -0.9998
vn 0.5407 -0.0476 0.8399
vn 0.5657 0.0921 0.8194
vn 0.3054 0.1331 0.9429
vn 0.2908 -0.0142 0.9567
vn -0.0288 0.7786 -0.6269
vn -0.0196 0.8324 -0.5538
vn 0.0000 0.8322 -0.5545
vn -0.0000 0.7783 -0.6279
vn 0.9088 -0.3863 0.1577
vn 0.8210 -0.5175 0.2412
vn 0.0000 -0.8422 0.5392
vn 0.0000 -0.9077 0.4196
vn -0.2990 -0.1514 -0.9422
vn -0.1569 -0.0602 -0.9858
vn -0.0009 -0.0178 -0.9998
vn -0.0166 -0.0793 -0.9967
vn 0.3525 0.9256 0.1381
vn 0.1786 0.9729 -0.1467
vn 0.0936 0.9885 -0.1190
vn 0.1864 0.9627 0.1962
vn -0.0376 0.7199 -0.6931
vn -0.0288 0.7786 -0.6269
vn -0.0000 0.7783 -0.6279
vn -0.0000 0.7195 -0.6945
vn 0.9397 -0.3232 0.1119
vn 0.9088 -0.3863 0.1577
vn 0.0000 -0.9077 0.4196
vn -0.0000 -0.9216 0.3882
vn -0.4525 -0.1978 -0.8696
vn -0.2990 -0.1514 -0.9422
vn -0.0166 -0.0793 -0.9967
vn -0.0578 -0.1386 -0.9887
vn 0.5657 0.0921 0.8194
vn 0.5781 0.2102 0.7884
vn 0.3126 0.2577 0.9143
vn 0.3054 0.1331 0.9429
vn -0.0458 0.6576 -0.7519
vn -0.0376 0.7199 -0.6931
vn -0.0000 0.7195 -0.6945
vn 0.0000 0.6572 -0.7537
vn 0.1786 0.9729 -0.1467
vn 0.0000 0.9211 -0.3894
vn 0.0936 0.9885 -0.1190
vn -0.5553 -0.1878 -0.8102
vn -0.4525 -0.1978 -0.8696
vn -0.0578 -0.1386 -0.9887
vn -0.1009 -0.1788 -0.9787
vn 0.5781 0.2102 0.7884
vn 0.5818 0.3167 0.7491
vn 0.3148 0.3696 0.8742
vn 0.3126 0.2577 0.9143
vn -0.0534 0.5931 -0.8033
vn -0.0458 0.6576 -0.7519
vn 0.0000 0.6572 -0.7537
vn -0.0000 0.5926 -0.8055
vn 0.5818 0.3167 0.7491
vn 0.5781 0.4192 0.7001
vn 0.3126 0.4763 0.8218
vn 0.3148 0.3696 0.8742
vn -0.5819 -0.1530 -0.7987
vn -0.5553 -0.1878 -0.8102
vn -0.1009 -0.1788 -0.9787
vn -0.1076 -0.2096 -0.9718
vn -0.0000 -0.9211 0.3894
vn 0.2479 -0.7033 0.6663
vn 0.1305 -0.6914 0.7106
vn -0.0604 0.5274 -0.8475
vn -0.0534 0.5931 -0.8033
vn -0.0000 0.5926 -0.8055
vn -0.0000 0.5268 -0.8500
vn 0.5781 0.4192 0.7001
vn 0.5657 0.5237 0.6369
vn 0.3054 0.5837 0.7524
vn 0.3126 0.4763 0.8218
vn -0.5258 -0.1392 -0.8391
vn -0.5819 -0.1530 -0.7987
vn -0.1076 -0.2096 -0.9718
vn -0.0703 -0.2449 -0.9670
vn 0.2479 -0.7033 0.6663
vn 0.4052 -0.4446 0.7989
vn 0.2148 -0.4270 0.8784
vn 0.1305 -0.6914 0.7106
vn -0.0667 0.4615 -0.8846
vn -0.0604 0.5274 -0.8475
vn -0.0000 0.5268 -0.8500
vn -0.0000 0.4609 -0.8875
vn 0.5657 0.5237 0.6369
vn 0.5407 0.6357 0.5510
vn 0.2908 0.6961 0.6564
vn 0.3054 0.5837 0.7524
vn -0.3026 -0.3448 -0.8886
vn -0.5258 -0.1392 -0.8391
vn -0.0703 -0.2449 -0.9670
vn -0.0258 -0.5058 -0.8623
vn -0.0723 0.3962 -0.9153
vn -0.0667 0.4615 -0.8846
vn -0.0000 0.4609 -0.8875
vn 0.0000 0.3955 -0.9185
vn 0.4052 -0.4446 0.7989
vn 0.4934 -0.2221 0.8409
vn 0.2638 -0.1970 0.9442
vn 0.2148 -0.4270 0.8784
vn 0.2663 -0.7776 -0.5697
vn -0.3026 -0.3448 -0.8886
vn -0.0258 -0.5058 -0.8623
vn -0.0019 -0.9865 -0.1636
vn -0.0773 0.3320 -0.9401
vn -0.0723 0.3962 -0.9153
vn 0.0000 0.3955 -0.9185
vn -0.0000 0.3312 -0.9436
vn 0.5407 0.6357 0.5510
vn 0.4820 0.7795 0.4002
vn 0.2575 0.8343 0.4874
vn 0.2908 0.6961 0.6564
vn 0.5811 -0.8059 0.1137
vn 0.2663 -0.7776 -0.5697
vn -0.0019 -0.9865 -0.1636
vn 0.0000 -0.9738 0.2276
vn -0.0817 0.2693 -0.9596
vn -0.0773 0.3320 -0.9401
vn -0.0000 0.3312 -0.9436
vn 0.0000 0.2684 -0.9633
vn 0.6550 0.7039 0.2747
vn 0.4852 0.8729 0.0518
vn 0.3525 0.9256 0.1381
vn 0.4820 0.7795 0.4002
vn 0.7625 -0.6396 0.0973
vn 0.5811 -0.8059 0.1137
vn 0.0000 -0.9738 0.2276
vn 0.0000 -0.9990 0.0441
vn -0.0856 0.2084 -0.9743
vn -0.0817 0.2693 -0.9596
vn 0.0000 0.2684 -0.9633
vn -0.0000 0.2074 -0.9783
vn 0.7285 -0.0966 0.6782
vn 0.7591 0.0338 0.6500
vn 0.5657 0.0921 0.8194
vn 0.5407 -0.0476 0.8399
vn 0.8668 -0.4970 0.0406
vn 0.7625 -0.6396 0.0973
vn 0.0000 -0.9990 0.0441
vn -0.0000 -0.9953 0.0969
vn -0.0000 0.3312 -0.9436
vn 0.0000 0.3955 -0.9185
vn 0.0723 0.3962 -0.9153
vn 0.0773 0.3320 -0.9401
vn 0.4852 0.8729 0.0518
vn 0.2486 0.9500 -0.1889
vn 0.1786 0.9729 -0.1467
vn 0.3525 0.9256 0.1381
vn 0.0000 -0.9738 0.2276
vn -0.0019 -0.9865 -0.1636
vn -0.1627 -0.8084 -0.5657
vn -0.5788 -0.8076 0.1129
vn 0.0000 0.2684 -0.9633
vn -0.0000 0.3312 -0.9436
vn 0.0773 0.3320 -0.9401
vn 0.0817 0.2693 -0.9596
vn 0.7591 0.0338 0.6500
vn 0.7740 0.1443 0.6165
vn 0.5781 0.2102 0.7884
vn 0.5657 0.0921 0.8194
vn 0.0000 -0.9990 0.0441
vn 0.0000 -0.9738 0.2276
vn -0.5788 -0.8076 0.1129
vn -0.7625 -0.6397 0.0971
vn -0.0000 0.2074 -0.9783
vn 0.0000 0.2684 -0.9633
vn 0.0817 0.2693 -0.9596
vn 0.0856 0.2084 -0.9743
vn 0.2486 0.9500 -0.1889
vn 0.0000 0.9211 -0.3894
vn 0.1786 0.9729 -0.1467
vn -0.0000 -0.9953 0.0969
vn 0.0000 -0.9990 0.0441
vn -0.7625 -0.6397 0.0971
vn -0.8668 -0.4970 0.0405
vn -0.0000 0.1483 -0.9889
vn -0.0000 0.2074 -0.9783
vn 0.0856 0.2084 -0.9743
vn 0.0877 0.1502 -0.9848
vn 0.7740 0.1443 0.6165
vn 0.7785 0.2444 0.5781
vn 0.5818 0.3167 0.7491
vn 0.5781 0.2102 0.7884
vn -0.0000 -0.9235 0.3836
vn -0.0000 -0.9953 0.0969
vn -0.8668 -0.4970 0.0405
vn -0.8084 -0.5752 0.1249
vn -0.0000 0.0912 -0.9958
vn -0.0000 0.1483 -0.9889
vn 0.0877 0.1502 -0.9848
vn 0.0822 0.0969 -0.9919
vn 0.7785 0.2444 0.5781
vn 0.7740 0.3417 0.5330
vn 0.5781 0.4192 0.7001
vn 0.5818 0.3167 0.7491
vn 0.0000 0.8799 -0.4751
vn -0.0000 0.9211 -0.3894
vn 0.0100 0.8800 -0.4748
vn 0.0000 -0.8646 0.5024
vn -0.0000 -0.9235 0.3836
vn -0.8084 -0.5752 0.1249
vn -0.7331 -0.6275 0.2623
vn 0.0000 0.0361 -0.9993
vn -0.0000 0.0912 -0.9958
vn 0.0822 0.0969 -0.9919
vn 0.0736 0.0400 -0.9965
vn -0.0000 -0.9211 0.3894
vn 0.3433 -0.7222 0.6004
vn 0.2479 -0.7033 0.6663
vn 0.0000 0.8322 -0.5545
vn 0.0000 0.8799 -0.4751
vn 0.0100 0.8800 -0.4748
vn 0.0196 0.8324 -0.5538
vn 0.0000 -0.8422 0.5392
vn 0.0000 -0.8646 0.5024
vn -0.7331 -0.6275 0.2623
vn -0.8210 -0.5175 0.2412
vn -0.0009 -0.0178 -0.9998
vn 0.0000 0.0361 -0.9993
vn 0.0736 0.0400 -0.9965
vn 0.0781 -0.0207 -0.9967
vn 0.7740 0.3417 0.5330
vn 0.7591 0.4427 0.4772
vn 0.5657 0.5237 0.6369
vn 0.5781 0.4192 0.7001
vn -0.0000 0.7783 -0.6279
vn 0.0000 0.8322 -0.5545
vn 0.0196 0.8324 -0.5538
vn 0.0288 0.7786 -0.6269
vn 0.0000 -0.9077 0.4196
vn 0.0000 -0.8422 0.5392
vn -0.8210 -0.5175 0.2412
vn -0.9088 -0.3863 0.1577
vn -0.0166 -0.0793 -0.9967
vn -0.0009 -0.0178 -0.9998
vn 0.0781 -0.0207 -0.9967
vn 0.0938 -0.0730 -0.9929
vn 0.3433 -0.7222 0.6004
vn 0.5558 -0.4728 0.6838
vn 0.4052 -0.4446 0.7989
vn 0.2479 -0.7033 0.6663
vn -0.0000 0.7195 -0.6945
vn -0.0000 0.7783 -0.6279
vn 0.0288 0.7786 -0.6269
vn 0.0376 0.7199 -0.6931
vn -0.0000 -0.9216 0.3882
vn 0.0000 -0.9077 0.4196
vn -0.9088 -0.3863 0.1577
vn -0.9397 -0.3232 0.1119
vn -0.0578 -0.1386 -0.9887
vn -0.0166 -0.0793 -0.9967
vn 0.0938 -0.0730 -0.9929
vn 0.1381 -0.1411 -0.9803
vn 0.7591 0.4427 0.4772
vn 0.7285 0.5538 0.4032
vn 0.5407 0.6357 0.5510
vn 0.5657 0.5237 0.6369
vn 0.0000 0.6572 -0.7537
vn -0.0000 0.7195 -0.6945
vn 0.0376 0.7199 -0.6931
vn 0.0458 0.6576 -0.7519
vn 0.5558 -0.4728 0.6838
vn 0.6697 -0.2608 0.6954
vn 0.4934 -0.2221 0.8409
vn 0.4052 -0.4446 0.7989
vn -0.1009 -0.1788 -0.9787
vn -0.0578 -0.1386 -0.9887
vn 0.1381 -0.1411 -0.9803
vn 0.2360 -0.2119 -0.9484
vn 0.7285 0.5538 0.4032
vn 0.6550 0.7039 0.2747
vn 0.4820 0.7795 0.4002
vn 0.5407 0.6357 0.5510
vn -0.0000 0.5926 -0.8055
vn 0.0000 0.6572 -0.7537
vn 0.0458 0.6576 -0.7519
vn 0.0534 0.5931 -0.8033
vn 0.6697 -0.2608 0.6954
vn 0.7285 -0.0966 0.6782
vn 0.5407 -0.0476 0.8399
vn 0.4934 -0.2221 0.8409
vn -0.1076 -0.2096 -0.9718
vn -0.1009 -0.1788 -0.9787
vn 0.2360 -0.2119 -0.9484
vn 0.3495 -0.2485 -0.9034
vn 0.8536 -0.1563 0.4969
vn 0.8863 -0.0341 0.4619
vn 0.7591 0.0338 0.6500
vn 0.7285 -0.0966 0.6782
vn -0.0000 0.5268 -0.8500
vn -0.0000 0.5926 -0.8055
vn 0.0534 0.5931 -0.8033
vn 0.0604 0.5274 -0.8475
vn 0.5796 0.8131 -0.0534
vn 0.3001 0.9227 -0.2418
vn 0.2486 0.9500 -0.1889
vn 0.4852 0.8729 0.0518
vn -0.0703 -0.2449 -0.9670
vn -0.1076 -0.2096 -0.9718
vn 0.3495 -0.2485 -0.9034
vn 0.4178 -0.2550 -0.8720
vn 0.8863 -0.0341 0.4619
vn 0.9020 0.0696 0.4260
vn 0.7740 0.1443 0.6165
vn 0.7591 0.0338 0.6500
vn -0.0000 0.4609 -0.8875
vn -0.0000 0.5268 -0.8500
vn 0.0604 0.5274 -0.8475
vn 0.0667 0.4615 -0.8846
vn 0.3001 0.9227 -0.2418
vn 0.0000 0.9211 -0.3894
vn 0.2486 0.9500 -0.1889
vn -0.0258 -0.5058 -0.8623
vn -0.0703 -0.2449 -0.9670
vn 0.4178 -0.2550 -0.8720
vn 0.3153 -0.4133 -0.8543
vn 0.0000 0.3955 -0.9185
vn -0.0000 0.4609 -0.8875
vn 0.0667 0.4615 -0.8846
vn 0.0723 0.3962 -0.9153
vn 0.9020 0.0696 0.4260
vn 0.9067 0.1642 0.3884
vn 0.7785 0.2444 0.5781
vn 0.7740 0.1443 0.6165
vn -0.0019 -0.9865 -0.1636
vn -0.0258 -0.5058 -0.8623
vn 0.3153 -0.4133 -0.8543
vn -0.1627 -0.8084 -0.5657
vn 0.3495 -0.2485 -0.9034
vn 0.2360 -0.2119 -0.9484
vn 0.5867 -0.3168 -0.7453
vn 0.7578 -0.2798 -0.5894
vn 0.9067 0.1642 0.3884
vn 0.9020 0.2572 0.3467
vn 0.7740 0.3417 0.5330
vn 0.7785 0.2444 0.5781
vn 0.0604 0.5274 -0.8475
vn 0.0534 0.5931 -0.8033
vn 0.1063 0.5946 -0.7969
vn 0.1201 0.5291 -0.8400
vn -0.0000 -0.9211 0.3894
vn 0.4125 -0.7474 0.5208
vn 0.3433 -0.7222 0.6004
vn 0.4178 -0.2550 -0.8720
vn 0.3495 -0.2485 -0.9034
vn 0.7578 -0.2798 -0.5894
vn 0.8363 -0.1885 -0.5149
vn 0.9020 0.2572 0.3467
vn 0.8863 0.3551 0.2973
vn 0.7591 0.4427 0.4772
vn 0.7740 0.3417 0.5330
vn 0.0667 0.4615 -0.8846
vn 0.0604 0.5274 -0.8475
vn 0.1201 0.5291 -0.8400
vn 0.1325 0.4634 -0.8762
vn 0.4125 -0.7474 0.5208
vn 0.6617 -0.5109 0.5487
vn 0.5558 -0.4728 0.6838
vn 0.3433 -0.7222 0.6004
vn 0.3153 -0.4133 -0.8543
vn 0.4178 -0.2550 -0.8720
vn 0.8363 -0.1885 -0.5149
vn 0.8216 -0.1295 -0.5552
vn 0.0723 0.3962 -0.9153
vn 0.0667 0.4615 -0.8846
vn 0.1325 0.4634 -0.8762
vn 0.1437 0.3983 -0.9059
vn 0.8863 0.3551 0.2973
vn 0.8536 0.4654 0.2341
vn 0.7285 0.5538 0.4032
vn 0.7591 0.4427 0.4772
vn -0.1627 -0.8084 -0.5657
vn 0.3153 -0.4133 -0.8543
vn 0.8216 -0.1295 -0.5552
vn 0.6229 -0.3154 -0.7159
vn 0.0773 0.3320 -0.9401
vn 0.0723 0.3962 -0.9153
vn 0.1437 0.3983 -0.9059
vn 0.1536 0.3344 -0.9298
vn 0.6617 -0.5109 0.5487
vn 0.7896 -0.3103 0.5294
vn 0.6697 -0.2608 0.6954
vn 0.5558 -0.4728 0.6838
vn -0.5788 -0.8076 0.1129
vn -0.1627 -0.8084 -0.5657
vn 0.6229 -0.3154 -0.7159
vn -0.2707 -0.8000 -0.5355
vn 0.0817 0.2693 -0.9596
vn 0.0773 0.3320 -0.9401
vn 0.1536 0.3344 -0.9298
vn 0.1623 0.2719 -0.9485
vn 0.8536 0.4654 0.2341
vn 0.7732 0.6213 0.1273
vn 0.6550 0.7039 0.2747
vn 0.7285 0.5538 0.4032
vn -0.7625 -0.6397 0.0971
vn -0.5788 -0.8076 0.1129
vn -0.2707 -0.8000 -0.5355
vn -0.7955 -0.6055 0.0229
vn 0.0856 0.2084 -0.9743
vn 0.0817 0.2693 -0.9596
vn 0.1623 0.2719 -0.9485
vn 0.1603 0.2165 -0.9630
vn 0.7896 -0.3103 0.5294
vn 0.8536 -0.1563 0.4969
vn 0.7285 -0.0966 0.6782
vn 0.6697 -0.2608 0.6954
vn -0.8668 -0.4970 0.0405
vn -0.7625 -0.6397 0.0971
vn -0.7955 -0.6055 0.0229
vn -0.8653 -0.5013 0.0008
vn 0.0877 0.1502 -0.9848
vn 0.0856 0.2084 -0.9743
vn 0.1603 0.2165 -0.9630
vn 0.1116 0.1793 -0.9774
vn 0.7732 0.6213 0.1273
vn 0.5796 0.8131 -0.0534
vn 0.4852 0.8729 0.0518
vn 0.6550 0.7039 0.2747
vn -0.8084 -0.5752 0.1249
vn -0.8668 -0.4970 0.0405
vn -0.8653 -0.5013 0.0008
vn -0.8795 -0.4754 0.0213
vn 0.0822 0.0969 -0.9919
vn 0.0877 0.1502 -0.9848
vn 0.1116 0.1793 -0.9774
vn 0.0166 0.1350 -0.9907
vn 0.6356 0.7530 -0.1705
vn 0.3315 0.8939 -0.3019
vn 0.3001 0.9227 -0.2418
vn 0.5796 0.8131 -0.0534
vn 0.0100 0.8800 -0.4748
vn -0.0000 0.9211 -0.3894
vn 0.0199 0.8804 -0.4737
vn -0.7331 -0.6275 0.2623
vn -0.8084 -0.5752 0.1249
vn -0.8795 -0.4754 0.0213
vn -0.9049 -0.4241 0.0362
vn 0.0736 0.0400 -0.9965
vn 0.0822 0.0969 -0.9919
vn 0.0166 0.1350 -0.9907
vn -0.0452 0.0501 -0.9977
vn 0.9569 -0.1078 0.2697
vn 0.9728 -0.0089 0.2316
vn 0.9020 0.0696 0.4260
vn 0.8863 -0.0341 0.4619
vn 0.0196 0.8324 -0.5538
vn 0.0100 0.8800 -0.4748
vn 0.0199 0.8804 -0.4737
vn 0.0390 0.8331 -0.5518
vn -0.8210 -0.5175 0.2412
vn -0.7331 -0.6275 0.2623
vn -0.9049 -0.4241 0.0362
vn -0.9423 -0.3347 0.0054
vn 0.0781 -0.0207 -0.9967
vn 0.0736 0.0400 -0.9965
vn -0.0452 0.0501 -0.9977
vn -0.0241 -0.0504 -0.9984
vn 0.3315 0.8939 -0.3019
vn 0.0000 0.9211 -0.3894
vn 0.3001 0.9227 -0.2418
vn 0.0288 0.7786 -0.6269
vn 0.0196 0.8324 -0.5538
vn 0.0390 0.8331 -0.5518
vn 0.0574 0.7795 -0.6237
vn -0.9088 -0.3863 0.1577
vn -0.8210 -0.5175 0.2412
vn -0.9423 -0.3347 0.0054
vn -0.9675 -0.2478 -0.0505
vn 0.0938 -0.0730 -0.9929
vn 0.0781 -0.0207 -0.9967
vn -0.0241 -0.0504 -0.9984
vn 0.1141 -0.1519 -0.9818
vn 0.9728 -0.0089 0.2316
vn 0.9775 0.0821 0.1942
vn 0.9067 0.1642 0.3884
vn 0.9020 0.0696 0.4260
vn 0.0376 0.7199 -0.6931
vn 0.0288 0.7786 -0.6269
vn 0.0574 0.7795 -0.6237
vn 0.0749 0.7210 -0.6888
vn -0.9397 -0.3232 0.1119
vn -0.9088 -0.3863 0.1577
vn -0.9675 -0.2478 -0.0505
vn -0.9774 -0.1984 -0.0726
vn 0.1381 -0.1411 -0.9803
vn 0.0938 -0.0730 -0.9929
vn 0.1141 -0.1519 -0.9818
vn 0.3417 -0.2574 -0.9039
vn 0.9775 0.0821 0.1942
vn 0.9728 0.1723 0.1550
vn 0.9020 0.2572 0.3467
vn 0.9067 0.1642 0.3884
vn 0.0458 0.6576 -0.7519
vn 0.0376 0.7199 -0.6931
vn 0.0749 0.7210 -0.6888
vn 0.0912 0.6590 -0.7466
vn -0.0000 -0.9211 0.3894
vn 0.4541 -0.7783 0.4337
vn 0.4125 -0.7474 0.5208
vn 0.2360 -0.2119 -0.9484
vn 0.1381 -0.1411 -0.9803
vn 0.3417 -0.2574 -0.9039
vn 0.5867 -0.3168 -0.7453
vn 0.9728 0.1723 0.1550
vn 0.9569 0.2686 0.1106
vn 0.8863 0.3551 0.2973
vn 0.9020 0.2572 0.3467
vn 0.0534 0.5931 -0.8033
vn 0.0458 0.6576 -0.7519
vn 0.0912 0.6590 -0.7466
vn 0.1063 0.5946 -0.7969
vn 0.4541 -0.7783 0.4337
vn 0.7238 -0.5586 0.4050
vn 0.6617 -0.5109 0.5487
vn 0.4125 -0.7474 0.5208
vn 0.1141 -0.1519 -0.9818
vn -0.0241 -0.0504 -0.9984
vn -0.1491 -0.1017 -0.9836
vn 0.0953 -0.3242 -0.9412
vn 0.9569 0.2686 0.1106
vn 0.9237 0.3789 0.0561
vn 0.8536 0.4654 0.2341
vn 0.8863 0.3551 0.2973
vn 0.0749 0.7210 -0.6888
vn 0.0574 0.7795 -0.6237
vn 0.0855 0.7811 -0.6185
vn 0.1115 0.7229 -0.6818
vn -0.9774 -0.1984 -0.0726
vn -0.9675 -0.2478 -0.0505
vn -0.9608 -0.2253 -0.1616
vn -0.9645 -0.1972 -0.1758
vn 0.3417 -0.2574 -0.9039
vn 0.1141 -0.1519 -0.9818
vn 0.0953 -0.3242 -0.9412
vn 0.4651 -0.4740 -0.7477
vn 0.7238 -0.5586 0.4050
vn 0.8580 -0.3694 0.3569
vn 0.7896 -0.3103 0.5294
vn 0.6617 -0.5109 0.5487
vn 0.0912 0.6590 -0.7466
vn 0.0749 0.7210 -0.6888
vn 0.1115 0.7229 -0.6818
vn 0.1358 0.6612 -0.7378
vn 0.9237 0.3789 0.0561
vn 0.8409 0.5403 -0.0316
vn 0.7732 0.6213 0.1273
vn 0.8536 0.4654 0.2341
vn 0.5867 -0.3168 -0.7453
vn 0.3417 -0.2574 -0.9039
vn 0.4651 -0.4740 -0.7477
vn 0.7208 -0.4627 -0.5161
vn 0.8580 -0.3694 0.3569
vn 0.9237 -0.2238 0.3109
vn 0.8536 -0.1563 0.4969
vn 0.7896 -0.3103 0.5294
vn 0.1063 0.5946 -0.7969
vn 0.0912 0.6590 -0.7466
vn 0.1358 0.6612 -0.7378
vn 0.1582 0.5971 -0.7864
vn 0.8409 0.5403 -0.0316
vn 0.6356 0.7530 -0.1705
vn 0.5796 0.8131 -0.0534
vn 0.7732 0.6213 0.1273
vn 0.7578 -0.2798 -0.5894
vn 0.5867 -0.3168 -0.7453
vn 0.7208 -0.4627 -0.5161
vn 0.8566 -0.3523 -0.3770
vn 0.9237 -0.2238 0.3109
vn 0.9569 -0.1078 0.2697
vn 0.8863 -0.0341 0.4619
vn 0.8536 -0.1563 0.4969
vn 0.1201 0.5291 -0.8400
vn 0.1063 0.5946 -0.7969
vn 0.1582 0.5971 -0.7864
vn 0.1785 0.5319 -0.8277
vn 0.3420 0.8655 -0.3659
vn 0.0000 0.9211 -0.3894
vn 0.3315 0.8939 -0.3019
vn 0.8363 -0.1885 -0.5149
vn 0.7578 -0.2798 -0.5894
vn 0.8566 -0.3523 -0.3770
vn 0.9265 -0.1851 -0.3276
vn 0.9953 -0.0895 0.0378
vn 1.0000 -0.0000 0.0000
vn 0.9775 0.0821 0.1942
vn 0.9728 -0.0089 0.2316
vn 0.1325 0.4634 -0.8762
vn 0.1201 0.5291 -0.8400
vn 0.1785 0.5319 -0.8277
vn 0.1969 0.4666 -0.8623
vn 1.0000 -0.0000 0.0000
vn 0.9953 0.0895 -0.0378
vn 0.9728 0.1723 0.1550
vn 0.9775 0.0821 0.1942
vn 0.8216 -0.1295 -0.5552
vn 0.8363 -0.1885 -0.5149
vn 0.9265 -0.1851 -0.3276
vn 0.9295 0.0156 -0.3686
vn 0.1437 0.3983 -0.9059
vn 0.1325 0.4634 -0.8762
vn 0.1969 0.4666 -0.8623
vn 0.2133 0.4019 -0.8905
vn -0.0000 -0.9211 0.3894
vn 0.4679 -0.8140 0.3442
vn 0.4541 -0.7783 0.4337
vn 0.6229 -0.3154 -0.7159
vn 0.8216 -0.1295 -0.5552
vn 0.9295 0.0156 -0.3686
vn 0.8643 0.1444 -0.4818
vn 0.1536 0.3344 -0.9298
vn 0.1437 0.3983 -0.9059
vn 0.2133 0.4019 -0.8905
vn 0.2279 0.3383 -0.9130
vn 0.9953 0.0895 -0.0378
vn 0.9794 0.1860 -0.0786
vn 0.9569 0.2686 0.1106
vn 0.9728 0.1723 0.1550
vn -0.2707 -0.8000 -0.5355
vn 0.6229 -0.3154 -0.7159
vn 0.8643 0.1444 -0.4818
vn 0.6869 -0.0080 -0.7267
vn 0.1623 0.2719 -0.9485
vn 0.1536 0.3344 -0.9298
vn 0.2279 0.3383 -0.9130
vn 0.2404 0.2765 -0.9305
vn 0.4679 -0.8140 0.3442
vn 0.7442 -0.6152 0.2601
vn 0.7238 -0.5586 0.4050
vn 0.4541 -0.7783 0.4337
vn -0.7955 -0.6055 0.0229
vn -0.2707 -0.8000 -0.5355
vn 0.6869 -0.0080 -0.7267
vn -0.3926 -0.6448 -0.6559
vn 0.1603 0.2165 -0.9630
vn 0.1623 0.2719 -0.9485
vn 0.2404 0.2765 -0.9305
vn 0.2043 0.2505 -0.9463
vn 0.9794 0.1860 -0.0786
vn 0.9462 0.2981 -0.1260
vn 0.9237 0.3789 0.0561
vn 0.9569 0.2686 0.1106
vn -0.8653 -0.5013 0.0008
vn -0.7955 -0.6055 0.0229
vn -0.3926 -0.6448 -0.6559
vn -0.8868 -0.4411 -0.1382
vn 0.1116 0.1793 -0.9774
vn 0.1603 0.2165 -0.9630
vn 0.2043 0.2505 -0.9463
vn 0.0581 0.2699 -0.9611
vn 0.7442 -0.6152 0.2601
vn 0.8801 -0.4374 0.1849
vn 0.8580 -0.3694 0.3569
vn 0.7238 -0.5586 0.4050
vn -0.8795 -0.4754 0.0213
vn -0.8653 -0.5013 0.0008
vn -0.8868 -0.4411 -0.1382
vn -0.9193 -0.3805 -0.1005
vn 0.0166 0.1350 -0.9907
vn 0.1116 0.1793 -0.9774
vn 0.0581 0.2699 -0.9611
vn -0.1207 0.2289 -0.9659
vn 0.9462 0.2981 -0.1260
vn 0.8628 0.4656 -0.1969
vn 0.8409 0.5403 -0.0316
vn 0.9237 0.3789 0.0561
vn 0.0199 0.8804 -0.4737
vn -0.0000 0.9211 -0.3894
vn 0.0296 0.8811 -0.4720
vn -0.9049 -0.4241 0.0362
vn -0.8795 -0.4754 0.0213
vn -0.9193 -0.3805 -0.1005
vn -0.9391 -0.3262 -0.1083
vn -0.0452 0.0501 -0.9977
vn 0.0166 0.1350 -0.9907
vn -0.1207 0.2289 -0.9659
vn -0.2049 0.0836 -0.9752
vn 0.8801 -0.4374 0.1849
vn 0.9462 -0.2981 0.1260
vn 0.9237 -0.2238 0.3109
vn 0.8580 -0.3694 0.3569
vn 0.0390 0.8331 -0.5518
vn 0.0199 0.8804 -0.4737
vn 0.0296 0.8811 -0.4720
vn 0.0581 0.8342 -0.5483
vn -0.9423 -0.3347 0.0054
vn -0.9049 -0.4241 0.0362
vn -0.9391 -0.3262 -0.1083
vn -0.9531 -0.2735 -0.1299
vn -0.0241 -0.0504 -0.9984
vn -0.0452 0.0501 -0.9977
vn -0.2049 0.0836 -0.9752
vn -0.1491 -0.1017 -0.9836
vn 0.8628 0.4656 -0.1969
vn 0.6540 0.6968 -0.2946
vn 0.6356 0.7530 -0.1705
vn 0.8409 0.5403 -0.0316
vn 0.0574 0.7795 -0.6237
vn 0.0390 0.8331 -0.5518
vn 0.0581 0.8342 -0.5483
vn 0.0855 0.7811 -0.6185
vn -0.9675 -0.2478 -0.0505
vn -0.9423 -0.3347 0.0054
vn -0.9531 -0.2735 -0.1299
vn -0.9608 -0.2253 -0.1616
vn -0.9193 -0.3805 -0.1005
vn -0.8868 -0.4411 -0.1382
vn -0.2554 -0.4300 -0.8659
vn -0.5490 -0.5709 -0.6105
vn -0.1207 0.2289 -0.9659
vn 0.0581 0.2699 -0.9611
vn 0.0945 0.4009 -0.9112
vn -0.0416 0.3644 -0.9303
vn 0.9462 -0.2981 0.1260
vn 0.9794 -0.1860 0.0786
vn 0.9569 -0.1078 0.2697
vn 0.9237 -0.2238 0.3109
vn 0.0296 0.8811 -0.4720
vn -0.0000 0.9211 -0.3894
vn 0.0391 0.8820 -0.4696
vn -0.9391 -0.3262 -0.1083
vn -0.9193 -0.3805 -0.1005
vn -0.5490 -0.5709 -0.6105
vn -0.9188 -0.3212 -0.2292
vn -0.2049 0.0836 -0.9752
vn -0.1207 0.2289 -0.9659
vn -0.0416 0.3644 -0.9303
vn -0.0644 0.1629 -0.9845
vn 0.6540 0.6968 -0.2946
vn 0.3420 0.8655 -0.3659
vn 0.3315 0.8939 -0.3019
vn 0.6356 0.7530 -0.1705
vn 0.0581 0.8342 -0.5483
vn 0.0296 0.8811 -0.4720
vn 0.0391 0.8820 -0.4696
vn 0.0767 0.8359 -0.5436
vn -0.9531 -0.2735 -0.1299
vn -0.9391 -0.3262 -0.1083
vn -0.9188 -0.3212 -0.2292
vn -0.9366 -0.2463 -0.2494
vn -0.1491 -0.1017 -0.9836
vn -0.2049 0.0836 -0.9752
vn -0.0644 0.1629 -0.9845
vn 0.0173 -0.1265 -0.9918
vn 0.9794 -0.1860 0.0786
vn 0.9953 -0.0895 0.0378
vn 0.9728 -0.0089 0.2316
vn 0.9569 -0.1078 0.2697
vn 0.0855 0.7811 -0.6185
vn 0.0581 0.8342 -0.5483
vn 0.0767 0.8359 -0.5436
vn 0.1129 0.7833 -0.6113
vn -0.9608 -0.2253 -0.1616
vn -0.9531 -0.2735 -0.1299
vn -0.9366 -0.2463 -0.2494
vn -0.9414 -0.2157 -0.2592
vn 0.0953 -0.3242 -0.9412
vn -0.1491 -0.1017 -0.9836
vn 0.0173 -0.1265 -0.9918
vn 0.1953 -0.4439 -0.8745
vn 0.9728 -0.1723 -0.1550
vn 0.9775 -0.0821 -0.1942
vn 1.0000 -0.0000 0.0000
vn 0.9953 -0.0895 0.0378
vn 0.1115 0.7229 -0.6818
vn 0.0855 0.7811 -0.6185
vn 0.1129 0.7833 -0.6113
vn 0.1471 0.7256 -0.6722
vn -0.9645 -0.1972 -0.1758
vn -0.9608 -0.2253 -0.1616
vn -0.9414 -0.2157 -0.2592
vn -0.9453 -0.2034 -0.2550
vn 0.4651 -0.4740 -0.7477
vn 0.0953 -0.3242 -0.9412
vn 0.1953 -0.4439 -0.8745
vn 0.4186 -0.6393 -0.6450
vn 0.9775 -0.0821 -0.1942
vn 0.9728 0.0089 -0.2316
vn 0.9953 0.0895 -0.0378
vn 1.0000 -0.0000 0.0000
vn 0.1358 0.6612 -0.7378
vn 0.1115 0.7229 -0.6818
vn 0.1471 0.7256 -0.6722
vn 0.1790 0.6643 -0.7257
vn -0.0000 -0.9211 0.3894
vn 0.4541 -0.8534 0.2562
vn 0.4679 -0.8140 0.3442
vn 0.7208 -0.4627 -0.5161
vn 0.4651 -0.4740 -0.7477
vn 0.4186 -0.6393 -0.6450
vn 0.5937 -0.6369 -0.4918
vn 0.9728 0.0089 -0.2316
vn 0.9569 0.1078 -0.2697
vn 0.9794 0.1860 -0.0786
vn 0.9953 0.0895 -0.0378
vn 0.1582 0.5971 -0.7864
vn 0.1358 0.6612 -0.7378
vn 0.1790 0.6643 -0.7257
vn 0.2084 0.6007 -0.7719
vn 0.4541 -0.8534 0.2562
vn 0.7238 -0.6797 0.1185
vn 0.7442 -0.6152 0.2601
vn 0.4679 -0.8140 0.3442
vn 0.8566 -0.3523 -0.3770
vn 0.7208 -0.4627 -0.5161
vn 0.5937 -0.6369 -0.4918
vn 0.7191 -0.5406 -0.4367
vn 0.9569 0.1078 -0.2697
vn 0.9237 0.2238 -0.3109
vn 0.9462 0.2981 -0.1260
vn 0.9794 0.1860 -0.0786
vn 0.1785 0.5319 -0.8277
vn 0.1582 0.5971 -0.7864
vn 0.2084 0.6007 -0.7719
vn 0.2351 0.5359 -0.8109
vn 0.7238 -0.6797 0.1185
vn 0.8580 -0.5134 0.0163
vn 0.8801 -0.4374 0.1849
vn 0.7442 -0.6152 0.2601
vn 0.9265 -0.1851 -0.3276
vn 0.8566 -0.3523 -0.3770
vn 0.7191 -0.5406 -0.4367
vn 0.8075 -0.3245 -0.4926
vn 0.9237 0.2238 -0.3109
vn 0.8409 0.3991 -0.3656
vn 0.8628 0.4656 -0.1969
vn 0.9462 0.2981 -0.1260
vn 0.1969 0.4666 -0.8623
vn 0.1785 0.5319 -0.8277
vn 0.2351 0.5359 -0.8109
vn 0.2590 0.4710 -0.8432
vn 0.8580 -0.5134 0.0163
vn 0.9237 -0.3789 -0.0561
vn 0.9462 -0.2981 0.1260
vn 0.8801 -0.4374 0.1849
vn 0.9295 0.0156 -0.3686
vn 0.9265 -0.1851 -0.3276
vn 0.8075 -0.3245 -0.4926
vn 0.8019 0.0398 -0.5961
vn 0.2133 0.4019 -0.8905
vn 0.1969 0.4666 -0.8623
vn 0.2590 0.4710 -0.8432
vn 0.2805 0.4068 -0.8694
vn 0.8409 0.3991 -0.3656
vn 0.6356 0.6470 -0.4213
vn 0.6540 0.6968 -0.2946
vn 0.8628 0.4656 -0.1969
vn 0.8643 0.1444 -0.4818
vn 0.9295 0.0156 -0.3686
vn 0.8019 0.0398 -0.5961
vn 0.7085 0.2841 -0.6460
vn 0.2279 0.3383 -0.9130
vn 0.2133 0.4019 -0.8905
vn 0.2805 0.4068 -0.8694
vn 0.2994 0.3438 -0.8900
vn 0.9237 -0.3789 -0.0561
vn 0.9569 -0.2686 -0.1106
vn 0.9794 -0.1860 0.0786
vn 0.9462 -0.2981 0.1260
vn 0.6869 -0.0080 -0.7267
vn 0.8643 0.1444 -0.4818
vn 0.7085 0.2841 -0.6460
vn 0.6177 0.3052 -0.7248
vn 0.2404 0.2765 -0.9305
vn 0.2279 0.3383 -0.9130
vn 0.2994 0.3438 -0.8900
vn 0.3127 0.2843 -0.9063
vn 0.6356 0.6470 -0.4213
vn 0.3315 0.8393 -0.4309
vn 0.3420 0.8655 -0.3659
vn 0.6540 0.6968 -0.2946
vn -0.3926 -0.6448 -0.6559
vn 0.6869 -0.0080 -0.7267
vn 0.6177 0.3052 -0.7248
vn 0.3641 -0.0076 -0.9313
vn 0.2043 0.2505 -0.9463
vn 0.2404 0.2765 -0.9305
vn 0.3127 0.2843 -0.9063
vn 0.2542 0.3140 -0.9148
vn 0.9569 -0.2686 -0.1106
vn 0.9728 -0.1723 -0.1550
vn 0.9953 -0.0895 0.0378
vn 0.9794 -0.1860 0.0786
vn -0.8868 -0.4411 -0.1382
vn -0.3926 -0.6448 -0.6559
vn 0.3641 -0.0076 -0.9313
vn -0.2554 -0.4300 -0.8659
vn 0.0581 0.2699 -0.9611
vn 0.2043 0.2505 -0.9463
vn 0.2542 0.3140 -0.9148
vn 0.0945 0.4009 -0.9112
vn 0.3315 0.8393 -0.4309
vn 0.0000 0.9211 -0.3894
vn 0.3420 0.8655 -0.3659
vn 0.6177 0.3052 -0.7248
vn 0.7085 0.2841 -0.6460
vn 0.1669 0.2534 -0.9529
vn 0.2233 0.3028 -0.9265
vn 0.3127 0.2843 -0.9063
vn 0.2994 0.3438 -0.8900
vn 0.3673 0.3508 -0.8614
vn 0.3860 0.2944 -0.8743
vn 0.9067 -0.1642 -0.3884
vn 0.9020 -0.0696 -0.4260
vn 0.9728 0.0089 -0.2316
vn 0.9775 -0.0821 -0.1942
vn 0.3641 -0.0076 -0.9313
vn 0.6177 0.3052 -0.7248
vn 0.2233 0.3028 -0.9265
vn 0.3616 0.1203 -0.9245
vn 0.2542 0.3140 -0.9148
vn 0.3127 0.2843 -0.9063
vn 0.3860 0.2944 -0.8743
vn 0.3610 0.3596 -0.8604
vn -0.0000 -0.9211 0.3894
vn 0.4125 -0.8943 0.1734
vn 0.4541 -0.8534 0.2562
vn -0.2554 -0.4300 -0.8659
vn 0.3641 -0.0076 -0.9313
vn 0.3616 0.1203 -0.9245
vn 0.5033 -0.1924 -0.8424
vn 0.0945 0.4009 -0.9112
vn 0.2542 0.3140 -0.9148
vn 0.3610 0.3596 -0.8604
vn 0.2979 0.4918 -0.8181
vn 0.9020 -0.0696 -0.4260
vn 0.8863 0.0341 -0.4619
vn 0.9569 0.1078 -0.2697
vn 0.9728 0.0089 -0.2316
vn -0.5490 -0.5709 -0.6105
vn -0.2554 -0.4300 -0.8659
vn 0.5033 -0.1924 -0.8424
vn 0.3363 -0.5450 -0.7681
vn -0.0416 0.3644 -0.9303
vn 0.0945 0.4009 -0.9112
vn 0.2979 0.4918 -0.8181
vn 0.2915 0.4730 -0.8314
vn 0.4125 -0.8943 0.1734
vn 0.6617 -0.7496 -0.0157
vn 0.7238 -0.6797 0.1185
vn 0.4541 -0.8534 0.2562
vn 0.0391 0.8820 -0.4696
vn -0.0000 0.9211 -0.3894
vn 0.0482 0.8831 -0.4666
vn -0.9188 -0.3212 -0.2292
vn -0.5490 -0.5709 -0.6105
vn 0.3363 -0.5450 -0.7681
vn -0.1275 -0.6530 -0.7466
vn -0.0644 0.1629 -0.9845
vn -0.0416 0.3644 -0.9303
vn 0.2915 0.4730 -0.8314
vn 0.3568 0.2602 -0.8972
vn 0.8863 0.0341 -0.4619
vn 0.8536 0.1563 -0.4969
vn 0.9237 0.2238 -0.3109
vn 0.9569 0.1078 -0.2697
vn 0.0767 0.8359 -0.5436
vn 0.0391 0.8820 -0.4696
vn 0.0482 0.8831 -0.4666
vn 0.0946 0.8379 -0.5375
vn -0.9366 -0.2463 -0.2494
vn -0.9188 -0.3212 -0.2292
vn -0.1275 -0.6530 -0.7466
vn -0.2164 -0.5433 -0.8112
vn 0.0173 -0.1265 -0.9918
vn -0.0644 0.1629 -0.9845
vn 0.3568 0.2602 -0.8972
vn 0.4228 -0.0736 -0.9032
vn 0.6617 -0.7496 -0.0157
vn 0.7896 -0.5960 -0.1462
vn 0.8580 -0.5134 0.0163
vn 0.7238 -0.6797 0.1185
vn 0.1129 0.7833 -0.6113
vn 0.0767 0.8359 -0.5436
vn 0.0946 0.8379 -0.5375
vn 0.1393 0.7861 -0.6022
vn -0.9414 -0.2157 -0.2592
vn -0.9366 -0.2463 -0.2494
vn -0.2164 -0.5433 -0.8112
vn -0.3365 -0.5884 -0.7353
vn 0.1953 -0.4439 -0.8745
vn 0.0173 -0.1265 -0.9918
vn 0.4228 -0.0736 -0.9032
vn 0.4326 -0.4383 -0.7879
vn 0.8536 0.1563 -0.4969
vn 0.7732 0.3415 -0.5344
vn 0.8409 0.3991 -0.3656
vn 0.9237 0.2238 -0.3109
vn 0.1471 0.7256 -0.6722
vn 0.1129 0.7833 -0.6113
vn 0.1393 0.7861 -0.6022
vn 0.1814 0.7291 -0.6600
vn -0.9453 -0.2034 -0.2550
vn -0.9414 -0.2157 -0.2592
vn -0.3365 -0.5884 -0.7353
vn -0.5232 -0.5887 -0.6162
vn 0.4186 -0.6393 -0.6450
vn 0.1953 -0.4439 -0.8745
vn 0.4326 -0.4383 -0.7879
vn 0.3724 -0.6802 -0.6314
vn 0.7896 -0.5960 -0.1462
vn 0.8536 -0.4654 -0.2341
vn 0.9237 -0.3789 -0.0561
vn 0.8580 -0.5134 0.0163
vn 0.1790 0.6643 -0.7257
vn 0.1471 0.7256 -0.6722
vn 0.1814 0.7291 -0.6600
vn 0.2206 0.6683 -0.7104
vn 0.7732 0.3415 -0.5344
vn 0.5796 0.6048 -0.5461
vn 0.6356 0.6470 -0.4213
vn 0.8409 0.3991 -0.3656
vn 0.5937 -0.6369 -0.4918
vn 0.4186 -0.6393 -0.6450
vn 0.3724 -0.6802 -0.6314
vn 0.3012 -0.7431 -0.5975
vn 0.8536 -0.4654 -0.2341
vn 0.8863 -0.3551 -0.2973
vn 0.9569 -0.2686 -0.1106
vn 0.9237 -0.3789 -0.0561
vn 0.2084 0.6007 -0.7719
vn 0.1790 0.6643 -0.7257
vn 0.2206 0.6683 -0.7104
vn 0.2566 0.6052 -0.7536
vn 0.5796 0.6048 -0.5461
vn 0.3001 0.8163 -0.4935
vn 0.3315 0.8393 -0.4309
vn 0.6356 0.6470 -0.4213
vn 0.7191 -0.5406 -0.4367
vn 0.5937 -0.6369 -0.4918
vn 0.3012 -0.7431 -0.5975
vn 0.2440 -0.7016 -0.6695
vn 0.8863 -0.3551 -0.2973
vn 0.9020 -0.2572 -0.3467
vn 0.9728 -0.1723 -0.1550
vn 0.9569 -0.2686 -0.1106
vn 0.2351 0.5359 -0.8109
vn 0.2084 0.6007 -0.7719
vn 0.2566 0.6052 -0.7536
vn 0.2891 0.5410 -0.7898
vn 0.3001 0.8163 -0.4935
vn 0.0000 0.9211 -0.3894
vn 0.3315 0.8393 -0.4309
vn 0.8075 -0.3245 -0.4926
vn 0.7191 -0.5406 -0.4367
vn 0.2440 -0.7016 -0.6695
vn 0.2274 -0.4780 -0.8484
vn 0.9020 -0.2572 -0.3467
vn 0.9067 -0.1642 -0.3884
vn 0.9775 -0.0821 -0.1942
vn 0.9728 -0.1723 -0.1550
vn 0.2590 0.4710 -0.8432
vn 0.2351 0.5359 -0.8109
vn 0.2891 0.5410 -0.7898
vn 0.3184 0.4767 -0.8194
vn 0.7785 -0.2444 -0.5781
vn 0.7740 -0.1443 -0.6165
vn 0.9020 -0.0696 -0.4260
vn 0.9067 -0.1642 -0.3884
vn 0.8019 0.0398 -0.5961
vn 0.8075 -0.3245 -0.4926
vn 0.2274 -0.4780 -0.8484
vn 0.2035 -0.0667 -0.9768
vn 0.2805 0.4068 -0.8694
vn 0.2590 0.4710 -0.8432
vn 0.3184 0.4767 -0.8194
vn 0.3444 0.4131 -0.8431
vn -0.0000 -0.9211 0.3894
vn 0.3433 -0.9339 0.0998
vn 0.4125 -0.8943 0.1734
vn 0.7085 0.2841 -0.6460
vn 0.8019 0.0398 -0.5961
vn 0.2035 -0.0667 -0.9768
vn 0.1669 0.2534 -0.9529
vn 0.2994 0.3438 -0.8900
vn 0.2805 0.4068 -0.8694
vn 0.3444 0.4131 -0.8431
vn 0.3673 0.3508 -0.8614
vn 0.7740 -0.1443 -0.6165
vn 0.7591 -0.0338 -0.6500
vn 0.8863 0.0341 -0.4619
vn 0.9020 -0.0696 -0.4260
vn 0.3433 -0.9339 0.0998
vn 0.5558 -0.8199 -0.1372
vn 0.6617 -0.7496 -0.0157
vn 0.4125 -0.8943 0.1734
vn 0.2274 -0.4780 -0.8484
vn 0.2440 -0.7016 -0.6695
vn -0.1420 -0.6207 -0.7711
vn -0.3129 -0.4426 -0.8403
vn 0.7591 -0.0338 -0.6500
vn 0.7285 0.0966 -0.6782
vn 0.8536 0.1563 -0.4969
vn 0.8863 0.0341 -0.4619
vn 0.3184 0.4767 -0.8194
vn 0.2891 0.5410 -0.7898
vn 0.3403 0.5472 -0.7647
vn 0.3743 0.4836 -0.7912
vn 0.5558 -0.8199 -0.1372
vn 0.6697 -0.6805 -0.2974
vn 0.7896 -0.5960 -0.1462
vn 0.6617 -0.7496 -0.0157
vn 0.2035 -0.0667 -0.9768
vn 0.2274 -0.4780 -0.8484
vn -0.3129 -0.4426 -0.8403
vn -0.3618 -0.1566 -0.9190
vn 0.3444 0.4131 -0.8431
vn 0.3184 0.4767 -0.8194
vn 0.3743 0.4836 -0.7912
vn 0.4045 0.4208 -0.8120
vn 0.7285 0.0966 -0.6782
vn 0.6550 0.2934 -0.6964
vn 0.7732 0.3415 -0.5344
vn 0.8536 0.1563 -0.4969
vn 0.1669 0.2534 -0.9529
vn 0.2035 -0.0667 -0.9768
vn -0.3618 -0.1566 -0.9190
vn -0.2540 0.0548 -0.9656
vn 0.3673 0.3508 -0.8614
vn 0.3444 0.4131 -0.8431
vn 0.4045 0.4208 -0.8120
vn 0.4311 0.3592 -0.8277
vn 0.6697 -0.6805 -0.2974
vn 0.7285 -0.5538 -0.4032
vn 0.8536 -0.4654 -0.2341
vn 0.7896 -0.5960 -0.1462
vn 0.2233 0.3028 -0.9265
vn 0.1669 0.2534 -0.9529
vn -0.2540 0.0548 -0.9656
vn 0.0036 0.0932 -0.9956
vn 0.3860 0.2944 -0.8743
vn 0.3673 0.3508 -0.8614
vn 0.4311 0.3592 -0.8277
vn 0.4558 0.3023 -0.8372
vn 0.6550 0.2934 -0.6964
vn 0.4852 0.5710 -0.6623
vn 0.5796 0.6048 -0.5461
vn 0.7732 0.3415 -0.5344
vn 0.3616 0.1203 -0.9245
vn 0.2233 0.3028 -0.9265
vn 0.0036 0.0932 -0.9956
vn 0.3995 -0.0513 -0.9153
vn 0.3610 0.3596 -0.8604
vn 0.3860 0.2944 -0.8743
vn 0.4558 0.3023 -0.8372
vn 0.4808 0.3462 -0.8056
vn 0.7285 -0.5538 -0.4032
vn 0.7591 -0.4427 -0.4772
vn 0.8863 -0.3551 -0.2973
vn 0.8536 -0.4654 -0.2341
vn 0.5033 -0.1924 -0.8424
vn 0.3616 0.1203 -0.9245
vn 0.3995 -0.0513 -0.9153
vn 0.6907 -0.2382 -0.6828
vn 0.2979 0.4918 -0.8181
vn 0.3610 0.3596 -0.8604
vn 0.4808 0.3462 -0.8056
vn 0.5236 0.4662 -0.7131
vn 0.4852 0.5710 -0.6623
vn 0.2486 0.7974 -0.5499
vn 0.3001 0.8163 -0.4935
vn 0.5796 0.6048 -0.5461
vn 0.3363 -0.5450 -0.7681
vn 0.5033 -0.1924 -0.8424
vn 0.6907 -0.2382 -0.6828
vn 0.7988 -0.3053 -0.5184
vn 0.2915 0.4730 -0.8314
vn 0.2979 0.4918 -0.8181
vn 0.5236 0.4662 -0.7131
vn 0.6100 0.4608 -0.6446
vn 0.7591 -0.4427 -0.4772
vn 0.7740 -0.3417 -0.5330
vn 0.9020 -0.2572 -0.3467
vn 0.8863 -0.3551 -0.2973
vn 0.0482 0.8831 -0.4666
vn -0.0000 0.9211 -0.3894
vn 0.0570 0.8845 -0.4630
vn -0.1275 -0.6530 -0.7466
vn 0.3363 -0.5450 -0.7681
vn 0.7988 -0.3053 -0.5184
vn 0.8109 -0.3060 -0.4989
vn 0.3568 0.2602 -0.8972
vn 0.2915 0.4730 -0.8314
vn 0.6100 0.4608 -0.6446
vn 0.7146 0.2811 -0.6405
vn 0.2486 0.7974 -0.5499
vn 0.0000 0.9211 -0.3894
vn 0.3001 0.8163 -0.4935
vn 0.0946 0.8379 -0.5375
vn 0.0482 0.8831 -0.4666
vn 0.0570 0.8845 -0.4630
vn 0.1118 0.8404 -0.5303
vn -0.2164 -0.5433 -0.8112
vn -0.1275 -0.6530 -0.7466
vn 0.8109 -0.3060 -0.4989
vn 0.7761 -0.3266 -0.5395
vn 0.4228 -0.0736 -0.9032
vn 0.3568 0.2602 -0.8972
vn 0.7146 0.2811 -0.6405
vn 0.7594 0.0059 -0.6506
vn 0.7740 -0.3417 -0.5330
vn 0.7785 -0.2444 -0.5781
vn 0.9067 -0.1642 -0.3884
vn 0.9020 -0.2572 -0.3467
vn 0.1393 0.7861 -0.6022
vn 0.0946 0.8379 -0.5375
vn 0.1118 0.8404 -0.5303
vn 0.1645 0.7895 -0.5913
vn -0.3365 -0.5884 -0.7353
vn -0.2164 -0.5433 -0.8112
vn 0.7761 -0.3266 -0.5395
vn 0.6181 -0.4720 -0.6286
vn 0.4326 -0.4383 -0.7879
vn 0.4228 -0.0736 -0.9032
vn 0.7594 0.0059 -0.6506
vn 0.6782 -0.3184 -0.6623
vn 0.5781 -0.2102 -0.7884
vn 0.5658 -0.0921 -0.8194
vn 0.7591 -0.0338 -0.6500
vn 0.7740 -0.1443 -0.6165
vn 0.1814 0.7291 -0.6600
vn 0.1393 0.7861 -0.6022
vn 0.1645 0.7895 -0.5913
vn 0.2142 0.7332 -0.6454
vn -0.5232 -0.5887 -0.6162
vn -0.3365 -0.5884 -0.7353
vn 0.6181 -0.4720 -0.6286
vn 0.5201 -0.5504 -0.6531
vn 0.3724 -0.6802 -0.6314
vn 0.4326 -0.4383 -0.7879
vn 0.6782 -0.3184 -0.6623
vn 0.4259 -0.5954 -0.6813
vn 0.2479 -0.9679 0.0403
vn 0.4052 -0.8828 -0.2377
vn 0.5558 -0.8199 -0.1372
vn 0.3433 -0.9339 0.0998
vn 0.2206 0.6683 -0.7104
vn 0.1814 0.7291 -0.6600
vn 0.2142 0.7332 -0.6454
vn 0.2602 0.6732 -0.6922
vn 0.5658 -0.0921 -0.8194
vn 0.5407 0.0476 -0.8399
vn 0.7285 0.0966 -0.6782
vn 0.7591 -0.0338 -0.6500
vn 0.3012 -0.7431 -0.5975
vn 0.3724 -0.6802 -0.6314
vn 0.4259 -0.5954 -0.6813
vn 0.1078 -0.6824 -0.7230
vn 0.4052 -0.8828 -0.2377
vn 0.4934 -0.7580 -0.4265
vn 0.6697 -0.6805 -0.2974
vn 0.5558 -0.8199 -0.1372
vn 0.2566 0.6052 -0.7536
vn 0.2206 0.6683 -0.7104
vn 0.2602 0.6732 -0.6922
vn 0.3023 0.6107 -0.7319
vn 0.5407 0.0476 -0.8399
vn 0.4820 0.2560 -0.8380
vn 0.6550 0.2934 -0.6964
vn 0.7285 0.0966 -0.6782
vn 0.2440 -0.7016 -0.6695
vn 0.3012 -0.7431 -0.5975
vn 0.1078 -0.6824 -0.7230
vn -0.1420 -0.6207 -0.7711
vn 0.4934 -0.7580 -0.4265
vn 0.5407 -0.6357 -0.5510
vn 0.7285 -0.5538 -0.4032
vn 0.6697 -0.6805 -0.2974
vn 0.2891 0.5410 -0.7898
vn 0.2566 0.6052 -0.7536
vn 0.3023 0.6107 -0.7319
vn 0.3403 0.5472 -0.7647
vn 0.2142 0.7332 -0.6454
vn 0.1645 0.7895 -0.5913
vn 0.1884 0.7935 -0.5787
vn 0.2451 0.7382 -0.6285
vn 0.5201 -0.5504 -0.6531
vn 0.6181 -0.4720 -0.6286
vn 0.8546 -0.2392 -0.4609
vn 0.8163 -0.2805 -0.5049
vn 0.4259 -0.5954 -0.6813
vn 0.6782 -0.3184 -0.6623
vn 0.7967 -0.1447 -0.5868
vn 0.5703 -0.3667 -0.7350
vn 0.4820 0.2560 -0.8380
vn 0.3525 0.5458 -0.7602
vn 0.4852 0.5710 -0.6623
vn 0.6550 0.2934 -0.6964
vn 0.2602 0.6732 -0.6922
vn 0.2142 0.7332 -0.6454
vn 0.2451 0.7382 -0.6285
vn 0.2975 0.6789 -0.6713
vn 0.5407 -0.6357 -0.5510
vn 0.5658 -0.5237 -0.6369
vn 0.7591 -0.4427 -0.4772
vn 0.7285 -0.5538 -0.4032
vn 0.1078 -0.6824 -0.7230
vn 0.4259 -0.5954 -0.6813
vn 0.5703 -0.3667 -0.7350
vn 0.2038 -0.5015 -0.8408
vn 0.3525 0.5458 -0.7602
vn 0.1786 0.7831 -0.5958
vn 0.2486 0.7974 -0.5499
vn 0.4852 0.5710 -0.6623
vn 0.3023 0.6107 -0.7319
vn 0.2602 0.6732 -0.6922
vn 0.2975 0.6789 -0.6713
vn 0.3452 0.6173 -0.7070
vn 0.5658 -0.5237 -0.6369
vn 0.5781 -0.4192 -0.7001
vn 0.7740 -0.3417 -0.5330
vn 0.7591 -0.4427 -0.4772
vn -0.1420 -0.6207 -0.7711
vn 0.1078 -0.6824 -0.7230
vn 0.2038 -0.5015 -0.8408
vn -0.0990 -0.4851 -0.8688
vn 0.1786 0.7831 -0.5958
vn 0.0000 0.9211 -0.3894
vn 0.2486 0.7974 -0.5499
vn 0.3403 0.5472 -0.7647
vn 0.3023 0.6107 -0.7319
vn 0.3452 0.6173 -0.7070
vn 0.3882 0.5545 -0.7361
vn 0.5781 -0.4192 -0.7001
vn 0.5818 -0.3167 -0.7491
vn 0.7785 -0.2444 -0.5781
vn 0.7740 -0.3417 -0.5330
vn -0.3129 -0.4426 -0.8403
vn -0.1420 -0.6207 -0.7711
vn -0.0990 -0.4851 -0.8688
vn -0.2619 -0.3800 -0.8871
vn 0.5818 -0.3167 -0.7491
vn 0.5781 -0.2102 -0.7884
vn 0.7740 -0.1443 -0.6165
vn 0.7785 -0.2444 -0.5781
vn 0.3743 0.4836 -0.7912
vn 0.3403 0.5472 -0.7647
vn 0.3882 0.5545 -0.7361
vn 0.4265 0.4917 -0.7591
vn -0.0000 -0.9211 0.3894
vn 0.2479 -0.9679 0.0403
vn 0.3433 -0.9339 0.0998
vn -0.3618 -0.1566 -0.9190
vn -0.3129 -0.4426 -0.8403
vn -0.2619 -0.3800 -0.8871
vn -0.2804 -0.2396 -0.9295
vn 0.4045 0.4208 -0.8120
vn 0.3743 0.4836 -0.7912
vn 0.4265 0.4917 -0.7591
vn 0.4604 0.4297 -0.7768
vn 0.1305 -0.9914 0.0008
vn 0.2148 -0.9276 -0.3057
vn 0.4052 -0.8828 -0.2377
vn 0.2479 -0.9679 0.0403
vn -0.2540 0.0548 -0.9656
vn -0.3618 -0.1566 -0.9190
vn -0.2804 -0.2396 -0.9295
vn -0.1033 -0.1742 -0.9793
vn 0.4311 0.3592 -0.8277
vn 0.4045 0.4208 -0.8120
vn 0.4604 0.4297 -0.7768
vn 0.4901 0.3691 -0.7897
vn 0.3054 -0.1331 -0.9429
vn 0.2908 0.0142 -0.9567
vn 0.5407 0.0476 -0.8399
vn 0.5658 -0.0921 -0.8194
vn 0.0036 0.0932 -0.9956
vn -0.2540 0.0548 -0.9656
vn -0.1033 -0.1742 -0.9793
vn 0.2902 -0.2127 -0.9330
vn 0.4558 0.3023 -0.8372
vn 0.4311 0.3592 -0.8277
vn 0.4901 0.3691 -0.7897
vn 0.5165 0.3107 -0.7979
vn 0.2148 -0.9276 -0.3057
vn 0.2638 -0.8146 -0.5166
vn 0.4934 -0.7580 -0.4265
vn 0.4052 -0.8828 -0.2377
vn 0.3995 -0.0513 -0.9153
vn 0.0036 0.0932 -0.9956
vn 0.2902 -0.2127 -0.9330
vn 0.6911 -0.2687 -0.6709
vn 0.4808 0.3462 -0.8056
vn 0.4558 0.3023 -0.8372
vn 0.5165 0.3107 -0.7979
vn 0.5556 0.3002 -0.7754
vn 0.2908 0.0142 -0.9567
vn 0.2575 0.2316 -0.9381
vn 0.4820 0.2560 -0.8380
vn 0.5407 0.0476 -0.8399
vn 0.6907 -0.2382 -0.6828
vn 0.3995 -0.0513 -0.9153
vn 0.6911 -0.2687 -0.6709
vn 0.8789 -0.2740 -0.3905
vn 0.5236 0.4662 -0.7131
vn 0.4808 0.3462 -0.8056
vn 0.5556 0.3002 -0.7754
vn 0.6364 0.3583 -0.6831
vn 0.2638 -0.8146 -0.5166
vn 0.2908 -0.6961 -0.6564
vn 0.5407 -0.6357 -0.5510
vn 0.4934 -0.7580 -0.4265
vn 0.7988 -0.3053 -0.5184
vn 0.6907 -0.2382 -0.6828
vn 0.8789 -0.2740 -0.3905
vn 0.9272 -0.2311 -0.2946
vn 0.6100 0.4608 -0.6446
vn 0.5236 0.4662 -0.7131
vn 0.6364 0.3583 -0.6831
vn 0.7428 0.3609 -0.5640
vn 0.2575 0.2316 -0.9381
vn 0.1864 0.5300 -0.8273
vn 0.3525 0.5458 -0.7602
vn 0.4820 0.2560 -0.8380
vn 0.0570 0.8845 -0.4630
vn -0.0000 0.9211 -0.3894
vn 0.0654 0.8862 -0.4587
vn 0.8109 -0.3060 -0.4989
vn 0.7988 -0.3053 -0.5184
vn 0.9272 -0.2311 -0.2946
vn 0.9282 -0.1955 -0.3166
vn 0.7146 0.2811 -0.6405
vn 0.6100 0.4608 -0.6446
vn 0.7428 0.3609 -0.5640
vn 0.8315 0.2421 -0.5000
vn 0.2908 -0.6961 -0.6564
vn 0.3054 -0.5837 -0.7524
vn 0.5658 -0.5237 -0.6369
vn 0.5407 -0.6357 -0.5510
vn 0.1118 0.8404 -0.5303
vn 0.0570 0.8845 -0.4630
vn 0.0654 0.8862 -0.4587
vn 0.1282 0.8433 -0.5219
vn 0.7761 -0.3266 -0.5395
vn 0.8109 -0.3060 -0.4989
vn 0.9282 -0.1955 -0.3166
vn 0.9038 -0.1944 -0.3812
vn 0.7594 0.0059 -0.6506
vn 0.7146 0.2811 -0.6405
vn 0.8315 0.2421 -0.5000
vn 0.8620 0.0677 -0.5024
vn 0.1864 0.5300 -0.8273
vn 0.0936 0.7740 -0.6262
vn 0.1786 0.7831 -0.5958
vn 0.3525 0.5458 -0.7602
vn 0.1645 0.7895 -0.5913
vn 0.1118 0.8404 -0.5303
vn 0.1282 0.8433 -0.5219
vn 0.1884 0.7935 -0.5787
vn 0.6181 -0.4720 -0.6286
vn 0.7761 -0.3266 -0.5395
vn 0.9038 -0.1944 -0.3812
vn 0.8546 -0.2392 -0.4609
vn 0.6782 -0.3184 -0.6623
vn 0.7594 0.0059 -0.6506
vn 0.8620 0.0677 -0.5024
vn 0.7967 -0.1447 -0.5868
vn 0.3054 -0.5837 -0.7524
vn 0.3126 -0.4763 -0.8218
vn 0.5781 -0.4192 -0.7001
vn 0.5658 -0.5237 -0.6369
vn 0.0936 0.7740 -0.6262
vn 0.0000 0.9211 -0.3894
vn 0.1786 0.7831 -0.5958
vn 0.0654 0.8862 -0.4587
vn -0.0000 0.9211 -0.3894
vn 0.0732 0.8880 -0.4540
vn 0.9282 -0.1955 -0.3166
vn 0.9272 -0.2311 -0.2946
vn 0.9364 -0.2379 -0.2581
vn 0.9363 -0.1709 -0.3069
vn 0.8315 0.2421 -0.5000
vn 0.7428 0.3609 -0.5640
vn 0.7270 0.2467 -0.6408
vn 0.7901 0.1814 -0.5855
vn 0.3126 -0.4763 -0.8218
vn 0.3148 -0.3696 -0.8742
vn 0.5818 -0.3167 -0.7491
vn 0.5781 -0.4192 -0.7001
vn 0.1282 0.8433 -0.5219
vn 0.0654 0.8862 -0.4587
vn 0.0732 0.8880 -0.4540
vn 0.1435 0.8467 -0.5124
vn 0.9038 -0.1944 -0.3812
vn 0.9282 -0.1955 -0.3166
vn 0.9363 -0.1709 -0.3069
vn 0.9142 -0.1439 -0.3789
vn 0.8620 0.0677 -0.5024
vn 0.8315 0.2421 -0.5000
vn 0.7901 0.1814 -0.5855
vn 0.8094 0.0813 -0.5816
vn 0.3148 -0.3696 -0.8742
vn 0.3126 -0.2577 -0.9143
vn 0.5781 -0.2102 -0.7884
vn 0.5818 -0.3167 -0.7491
vn 0.1884 0.7935 -0.5787
vn 0.1282 0.8433 -0.5219
vn 0.1435 0.8467 -0.5124
vn 0.2108 0.7981 -0.5645
vn 0.8546 -0.2392 -0.4609
vn 0.9038 -0.1944 -0.3812
vn 0.9142 -0.1439 -0.3789
vn 0.8777 -0.1672 -0.4492
vn 0.7967 -0.1447 -0.5868
vn 0.8620 0.0677 -0.5024
vn 0.8094 0.0813 -0.5816
vn 0.7757 -0.0147 -0.6310
vn -0.0000 -0.9211 0.3894
vn 0.1305 -0.9914 0.0008
vn 0.2479 -0.9679 0.0403
vn 0.2451 0.7382 -0.6285
vn 0.1884 0.7935 -0.5787
vn 0.2108 0.7981 -0.5645
vn 0.2740 0.7438 -0.6097
vn 0.8163 -0.2805 -0.5049
vn 0.8546 -0.2392 -0.4609
vn 0.8777 -0.1672 -0.4492
vn 0.8398 -0.2184 -0.4971
vn 0.5703 -0.3667 -0.7350
vn 0.7967 -0.1447 -0.5868
vn 0.7757 -0.0147 -0.6310
vn 0.6825 -0.1188 -0.7212
vn 0.3126 -0.2577 -0.9143
vn 0.3054 -0.1331 -0.9429
vn 0.5658 -0.0921 -0.8194
vn 0.5781 -0.2102 -0.7884
vn 0.2975 0.6789 -0.6713
vn 0.2451 0.7382 -0.6285
vn 0.2740 0.7438 -0.6097
vn 0.3322 0.6855 -0.6479
vn 0.0000 -0.1481 -0.9890
vn -0.0000 0.0021 -1.0000
vn 0.2908 0.0142 -0.9567
vn 0.3054 -0.1331 -0.9429
vn 0.2038 -0.5015 -0.8408
vn 0.5703 -0.3667 -0.7350
vn 0.6825 -0.1188 -0.7212
vn 0.5330 -0.2338 -0.8132
vn -0.0000 -0.9440 -0.3300
vn 0.0000 -0.8356 -0.5493
vn 0.2638 -0.8146 -0.5166
vn 0.2148 -0.9276 -0.3057
vn 0.3452 0.6173 -0.7070
vn 0.2975 0.6789 -0.6713
vn 0.3322 0.6855 -0.6479
vn 0.3850 0.6248 -0.6793
vn -0.0000 0.0021 -1.0000
vn 0.0000 0.2231 -0.9748
vn 0.2575 0.2316 -0.9381
vn 0.2908 0.0142 -0.9567
vn -0.0990 -0.4851 -0.8688
vn 0.2038 -0.5015 -0.8408
vn 0.5330 -0.2338 -0.8132
vn 0.3666 -0.3084 -0.8778
vn 0.0000 -0.8356 -0.5493
vn 0.0000 -0.7188 -0.6952
vn 0.2908 -0.6961 -0.6564
vn 0.2638 -0.8146 -0.5166
vn 0.3882 0.5545 -0.7361
vn 0.3452 0.6173 -0.7070
vn 0.3850 0.6248 -0.6793
vn 0.4325 0.5629 -0.7044
vn 0.0000 0.2231 -0.9748
vn -0.0000 0.5246 -0.8514
vn 0.1864 0.5300 -0.8273
vn 0.2575 0.2316 -0.9381
vn -0.2619 -0.3800 -0.8871
vn -0.0990 -0.4851 -0.8688
vn 0.3666 -0.3084 -0.8778
vn 0.2564 -0.3058 -0.9169
vn 0.0000 -0.7188 -0.6952
vn -0.0000 -0.6063 -0.7953
vn 0.3054 -0.5837 -0.7524
vn 0.2908 -0.6961 -0.6564
vn 0.4265 0.4917 -0.7591
vn 0.3882 0.5545 -0.7361
vn 0.4325 0.5629 -0.7044
vn 0.4746 0.5010 -0.7237
vn -0.0000 0.5246 -0.8514
vn -0.0000 0.7709 -0.6369
vn 0.0936 0.7740 -0.6262
vn 0.1864 0.5300 -0.8273
vn -0.2804 -0.2396 -0.9295
vn -0.2619 -0.3800 -0.8871
vn 0.2564 -0.3058 -0.9169
vn 0.2760 -0.2946 -0.9149
vn 0.4604 0.4297 -0.7768
vn 0.4265 0.4917 -0.7591
vn 0.4746 0.5010 -0.7237
vn 0.5117 0.4400 -0.7380
vn -0.0000 -0.6063 -0.7953
vn -0.0000 -0.4978 -0.8673
vn 0.3126 -0.4763 -0.8218
vn 0.3054 -0.5837 -0.7524
vn -0.1033 -0.1742 -0.9793
vn -0.2804 -0.2396 -0.9295
vn 0.2760 -0.2946 -0.9149
vn 0.4427 -0.3548 -0.8235
vn 0.4901 0.3691 -0.7897
vn 0.4604 0.4297 -0.7768
vn 0.5117 0.4400 -0.7380
vn 0.5442 0.3803 -0.7478
vn -0.0000 0.7709 -0.6369
vn 0.0000 0.9211 -0.3894
vn 0.0936 0.7740 -0.6262
vn 0.2902 -0.2127 -0.9330
vn -0.1033 -0.1742 -0.9793
vn 0.4427 -0.3548 -0.8235
vn 0.6733 -0.4285 -0.6025
vn 0.5165 0.3107 -0.7979
vn 0.4901 0.3691 -0.7897
vn 0.5442 0.3803 -0.7478
vn 0.5724 0.3224 -0.7539
vn -0.0000 -0.4978 -0.8673
vn 0.0000 -0.3894 -0.9211
vn 0.3148 -0.3696 -0.8742
vn 0.3126 -0.4763 -0.8218
vn 0.6911 -0.2687 -0.6709
vn 0.2902 -0.2127 -0.9330
vn 0.6733 -0.4285 -0.6025
vn 0.8351 -0.4169 -0.3589
vn 0.5556 0.3002 -0.7754
vn 0.5165 0.3107 -0.7979
vn 0.5724 0.3224 -0.7539
vn 0.6021 0.2754 -0.7494
vn 0.0000 -0.3894 -0.9211
vn -0.0000 -0.2753 -0.9614
vn 0.3126 -0.2577 -0.9143
vn 0.3148 -0.3696 -0.8742
vn 0.8789 -0.2740 -0.3905
vn 0.6911 -0.2687 -0.6709
vn 0.8351 -0.4169 -0.3589
vn 0.9071 -0.3317 -0.2591
vn 0.6364 0.3583 -0.6831
vn 0.5556 0.3002 -0.7754
vn 0.6021 0.2754 -0.7494
vn 0.6523 0.2599 -0.7120
vn -0.0000 -0.9211 0.3894
vn -0.0000 -0.9999 -0.0131
vn 0.1305 -0.9914 0.0008
vn 0.9272 -0.2311 -0.2946
vn 0.8789 -0.2740 -0.3905
vn 0.9071 -0.3317 -0.2591
vn 0.9364 -0.2379 -0.2581
vn 0.7428 0.3609 -0.5640
vn 0.6364 0.3583 -0.6831
vn 0.6523 0.2599 -0.7120
vn 0.7270 0.2467 -0.6408
vn 0.5724 0.3224 -0.7539
vn 0.5442 0.3803 -0.7478
vn 0.5930 0.3928 -0.7029
vn 0.6232 0.3359 -0.7062
vn -0.0000 -0.2753 -0.9614
vn 0.0000 -0.1481 -0.9890
vn 0.3054 -0.1331 -0.9429
vn 0.3126 -0.2577 -0.9143
vn 0.8351 -0.4169 -0.3589
vn 0.6733 -0.4285 -0.6025
vn 0.7662 -0.5045 -0.3981
vn 0.7813 -0.5219 -0.3423
vn 0.6021 0.2754 -0.7494
vn 0.5724 0.3224 -0.7539
vn 0.6232 0.3359 -0.7062
vn 0.6493 0.2810 -0.7067
vn -0.0000 -0.9999 -0.0131
vn -0.0000 -0.9440 -0.3300
vn 0.2148 -0.9276 -0.3057
vn 0.1305 -0.9914 0.0008
vn 0.9071 -0.3317 -0.2591
vn 0.8351 -0.4169 -0.3589
vn 0.7813 -0.5219 -0.3423
vn 0.8165 -0.4457 -0.3671
vn 0.6523 0.2599 -0.7120
vn 0.6021 0.2754 -0.7494
vn 0.6493 0.2810 -0.7067
vn 0.6732 0.2312 -0.7024
vn -0.2148 -0.9276 -0.3057
vn -0.2638 -0.8146 -0.5166
vn 0.0000 -0.8356 -0.5493
vn -0.0000 -0.9440 -0.3300
vn 0.9364 -0.2379 -0.2581
vn 0.9071 -0.3317 -0.2591
vn 0.8165 -0.4457 -0.3671
vn 0.8436 -0.3360 -0.4188
vn 0.7270 0.2467 -0.6408
vn 0.6523 0.2599 -0.7120
vn 0.6732 0.2312 -0.7024
vn 0.6999 0.1887 -0.6888
vn -0.2908 0.0142 -0.9567
vn -0.2575 0.2316 -0.9381
vn 0.0000 0.2231 -0.9748
vn -0.0000 0.0021 -1.0000
vn 0.0732 0.8880 -0.4540
vn -0.0000 0.9211 -0.3894
vn 0.0804 0.8900 -0.4487
vn 0.9363 -0.1709 -0.3069
vn 0.9364 -0.2379 -0.2581
vn 0.8436 -0.3360 -0.4188
vn 0.8491 -0.2361 -0.4725
vn 0.7901 0.1814 -0.5855
vn 0.7270 0.2467 -0.6408
vn 0.6999 0.1887 -0.6888
vn 0.7281 0.1410 -0.6708
vn -0.2638 -0.8146 -0.5166
vn -0.2908 -0.6961 -0.6564
vn 0.0000 -0.7188 -0.6952
vn 0.0000 -0.8356 -0.5493
vn 0.1435 0.8467 -0.5124
vn 0.0732 0.8880 -0.4540
vn 0.0804 0.8900 -0.4487
vn 0.1577 0.8504 -0.5019
vn 0.9142 -0.1439 -0.3789
vn 0.9363 -0.1709 -0.3069
vn 0.8491 -0.2361 -0.4725
vn 0.8382 -0.1732 -0.5172
vn 0.8094 0.0813 -0.5816
vn 0.7901 0.1814 -0.5855
vn 0.7281 0.1410 -0.6708
vn 0.7437 0.0831 -0.6633
vn -0.2575 0.2316 -0.9381
vn -0.1864 0.5300 -0.8273
vn -0.0000 0.5246 -0.8514
vn 0.0000 0.2231 -0.9748
vn 0.2108 0.7981 -0.5645
vn 0.1435 0.8467 -0.5124
vn 0.1577 0.8504 -0.5019
vn 0.2315 0.8033 -0.5488
vn 0.8777 -0.1672 -0.4492
vn 0.9142 -0.1439 -0.3789
vn 0.8382 -0.1732 -0.5172
vn 0.8222 -0.1696 -0.5433
vn 0.7757 -0.0147 -0.6310
vn 0.8094 0.0813 -0.5816
vn 0.7437 0.0831 -0.6633
vn 0.7446 0.0320 -0.6668
vn -0.2908 -0.6961 -0.6564
vn -0.3054 -0.5837 -0.7524
vn -0.0000 -0.6063 -0.7953
vn 0.0000 -0.7188 -0.6952
vn 0.2740 0.7438 -0.6097
vn 0.2108 0.7981 -0.5645
vn 0.2315 0.8033 -0.5488
vn 0.3006 0.7502 -0.5889
vn 0.8398 -0.2184 -0.4971
vn 0.8777 -0.1672 -0.4492
vn 0.8222 -0.1696 -0.5433
vn 0.8065 -0.2200 -0.5487
vn 0.6825 -0.1188 -0.7212
vn 0.7757 -0.0147 -0.6310
vn 0.7446 0.0320 -0.6668
vn 0.7444 -0.0111 -0.6677
vn -0.1864 0.5300 -0.8273
vn -0.0936 0.7740 -0.6262
vn -0.0000 0.7709 -0.6369
vn -0.0000 0.5246 -0.8514
vn 0.3322 0.6855 -0.6479
vn 0.2740 0.7438 -0.6097
vn 0.3006 0.7502 -0.5889
vn 0.3641 0.6930 -0.6223
vn 0.7840 -0.3389 -0.5201
vn 0.8398 -0.2184 -0.4971
vn 0.8065 -0.2200 -0.5487
vn 0.7850 -0.3271 -0.5260
vn 0.5330 -0.2338 -0.8132
vn 0.6825 -0.1188 -0.7212
vn 0.7444 -0.0111 -0.6677
vn 0.7414 -0.0667 -0.6678
vn -0.3054 -0.5837 -0.7524
vn -0.3126 -0.4763 -0.8218
vn -0.0000 -0.4978 -0.8673
vn -0.0000 -0.6063 -0.7953
vn 0.3850 0.6248 -0.6793
vn 0.3322 0.6855 -0.6479
vn 0.3641 0.6930 -0.6223
vn 0.4215 0.6333 -0.6491
vn 0.7554 -0.4099 -0.5112
vn 0.7840 -0.3389 -0.5201
vn 0.7850 -0.3271 -0.5260
vn 0.7673 -0.4274 -0.4781
vn 0.3666 -0.3084 -0.8778
vn 0.5330 -0.2338 -0.8132
vn 0.7414 -0.0667 -0.6678
vn 0.7224 -0.1264 -0.6798
vn -0.0936 0.7740 -0.6262
vn 0.0000 0.9211 -0.3894
vn -0.0000 0.7709 -0.6369
vn 0.4325 0.5629 -0.7044
vn 0.3850 0.6248 -0.6793
vn 0.4215 0.6333 -0.6491
vn 0.4729 0.5724 -0.6699
vn -0.3126 -0.4763 -0.8218
vn -0.3148 -0.3696 -0.8742
vn 0.0000 -0.3894 -0.9211
vn -0.0000 -0.4978 -0.8673
vn 0.2564 -0.3058 -0.9169
vn 0.3666 -0.3084 -0.8778
vn 0.7224 -0.1264 -0.6798
vn 0.7014 -0.1665 -0.6930
vn -0.3148 -0.3696 -0.8742
vn -0.3126 -0.2577 -0.9143
vn -0.0000 -0.2753 -0.9614
vn 0.0000 -0.3894 -0.9211
vn 0.4746 0.5010 -0.7237
vn 0.4325 0.5629 -0.7044
vn 0.4729 0.5724 -0.6699
vn 0.5183 0.5115 -0.6853
vn -0.0000 -0.9211 0.3894
vn -0.1305 -0.9914 0.0008
vn -0.0000 -0.9999 -0.0131
vn 0.2760 -0.2946 -0.9149
vn 0.2564 -0.3058 -0.9169
vn 0.7014 -0.1665 -0.6930
vn 0.7148 -0.2471 -0.6542
vn 0.5117 0.4400 -0.7380
vn 0.4746 0.5010 -0.7237
vn 0.5183 0.5115 -0.6853
vn 0.5582 0.4515 -0.6961
vn -0.3126 -0.2577 -0.9143
vn -0.3054 -0.1331 -0.9429
vn 0.0000 -0.1481 -0.9890
vn -0.0000 -0.2753 -0.9614
vn 0.4427 -0.3548 -0.8235
vn 0.2760 -0.2946 -0.9149
vn 0.7148 -0.2471 -0.6542
vn 0.7512 -0.3890 -0.5333
vn 0.5442 0.3803 -0.7478
vn 0.5117 0.4400 -0.7380
vn 0.5582 0.4515 -0.6961
vn 0.5930 0.3928 -0.7029
vn -0.1305 -0.9914 0.0008
vn -0.2148 -0.9276 -0.3057
vn -0.0000 -0.9440 -0.3300
vn -0.0000 -0.9999 -0.0131
vn 0.6733 -0.4285 -0.6025
vn 0.4427 -0.3548 -0.8235
vn 0.7512 -0.3890 -0.5333
vn 0.7662 -0.5045 -0.3981
vn -0.3054 -0.1331 -0.9429
vn -0.2908 0.0142 -0.9567
vn -0.0000 0.0021 -1.0000
vn 0.0000 -0.1481 -0.9890
vn 0.5183 0.5115 -0.6853
vn 0.4729 0.5724 -0.6699
vn 0.5093 0.5829 -0.6331
vn 0.5576 0.5231 -0.6446
vn 0.7519 -0.5221 -0.4026
vn 0.7570 -0.5056 -0.4138
vn 0.7807 -0.4922 -0.3850
vn 0.7799 -0.5139 -0.3574
vn 0.7148 -0.2471 -0.6542
vn 0.7014 -0.1665 -0.6930
vn 0.8129 -0.1094 -0.5720
vn 0.8103 -0.2102 -0.5470
vn 0.5582 0.4515 -0.6961
vn 0.5183 0.5115 -0.6853
vn 0.5576 0.5231 -0.6446
vn 0.5998 0.4641 -0.6518
vn -0.5407 0.0476 -0.8399
vn -0.4820 0.2560 -0.8380
vn -0.2575 0.2316 -0.9381
vn -0.2908 0.0142 -0.9567
vn 0.7512 -0.3890 -0.5333
vn 0.7148 -0.2471 -0.6542
vn 0.8103 -0.2102 -0.5470
vn 0.7750 -0.3858 -0.5005
vn 0.5930 0.3928 -0.7029
vn 0.5582 0.4515 -0.6961
vn 0.5998 0.4641 -0.6518
vn 0.6365 0.4066 -0.6554
vn -0.4934 -0.7580 -0.4265
vn -0.5407 -0.6357 -0.5510
vn -0.2908 -0.6961 -0.6564
vn -0.2638 -0.8146 -0.5166
vn 0.7662 -0.5045 -0.3981
vn 0.7512 -0.3890 -0.5333
vn 0.7750 -0.3858 -0.5005
vn 0.7080 -0.5346 -0.4614
vn 0.6232 0.3359 -0.7062
vn 0.5930 0.3928 -0.7029
vn 0.6365 0.4066 -0.6554
vn 0.6683 0.3508 -0.6560
vn -0.4820 0.2560 -0.8380
vn -0.3525 0.5458 -0.7602
vn -0.1864 0.5300 -0.8273
vn -0.2575 0.2316 -0.9381
vn 0.7813 -0.5219 -0.3423
vn 0.7662 -0.5045 -0.3981
vn 0.7080 -0.5346 -0.4614
vn 0.6549 -0.5813 -0.4829
vn 0.6493 0.2810 -0.7067
vn 0.6232 0.3359 -0.7062
vn 0.6683 0.3508 -0.6560
vn 0.6957 0.2969 -0.6541
vn -0.5407 -0.6357 -0.5510
vn -0.5657 -0.5237 -0.6369
vn -0.3054 -0.5837 -0.7524
vn -0.2908 -0.6961 -0.6564
vn 0.8165 -0.4457 -0.3671
vn 0.7813 -0.5219 -0.3423
vn 0.6549 -0.5813 -0.4829
vn 0.6337 -0.5303 -0.5632
vn 0.6732 0.2312 -0.7024
vn 0.6493 0.2810 -0.7067
vn 0.6957 0.2969 -0.6541
vn 0.7193 0.2451 -0.6501
vn -0.3525 0.5458 -0.7602
vn -0.1786 0.7831 -0.5958
vn -0.0936 0.7740 -0.6262
vn -0.1864 0.5300 -0.8273
vn 0.8436 -0.3360 -0.4188
vn 0.8165 -0.4457 -0.3671
vn 0.6337 -0.5303 -0.5632
vn 0.6322 -0.4335 -0.6421
vn 0.6999 0.1887 -0.6888
vn 0.6732 0.2312 -0.7024
vn 0.7193 0.2451 -0.6501
vn 0.7394 0.1953 -0.6443
vn -0.5657 -0.5237 -0.6369
vn -0.5781 -0.4192 -0.7001
vn -0.3126 -0.4763 -0.8218
vn -0.3054 -0.5837 -0.7524
vn 0.0804 0.8900 -0.4487
vn -0.0000 0.9211 -0.3894
vn 0.0870 0.8923 -0.4430
vn 0.8491 -0.2361 -0.4725
vn 0.8436 -0.3360 -0.4188
vn 0.6322 -0.4335 -0.6421
vn 0.6488 -0.3297 -0.6858
vn 0.7281 0.1410 -0.6708
vn 0.6999 0.1887 -0.6888
vn 0.7394 0.1953 -0.6443
vn 0.7566 0.1474 -0.6371
vn -0.1786 0.7831 -0.5958
vn 0.0000 0.9211 -0.3894
vn -0.0936 0.7740 -0.6262
vn 0.1577 0.8504 -0.5019
vn 0.0804 0.8900 -0.4487
vn 0.0870 0.8923 -0.4430
vn 0.1707 0.8545 -0.4906
vn 0.8382 -0.1732 -0.5172
vn 0.8491 -0.2361 -0.4725
vn 0.6488 -0.3297 -0.6858
vn 0.6806 -0.2495 -0.6889
vn 0.7437 0.0831 -0.6633
vn 0.7281 0.1410 -0.6708
vn 0.7566 0.1474 -0.6371
vn 0.7711 0.1012 -0.6286
vn -0.5781 -0.4192 -0.7001
vn -0.5818 -0.3167 -0.7491
vn -0.3148 -0.3696 -0.8742
vn -0.3126 -0.4763 -0.8218
vn 0.2315 0.8033 -0.5488
vn 0.1577 0.8504 -0.5019
vn 0.1707 0.8545 -0.4906
vn 0.2504 0.8090 -0.5319
vn 0.8222 -0.1696 -0.5433
vn 0.8382 -0.1732 -0.5172
vn 0.6806 -0.2495 -0.6889
vn 0.7189 -0.2228 -0.6585
vn 0.7446 0.0320 -0.6668
vn 0.7437 0.0831 -0.6633
vn 0.7711 0.1012 -0.6286
vn 0.7833 0.0567 -0.6191
vn -0.5818 -0.3167 -0.7491
vn -0.5781 -0.2102 -0.7884
vn -0.3126 -0.2577 -0.9143
vn -0.3148 -0.3696 -0.8742
vn 0.3006 0.7502 -0.5889
vn 0.2315 0.8033 -0.5488
vn 0.2504 0.8090 -0.5319
vn 0.3248 0.7573 -0.5666
vn 0.8065 -0.2200 -0.5487
vn 0.8222 -0.1696 -0.5433
vn 0.7189 -0.2228 -0.6585
vn 0.7557 -0.2498 -0.6053
vn 0.7444 -0.0111 -0.6677
vn 0.7446 0.0320 -0.6668
vn 0.7833 0.0567 -0.6191
vn 0.7934 0.0136 -0.6086
vn -0.0000 -0.9211 0.3894
vn -0.2479 -0.9679 0.0403
vn -0.1305 -0.9914 0.0008
vn 0.3641 0.6930 -0.6223
vn 0.3006 0.7502 -0.5889
vn 0.3248 0.7573 -0.5666
vn 0.3930 0.7013 -0.5947
vn 0.7850 -0.3271 -0.5260
vn 0.8065 -0.2200 -0.5487
vn 0.7557 -0.2498 -0.6053
vn 0.7835 -0.3324 -0.5251
vn 0.7414 -0.0667 -0.6678
vn 0.7444 -0.0111 -0.6677
vn 0.7934 0.0136 -0.6086
vn 0.8016 -0.0282 -0.5972
vn -0.5781 -0.2102 -0.7884
vn -0.5658 -0.0921 -0.8194
vn -0.3054 -0.1331 -0.9429
vn -0.3126 -0.2577 -0.9143
vn 0.4215 0.6333 -0.6491
vn 0.3641 0.6930 -0.6223
vn 0.3930 0.7013 -0.5947
vn 0.4545 0.6427 -0.6167
vn 0.7673 -0.4274 -0.4781
vn 0.7850 -0.3271 -0.5260
vn 0.7835 -0.3324 -0.5251
vn 0.7893 -0.4331 -0.4353
vn 0.7224 -0.1264 -0.6798
vn 0.7414 -0.0667 -0.6678
vn 0.8016 -0.0282 -0.5972
vn 0.8081 -0.0688 -0.5850
vn -0.2479 -0.9679 0.0403
vn -0.4052 -0.8828 -0.2377
vn -0.2148 -0.9276 -0.3057
vn -0.1305 -0.9914 0.0008
vn 0.4729 0.5724 -0.6699
vn 0.4215 0.6333 -0.6491
vn 0.4545 0.6427 -0.6167
vn 0.5093 0.5829 -0.6331
vn 0.7570 -0.5056 -0.4138
vn 0.7673 -0.4274 -0.4781
vn 0.7893 -0.4331 -0.4353
vn 0.7807 -0.4922 -0.3850
vn 0.7014 -0.1665 -0.6930
vn 0.7224 -0.1264 -0.6798
vn 0.8081 -0.0688 -0.5850
vn 0.8129 -0.1094 -0.5720
vn 0.7934 0.0136 -0.6086
vn 0.7833 0.0567 -0.6191
vn 0.8266 0.0786 -0.5573
vn 0.8370 0.0364 -0.5460
vn -0.5658 -0.0921 -0.8194
vn -0.5407 0.0476 -0.8399
vn -0.2908 0.0142 -0.9567
vn -0.3054 -0.1331 -0.9429
vn 0.3930 0.7013 -0.5947
vn 0.3248 0.7573 -0.5666
vn 0.3464 0.7651 -0.5428
vn 0.4187 0.7105 -0.5656
vn 0.7835 -0.3324 -0.5251
vn 0.7557 -0.2498 -0.6053
vn 0.7449 -0.2980 -0.5970
vn 0.8051 -0.3578 -0.4731
vn 0.8016 -0.0282 -0.5972
vn 0.7934 0.0136 -0.6086
vn 0.8370 0.0364 -0.5460
vn 0.8454 -0.0046 -0.5341
vn -0.4052 -0.8828 -0.2377
vn -0.4934 -0.7580 -0.4265
vn -0.2638 -0.8146 -0.5166
vn -0.2148 -0.9276 -0.3057
vn 0.4545 0.6427 -0.6167
vn 0.3930 0.7013 -0.5947
vn 0.4187 0.7105 -0.5656
vn 0.4838 0.6531 -0.5826
vn 0.7893 -0.4331 -0.4353
vn 0.7835 -0.3324 -0.5251
vn 0.8051 -0.3578 -0.4731
vn 0.8268 -0.4223 -0.3714
vn 0.8081 -0.0688 -0.5850
vn 0.8016 -0.0282 -0.5972
vn 0.8454 -0.0046 -0.5341
vn 0.8521 -0.0445 -0.5215
vn -0.6550 0.2934 -0.6964
vn -0.4852 0.5710 -0.6623
vn -0.3525 0.5458 -0.7602
vn -0.4820 0.2560 -0.8380
vn 0.5093 0.5829 -0.6331
vn 0.4545 0.6427 -0.6167
vn 0.4838 0.6531 -0.5826
vn 0.5415 0.5945 -0.5944
vn 0.7807 -0.4922 -0.3850
vn 0.7893 -0.4331 -0.4353
vn 0.8268 -0.4223 -0.3714
vn 0.8239 -0.4632 -0.3265
vn 0.8129 -0.1094 -0.5720
vn 0.8081 -0.0688 -0.5850
vn 0.8521 -0.0445 -0.5215
vn 0.8571 -0.0837 -0.5083
vn -0.7285 -0.5538 -0.4032
vn -0.7591 -0.4427 -0.4772
vn -0.5657 -0.5237 -0.6369
vn -0.5407 -0.6357 -0.5510
vn 0.5576 0.5231 -0.6446
vn 0.5093 0.5829 -0.6331
vn 0.5415 0.5945 -0.5944
vn 0.5922 0.5359 -0.6018
vn 0.7799 -0.5139 -0.3574
vn 0.7807 -0.4922 -0.3850
vn 0.8239 -0.4632 -0.3265
vn 0.8128 -0.4958 -0.3057
vn 0.8103 -0.2102 -0.5470
vn 0.8129 -0.1094 -0.5720
vn 0.8571 -0.0837 -0.5083
vn 0.8518 -0.1584 -0.4994
vn 0.5998 0.4641 -0.6518
vn 0.5576 0.5231 -0.6446
vn 0.5922 0.5359 -0.6018
vn 0.6364 0.4780 -0.6054
vn 0.7862 -0.5268 -0.3231
vn 0.7799 -0.5139 -0.3574
vn 0.8128 -0.4958 -0.3057
vn 0.8086 -0.5191 -0.2769
vn 0.7750 -0.3858 -0.5005
vn 0.8103 -0.2102 -0.5470
vn 0.8518 -0.1584 -0.4994
vn 0.8088 -0.3087 -0.5006
vn 0.6365 0.4066 -0.6554
vn 0.5998 0.4641 -0.6518
vn 0.6364 0.4780 -0.6054
vn 0.6747 0.4215 -0.6059
vn -0.4852 0.5710 -0.6623
vn -0.2486 0.7974 -0.5499
vn -0.1786 0.7831 -0.5958
vn -0.3525 0.5458 -0.7602
vn 0.7080 -0.5346 -0.4614
vn 0.7750 -0.3858 -0.5005
vn 0.8088 -0.3087 -0.5006
vn 0.7136 -0.4710 -0.5185
vn 0.6683 0.3508 -0.6560
vn 0.6365 0.4066 -0.6554
vn 0.6747 0.4215 -0.6059
vn 0.7078 0.3668 -0.6037
vn -0.7591 -0.4427 -0.4772
vn -0.7740 -0.3417 -0.5330
vn -0.5781 -0.4192 -0.7001
vn -0.5657 -0.5237 -0.6369
vn 0.6549 -0.5813 -0.4829
vn 0.7080 -0.5346 -0.4614
vn 0.7136 -0.4710 -0.5185
vn 0.6082 -0.5419 -0.5801
vn 0.6957 0.2969 -0.6541
vn 0.6683 0.3508 -0.6560
vn 0.7078 0.3668 -0.6037
vn 0.7362 0.3140 -0.5995
vn -0.2486 0.7974 -0.5499
vn 0.0000 0.9211 -0.3894
vn -0.1786 0.7831 -0.5958
vn 0.6337 -0.5303 -0.5632
vn 0.6549 -0.5813 -0.4829
vn 0.6082 -0.5419 -0.5801
vn 0.5303 -0.5160 -0.6727
vn 0.7193 0.2451 -0.6501
vn 0.6957 0.2969 -0.6541
vn 0.7362 0.3140 -0.5995
vn 0.7606 0.2633 -0.5935
vn -0.7740 -0.3417 -0.5330
vn -0.7785 -0.2444 -0.5781
vn -0.5818 -0.3167 -0.7491
vn -0.5781 -0.4192 -0.7001
vn 0.6322 -0.4335 -0.6421
vn 0.6337 -0.5303 -0.5632
vn 0.5303 -0.5160 -0.6727
vn 0.4957 -0.4507 -0.7424
vn 0.7394 0.1953 -0.6443
vn 0.7193 0.2451 -0.6501
vn 0.7606 0.2633 -0.5935
vn 0.7814 0.2144 -0.5860
vn -0.7785 -0.2444 -0.5781
vn -0.7740 -0.1443 -0.6165
vn -0.5781 -0.2102 -0.7884
vn -0.5818 -0.3167 -0.7491
vn 0.0870 0.8923 -0.4430
vn -0.0000 0.9211 -0.3894
vn 0.0930 0.8947 -0.4369
vn 0.6488 -0.3297 -0.6858
vn 0.6322 -0.4335 -0.6421
vn 0.4957 -0.4507 -0.7424
vn 0.5176 -0.3759 -0.7686
vn 0.7566 0.1474 -0.6371
vn 0.7394 0.1953 -0.6443
vn 0.7814 0.2144 -0.5860
vn 0.7991 0.1675 -0.5774
vn -0.0000 -0.9211 0.3894
vn -0.3433 -0.9339 0.0998
vn -0.2479 -0.9679 0.0403
vn 0.1707 0.8545 -0.4906
vn 0.0870 0.8923 -0.4430
vn 0.0930 0.8947 -0.4369
vn 0.1823 0.8590 -0.4784
vn 0.6806 -0.2495 -0.6889
vn 0.6488 -0.3297 -0.6858
vn 0.5176 -0.3759 -0.7686
vn 0.5829 -0.3122 -0.7501
vn 0.7711 0.1012 -0.6286
vn 0.7566 0.1474 -0.6371
vn 0.7991 0.1675 -0.5774
vn 0.8140 0.1223 -0.5678
vn -0.7740 -0.1443 -0.6165
vn -0.7591 -0.0338 -0.6500
vn -0.5658 -0.0921 -0.8194
vn -0.5781 -0.2102 -0.7884
vn 0.2504 0.8090 -0.5319
vn 0.1707 0.8545 -0.4906
vn 0.1823 0.8590 -0.4784
vn 0.2673 0.8152 -0.5138
vn 0.7189 -0.2228 -0.6585
vn 0.6806 -0.2495 -0.6889
vn 0.5829 -0.3122 -0.7501
vn 0.6647 -0.2836 -0.6912
vn 0.7833 0.0567 -0.6191
vn 0.7711 0.1012 -0.6286
vn 0.8140 0.1223 -0.5678
vn 0.8266 0.0786 -0.5573
vn -0.3433 -0.9339 0.0998
vn -0.5558 -0.8199 -0.1372
vn -0.4052 -0.8828 -0.2377
vn -0.2479 -0.9679 0.0403
vn 0.3248 0.7573 -0.5666
vn 0.2504 0.8090 -0.5319
vn 0.2673 0.8152 -0.5138
vn 0.3464 0.7651 -0.5428
vn 0.7557 -0.2498 -0.6053
vn 0.7189 -0.2228 -0.6585
vn 0.6647 -0.2836 -0.6912
vn 0.7449 -0.2980 -0.5970
vn 0.7991 0.1675 -0.5774
vn 0.7814 0.2144 -0.5860
vn 0.8172 0.2347 -0.5264
vn 0.8353 0.1886 -0.5164
vn -0.7591 -0.0338 -0.6500
vn -0.7285 0.0966 -0.6782
vn -0.5407 0.0476 -0.8399
vn -0.5658 -0.0921 -0.8194
vn 0.1823 0.8590 -0.4784
vn 0.0930 0.8947 -0.4369
vn 0.0982 0.8973 -0.4304
vn 0.1925 0.8638 -0.4656
vn 0.5829 -0.3122 -0.7501
vn 0.5176 -0.3759 -0.7686
vn 0.5919 -0.3763 -0.7128
vn 0.6502 -0.3389 -0.6800
vn 0.8140 0.1223 -0.5678
vn 0.7991 0.1675 -0.5774
vn 0.8353 0.1886 -0.5164
vn 0.8506 0.1443 -0.5057
vn -0.5558 -0.8199 -0.1372
vn -0.6697 -0.6805 -0.2974
vn -0.4934 -0.7580 -0.4265
vn -0.4052 -0.8828 -0.2377
vn 0.2673 0.8152 -0.5138
vn 0.1823 0.8590 -0.4784
vn 0.1925 0.8638 -0.4656
vn 0.2821 0.8220 -0.4947
vn 0.6647 -0.2836 -0.6912
vn 0.5829 -0.3122 -0.7501
vn 0.6502 -0.3389 -0.6800
vn 0.7339 -0.3201 -0.5992
vn 0.8266 0.0786 -0.5573
vn 0.8140 0.1223 -0.5678
vn 0.8506 0.1443 -0.5057
vn 0.8634 0.1015 -0.4943
vn -0.7285 0.0966 -0.6782
vn -0.6550 0.2934 -0.6964
vn -0.4820 0.2560 -0.8380
vn -0.5407 0.0476 -0.8399
vn 0.3464 0.7651 -0.5428
vn 0.2673 0.8152 -0.5138
vn 0.2821 0.8220 -0.4947
vn 0.3654 0.7735 -0.5178
vn 0.7449 -0.2980 -0.5970
vn 0.6647 -0.2836 -0.6912
vn 0.7339 -0.3201 -0.5992
vn 0.8142 -0.3289 -0.4784
vn 0.8370 0.0364 -0.5460
vn 0.8266 0.0786 -0.5573
vn 0.8634 0.1015 -0.4943
vn 0.8740 0.0601 -0.4823
vn -0.6697 -0.6805 -0.2974
vn -0.7285 -0.5538 -0.4032
vn -0.5407 -0.6357 -0.5510
vn -0.4934 -0.7580 -0.4265
vn 0.4187 0.7105 -0.5656
vn 0.3464 0.7651 -0.5428
vn 0.3654 0.7735 -0.5178
vn 0.4413 0.7205 -0.5350
vn 0.8051 -0.3578 -0.4731
vn 0.7449 -0.2980 -0.5970
vn 0.8142 -0.3289 -0.4784
vn 0.8585 -0.3636 -0.3617
vn 0.8454 -0.0046 -0.5341
vn 0.8370 0.0364 -0.5460
vn 0.8740 0.0601 -0.4823
vn 0.8826 0.0198 -0.4698
vn -0.8536 -0.4654 -0.2341
vn -0.8863 -0.3551 -0.2973
vn -0.7591 -0.4427 -0.4772
vn -0.7285 -0.5538 -0.4032
vn 0.4838 0.6531 -0.5826
vn 0.4187 0.7105 -0.5656
vn 0.4413 0.7205 -0.5350
vn 0.5093 0.6645 -0.5469
vn 0.8268 -0.4223 -0.3714
vn 0.8051 -0.3578 -0.4731
vn 0.8585 -0.3636 -0.3617
vn 0.8673 -0.4022 -0.2933
vn 0.8521 -0.0445 -0.5215
vn 0.8454 -0.0046 -0.5341
vn 0.8826 0.0198 -0.4698
vn 0.8894 -0.0194 -0.4568
vn -0.5796 0.6048 -0.5461
vn -0.3001 0.8163 -0.4935
vn -0.2486 0.7974 -0.5499
vn -0.4852 0.5710 -0.6623
vn 0.5415 0.5945 -0.5944
vn 0.4838 0.6531 -0.5826
vn 0.5093 0.6645 -0.5469
vn 0.5694 0.6072 -0.5542
vn 0.8239 -0.4632 -0.3265
vn 0.8268 -0.4223 -0.3714
vn 0.8673 -0.4022 -0.2933
vn 0.8607 -0.4339 -0.2665
vn 0.8571 -0.0837 -0.5083
vn 0.8521 -0.0445 -0.5215
vn 0.8894 -0.0194 -0.4568
vn 0.8945 -0.0577 -0.4433
vn -0.8863 -0.3551 -0.2973
vn -0.9020 -0.2572 -0.3467
vn -0.7740 -0.3417 -0.5330
vn -0.7591 -0.4427 -0.4772
vn 0.5922 0.5359 -0.6018
vn 0.5415 0.5945 -0.5944
vn 0.5694 0.6072 -0.5542
vn 0.6221 0.5497 -0.5575
vn 0.8128 -0.4958 -0.3057
vn 0.8239 -0.4632 -0.3265
vn 0.8607 -0.4339 -0.2665
vn 0.8494 -0.4666 -0.2467
vn 0.8518 -0.1584 -0.4994
vn 0.8571 -0.0837 -0.5083
vn 0.8945 -0.0577 -0.4433
vn 0.8951 -0.1046 -0.4334
vn 0.6364 0.4780 -0.6054
vn 0.5922 0.5359 -0.6018
vn 0.6221 0.5497 -0.5575
vn 0.6679 0.4930 -0.5575
vn 0.8086 -0.5191 -0.2769
vn 0.8128 -0.4958 -0.3057
vn 0.8494 -0.4666 -0.2467
vn 0.8355 -0.5015 -0.2247
vn 0.8088 -0.3087 -0.5006
vn 0.8518 -0.1584 -0.4994
vn 0.8951 -0.1046 -0.4334
vn 0.8765 -0.1961 -0.4397
vn 0.6747 0.4215 -0.6059
vn 0.6364 0.4780 -0.6054
vn 0.6679 0.4930 -0.5575
vn 0.7075 0.4377 -0.5548
vn 0.8105 -0.5335 -0.2416
vn 0.8086 -0.5191 -0.2769
vn 0.8355 -0.5015 -0.2247
vn 0.8273 -0.5268 -0.1949
vn 0.7136 -0.4710 -0.5185
vn 0.8088 -0.3087 -0.5006
vn 0.8765 -0.1961 -0.4397
vn 0.8151 -0.3274 -0.4779
vn 0.7078 0.3668 -0.6037
vn 0.6747 0.4215 -0.6059
vn 0.7075 0.4377 -0.5548
vn 0.7416 0.3840 -0.5500
vn -0.3001 0.8163 -0.4935
vn 0.0000 0.9211 -0.3894
vn -0.2486 0.7974 -0.5499
vn 0.6082 -0.5419 -0.5801
vn 0.7136 -0.4710 -0.5185
vn 0.8151 -0.3274 -0.4779
vn 0.7185 -0.4180 -0.5559
vn 0.7362 0.3140 -0.5995
vn 0.7078 0.3668 -0.6037
vn 0.7416 0.3840 -0.5500
vn 0.7709 0.3323 -0.5434
vn -0.9020 -0.2572 -0.3467
vn -0.9067 -0.1642 -0.3884
vn -0.7785 -0.2444 -0.5781
vn -0.7740 -0.3417 -0.5330
vn 0.5303 -0.5160 -0.6727
vn 0.6082 -0.5419 -0.5801
vn 0.7185 -0.4180 -0.5559
vn 0.6292 -0.4342 -0.6446
vn 0.7606 0.2633 -0.5935
vn 0.7362 0.3140 -0.5995
vn 0.7709 0.3323 -0.5434
vn 0.7959 0.2825 -0.5355
vn -0.9067 -0.1642 -0.3884
vn -0.9020 -0.0696 -0.4260
vn -0.7740 -0.1443 -0.6165
vn -0.7785 -0.2444 -0.5781
vn 0.4957 -0.4507 -0.7424
vn 0.5303 -0.5160 -0.6727
vn 0.6292 -0.4342 -0.6446
vn 0.5821 -0.4130 -0.7004
vn 0.7814 0.2144 -0.5860
vn 0.7606 0.2633 -0.5935
vn 0.7959 0.2825 -0.5355
vn 0.8172 0.2347 -0.5264
vn -0.0000 -0.9211 0.3894
vn -0.4125 -0.8943 0.1734
vn -0.3433 -0.9339 0.0998
vn 0.0930 0.8947 -0.4369
vn -0.0000 0.9211 -0.3894
vn 0.0982 0.8973 -0.4304
vn 0.5176 -0.3759 -0.7686
vn 0.4957 -0.4507 -0.7424
vn 0.5821 -0.4130 -0.7004
vn 0.5919 -0.3763 -0.7128
vn 0.7185 -0.4180 -0.5559
vn 0.8151 -0.3274 -0.4779
vn 0.9135 -0.1842 -0.3627
vn 0.8787 -0.2549 -0.4036
vn 0.7709 0.3323 -0.5434
vn 0.7416 0.3840 -0.5500
vn 0.7700 0.4024 -0.4952
vn 0.7999 0.3517 -0.4863
vn -0.9020 -0.0696 -0.4260
vn -0.8863 0.0341 -0.4619
vn -0.7591 -0.0338 -0.6500
vn -0.7740 -0.1443 -0.6165
vn 0.6292 -0.4342 -0.6446
vn 0.7185 -0.4180 -0.5559
vn 0.8787 -0.2549 -0.4036
vn 0.8356 -0.2983 -0.4613
vn 0.7959 0.2825 -0.5355
vn 0.7709 0.3323 -0.5434
vn 0.7999 0.3517 -0.4863
vn 0.8254 0.3028 -0.4765
vn -0.4125 -0.8943 0.1734
vn -0.6617 -0.7496 -0.0157
vn -0.5558 -0.8199 -0.1372
vn -0.3433 -0.9339 0.0998
vn 0.5821 -0.4130 -0.7004
vn 0.6292 -0.4342 -0.6446
vn 0.8356 -0.2983 -0.4613
vn 0.8060 -0.3150 -0.5011
vn 0.8172 0.2347 -0.5264
vn 0.7959 0.2825 -0.5355
vn 0.8254 0.3028 -0.4765
vn 0.8471 0.2559 -0.4658
vn -0.8863 0.0341 -0.4619
vn -0.8536 0.1563 -0.4969
vn -0.7285 0.0966 -0.6782
vn -0.7591 -0.0338 -0.6500
vn 0.0982 0.8973 -0.4304
vn -0.0000 0.9211 -0.3894
vn 0.1027 0.9000 -0.4236
vn 0.5919 -0.3763 -0.7128
vn 0.5821 -0.4130 -0.7004
vn 0.8060 -0.3150 -0.5011
vn 0.8054 -0.3139 -0.5027
vn 0.8353 0.1886 -0.5164
vn 0.8172 0.2347 -0.5264
vn 0.8471 0.2559 -0.4658
vn 0.8655 0.2107 -0.4545
vn -0.6617 -0.7496 -0.0157
vn -0.7896 -0.5960 -0.1462
vn -0.6697 -0.6805 -0.2974
vn -0.5558 -0.8199 -0.1372
vn 0.1925 0.8638 -0.4656
vn 0.0982 0.8973 -0.4304
vn 0.1027 0.9000 -0.4236
vn 0.2013 0.8689 -0.4521
vn 0.6502 -0.3389 -0.6800
vn 0.5919 -0.3763 -0.7128
vn 0.8054 -0.3139 -0.5027
vn 0.8327 -0.3045 -0.4624
vn 0.8506 0.1443 -0.5057
vn 0.8353 0.1886 -0.5164
vn 0.8655 0.2107 -0.4545
vn 0.8810 0.1672 -0.4427
vn -0.8536 0.1563 -0.4969
vn -0.7732 0.3415 -0.5344
vn -0.6550 0.2934 -0.6964
vn -0.7285 0.0966 -0.6782
vn 0.2821 0.8220 -0.4947
vn 0.1925 0.8638 -0.4656
vn 0.2013 0.8689 -0.4521
vn 0.2949 0.8292 -0.4748
vn 0.7339 -0.3201 -0.5992
vn 0.6502 -0.3389 -0.6800
vn 0.8327 -0.3045 -0.4624
vn 0.8702 -0.3037 -0.3879
vn 0.8634 0.1015 -0.4943
vn 0.8506 0.1443 -0.5057
vn 0.8810 0.1672 -0.4427
vn 0.8939 0.1252 -0.4304
vn -0.7896 -0.5960 -0.1462
vn -0.8536 -0.4654 -0.2341
vn -0.7285 -0.5538 -0.4032
vn -0.6697 -0.6805 -0.2974
vn 0.3654 0.7735 -0.5178
vn 0.2821 0.8220 -0.4947
vn 0.2949 0.8292 -0.4748
vn 0.3816 0.7826 -0.4918
vn 0.8142 -0.3289 -0.4784
vn 0.7339 -0.3201 -0.5992
vn 0.8702 -0.3037 -0.3879
vn 0.8970 -0.3175 -0.3075
vn 0.8740 0.0601 -0.4823
vn 0.8634 0.1015 -0.4943
vn 0.8939 0.1252 -0.4304
vn 0.9047 0.0845 -0.4177
vn -0.7732 0.3415 -0.5344
vn -0.5796 0.6048 -0.5461
vn -0.4852 0.5710 -0.6623
vn -0.6550 0.2934 -0.6964
vn 0.4413 0.7205 -0.5350
vn 0.3654 0.7735 -0.5178
vn 0.3816 0.7826 -0.4918
vn 0.4604 0.7312 -0.5033
vn 0.8585 -0.3636 -0.3617
vn 0.8142 -0.3289 -0.4784
vn 0.8970 -0.3175 -0.3075
vn 0.9054 -0.3430 -0.2503
vn 0.8826 0.0198 -0.4698
vn 0.8740 0.0601 -0.4823
vn 0.9047 0.0845 -0.4177
vn 0.9134 0.0449 -0.4046
vn -0.6356 0.6470 -0.4213
vn -0.3315 0.8393 -0.4309
vn -0.3001 0.8163 -0.4935
vn -0.5796 0.6048 -0.5461
vn 0.5093 0.6645 -0.5469
vn 0.4413 0.7205 -0.5350
vn 0.4604 0.7312 -0.5033
vn 0.5309 0.6767 -0.5101
vn 0.8673 -0.4022 -0.2933
vn 0.8585 -0.3636 -0.3617
vn 0.9054 -0.3430 -0.2503
vn 0.9006 -0.3736 -0.2223
vn 0.8894 -0.0194 -0.4568
vn 0.8826 0.0198 -0.4698
vn 0.9134 0.0449 -0.4046
vn 0.9203 0.0064 -0.3913
vn -0.9569 -0.2686 -0.1106
vn -0.9728 -0.1723 -0.1550
vn -0.9020 -0.2572 -0.3467
vn -0.8863 -0.3551 -0.2973
vn 0.5694 0.6072 -0.5542
vn 0.5093 0.6645 -0.5469
vn 0.5309 0.6767 -0.5101
vn 0.5931 0.6208 -0.5127
vn 0.8607 -0.4339 -0.2665
vn 0.8673 -0.4022 -0.2933
vn 0.9006 -0.3736 -0.2223
vn 0.8912 -0.4046 -0.2052
vn 0.8945 -0.0577 -0.4433
vn 0.8894 -0.0194 -0.4568
vn 0.9203 0.0064 -0.3913
vn 0.9255 -0.0313 -0.3775
vn -0.3315 0.8393 -0.4309
vn 0.0000 0.9211 -0.3894
vn -0.3001 0.8163 -0.4935
vn 0.6221 0.5497 -0.5575
vn 0.5694 0.6072 -0.5542
vn 0.5931 0.6208 -0.5127
vn 0.6474 0.5646 -0.5119
vn 0.8494 -0.4666 -0.2467
vn 0.8607 -0.4339 -0.2665
vn 0.8912 -0.4046 -0.2052
vn 0.8797 -0.4374 -0.1865
vn 0.8951 -0.1046 -0.4334
vn 0.8945 -0.0577 -0.4433
vn 0.9255 -0.0313 -0.3775
vn 0.9291 -0.0684 -0.3634
vn 0.6679 0.4930 -0.5575
vn 0.6221 0.5497 -0.5575
vn 0.6474 0.5646 -0.5119
vn 0.6945 0.5091 -0.5084
vn 0.8355 -0.5015 -0.2247
vn 0.8494 -0.4666 -0.2467
vn 0.8797 -0.4374 -0.1865
vn 0.8656 -0.4724 -0.1657
vn 0.8765 -0.1961 -0.4397
vn 0.8951 -0.1046 -0.4334
vn 0.9291 -0.0684 -0.3634
vn 0.9283 -0.1154 -0.3534
vn 0.7075 0.4377 -0.5548
vn 0.6679 0.4930 -0.5575
vn 0.6945 0.5091 -0.5084
vn 0.7351 0.4549 -0.5026
vn 0.8273 -0.5268 -0.1949
vn 0.8355 -0.5015 -0.2247
vn 0.8656 -0.4724 -0.1657
vn 0.8483 -0.5099 -0.1425
vn 0.8151 -0.3274 -0.4779
vn 0.8765 -0.1961 -0.4397
vn 0.9283 -0.1154 -0.3534
vn 0.9135 -0.1842 -0.3627
vn 0.7416 0.3840 -0.5500
vn 0.7075 0.4377 -0.5548
vn 0.7351 0.4549 -0.5026
vn 0.7700 0.4024 -0.4952
vn 0.8245 -0.5432 -0.1586
vn 0.8273 -0.5268 -0.1949
vn 0.8483 -0.5099 -0.1425
vn 0.8389 -0.5288 -0.1290
vn 0.9291 -0.0684 -0.3634
vn 0.9255 -0.0313 -0.3775
vn 0.9503 -0.0046 -0.3113
vn 0.9540 -0.0412 -0.2970
vn 0.6945 0.5091 -0.5084
vn 0.6474 0.5646 -0.5119
vn 0.6681 0.5805 -0.4655
vn 0.7162 0.5263 -0.4584
vn 0.8656 -0.4724 -0.1657
vn 0.8797 -0.4374 -0.1865
vn 0.9042 -0.4084 -0.1253
vn 0.8899 -0.4437 -0.1057
vn 0.9283 -0.1154 -0.3534
vn 0.9291 -0.0684 -0.3634
vn 0.9540 -0.0412 -0.2970
vn 0.9562 -0.0773 -0.2824
vn 0.7351 0.4549 -0.5026
vn 0.6945 0.5091 -0.5084
vn 0.7162 0.5263 -0.4584
vn 0.7575 0.4732 -0.4497
vn 0.8483 -0.5099 -0.1425
vn 0.8656 -0.4724 -0.1657
vn 0.8899 -0.4437 -0.1057
vn 0.8724 -0.4815 -0.0839
vn 0.9135 -0.1842 -0.3627
vn 0.9283 -0.1154 -0.3534
vn 0.9562 -0.0773 -0.2824
vn 0.9566 -0.1143 -0.2681
vn 0.7700 0.4024 -0.4952
vn 0.7351 0.4549 -0.5026
vn 0.7575 0.4732 -0.4497
vn 0.7930 0.4217 -0.4396
vn 0.8389 -0.5288 -0.1290
vn 0.8483 -0.5099 -0.1425
vn 0.8724 -0.4815 -0.0839
vn 0.8584 -0.5101 -0.0543
vn 0.8787 -0.2549 -0.4036
vn 0.9135 -0.1842 -0.3627
vn 0.9566 -0.1143 -0.2681
vn 0.9537 -0.1506 -0.2605
vn 0.7999 0.3517 -0.4863
vn 0.7700 0.4024 -0.4952
vn 0.7930 0.4217 -0.4396
vn 0.8233 0.3720 -0.4286
vn -0.9728 -0.1723 -0.1550
vn -0.9775 -0.0821 -0.1942
vn -0.9067 -0.1642 -0.3884
vn -0.9020 -0.2572 -0.3467
vn 0.8356 -0.2983 -0.4613
vn 0.8787 -0.2549 -0.4036
vn 0.9537 -0.1506 -0.2605
vn 0.9469 -0.1805 -0.2661
vn 0.8254 0.3028 -0.4765
vn 0.7999 0.3517 -0.4863
vn 0.8233 0.3720 -0.4286
vn 0.8492 0.3242 -0.4169
vn -0.9775 -0.0821 -0.1942
vn -0.9728 0.0089 -0.2316
vn -0.9020 -0.0696 -0.4260
vn -0.9067 -0.1642 -0.3884
vn 0.8060 -0.3150 -0.5011
vn 0.8356 -0.2983 -0.4613
vn 0.9469 -0.1805 -0.2661
vn 0.9398 -0.2051 -0.2734
vn 0.8471 0.2559 -0.4658
vn 0.8254 0.3028 -0.4765
vn 0.8492 0.3242 -0.4169
vn 0.8712 0.2781 -0.4046
vn -0.0000 -0.9211 0.3894
vn -0.4541 -0.8534 0.2562
vn -0.4125 -0.8943 0.1734
vn 0.1027 0.9000 -0.4236
vn -0.0000 0.9211 -0.3894
vn 0.1064 0.9028 -0.4166
vn 0.8054 -0.3139 -0.5027
vn 0.8060 -0.3150 -0.5011
vn 0.9398 -0.2051 -0.2734
vn 0.9371 -0.2252 -0.2667
vn 0.8655 0.2107 -0.4545
vn 0.8471 0.2559 -0.4658
vn 0.8712 0.2781 -0.4046
vn 0.8898 0.2337 -0.3920
vn -0.9728 0.0089 -0.2316
vn -0.9569 0.1078 -0.2697
vn -0.8863 0.0341 -0.4619
vn -0.9020 -0.0696 -0.4260
vn 0.2013 0.8689 -0.4521
vn 0.1027 0.9000 -0.4236
vn 0.1064 0.9028 -0.4166
vn 0.2086 0.8744 -0.4382
vn 0.8327 -0.3045 -0.4624
vn 0.8054 -0.3139 -0.5027
vn 0.9371 -0.2252 -0.2667
vn 0.9393 -0.2410 -0.2442
vn 0.8810 0.1672 -0.4427
vn 0.8655 0.2107 -0.4545
vn 0.8898 0.2337 -0.3920
vn 0.9054 0.1910 -0.3791
vn -0.4541 -0.8534 0.2562
vn -0.7238 -0.6797 0.1185
vn -0.6617 -0.7496 -0.0157
vn -0.4125 -0.8943 0.1734
vn 0.2949 0.8292 -0.4748
vn 0.2013 0.8689 -0.4521
vn 0.2086 0.8744 -0.4382
vn 0.3054 0.8369 -0.4543
vn 0.8702 -0.3037 -0.3879
vn 0.8327 -0.3045 -0.4624
vn 0.9393 -0.2410 -0.2442
vn 0.9413 -0.2608 -0.2145
vn 0.8939 0.1252 -0.4304
vn 0.8810 0.1672 -0.4427
vn 0.9054 0.1910 -0.3791
vn 0.9185 0.1496 -0.3660
vn -0.9569 0.1078 -0.2697
vn -0.9237 0.2238 -0.3109
vn -0.8536 0.1563 -0.4969
vn -0.8863 0.0341 -0.4619
vn 0.3816 0.7826 -0.4918
vn 0.2949 0.8292 -0.4748
vn 0.3054 0.8369 -0.4543
vn 0.3949 0.7924 -0.4650
vn 0.8970 -0.3175 -0.3075
vn 0.8702 -0.3037 -0.3879
vn 0.9413 -0.2608 -0.2145
vn 0.9388 -0.2869 -0.1906
vn 0.9047 0.0845 -0.4177
vn 0.8939 0.1252 -0.4304
vn 0.9185 0.1496 -0.3660
vn 0.9293 0.1096 -0.3526
vn -0.7238 -0.6797 0.1185
vn -0.8580 -0.5134 0.0163
vn -0.7896 -0.5960 -0.1462
vn -0.6617 -0.7496 -0.0157
vn 0.4604 0.7312 -0.5033
vn 0.3816 0.7826 -0.4918
vn 0.3949 0.7924 -0.4650
vn 0.4762 0.7427 -0.4708
vn 0.9054 -0.3430 -0.2503
vn 0.8970 -0.3175 -0.3075
vn 0.9388 -0.2869 -0.1906
vn 0.9329 -0.3151 -0.1742
vn 0.9134 0.0449 -0.4046
vn 0.9047 0.0845 -0.4177
vn 0.9293 0.1096 -0.3526
vn 0.9381 0.0706 -0.3390
vn -0.9237 0.2238 -0.3109
vn -0.8409 0.3991 -0.3656
vn -0.7732 0.3415 -0.5344
vn -0.8536 0.1563 -0.4969
vn 0.5309 0.6767 -0.5101
vn 0.4604 0.7312 -0.5033
vn 0.4762 0.7427 -0.4708
vn 0.5487 0.6898 -0.4723
vn 0.9006 -0.3736 -0.2223
vn 0.9054 -0.3430 -0.2503
vn 0.9329 -0.3151 -0.1742
vn 0.9252 -0.3444 -0.1593
vn 0.9203 0.0064 -0.3913
vn 0.9134 0.0449 -0.4046
vn 0.9381 0.0706 -0.3390
vn 0.9451 0.0326 -0.3253
vn -0.8580 -0.5134 0.0163
vn -0.9237 -0.3789 -0.0561
vn -0.8536 -0.4654 -0.2341
vn -0.7896 -0.5960 -0.1462
vn 0.5931 0.6208 -0.5127
vn 0.5309 0.6767 -0.5101
vn 0.5487 0.6898 -0.4723
vn 0.6125 0.6354 -0.4703
vn 0.8912 -0.4046 -0.2052
vn 0.9006 -0.3736 -0.2223
vn 0.9252 -0.3444 -0.1593
vn 0.9157 -0.3754 -0.1430
vn 0.9255 -0.0313 -0.3775
vn 0.9203 0.0064 -0.3913
vn 0.9451 0.0326 -0.3253
vn 0.9503 -0.0046 -0.3113
vn -0.8409 0.3991 -0.3656
vn -0.6356 0.6470 -0.4213
vn -0.5796 0.6048 -0.5461
vn -0.7732 0.3415 -0.5344
vn 0.6474 0.5646 -0.5119
vn 0.5931 0.6208 -0.5127
vn 0.6125 0.6354 -0.4703
vn 0.6681 0.5805 -0.4655
vn 0.8797 -0.4374 -0.1865
vn 0.8912 -0.4046 -0.2052
vn 0.9157 -0.3754 -0.1430
vn 0.9042 -0.4084 -0.1253
vn 0.9329 -0.3151 -0.1742
vn 0.9388 -0.2869 -0.1906
vn 0.9582 -0.2582 -0.1233
vn 0.9519 -0.2861 -0.1100
vn 0.9381 0.0706 -0.3390
vn 0.9293 0.1096 -0.3526
vn 0.9482 0.1353 -0.2873
vn 0.9571 0.0969 -0.2732
vn -0.9237 -0.3789 -0.0561
vn -0.9569 -0.2686 -0.1106
vn -0.8863 -0.3551 -0.2973
vn -0.8536 -0.4654 -0.2341
vn 0.5487 0.6898 -0.4723
vn 0.4762 0.7427 -0.4708
vn 0.4885 0.7549 -0.4376
vn 0.5625 0.7038 -0.4339
vn 0.9252 -0.3444 -0.1593
vn 0.9329 -0.3151 -0.1742
vn 0.9519 -0.2861 -0.1100
vn 0.9441 -0.3155 -0.0956
vn 0.9451 0.0326 -0.3253
vn 0.9381 0.0706 -0.3390
vn 0.9571 0.0969 -0.2732
vn 0.9641 0.0594 -0.2590
vn -0.9794 -0.1860 0.0786
vn -0.9953 -0.0895 0.0378
vn -0.9728 -0.1723 -0.1550
vn -0.9569 -0.2686 -0.1106
vn 0.6125 0.6354 -0.4703
vn 0.5487 0.6898 -0.4723
vn 0.5625 0.7038 -0.4339
vn 0.6275 0.6509 -0.4273
vn 0.9157 -0.3754 -0.1430
vn 0.9252 -0.3444 -0.1593
vn 0.9441 -0.3155 -0.0956
vn 0.9346 -0.3466 -0.0802
vn 0.9503 -0.0046 -0.3113
vn 0.9451 0.0326 -0.3253
vn 0.9641 0.0594 -0.2590
vn 0.9693 0.0226 -0.2447
vn -0.3420 0.8655 -0.3659
vn 0.0000 0.9211 -0.3894
vn -0.3315 0.8393 -0.4309
vn 0.6681 0.5805 -0.4655
vn 0.6125 0.6354 -0.4703
vn 0.6275 0.6509 -0.4273
vn 0.6841 0.5974 -0.4185
vn 0.9042 -0.4084 -0.1253
vn 0.9157 -0.3754 -0.1430
vn 0.9346 -0.3466 -0.0802
vn 0.9229 -0.3797 -0.0633
vn 0.9540 -0.0412 -0.2970
vn 0.9503 -0.0046 -0.3113
vn 0.9693 0.0226 -0.2447
vn 0.9730 -0.0136 -0.2303
vn 0.7162 0.5263 -0.4584
vn 0.6681 0.5805 -0.4655
vn 0.6841 0.5974 -0.4185
vn 0.7329 0.5445 -0.4079
vn 0.8899 -0.4437 -0.1057
vn 0.9042 -0.4084 -0.1253
vn 0.9229 -0.3797 -0.0633
vn 0.9086 -0.4152 -0.0449
vn 0.9562 -0.0773 -0.2824
vn 0.9540 -0.0412 -0.2970
vn 0.9730 -0.0136 -0.2303
vn 0.9752 -0.0494 -0.2157
vn 0.7575 0.4732 -0.4497
vn 0.7162 0.5263 -0.4584
vn 0.7329 0.5445 -0.4079
vn 0.7749 0.4926 -0.3962
vn 0.8724 -0.4815 -0.0839
vn 0.8899 -0.4437 -0.1057
vn 0.9086 -0.4152 -0.0449
vn 0.8910 -0.4534 -0.0244
vn 0.9566 -0.1143 -0.2681
vn 0.9562 -0.0773 -0.2824
vn 0.9752 -0.0494 -0.2157
vn 0.9759 -0.0849 -0.2009
vn 0.7930 0.4217 -0.4396
vn 0.7575 0.4732 -0.4497
vn 0.7749 0.4926 -0.3962
vn 0.8108 0.4422 -0.3836
vn 0.8584 -0.5101 -0.0543
vn 0.8724 -0.4815 -0.0839
vn 0.8910 -0.4534 -0.0244
vn 0.8690 -0.4947 -0.0016
vn 0.9537 -0.1506 -0.2605
vn 0.9566 -0.1143 -0.2681
vn 0.9759 -0.0849 -0.2009
vn 0.9754 -0.1144 -0.1883
vn 0.8233 0.3720 -0.4286
vn 0.7930 0.4217 -0.4396
vn 0.8108 0.4422 -0.3836
vn 0.8414 0.3934 -0.3704
vn 0.8482 -0.5294 -0.0181
vn 0.8584 -0.5101 -0.0543
vn 0.8690 -0.4947 -0.0016
vn 0.8566 -0.5158 0.0113
vn 0.9469 -0.1805 -0.2661
vn 0.9537 -0.1506 -0.2605
vn 0.9754 -0.1144 -0.1883
vn 0.9745 -0.1352 -0.1793
vn 0.8492 0.3242 -0.4169
vn 0.8233 0.3720 -0.4286
vn 0.8414 0.3934 -0.3704
vn 0.8675 0.3464 -0.3569
vn -0.9953 -0.0895 0.0378
vn -1.0000 -0.0000 -0.0000
vn -0.9775 -0.0821 -0.1942
vn -0.9728 -0.1723 -0.1550
vn 0.9398 -0.2051 -0.2734
vn 0.9469 -0.1805 -0.2661
vn 0.9745 -0.1352 -0.1793
vn 0.9730 -0.1562 -0.1700
vn 0.8712 0.2781 -0.4046
vn 0.8492 0.3242 -0.4169
vn 0.8675 0.3464 -0.3569
vn 0.8897 0.3012 -0.3432
vn -1.0000 -0.0000 -0.0000
vn -0.9953 0.0895 -0.0378
vn -0.9728 0.0089 -0.2316
vn -0.9775 -0.0821 -0.1942
vn 0.1064 0.9028 -0.4166
vn -0.0000 0.9211 -0.3894
vn 0.1093 0.9058 -0.4093
vn 0.9371 -0.2252 -0.2667
vn 0.9398 -0.2051 -0.2734
vn 0.9730 -0.1562 -0.1700
vn 0.9706 -0.1806 -0.1591
vn 0.8898 0.2337 -0.3920
vn 0.8712 0.2781 -0.4046
vn 0.8897 0.3012 -0.3432
vn 0.9084 0.2576 -0.3293
vn -0.0000 -0.9211 0.3894
vn -0.4679 -0.8140 0.3442
vn -0.4541 -0.8534 0.2562
vn 0.2086 0.8744 -0.4382
vn 0.1064 0.9028 -0.4166
vn 0.1093 0.9058 -0.4093
vn 0.2142 0.8800 -0.4239
vn 0.9393 -0.2410 -0.2442
vn 0.9371 -0.2252 -0.2667
vn 0.9706 -0.1806 -0.1591
vn 0.9674 -0.2056 -0.1478
vn 0.9054 0.1910 -0.3791
vn 0.8898 0.2337 -0.3920
vn 0.9084 0.2576 -0.3293
vn 0.9242 0.2155 -0.3153
vn -0.9953 0.0895 -0.0378
vn -0.9794 0.1860 -0.0786
vn -0.9569 0.1078 -0.2697
vn -0.9728 0.0089 -0.2316
vn 0.3054 0.8369 -0.4543
vn 0.2086 0.8744 -0.4382
vn 0.2142 0.8800 -0.4239
vn 0.3136 0.8450 -0.4332
vn 0.9413 -0.2608 -0.2145
vn 0.9393 -0.2410 -0.2442
vn 0.9674 -0.2056 -0.1478
vn 0.9633 -0.2314 -0.1359
vn 0.9185 0.1496 -0.3660
vn 0.9054 0.1910 -0.3791
vn 0.9242 0.2155 -0.3153
vn 0.9374 0.1748 -0.3013
vn -0.4679 -0.8140 0.3442
vn -0.7442 -0.6152 0.2601
vn -0.7238 -0.6797 0.1185
vn -0.4541 -0.8534 0.2562
vn 0.3949 0.7924 -0.4650
vn 0.3054 0.8369 -0.4543
vn 0.3136 0.8450 -0.4332
vn 0.4054 0.8026 -0.4375
vn 0.9388 -0.2869 -0.1906
vn 0.9413 -0.2608 -0.2145
vn 0.9633 -0.2314 -0.1359
vn 0.9582 -0.2582 -0.1233
vn 0.9293 0.1096 -0.3526
vn 0.9185 0.1496 -0.3660
vn 0.9374 0.1748 -0.3013
vn 0.9482 0.1353 -0.2873
vn -0.9794 0.1860 -0.0786
vn -0.9462 0.2981 -0.1260
vn -0.9237 0.2238 -0.3109
vn -0.9569 0.1078 -0.2697
vn 0.4762 0.7427 -0.4708
vn 0.3949 0.7924 -0.4650
vn 0.4054 0.8026 -0.4375
vn 0.4885 0.7549 -0.4376
vn 0.9571 0.0969 -0.2732
vn 0.9482 0.1353 -0.2873
vn 0.9616 0.1616 -0.2218
vn 0.9705 0.1236 -0.2072
vn 0.2142 0.8800 -0.4239
vn 0.1093 0.9058 -0.4093
vn 0.1114 0.9089 -0.4019
vn 0.2183 0.8859 -0.4093
vn -0.7442 -0.6152 0.2601
vn -0.8801 -0.4374 0.1849
vn -0.8580 -0.5134 0.0163
vn -0.7238 -0.6797 0.1185
vn 0.9441 -0.3155 -0.0956
vn 0.9519 -0.2861 -0.1100
vn 0.9652 -0.2574 -0.0452
vn 0.9574 -0.2869 -0.0315
vn 0.9242 0.2155 -0.3153
vn 0.9084 0.2576 -0.3293
vn 0.9216 0.2822 -0.2664
vn 0.9375 0.2407 -0.2514
vn 0.9641 0.0594 -0.2590
vn 0.9571 0.0969 -0.2732
vn 0.9705 0.1236 -0.2072
vn 0.9775 0.0865 -0.1926
vn 0.3136 0.8450 -0.4332
vn 0.2142 0.8800 -0.4239
vn 0.2183 0.8859 -0.4093
vn 0.3195 0.8535 -0.4118
vn -0.9462 0.2981 -0.1260
vn -0.8628 0.4656 -0.1969
vn -0.8409 0.3991 -0.3656
vn -0.9237 0.2238 -0.3109
vn 0.9346 -0.3466 -0.0802
vn 0.9441 -0.3155 -0.0956
vn 0.9574 -0.2869 -0.0315
vn 0.9479 -0.3182 -0.0168
vn 0.9693 0.0226 -0.2447
vn 0.9641 0.0594 -0.2590
vn 0.9775 0.0865 -0.1926
vn 0.9827 0.0500 -0.1781
vn 0.4054 0.8026 -0.4375
vn 0.3136 0.8450 -0.4332
vn 0.3195 0.8535 -0.4118
vn 0.4129 0.8134 -0.4097
vn -0.8801 -0.4374 0.1849
vn -0.9462 -0.2981 0.1260
vn -0.9237 -0.3789 -0.0561
vn -0.8580 -0.5134 0.0163
vn 0.9229 -0.3797 -0.0633
vn 0.9346 -0.3466 -0.0802
vn 0.9479 -0.3182 -0.0168
vn 0.9362 -0.3515 -0.0008
vn 0.9730 -0.0136 -0.2303
vn 0.9693 0.0226 -0.2447
vn 0.9827 0.0500 -0.1781
vn 0.9864 0.0141 -0.1635
vn 0.4885 0.7549 -0.4376
vn 0.4054 0.8026 -0.4375
vn 0.4129 0.8134 -0.4097
vn 0.4973 0.7678 -0.4039
vn 0.9086 -0.4152 -0.0449
vn 0.9229 -0.3797 -0.0633
vn 0.9362 -0.3515 -0.0008
vn 0.9218 -0.3873 0.0166
vn 0.9752 -0.0494 -0.2157
vn 0.9730 -0.0136 -0.2303
vn 0.9864 0.0141 -0.1635
vn 0.9886 -0.0214 -0.1488
vn 0.5625 0.7038 -0.4339
vn 0.4885 0.7549 -0.4376
vn 0.4973 0.7678 -0.4039
vn 0.5724 0.7185 -0.3951
vn 0.8910 -0.4534 -0.0244
vn 0.9086 -0.4152 -0.0449
vn 0.9218 -0.3873 0.0166
vn 0.9041 -0.4259 0.0357
vn 0.9759 -0.0849 -0.2009
vn 0.9752 -0.0494 -0.2157
vn 0.9886 -0.0214 -0.1488
vn 0.9894 -0.0567 -0.1340
vn 0.6275 0.6509 -0.4273
vn 0.5625 0.7038 -0.4339
vn 0.5724 0.7185 -0.3951
vn 0.6382 0.6673 -0.3839
vn 0.8690 -0.4947 -0.0016
vn 0.8910 -0.4534 -0.0244
vn 0.9041 -0.4259 0.0357
vn 0.8820 -0.4677 0.0569
vn 0.6841 0.5974 -0.4185
vn 0.6275 0.6509 -0.4273
vn 0.6382 0.6673 -0.3839
vn 0.6955 0.6153 -0.3711
vn 0.9754 -0.1144 -0.1883
vn 0.9759 -0.0849 -0.2009
vn 0.9894 -0.0567 -0.1340
vn 0.9889 -0.0860 -0.1215
vn 0.8566 -0.5158 0.0113
vn 0.8690 -0.4947 -0.0016
vn 0.8820 -0.4677 0.0569
vn 0.8694 -0.4893 0.0688
vn 0.9745 -0.1352 -0.1793
vn 0.9754 -0.1144 -0.1883
vn 0.9889 -0.0860 -0.1215
vn 0.9879 -0.1067 -0.1126
vn 0.7329 0.5445 -0.4079
vn 0.6841 0.5974 -0.4185
vn 0.6955 0.6153 -0.3711
vn 0.7448 0.5636 -0.3572
vn -0.8628 0.4656 -0.1969
vn -0.6540 0.6968 -0.2946
vn -0.6356 0.6470 -0.4213
vn -0.8409 0.3991 -0.3656
vn 0.9730 -0.1562 -0.1700
vn 0.9745 -0.1352 -0.1793
vn 0.9879 -0.1067 -0.1126
vn 0.9864 -0.1277 -0.1035
vn 0.7749 0.4926 -0.3962
vn 0.7329 0.5445 -0.4079
vn 0.7448 0.5636 -0.3572
vn 0.7872 0.5129 -0.3425
vn -0.9462 -0.2981 0.1260
vn -0.9794 -0.1860 0.0786
vn -0.9569 -0.2686 -0.1106
vn -0.9237 -0.3789 -0.0561
vn 0.9706 -0.1806 -0.1591
vn 0.9730 -0.1562 -0.1700
vn 0.9864 -0.1277 -0.1035
vn 0.9840 -0.1520 -0.0928
vn 0.8108 0.4422 -0.3836
vn 0.7749 0.4926 -0.3962
vn 0.7872 0.5129 -0.3425
vn 0.8234 0.4635 -0.3274
vn -0.6540 0.6968 -0.2946
vn -0.3420 0.8655 -0.3659
vn -0.3315 0.8393 -0.4309
vn -0.6356 0.6470 -0.4213
vn 0.9674 -0.2056 -0.1478
vn 0.9706 -0.1806 -0.1591
vn 0.9840 -0.1520 -0.0928
vn 0.9808 -0.1769 -0.0818
vn 0.8414 0.3934 -0.3704
vn 0.8108 0.4422 -0.3836
vn 0.8234 0.4635 -0.3274
vn 0.8542 0.4157 -0.3121
vn -0.3315 0.8939 -0.3019
vn 0.0000 0.9211 -0.3894
vn -0.3420 0.8655 -0.3659
vn 0.9633 -0.2314 -0.1359
vn 0.9674 -0.2056 -0.1478
vn 0.9808 -0.1769 -0.0818
vn 0.9767 -0.2027 -0.0702
vn 0.8675 0.3464 -0.3569
vn 0.8414 0.3934 -0.3704
vn 0.8542 0.4157 -0.3121
vn 0.8805 0.3696 -0.2968
vn 0.9374 0.1748 -0.3013
vn 0.9242 0.2155 -0.3153
vn 0.9375 0.2407 -0.2514
vn 0.9507 0.2006 -0.2366
vn -0.9728 -0.0089 0.2316
vn -0.9775 0.0821 0.1942
vn -1.0000 -0.0000 -0.0000
vn -0.9953 -0.0895 0.0378
vn 0.9582 -0.2582 -0.1233
vn 0.9633 -0.2314 -0.1359
vn 0.9767 -0.2027 -0.0702
vn 0.9716 -0.2295 -0.0581
vn 0.8897 0.3012 -0.3432
vn 0.8675 0.3464 -0.3569
vn 0.8805 0.3696 -0.2968
vn 0.9028 0.3251 -0.2816
vn 0.1093 0.9058 -0.4093
vn -0.0000 0.9211 -0.3894
vn 0.1114 0.9089 -0.4019
vn 0.9482 0.1353 -0.2873
vn 0.9374 0.1748 -0.3013
vn 0.9507 0.2006 -0.2366
vn 0.9616 0.1616 -0.2218
vn -0.9775 0.0821 0.1942
vn -0.9728 0.1723 0.1550
vn -0.9953 0.0895 -0.0378
vn -1.0000 -0.0000 -0.0000
vn 0.9519 -0.2861 -0.1100
vn 0.9582 -0.2582 -0.1233
vn 0.9716 -0.2295 -0.0581
vn 0.9652 -0.2574 -0.0452
vn 0.9084 0.2576 -0.3293
vn 0.8897 0.3012 -0.3432
vn 0.9028 0.3251 -0.2816
vn 0.9216 0.2822 -0.2664
vn 0.9375 0.2407 -0.2514
vn 0.9216 0.2822 -0.2664
vn 0.9295 0.3075 -0.2037
vn 0.9454 0.2666 -0.1876
vn -0.0000 -0.9211 0.3894
vn -0.4541 -0.7783 0.4337
vn -0.4679 -0.8140 0.3442
vn 0.3195 0.8535 -0.4118
vn 0.2183 0.8859 -0.4093
vn 0.2208 0.8919 -0.3946
vn 0.3230 0.8622 -0.3901
vn 0.9767 -0.2027 -0.0702
vn 0.9808 -0.1769 -0.0818
vn 0.9888 -0.1485 -0.0156
vn 0.9847 -0.1742 -0.0043
vn 0.9507 0.2006 -0.2366
vn 0.9375 0.2407 -0.2514
vn 0.9454 0.2666 -0.1876
vn 0.9586 0.2270 -0.1719
vn -0.9728 0.1723 0.1550
vn -0.9569 0.2686 0.1106
vn -0.9794 0.1860 -0.0786
vn -0.9953 0.0895 -0.0378
vn 0.4129 0.8134 -0.4097
vn 0.3195 0.8535 -0.4118
vn 0.3230 0.8622 -0.3901
vn 0.4174 0.8247 -0.3817
vn 0.9716 -0.2295 -0.0581
vn 0.9767 -0.2027 -0.0702
vn 0.9847 -0.1742 -0.0043
vn 0.9795 -0.2011 0.0074
vn 0.9616 0.1616 -0.2218
vn 0.9507 0.2006 -0.2366
vn 0.9586 0.2270 -0.1719
vn 0.9696 0.1884 -0.1565
vn -0.4541 -0.7783 0.4337
vn -0.7238 -0.5586 0.4050
vn -0.7442 -0.6152 0.2601
vn -0.4679 -0.8140 0.3442
vn 0.4973 0.7678 -0.4039
vn 0.4129 0.8134 -0.4097
vn 0.4174 0.8247 -0.3817
vn 0.5026 0.7813 -0.3701
vn 0.9652 -0.2574 -0.0452
vn 0.9716 -0.2295 -0.0581
vn 0.9795 -0.2011 0.0074
vn 0.9732 -0.2292 0.0198
vn 0.9705 0.1236 -0.2072
vn 0.9616 0.1616 -0.2218
vn 0.9696 0.1884 -0.1565
vn 0.9784 0.1508 -0.1413
vn -0.9569 0.2686 0.1106
vn -0.9237 0.3789 0.0561
vn -0.9462 0.2981 -0.1260
vn -0.9794 0.1860 -0.0786
vn 0.5724 0.7185 -0.3951
vn 0.4973 0.7678 -0.4039
vn 0.5026 0.7813 -0.3701
vn 0.5783 0.7340 -0.3561
vn 0.9574 -0.2869 -0.0315
vn 0.9652 -0.2574 -0.0452
vn 0.9732 -0.2292 0.0198
vn 0.9654 -0.2588 0.0329
vn 0.9775 0.0865 -0.1926
vn 0.9705 0.1236 -0.2072
vn 0.9784 0.1508 -0.1413
vn 0.9854 0.1140 -0.1263
vn -0.7238 -0.5586 0.4050
vn -0.8580 -0.3694 0.3569
vn -0.8801 -0.4374 0.1849
vn -0.7442 -0.6152 0.2601
vn 0.6382 0.6673 -0.3839
vn 0.5724 0.7185 -0.3951
vn 0.5783 0.7340 -0.3561
vn 0.6447 0.6845 -0.3404
vn 0.9479 -0.3182 -0.0168
vn 0.9574 -0.2869 -0.0315
vn 0.9654 -0.2588 0.0329
vn 0.9558 -0.2902 0.0470
vn 0.9827 0.0500 -0.1781
vn 0.9775 0.0865 -0.1926
vn 0.9854 0.1140 -0.1263
vn 0.9907 0.0778 -0.1114
vn -0.9237 0.3789 0.0561
vn -0.8409 0.5403 -0.0316
vn -0.8628 0.4656 -0.1969
vn -0.9462 0.2981 -0.1260
vn 0.6955 0.6153 -0.3711
vn 0.6382 0.6673 -0.3839
vn 0.6447 0.6845 -0.3404
vn 0.7023 0.6340 -0.3237
vn 0.9362 -0.3515 -0.0008
vn 0.9479 -0.3182 -0.0168
vn 0.9558 -0.2902 0.0470
vn 0.9441 -0.3238 0.0621
vn 0.9864 0.0141 -0.1635
vn 0.9827 0.0500 -0.1781
vn 0.9907 0.0778 -0.1114
vn 0.9944 0.0421 -0.0966
vn 0.7448 0.5636 -0.3572
vn 0.6955 0.6153 -0.3711
vn 0.7023 0.6340 -0.3237
vn 0.7519 0.5837 -0.3063
vn 0.9218 -0.3873 0.0166
vn 0.9362 -0.3515 -0.0008
vn 0.9441 -0.3238 0.0621
vn 0.9297 -0.3599 0.0785
vn 0.9886 -0.0214 -0.1488
vn 0.9864 0.0141 -0.1635
vn 0.9944 0.0421 -0.0966
vn 0.9966 0.0068 -0.0818
vn 0.7872 0.5129 -0.3425
vn 0.7448 0.5636 -0.3572
vn 0.7519 0.5837 -0.3063
vn 0.7945 0.5342 -0.2888
vn 0.9041 -0.4259 0.0357
vn 0.9218 -0.3873 0.0166
vn 0.9297 -0.3599 0.0785
vn 0.9119 -0.3990 0.0964
vn 0.9894 -0.0567 -0.1340
vn 0.9886 -0.0214 -0.1488
vn 0.9966 0.0068 -0.0818
vn 0.9973 -0.0283 -0.0670
vn 0.8234 0.4635 -0.3274
vn 0.7872 0.5129 -0.3425
vn 0.7945 0.5342 -0.2888
vn 0.8309 0.4858 -0.2712
vn 0.8820 -0.4677 0.0569
vn 0.9041 -0.4259 0.0357
vn 0.9119 -0.3990 0.0964
vn 0.8898 -0.4414 0.1161
vn 0.9889 -0.0860 -0.1215
vn 0.9894 -0.0567 -0.1340
vn 0.9973 -0.0283 -0.0670
vn 0.9968 -0.0576 -0.0546
vn 0.8542 0.4157 -0.3121
vn 0.8234 0.4635 -0.3274
vn 0.8309 0.4858 -0.2712
vn 0.8619 0.4390 -0.2539
vn 0.8694 -0.4893 0.0688
vn 0.8820 -0.4677 0.0569
vn 0.8898 -0.4414 0.1161
vn 0.8770 -0.4634 0.1268
vn 0.9879 -0.1067 -0.1126
vn 0.9889 -0.0860 -0.1215
vn 0.9968 -0.0576 -0.0546
vn 0.9959 -0.0782 -0.0458
vn 0.8805 0.3696 -0.2968
vn 0.8542 0.4157 -0.3121
vn 0.8619 0.4390 -0.2539
vn 0.8883 0.3936 -0.2368
vn -0.8580 -0.3694 0.3569
vn -0.9237 -0.2238 0.3109
vn -0.9462 -0.2981 0.1260
vn -0.8801 -0.4374 0.1849
vn 0.9864 -0.1277 -0.1035
vn 0.9879 -0.1067 -0.1126
vn 0.9959 -0.0782 -0.0458
vn 0.9944 -0.0992 -0.0368
vn 0.9028 0.3251 -0.2816
vn 0.8805 0.3696 -0.2968
vn 0.8883 0.3936 -0.2368
vn 0.9106 0.3498 -0.2200
vn -0.8409 0.5403 -0.0316
vn -0.6356 0.7530 -0.1705
vn -0.6540 0.6968 -0.2946
vn -0.8628 0.4656 -0.1969
vn 0.1114 0.9089 -0.4019
vn -0.0000 0.9211 -0.3894
vn 0.1126 0.9120 -0.3945
vn 0.9840 -0.1520 -0.0928
vn 0.9864 -0.1277 -0.1035
vn 0.9944 -0.0992 -0.0368
vn 0.9920 -0.1235 -0.0264
vn 0.9216 0.2822 -0.2664
vn 0.9028 0.3251 -0.2816
vn 0.9106 0.3498 -0.2200
vn 0.9295 0.3075 -0.2037
vn -0.9237 -0.2238 0.3109
vn -0.9569 -0.1078 0.2697
vn -0.9794 -0.1860 0.0786
vn -0.9462 -0.2981 0.1260
vn 0.2183 0.8859 -0.4093
vn 0.1114 0.9089 -0.4019
vn 0.1126 0.9120 -0.3945
vn 0.2208 0.8919 -0.3946
vn 0.9808 -0.1769 -0.0818
vn 0.9840 -0.1520 -0.0928
vn 0.9920 -0.1235 -0.0264
vn 0.9888 -0.1485 -0.0156
vn 0.9959 -0.0782 -0.0458
vn 0.9968 -0.0576 -0.0546
vn 0.9995 -0.0292 0.0124
vn 0.9985 -0.0499 0.0211
vn 0.8883 0.3936 -0.2368
vn 0.8619 0.4390 -0.2539
vn 0.8644 0.4630 -0.1958
vn 0.8908 0.4185 -0.1769
vn -0.6356 0.7530 -0.1705
vn -0.3315 0.8939 -0.3019
vn -0.3420 0.8655 -0.3659
vn -0.6540 0.6968 -0.2946
vn 0.9944 -0.0992 -0.0368
vn 0.9959 -0.0782 -0.0458
vn 0.9985 -0.0499 0.0211
vn 0.9970 -0.0708 0.0300
vn 0.9106 0.3498 -0.2200
vn 0.8883 0.3936 -0.2368
vn 0.8908 0.4185 -0.1769
vn 0.9132 0.3753 -0.1587
vn -0.9569 -0.1078 0.2697
vn -0.9728 -0.0089 0.2316
vn -0.9953 -0.0895 0.0378
vn -0.9794 -0.1860 0.0786
vn 0.1126 0.9120 -0.3945
vn -0.0000 0.9211 -0.3894
vn 0.1131 0.9152 -0.3869
vn 0.9920 -0.1235 -0.0264
vn 0.9944 -0.0992 -0.0368
vn 0.9970 -0.0708 0.0300
vn 0.9946 -0.0952 0.0403
vn 0.9295 0.3075 -0.2037
vn 0.9106 0.3498 -0.2200
vn 0.9132 0.3753 -0.1587
vn 0.9321 0.3336 -0.1410
vn -0.9067 0.1642 0.3884
vn -0.9020 0.2572 0.3467
vn -0.9728 0.1723 0.1550
vn -0.9775 0.0821 0.1942
vn 0.2208 0.8919 -0.3946
vn 0.1126 0.9120 -0.3945
vn 0.1131 0.9152 -0.3869
vn 0.2216 0.8982 -0.3797
vn 0.9888 -0.1485 -0.0156
vn 0.9920 -0.1235 -0.0264
vn 0.9946 -0.0952 0.0403
vn 0.9914 -0.1202 0.0508
vn 0.9454 0.2666 -0.1876
vn 0.9295 0.3075 -0.2037
vn 0.9321 0.3336 -0.1410
vn 0.9480 0.2932 -0.1240
vn -0.0000 -0.9211 0.3894
vn -0.4125 -0.7474 0.5208
vn -0.4541 -0.7783 0.4337
vn 0.3230 0.8622 -0.3901
vn 0.2208 0.8919 -0.3946
vn 0.2216 0.8982 -0.3797
vn 0.3242 0.8713 -0.3684
vn 0.9847 -0.1742 -0.0043
vn 0.9888 -0.1485 -0.0156
vn 0.9914 -0.1202 0.0508
vn 0.9873 -0.1461 0.0618
vn 0.9586 0.2270 -0.1719
vn 0.9454 0.2666 -0.1876
vn 0.9480 0.2932 -0.1240
vn 0.9612 0.2539 -0.1074
vn -0.9020 0.2572 0.3467
vn -0.8863 0.3551 0.2973
vn -0.9569 0.2686 0.1106
vn -0.9728 0.1723 0.1550
vn 0.4174 0.8247 -0.3817
vn 0.3230 0.8622 -0.3901
vn 0.3242 0.8713 -0.3684
vn 0.4189 0.8364 -0.3536
vn 0.9795 -0.2011 0.0074
vn 0.9847 -0.1742 -0.0043
vn 0.9873 -0.1461 0.0618
vn 0.9822 -0.1730 0.0732
vn 0.9696 0.1884 -0.1565
vn 0.9586 0.2270 -0.1719
vn 0.9612 0.2539 -0.1074
vn 0.9722 0.2157 -0.0912
vn -0.4125 -0.7474 0.5208
vn -0.6617 -0.5109 0.5487
vn -0.7238 -0.5586 0.4050
vn -0.4541 -0.7783 0.4337
vn 0.5026 0.7813 -0.3701
vn 0.4174 0.8247 -0.3817
vn 0.4189 0.8364 -0.3536
vn 0.5044 0.7953 -0.3363
vn 0.9732 -0.2292 0.0198
vn 0.9795 -0.2011 0.0074
vn 0.9822 -0.1730 0.0732
vn 0.9758 -0.2013 0.0851
vn 0.9784 0.1508 -0.1413
vn 0.9696 0.1884 -0.1565
vn 0.9722 0.2157 -0.0912
vn 0.9811 0.1784 -0.0754
vn -0.8863 0.3551 0.2973
vn -0.8536 0.4654 0.2341
vn -0.9237 0.3789 0.0561
vn -0.9569 0.2686 0.1106
vn 0.5783 0.7340 -0.3561
vn 0.5026 0.7813 -0.3701
vn 0.5044 0.7953 -0.3363
vn 0.5803 0.7501 -0.3171
vn 0.9654 -0.2588 0.0329
vn 0.9732 -0.2292 0.0198
vn 0.9758 -0.2013 0.0851
vn 0.9680 -0.2311 0.0977
vn 0.9854 0.1140 -0.1263
vn 0.9784 0.1508 -0.1413
vn 0.9811 0.1784 -0.0754
vn 0.9881 0.1418 -0.0600
vn -0.6617 -0.5109 0.5487
vn -0.7896 -0.3103 0.5294
vn -0.8580 -0.3694 0.3569
vn -0.7238 -0.5586 0.4050
vn 0.6447 0.6845 -0.3404
vn 0.5783 0.7340 -0.3561
vn 0.5803 0.7501 -0.3171
vn 0.6468 0.7024 -0.2970
vn 0.9558 -0.2902 0.0470
vn 0.9654 -0.2588 0.0329
vn 0.9680 -0.2311 0.0977
vn 0.9584 -0.2628 0.1111
vn 0.9907 0.0778 -0.1114
vn 0.9854 0.1140 -0.1263
vn 0.9881 0.1418 -0.0600
vn 0.9934 0.1058 -0.0447
vn -0.8536 0.4654 0.2341
vn -0.7732 0.6213 0.1273
vn -0.8409 0.5403 -0.0316
vn -0.9237 0.3789 0.0561
vn 0.7023 0.6340 -0.3237
vn 0.6447 0.6845 -0.3404
vn 0.6468 0.7024 -0.2970
vn 0.7046 0.6536 -0.2763
vn 0.9441 -0.3238 0.0621
vn 0.9558 -0.2902 0.0470
vn 0.9584 -0.2628 0.1111
vn 0.9467 -0.2967 0.1254
vn 0.9944 0.0421 -0.0966
vn 0.9907 0.0778 -0.1114
vn 0.9934 0.1058 -0.0447
vn 0.9971 0.0703 -0.0297
vn 0.7519 0.5837 -0.3063
vn 0.7023 0.6340 -0.3237
vn 0.7046 0.6536 -0.2763
vn 0.7543 0.6047 -0.2557
vn 0.9297 -0.3599 0.0785
vn 0.9441 -0.3238 0.0621
vn 0.9467 -0.2967 0.1254
vn 0.9323 -0.3332 0.1409
vn 0.9966 0.0068 -0.0818
vn 0.9944 0.0421 -0.0966
vn 0.9971 0.0703 -0.0297
vn 0.9993 0.0351 -0.0148
vn 0.7945 0.5342 -0.2888
vn 0.7519 0.5837 -0.3063
vn 0.7543 0.6047 -0.2557
vn 0.7970 0.5563 -0.2352
vn 0.9119 -0.3990 0.0964
vn 0.9297 -0.3599 0.0785
vn 0.9323 -0.3332 0.1409
vn 0.9145 -0.3727 0.1576
vn 0.9973 -0.0283 -0.0670
vn 0.9966 0.0068 -0.0818
vn 0.9993 0.0351 -0.0148
vn 1.0000 -0.0000 -0.0000
vn 0.8309 0.4858 -0.2712
vn 0.7945 0.5342 -0.2888
vn 0.7970 0.5563 -0.2352
vn 0.8334 0.5090 -0.2152
vn 0.8898 -0.4414 0.1161
vn 0.9119 -0.3990 0.0964
vn 0.9145 -0.3727 0.1576
vn 0.8924 -0.4157 0.1758
vn 0.9968 -0.0576 -0.0546
vn 0.9973 -0.0283 -0.0670
vn 1.0000 -0.0000 -0.0000
vn 0.9995 -0.0292 0.0124
vn 0.8619 0.4390 -0.2539
vn 0.8309 0.4858 -0.2712
vn 0.8334 0.5090 -0.2152
vn 0.8644 0.4630 -0.1958
vn 0.8770 -0.4634 0.1268
vn 0.8898 -0.4414 0.1161
vn 0.8924 -0.4157 0.1758
vn 0.8796 -0.4382 0.1853
vn 0.9993 0.0351 -0.0148
vn 0.9971 0.0703 -0.0297
vn 0.9944 0.0986 0.0371
vn 0.9966 0.0634 0.0521
vn 0.7970 0.5563 -0.2352
vn 0.7543 0.6047 -0.2557
vn 0.7520 0.6264 -0.2053
vn 0.7945 0.5793 -0.1820
vn 0.9145 -0.3727 0.1576
vn 0.9323 -0.3332 0.1409
vn 0.9297 -0.3071 0.2035
vn 0.9119 -0.3471 0.2190
vn 1.0000 -0.0000 -0.0000
vn 0.9993 0.0351 -0.0148
vn 0.9966 0.0634 0.0521
vn 0.9973 0.0283 0.0670
vn 0.8334 0.5090 -0.2152
vn 0.7970 0.5563 -0.2352
vn 0.7945 0.5793 -0.1820
vn 0.8309 0.5331 -0.1596
vn 0.8924 -0.4157 0.1758
vn 0.9145 -0.3727 0.1576
vn 0.9119 -0.3471 0.2190
vn 0.8898 -0.3908 0.2357
vn 0.9995 -0.0292 0.0124
vn 1.0000 -0.0000 -0.0000
vn 0.9973 0.0283 0.0670
vn 0.9968 -0.0009 0.0794
vn 0.8644 0.4630 -0.1958
vn 0.8334 0.5090 -0.2152
vn 0.8309 0.5331 -0.1596
vn 0.8619 0.4879 -0.1380
vn 0.8796 -0.4382 0.1853
vn 0.8924 -0.4157 0.1758
vn 0.8898 -0.3908 0.2357
vn 0.8770 -0.4138 0.2441
vn 0.9985 -0.0499 0.0211
vn 0.9995 -0.0292 0.0124
vn 0.9968 -0.0009 0.0794
vn 0.9959 -0.0216 0.0880
vn 0.8908 0.4185 -0.1769
vn 0.8644 0.4630 -0.1958
vn 0.8619 0.4879 -0.1380
vn 0.8883 0.4441 -0.1174
vn -0.7896 -0.3103 0.5294
vn -0.8536 -0.1563 0.4969
vn -0.9237 -0.2238 0.3109
vn -0.8580 -0.3694 0.3569
vn 0.9970 -0.0708 0.0300
vn 0.9985 -0.0499 0.0211
vn 0.9959 -0.0216 0.0880
vn 0.9944 -0.0427 0.0968
vn 0.9132 0.3753 -0.1587
vn 0.8908 0.4185 -0.1769
vn 0.8883 0.4441 -0.1174
vn 0.9106 0.4016 -0.0977
vn -0.7732 0.6213 0.1273
vn -0.5796 0.8131 -0.0534
vn -0.6356 0.7530 -0.1705
vn -0.8409 0.5403 -0.0316
vn 0.1131 0.9152 -0.3869
vn -0.0000 0.9211 -0.3894
vn 0.1127 0.9184 -0.3794
vn 0.9946 -0.0952 0.0403
vn 0.9970 -0.0708 0.0300
vn 0.9944 -0.0427 0.0968
vn 0.9920 -0.0671 0.1070
vn 0.9321 0.3336 -0.1410
vn 0.9132 0.3753 -0.1587
vn 0.9106 0.4016 -0.0977
vn 0.9295 0.3604 -0.0787
vn -0.8536 -0.1563 0.4969
vn -0.8863 -0.0341 0.4619
vn -0.9569 -0.1078 0.2697
vn -0.9237 -0.2238 0.3109
vn 0.2216 0.8982 -0.3797
vn 0.1131 0.9152 -0.3869
vn 0.1127 0.9184 -0.3794
vn 0.2208 0.9045 -0.3649
vn 0.9914 -0.1202 0.0508
vn 0.9946 -0.0952 0.0403
vn 0.9920 -0.0671 0.1070
vn 0.9888 -0.0923 0.1173
vn 0.9480 0.2932 -0.1240
vn 0.9321 0.3336 -0.1410
vn 0.9295 0.3604 -0.0787
vn 0.9454 0.3203 -0.0606
vn -0.5796 0.8131 -0.0534
vn -0.3001 0.9227 -0.2418
vn -0.3315 0.8939 -0.3019
vn -0.6356 0.7530 -0.1705
vn 0.3242 0.8713 -0.3684
vn 0.2216 0.8982 -0.3797
vn 0.2208 0.9045 -0.3649
vn 0.3230 0.8806 -0.3468
vn 0.9873 -0.1461 0.0618
vn 0.9914 -0.1202 0.0508
vn 0.9888 -0.0923 0.1173
vn 0.9847 -0.1183 0.1280
vn 0.9612 0.2539 -0.1074
vn 0.9480 0.2932 -0.1240
vn 0.9454 0.3203 -0.0606
vn 0.9586 0.2814 -0.0431
vn -0.8863 -0.0341 0.4619
vn -0.9020 0.0696 0.4260
vn -0.9728 -0.0089 0.2316
vn -0.9569 -0.1078 0.2697
vn 0.4189 0.8364 -0.3536
vn 0.3242 0.8713 -0.3684
vn 0.3230 0.8806 -0.3468
vn 0.4174 0.8484 -0.3257
vn 0.9822 -0.1730 0.0732
vn 0.9873 -0.1461 0.0618
vn 0.9847 -0.1183 0.1280
vn 0.9795 -0.1454 0.1391
vn 0.9722 0.2157 -0.0912
vn 0.9612 0.2539 -0.1074
vn 0.9586 0.2814 -0.0431
vn 0.9696 0.2435 -0.0261
vn -0.3001 0.9227 -0.2418
vn 0.0000 0.9211 -0.3894
vn -0.3315 0.8939 -0.3019
vn 0.5044 0.7953 -0.3363
vn 0.4189 0.8364 -0.3536
vn 0.4174 0.8484 -0.3257
vn 0.5026 0.8098 -0.3026
vn 0.9758 -0.2013 0.0851
vn 0.9822 -0.1730 0.0732
vn 0.9795 -0.1454 0.1391
vn 0.9732 -0.1739 0.1506
vn 0.9811 0.1784 -0.0754
vn 0.9722 0.2157 -0.0912
vn 0.9696 0.2435 -0.0261
vn 0.9784 0.2064 -0.0098
vn -0.9020 0.0696 0.4260
vn -0.9067 0.1642 0.3884
vn -0.9775 0.0821 0.1942
vn -0.9728 -0.0089 0.2316
vn 0.5803 0.7501 -0.3171
vn 0.5044 0.7953 -0.3363
vn 0.5026 0.8098 -0.3026
vn 0.5783 0.7668 -0.2784
vn 0.9680 -0.2311 0.0977
vn 0.9758 -0.2013 0.0851
vn 0.9732 -0.1739 0.1506
vn 0.9654 -0.2039 0.1627
vn 0.9881 0.1418 -0.0600
vn 0.9811 0.1784 -0.0754
vn 0.9784 0.2064 -0.0098
vn 0.9854 0.1700 0.0062
vn -0.7785 0.2444 0.5781
vn -0.7740 0.3417 0.5330
vn -0.9020 0.2572 0.3467
vn -0.9067 0.1642 0.3884
vn 0.6468 0.7024 -0.2970
vn 0.5803 0.7501 -0.3171
vn 0.5783 0.7668 -0.2784
vn 0.6447 0.7211 -0.2538
vn 0.9584 -0.2628 0.1111
vn 0.9680 -0.2311 0.0977
vn 0.9654 -0.2039 0.1627
vn 0.9558 -0.2359 0.1755
vn 0.9934 0.1058 -0.0447
vn 0.9881 0.1418 -0.0600
vn 0.9854 0.1700 0.0062
vn 0.9907 0.1341 0.0218
vn -0.0000 -0.9211 0.3894
vn -0.3433 -0.7222 0.6004
vn -0.4125 -0.7474 0.5208
vn 0.7046 0.6536 -0.2763
vn 0.6468 0.7024 -0.2970
vn 0.6447 0.7211 -0.2538
vn 0.7023 0.6739 -0.2293
vn 0.9467 -0.2967 0.1254
vn 0.9584 -0.2628 0.1111
vn 0.9558 -0.2359 0.1755
vn 0.9441 -0.2702 0.1890
vn 0.9971 0.0703 -0.0297
vn 0.9934 0.1058 -0.0447
vn 0.9907 0.1341 0.0218
vn 0.9944 0.0986 0.0371
vn 0.7543 0.6047 -0.2557
vn 0.7046 0.6536 -0.2763
vn 0.7023 0.6739 -0.2293
vn 0.7520 0.6264 -0.2053
vn 0.9323 -0.3332 0.1409
vn 0.9467 -0.2967 0.1254
vn 0.9441 -0.2702 0.1890
vn 0.9297 -0.3071 0.2035
vn 0.9654 -0.2039 0.1627
vn 0.9732 -0.1739 0.1506
vn 0.9652 -0.1469 0.2162
vn 0.9574 -0.1773 0.2278
vn 0.9854 0.1700 0.0062
vn 0.9784 0.2064 -0.0098
vn 0.9705 0.2348 0.0557
vn 0.9775 0.1984 0.0722
vn -0.7740 0.3417 0.5330
vn -0.7591 0.4427 0.4772
vn -0.8863 0.3551 0.2973
vn -0.9020 0.2572 0.3467
vn 0.6447 0.7211 -0.2538
vn 0.5783 0.7668 -0.2784
vn 0.5724 0.7840 -0.2402
vn 0.6382 0.7403 -0.2112
vn 0.9558 -0.2359 0.1755
vn 0.9654 -0.2039 0.1627
vn 0.9574 -0.1773 0.2278
vn 0.9479 -0.2096 0.2400
vn 0.9907 0.1341 0.0218
vn 0.9854 0.1700 0.0062
vn 0.9775 0.1984 0.0722
vn 0.9827 0.1626 0.0882
vn -0.3433 -0.7222 0.6004
vn -0.5558 -0.4728 0.6838
vn -0.6617 -0.5109 0.5487
vn -0.4125 -0.7474 0.5208
vn 0.7023 0.6739 -0.2293
vn 0.6447 0.7211 -0.2538
vn 0.6382 0.7403 -0.2112
vn 0.6955 0.6949 -0.1828
vn 0.9441 -0.2702 0.1890
vn 0.9558 -0.2359 0.1755
vn 0.9479 -0.2096 0.2400
vn 0.9362 -0.2443 0.2527
vn 0.9944 0.0986 0.0371
vn 0.9907 0.1341 0.0218
vn 0.9827 0.1626 0.0882
vn 0.9864 0.1271 0.1037
vn 0.7520 0.6264 -0.2053
vn 0.7023 0.6739 -0.2293
vn 0.6955 0.6949 -0.1828
vn 0.7448 0.6489 -0.1555
vn 0.9297 -0.3071 0.2035
vn 0.9441 -0.2702 0.1890
vn 0.9362 -0.2443 0.2527
vn 0.9218 -0.2817 0.2663
vn 0.9966 0.0634 0.0521
vn 0.9944 0.0986 0.0371
vn 0.9864 0.1271 0.1037
vn 0.9886 0.0919 0.1190
vn 0.7945 0.5793 -0.1820
vn 0.7520 0.6264 -0.2053
vn 0.7448 0.6489 -0.1555
vn 0.7872 0.6030 -0.1293
vn 0.9119 -0.3471 0.2190
vn 0.9297 -0.3071 0.2035
vn 0.9218 -0.2817 0.2663
vn 0.9041 -0.3224 0.2806
vn 0.9973 0.0283 0.0670
vn 0.9966 0.0634 0.0521
vn 0.9886 0.0919 0.1190
vn 0.9894 0.0567 0.1340
vn 0.8309 0.5331 -0.1596
vn 0.7945 0.5793 -0.1820
vn 0.7872 0.6030 -0.1293
vn 0.8234 0.5578 -0.1044
vn 0.8898 -0.3908 0.2357
vn 0.9119 -0.3471 0.2190
vn 0.9041 -0.3224 0.2806
vn 0.8820 -0.3667 0.2959
vn 0.9968 -0.0009 0.0794
vn 0.9973 0.0283 0.0670
vn 0.9894 0.0567 0.1340
vn 0.9889 0.0273 0.1463
vn 0.8619 0.4879 -0.1380
vn 0.8309 0.5331 -0.1596
vn 0.8234 0.5578 -0.1044
vn 0.8542 0.5136 -0.0808
vn 0.8770 -0.4138 0.2441
vn 0.8898 -0.3908 0.2357
vn 0.8820 -0.3667 0.2959
vn 0.8578 -0.4035 0.3184
vn 0.9959 -0.0216 0.0880
vn 0.9968 -0.0009 0.0794
vn 0.9889 0.0273 0.1463
vn 0.9879 0.0065 0.1550
vn 0.8883 0.4441 -0.1174
vn 0.8619 0.4879 -0.1380
vn 0.8542 0.5136 -0.0808
vn 0.8805 0.4704 -0.0583
vn -0.7591 0.4427 0.4772
vn -0.7285 0.5538 0.4032
vn -0.8536 0.4654 0.2341
vn -0.8863 0.3551 0.2973
vn 0.9944 -0.0427 0.0968
vn 0.9959 -0.0216 0.0880
vn 0.9879 0.0065 0.1550
vn 0.9864 -0.0147 0.1637
vn 0.9106 0.4016 -0.0977
vn 0.8883 0.4441 -0.1174
vn 0.8805 0.4704 -0.0583
vn 0.9028 0.4285 -0.0370
vn -0.5558 -0.4728 0.6838
vn -0.6697 -0.2608 0.6954
vn -0.7896 -0.3103 0.5294
vn -0.6617 -0.5109 0.5487
vn 0.1127 0.9184 -0.3794
vn -0.0000 0.9211 -0.3894
vn 0.1114 0.9215 -0.3720
vn 0.9920 -0.0671 0.1070
vn 0.9944 -0.0427 0.0968
vn 0.9864 -0.0147 0.1637
vn 0.9840 -0.0393 0.1737
vn 0.9295 0.3604 -0.0787
vn 0.9106 0.4016 -0.0977
vn 0.9028 0.4285 -0.0370
vn 0.9216 0.3877 -0.0168
vn -0.7285 0.5538 0.4032
vn -0.6550 0.7039 0.2747
vn -0.7732 0.6213 0.1273
vn -0.8536 0.4654 0.2341
vn 0.2208 0.9045 -0.3649
vn 0.1127 0.9184 -0.3794
vn 0.1114 0.9215 -0.3720
vn 0.2183 0.9108 -0.3504
vn 0.9888 -0.0923 0.1173
vn 0.9920 -0.0671 0.1070
vn 0.9840 -0.0393 0.1737
vn 0.9808 -0.0646 0.1839
vn 0.9454 0.3203 -0.0606
vn 0.9295 0.3604 -0.0787
vn 0.9216 0.3877 -0.0168
vn 0.9375 0.3481 0.0025
vn -0.6697 -0.2608 0.6954
vn -0.7285 -0.0966 0.6782
vn -0.8536 -0.1563 0.4969
vn -0.7896 -0.3103 0.5294
vn 0.3230 0.8806 -0.3468
vn 0.2208 0.9045 -0.3649
vn 0.2183 0.9108 -0.3504
vn 0.3195 0.8900 -0.3254
vn 0.9847 -0.1183 0.1280
vn 0.9888 -0.0923 0.1173
vn 0.9808 -0.0646 0.1839
vn 0.9767 -0.0908 0.1943
vn 0.9586 0.2814 -0.0431
vn 0.9454 0.3203 -0.0606
vn 0.9375 0.3481 0.0025
vn 0.9507 0.3094 0.0209
vn -0.6550 0.7039 0.2747
vn -0.4852 0.8729 0.0518
vn -0.5796 0.8131 -0.0534
vn -0.7732 0.6213 0.1273
vn 0.4174 0.8484 -0.3257
vn 0.3230 0.8806 -0.3468
vn 0.3195 0.8900 -0.3254
vn 0.4129 0.8606 -0.2980
vn 0.9795 -0.1454 0.1391
vn 0.9847 -0.1183 0.1280
vn 0.9767 -0.0908 0.1943
vn 0.9716 -0.1182 0.2051
vn 0.9696 0.2435 -0.0261
vn 0.9586 0.2814 -0.0431
vn 0.9507 0.3094 0.0209
vn 0.9616 0.2717 0.0386
vn -0.7285 -0.0966 0.6782
vn -0.7591 0.0338 0.6500
vn -0.8863 -0.0341 0.4619
vn -0.8536 -0.1563 0.4969
vn 0.5026 0.8098 -0.3026
vn 0.4174 0.8484 -0.3257
vn 0.4129 0.8606 -0.2980
vn 0.4973 0.8247 -0.2693
vn 0.9732 -0.1739 0.1506
vn 0.9795 -0.1454 0.1391
vn 0.9716 -0.1182 0.2051
vn 0.9652 -0.1469 0.2162
vn 0.9784 0.2064 -0.0098
vn 0.9696 0.2435 -0.0261
vn 0.9616 0.2717 0.0386
vn 0.9705 0.2348 0.0557
vn -0.4852 0.8729 0.0518
vn -0.2486 0.9500 -0.1889
vn -0.3001 0.9227 -0.2418
vn -0.5796 0.8131 -0.0534
vn 0.5783 0.7668 -0.2784
vn 0.5026 0.8098 -0.3026
vn 0.4973 0.8247 -0.2693
vn 0.5724 0.7840 -0.2402
vn 0.3195 0.8900 -0.3254
vn 0.2183 0.9108 -0.3504
vn 0.2143 0.9172 -0.3360
vn 0.3136 0.8995 -0.3043
vn 0.9767 -0.0908 0.1943
vn 0.9808 -0.0646 0.1839
vn 0.9674 -0.0373 0.2505
vn 0.9633 -0.0638 0.2607
vn 0.9507 0.3094 0.0209
vn 0.9375 0.3481 0.0025
vn 0.9242 0.3763 0.0651
vn 0.9374 0.3379 0.0845
vn -0.7591 0.0338 0.6500
vn -0.7740 0.1443 0.6165
vn -0.9020 0.0696 0.4260
vn -0.8863 -0.0341 0.4619
vn 0.4129 0.8606 -0.2980
vn 0.3195 0.8900 -0.3254
vn 0.3136 0.8995 -0.3043
vn 0.4054 0.8731 -0.2709
vn 0.9716 -0.1182 0.2051
vn 0.9767 -0.0908 0.1943
vn 0.9633 -0.0638 0.2607
vn 0.9582 -0.0914 0.2711
vn 0.9616 0.2717 0.0386
vn 0.9507 0.3094 0.0209
vn 0.9374 0.3379 0.0845
vn 0.9482 0.3003 0.1031
vn -0.2486 0.9500 -0.1889
vn 0.0000 0.9211 -0.3894
vn -0.3001 0.9227 -0.2418
vn 0.4973 0.8247 -0.2693
vn 0.4129 0.8606 -0.2980
vn 0.4054 0.8731 -0.2709
vn 0.4885 0.8398 -0.2367
vn 0.9652 -0.1469 0.2162
vn 0.9716 -0.1182 0.2051
vn 0.9582 -0.0914 0.2711
vn 0.9519 -0.1205 0.2818
vn 0.9705 0.2348 0.0557
vn 0.9616 0.2717 0.0386
vn 0.9482 0.3003 0.1031
vn 0.9571 0.2635 0.1208
vn -0.7740 0.1443 0.6165
vn -0.7785 0.2444 0.5781
vn -0.9067 0.1642 0.3884
vn -0.9020 0.0696 0.4260
vn 0.5724 0.7840 -0.2402
vn 0.4973 0.8247 -0.2693
vn 0.4885 0.8398 -0.2367
vn 0.5625 0.8016 -0.2026
vn 0.9574 -0.1773 0.2278
vn 0.9652 -0.1469 0.2162
vn 0.9519 -0.1205 0.2818
vn 0.9441 -0.1512 0.2930
vn 0.9775 0.1984 0.0722
vn 0.9705 0.2348 0.0557
vn 0.9571 0.2635 0.1208
vn 0.9641 0.2271 0.1379
vn -0.0000 -0.9211 0.3894
vn -0.2479 -0.7033 0.6663
vn -0.3433 -0.7222 0.6004
vn 0.6382 0.7403 -0.2112
vn 0.5724 0.7840 -0.2402
vn 0.5625 0.8016 -0.2026
vn 0.6275 0.7600 -0.1692
vn 0.9479 -0.2096 0.2400
vn 0.9574 -0.1773 0.2278
vn 0.9441 -0.1512 0.2930
vn 0.9346 -0.1840 0.3045
vn 0.9827 0.1626 0.0882
vn 0.9775 0.1984 0.0722
vn 0.9641 0.2271 0.1379
vn 0.9693 0.1913 0.1543
vn -0.5781 0.4192 0.7001
vn -0.5658 0.5237 0.6369
vn -0.7591 0.4427 0.4772
vn -0.7740 0.3417 0.5330
vn 0.6955 0.6949 -0.1828
vn 0.6382 0.7403 -0.2112
vn 0.6275 0.7600 -0.1692
vn 0.6841 0.7164 -0.1370
vn 0.9362 -0.2443 0.2527
vn 0.9479 -0.2096 0.2400
vn 0.9346 -0.1840 0.3045
vn 0.9229 -0.2191 0.3165
vn 0.9864 0.1271 0.1037
vn 0.9827 0.1626 0.0882
vn 0.9693 0.1913 0.1543
vn 0.9730 0.1557 0.1702
vn 0.7448 0.6489 -0.1555
vn 0.6955 0.6949 -0.1828
vn 0.6841 0.7164 -0.1370
vn 0.7329 0.6720 -0.1064
vn 0.9218 -0.2817 0.2663
vn 0.9362 -0.2443 0.2527
vn 0.9229 -0.2191 0.3165
vn 0.9086 -0.2571 0.3291
vn 0.9886 0.0919 0.1190
vn 0.9864 0.1271 0.1037
vn 0.9730 0.1557 0.1702
vn 0.9752 0.1203 0.1857
vn 0.7872 0.6030 -0.1293
vn 0.7448 0.6489 -0.1555
vn 0.7329 0.6720 -0.1064
vn 0.7749 0.6274 -0.0773
vn 0.9041 -0.3224 0.2806
vn 0.9218 -0.2817 0.2663
vn 0.9086 -0.2571 0.3291
vn 0.8910 -0.2984 0.3423
vn 0.9894 0.0567 0.1340
vn 0.9886 0.0919 0.1190
vn 0.9752 0.1203 0.1857
vn 0.9759 0.0849 0.2009
vn 0.8234 0.5578 -0.1044
vn 0.7872 0.6030 -0.1293
vn 0.7749 0.6274 -0.0773
vn 0.8108 0.5832 -0.0499
vn 0.8820 -0.3667 0.2959
vn 0.9041 -0.3224 0.2806
vn 0.8910 -0.2984 0.3423
vn 0.8690 -0.3435 0.3560
vn 0.9889 0.0273 0.1463
vn 0.9894 0.0567 0.1340
vn 0.9759 0.0849 0.2009
vn 0.9754 0.0554 0.2132
vn 0.8542 0.5136 -0.0808
vn 0.8234 0.5578 -0.1044
vn 0.8108 0.5832 -0.0499
vn 0.8414 0.5398 -0.0241
vn 0.8578 -0.4035 0.3184
vn 0.8820 -0.3667 0.2959
vn 0.8690 -0.3435 0.3560
vn 0.8417 -0.3930 0.3703
vn 0.9879 0.0065 0.1550
vn 0.9889 0.0273 0.1463
vn 0.9754 0.0554 0.2132
vn 0.9745 0.0344 0.2218
vn 0.8805 0.4704 -0.0583
vn 0.8542 0.5136 -0.0808
vn 0.8414 0.5398 -0.0241
vn 0.8675 0.4974 0.0002
vn 0.8140 -0.4582 0.3570
vn 0.8578 -0.4035 0.3184
vn 0.8417 -0.3930 0.3703
vn 0.8073 -0.4473 0.3849
vn 0.9864 -0.0147 0.1637
vn 0.9879 0.0065 0.1550
vn 0.9745 0.0344 0.2218
vn 0.9730 0.0131 0.2305
vn 0.9028 0.4285 -0.0370
vn 0.8805 0.4704 -0.0583
vn 0.8675 0.4974 0.0002
vn 0.8897 0.4560 0.0230
vn 0.7944 -0.4858 0.3647
vn 0.8140 -0.4582 0.3570
vn 0.8073 -0.4473 0.3849
vn 0.7692 -0.4942 0.4052
vn 0.1114 0.9215 -0.3720
vn -0.0000 0.9211 -0.3894
vn 0.1093 0.9247 -0.3646
vn 0.9840 -0.0393 0.1737
vn 0.9864 -0.0147 0.1637
vn 0.9730 0.0131 0.2305
vn 0.9706 -0.0117 0.2404
vn 0.9216 0.3877 -0.0168
vn 0.9028 0.4285 -0.0370
vn 0.8897 0.4560 0.0230
vn 0.9084 0.4157 0.0446
vn -0.2479 -0.7033 0.6663
vn -0.4052 -0.4446 0.7989
vn -0.5558 -0.4728 0.6838
vn -0.3433 -0.7222 0.6004
vn 0.2183 0.9108 -0.3504
vn 0.1114 0.9215 -0.3720
vn 0.1093 0.9247 -0.3646
vn 0.2143 0.9172 -0.3360
vn 0.9808 -0.0646 0.1839
vn 0.9840 -0.0393 0.1737
vn 0.9706 -0.0117 0.2404
vn 0.9674 -0.0373 0.2505
vn 0.9375 0.3481 0.0025
vn 0.9216 0.3877 -0.0168
vn 0.9084 0.4157 0.0446
vn 0.9242 0.3763 0.0651
vn -0.5658 0.5237 0.6369
vn -0.5407 0.6357 0.5510
vn -0.7285 0.5538 0.4032
vn -0.7591 0.4427 0.4772
vn 0.8073 -0.4473 0.3849
vn 0.8417 -0.3930 0.3703
vn 0.8236 -0.3716 0.4285
vn 0.7896 -0.4270 0.4407
vn 0.9730 0.0131 0.2305
vn 0.9745 0.0344 0.2218
vn 0.9554 0.0622 0.2886
vn 0.9540 0.0406 0.2972
vn 0.8897 0.4560 0.0230
vn 0.8675 0.4974 0.0002
vn 0.8492 0.5249 0.0579
vn 0.8712 0.4840 0.0824
vn 0.7692 -0.4942 0.4052
vn 0.8073 -0.4473 0.3849
vn 0.7896 -0.4270 0.4407
vn 0.7466 -0.4879 0.4523
vn 0.1093 0.9247 -0.3646
vn -0.0000 0.9211 -0.3894
vn 0.1064 0.9279 -0.3574
vn 0.9706 -0.0117 0.2404
vn 0.9730 0.0131 0.2305
vn 0.9540 0.0406 0.2972
vn 0.9516 0.0155 0.3070
vn 0.9084 0.4157 0.0446
vn 0.8897 0.4560 0.0230
vn 0.8712 0.4840 0.0824
vn 0.8898 0.4441 0.1055
vn 0.7001 -0.5639 0.4381
vn 0.7692 -0.4942 0.4052
vn 0.7466 -0.4879 0.4523
vn 0.6922 -0.5542 0.4623
vn 0.2143 0.9172 -0.3360
vn 0.1093 0.9247 -0.3646
vn 0.1064 0.9279 -0.3574
vn 0.2086 0.9235 -0.3219
vn 0.9674 -0.0373 0.2505
vn 0.9706 -0.0117 0.2404
vn 0.9516 0.0155 0.3070
vn 0.9484 -0.0103 0.3169
vn 0.9242 0.3763 0.0651
vn 0.9084 0.4157 0.0446
vn 0.8898 0.4441 0.1055
vn 0.9054 0.4050 0.1271
vn 0.6692 -0.5965 0.4431
vn 0.7001 -0.5639 0.4381
vn 0.6922 -0.5542 0.4623
vn 0.6326 -0.6119 0.4748
vn 0.3136 0.8995 -0.3043
vn 0.2143 0.9172 -0.3360
vn 0.2086 0.9235 -0.3219
vn 0.3054 0.9089 -0.2839
vn 0.9633 -0.0638 0.2607
vn 0.9674 -0.0373 0.2505
vn 0.9484 -0.0103 0.3169
vn 0.9443 -0.0371 0.3269
vn 0.9374 0.3379 0.0845
vn 0.9242 0.3763 0.0651
vn 0.9054 0.4050 0.1271
vn 0.9185 0.3668 0.1476
vn -0.4052 -0.4446 0.7989
vn -0.4934 -0.2221 0.8409
vn -0.6697 -0.2608 0.6954
vn -0.5558 -0.4728 0.6838
vn 0.4054 0.8731 -0.2709
vn 0.3136 0.8995 -0.3043
vn 0.3054 0.9089 -0.2839
vn 0.3950 0.8856 -0.2445
vn 0.9582 -0.0914 0.2711
vn 0.9633 -0.0638 0.2607
vn 0.9443 -0.0371 0.3269
vn 0.9392 -0.0651 0.3370
vn 0.9482 0.3003 0.1031
vn 0.9374 0.3379 0.0845
vn 0.9185 0.3668 0.1476
vn 0.9293 0.3293 0.1670
vn -0.5407 0.6357 0.5510
vn -0.4820 0.7795 0.4002
vn -0.6550 0.7039 0.2747
vn -0.7285 0.5538 0.4032
vn 0.4885 0.8398 -0.2367
vn 0.4054 0.8731 -0.2709
vn 0.3950 0.8856 -0.2445
vn 0.4762 0.8552 -0.2048
vn 0.9519 -0.1205 0.2818
vn 0.9582 -0.0914 0.2711
vn 0.9392 -0.0651 0.3370
vn 0.9329 -0.0945 0.3474
vn 0.9571 0.2635 0.1208
vn 0.9482 0.3003 0.1031
vn 0.9293 0.3293 0.1670
vn 0.9381 0.2924 0.1855
vn -0.4934 -0.2221 0.8409
vn -0.5407 -0.0476 0.8399
vn -0.7285 -0.0966 0.6782
vn -0.6697 -0.2608 0.6954
vn 0.5625 0.8016 -0.2026
vn 0.4885 0.8398 -0.2367
vn 0.4762 0.8552 -0.2048
vn 0.5487 0.8194 -0.1658
vn 0.9441 -0.1512 0.2930
vn 0.9519 -0.1205 0.2818
vn 0.9329 -0.0945 0.3474
vn 0.9252 -0.1257 0.3580
vn 0.9641 0.2271 0.1379
vn 0.9571 0.2635 0.1208
vn 0.9381 0.2924 0.1855
vn 0.9451 0.2561 0.2032
vn -0.4820 0.7795 0.4002
vn -0.3525 0.9256 0.1381
vn -0.4852 0.8729 0.0518
vn -0.6550 0.7039 0.2747
vn 0.6275 0.7600 -0.1692
vn 0.5625 0.8016 -0.2026
vn 0.5487 0.8194 -0.1658
vn 0.6125 0.7801 -0.1281
vn 0.9346 -0.1840 0.3045
vn 0.9441 -0.1512 0.2930
vn 0.9252 -0.1257 0.3580
vn 0.9157 -0.1590 0.3690
vn 0.9693 0.1913 0.1543
vn 0.9641 0.2271 0.1379
vn 0.9451 0.2561 0.2032
vn 0.9503 0.2201 0.2201
vn -0.5407 -0.0476 0.8399
vn -0.5658 0.0921 0.8194
vn -0.7591 0.0338 0.6500
vn -0.7285 -0.0966 0.6782
vn 0.6841 0.7164 -0.1370
vn 0.6275 0.7600 -0.1692
vn 0.6125 0.7801 -0.1281
vn 0.6681 0.7384 -0.0921
vn 0.9229 -0.2191 0.3165
vn 0.9346 -0.1840 0.3045
vn 0.9157 -0.1590 0.3690
vn 0.9042 -0.1947 0.3803
vn 0.9730 0.1557 0.1702
vn 0.9693 0.1913 0.1543
vn 0.9503 0.2201 0.2201
vn 0.9540 0.1844 0.2365
vn 0.7329 0.6720 -0.1064
vn 0.6841 0.7164 -0.1370
vn 0.6681 0.7384 -0.0921
vn 0.7162 0.6955 -0.0581
vn 0.9086 -0.2571 0.3291
vn 0.9229 -0.2191 0.3165
vn 0.9042 -0.1947 0.3803
vn 0.8899 -0.2333 0.3919
vn 0.9752 0.1203 0.1857
vn 0.9730 0.1557 0.1702
vn 0.9540 0.1844 0.2365
vn 0.9562 0.1488 0.2522
vn 0.7749 0.6274 -0.0773
vn 0.7329 0.6720 -0.1064
vn 0.7162 0.6955 -0.0581
vn 0.7575 0.6523 -0.0262
vn 0.8910 -0.2984 0.3423
vn 0.9086 -0.2571 0.3291
vn 0.8899 -0.2333 0.3919
vn 0.8724 -0.2753 0.4039
vn 0.9759 0.0849 0.2009
vn 0.9752 0.1203 0.1857
vn 0.9562 0.1488 0.2522
vn 0.9569 0.1131 0.2675
vn 0.8108 0.5832 -0.0499
vn 0.7749 0.6274 -0.0773
vn 0.7575 0.6523 -0.0262
vn 0.7930 0.6092 0.0037
vn 0.8690 -0.3435 0.3560
vn 0.8910 -0.2984 0.3423
vn 0.8724 -0.2753 0.4039
vn 0.8507 -0.3212 0.4161
vn 0.9754 0.0554 0.2132
vn 0.9759 0.0849 0.2009
vn 0.9569 0.1131 0.2675
vn 0.9564 0.0833 0.2800
vn 0.8414 0.5398 -0.0241
vn 0.8108 0.5832 -0.0499
vn 0.7930 0.6092 0.0037
vn 0.8233 0.5667 0.0317
vn 0.8417 -0.3930 0.3703
vn 0.8690 -0.3435 0.3560
vn 0.8507 -0.3212 0.4161
vn 0.8236 -0.3716 0.4285
vn 0.9745 0.0344 0.2218
vn 0.9754 0.0554 0.2132
vn 0.9564 0.0833 0.2800
vn 0.9554 0.0622 0.2886
vn 0.8675 0.4974 0.0002
vn 0.8414 0.5398 -0.0241
vn 0.8233 0.5667 0.0317
vn 0.8492 0.5249 0.0579
vn 0.7575 0.6523 -0.0262
vn 0.7162 0.6955 -0.0581
vn 0.6945 0.7194 -0.0110
vn 0.7351 0.6775 0.0239
vn 0.8724 -0.2753 0.4039
vn 0.8899 -0.2333 0.3919
vn 0.8656 -0.2103 0.4544
vn 0.8483 -0.2530 0.4651
vn 0.9569 0.1131 0.2675
vn 0.9562 0.1488 0.2522
vn 0.9313 0.1771 0.3183
vn 0.9320 0.1411 0.3338
vn 0.7930 0.6092 0.0037
vn 0.7575 0.6523 -0.0262
vn 0.7351 0.6775 0.0239
vn 0.7700 0.6355 0.0563
vn 0.8507 -0.3212 0.4161
vn 0.8724 -0.2753 0.4039
vn 0.8483 -0.2530 0.4651
vn 0.8269 -0.2998 0.4758
vn 0.9564 0.0833 0.2800
vn 0.9569 0.1131 0.2675
vn 0.9320 0.1411 0.3338
vn 0.9315 0.1110 0.3464
vn 0.8233 0.5667 0.0317
vn 0.7930 0.6092 0.0037
vn 0.7700 0.6355 0.0563
vn 0.7999 0.5939 0.0866
vn 0.8236 -0.3716 0.4285
vn 0.8507 -0.3212 0.4161
vn 0.8269 -0.2998 0.4758
vn 0.8001 -0.3512 0.4863
vn 0.9554 0.0622 0.2886
vn 0.9564 0.0833 0.2800
vn 0.9315 0.1110 0.3464
vn 0.9306 0.0896 0.3550
vn 0.8492 0.5249 0.0579
vn 0.8233 0.5667 0.0317
vn 0.7999 0.5939 0.0866
vn 0.8254 0.5528 0.1147
vn 0.7896 -0.4270 0.4407
vn 0.8236 -0.3716 0.4285
vn 0.8001 -0.3512 0.4863
vn 0.7666 -0.4077 0.4960
vn 0.9540 0.0406 0.2972
vn 0.9554 0.0622 0.2886
vn 0.9306 0.0896 0.3550
vn 0.9291 0.0678 0.3636
vn 0.8712 0.4840 0.0824
vn 0.8492 0.5249 0.0579
vn 0.8254 0.5528 0.1147
vn 0.8471 0.5124 0.1410
vn 0.7466 -0.4879 0.4523
vn 0.7896 -0.4270 0.4407
vn 0.7666 -0.4077 0.4960
vn 0.7244 -0.4699 0.5044
vn 0.1064 0.9279 -0.3574
vn -0.0000 0.9211 -0.3894
vn 0.1027 0.9309 -0.3505
vn 0.9516 0.0155 0.3070
vn 0.9540 0.0406 0.2972
vn 0.9291 0.0678 0.3636
vn 0.9267 0.0425 0.3733
vn 0.8898 0.4441 0.1055
vn 0.8712 0.4840 0.0824
vn 0.8471 0.5124 0.1410
vn 0.8655 0.4729 0.1655
vn 0.6922 -0.5542 0.4623
vn 0.7466 -0.4879 0.4523
vn 0.7244 -0.4699 0.5044
vn 0.6710 -0.5377 0.5105
vn 0.2086 0.9235 -0.3219
vn 0.1064 0.9279 -0.3574
vn 0.1027 0.9309 -0.3505
vn 0.2013 0.9297 -0.3084
vn 0.9484 -0.0103 0.3169
vn 0.9516 0.0155 0.3070
vn 0.9267 0.0425 0.3733
vn 0.9236 0.0163 0.3831
vn 0.9054 0.4050 0.1271
vn 0.8898 0.4441 0.1055
vn 0.8655 0.4729 0.1655
vn 0.8810 0.4340 0.1884
vn 0.6326 -0.6119 0.4748
vn 0.6922 -0.5542 0.4623
vn 0.6710 -0.5377 0.5105
vn 0.6037 -0.6104 0.5128
vn 0.3054 0.9089 -0.2839
vn 0.2086 0.9235 -0.3219
vn 0.2013 0.9297 -0.3084
vn 0.2949 0.9183 -0.2640
vn 0.9443 -0.0371 0.3269
vn 0.9484 -0.0103 0.3169
vn 0.9236 0.0163 0.3831
vn 0.9195 -0.0109 0.3928
vn 0.9185 0.3668 0.1476
vn 0.9054 0.4050 0.1271
vn 0.8810 0.4340 0.1884
vn 0.8939 0.3959 0.2100
vn 0.5747 -0.6541 0.4919
vn 0.6326 -0.6119 0.4748
vn 0.6037 -0.6104 0.5128
vn 0.5308 -0.6731 0.5150
vn 0.3950 0.8856 -0.2445
vn 0.3054 0.9089 -0.2839
vn 0.2949 0.9183 -0.2640
vn 0.3816 0.8981 -0.2188
vn 0.9392 -0.0651 0.3370
vn 0.9443 -0.0371 0.3269
vn 0.9195 -0.0109 0.3928
vn 0.9145 -0.0393 0.4027
vn 0.9293 0.3293 0.1670
vn 0.9185 0.3668 0.1476
vn 0.8939 0.3959 0.2100
vn 0.9047 0.3585 0.2304
vn -0.3525 0.9256 0.1381
vn -0.1786 0.9729 -0.1467
vn -0.2486 0.9500 -0.1889
vn -0.4852 0.8729 0.0518
vn 0.4762 0.8552 -0.2048
vn 0.3950 0.8856 -0.2445
vn 0.3816 0.8981 -0.2188
vn 0.4604 0.8705 -0.1739
vn 0.9329 -0.0945 0.3474
vn 0.9392 -0.0651 0.3370
vn 0.9145 -0.0393 0.4027
vn 0.9082 -0.0692 0.4127
vn 0.9381 0.2924 0.1855
vn 0.9293 0.3293 0.1670
vn 0.9047 0.3585 0.2304
vn 0.9134 0.3216 0.2497
vn -0.5658 0.0921 0.8194
vn -0.5781 0.2102 0.7884
vn -0.7740 0.1443 0.6165
vn -0.7591 0.0338 0.6500
vn 0.5487 0.8194 -0.1658
vn 0.4762 0.8552 -0.2048
vn 0.4604 0.8705 -0.1739
vn 0.5309 0.8374 -0.1301
vn 0.9252 -0.1257 0.3580
vn 0.9329 -0.0945 0.3474
vn 0.9082 -0.0692 0.4127
vn 0.9006 -0.1009 0.4229
vn 0.9451 0.2561 0.2032
vn 0.9381 0.2924 0.1855
vn 0.9134 0.3216 0.2497
vn 0.9203 0.2851 0.2680
vn -0.1786 0.9729 -0.1467
vn 0.0000 0.9211 -0.3894
vn -0.2486 0.9500 -0.1889
vn 0.6125 0.7801 -0.1281
vn 0.5487 0.8194 -0.1658
vn 0.5309 0.8374 -0.1301
vn 0.5931 0.8003 -0.0881
vn 0.9157 -0.1590 0.3690
vn 0.9252 -0.1257 0.3580
vn 0.9006 -0.1009 0.4229
vn 0.8912 -0.1347 0.4332
vn 0.9503 0.2201 0.2201
vn 0.9451 0.2561 0.2032
vn 0.9203 0.2851 0.2680
vn 0.9255 0.2490 0.2855
vn -0.5781 0.2102 0.7884
vn -0.5818 0.3167 0.7491
vn -0.7785 0.2444 0.5781
vn -0.7740 0.1443 0.6165
vn 0.6681 0.7384 -0.0921
vn 0.6125 0.7801 -0.1281
vn 0.5931 0.8003 -0.0881
vn 0.6474 0.7606 -0.0484
vn 0.9042 -0.1947 0.3803
vn 0.9157 -0.1590 0.3690
vn 0.8912 -0.1347 0.4332
vn 0.8797 -0.1710 0.4437
vn 0.9540 0.1844 0.2365
vn 0.9503 0.2201 0.2201
vn 0.9255 0.2490 0.2855
vn 0.9291 0.2130 0.3022
vn 0.7162 0.6955 -0.0581
vn 0.6681 0.7384 -0.0921
vn 0.6474 0.7606 -0.0484
vn 0.6945 0.7194 -0.0110
vn 0.8899 -0.2333 0.3919
vn 0.9042 -0.1947 0.3803
vn 0.8797 -0.1710 0.4437
vn 0.8656 -0.2103 0.4544
vn 0.9562 0.1488 0.2522
vn 0.9540 0.1844 0.2365
vn 0.9291 0.2130 0.3022
vn 0.9313 0.1771 0.3183
vn -0.5818 0.3167 0.7491
vn -0.5781 0.4192 0.7001
vn -0.7740 0.3417 0.5330
vn -0.7785 0.2444 0.5781
vn 0.5931 0.8003 -0.0881
vn 0.5309 0.8374 -0.1301
vn 0.5092 0.8553 -0.0956
vn 0.5694 0.8206 -0.0494
vn 0.8912 -0.1347 0.4332
vn 0.9006 -0.1009 0.4229
vn 0.8699 -0.0767 0.4872
vn 0.8607 -0.1111 0.4969
vn 0.9255 0.2490 0.2855
vn 0.9203 0.2851 0.2680
vn 0.8894 0.3142 0.3321
vn 0.8945 0.2778 0.3502
vn -0.3126 0.4763 0.8218
vn -0.3054 0.5837 0.7524
vn -0.5658 0.5237 0.6369
vn -0.5781 0.4192 0.7001
vn 0.6474 0.7606 -0.0484
vn 0.5931 0.8003 -0.0881
vn 0.5694 0.8206 -0.0494
vn 0.6221 0.7829 -0.0059
vn 0.8797 -0.1710 0.4437
vn 0.8912 -0.1347 0.4332
vn 0.8607 -0.1111 0.4969
vn 0.8494 -0.1481 0.5066
vn 0.9291 0.2130 0.3022
vn 0.9255 0.2490 0.2855
vn 0.8945 0.2778 0.3502
vn 0.8981 0.2416 0.3674
vn 0.6945 0.7194 -0.0110
vn 0.6474 0.7606 -0.0484
vn 0.6221 0.7829 -0.0059
vn 0.6679 0.7434 0.0347
vn 0.8656 -0.2103 0.4544
vn 0.8797 -0.1710 0.4437
vn 0.8494 -0.1481 0.5066
vn 0.8355 -0.1882 0.5163
vn 0.9313 0.1771 0.3183
vn 0.9291 0.2130 0.3022
vn 0.8981 0.2416 0.3674
vn 0.9003 0.2053 0.3839
vn 0.7351 0.6775 0.0239
vn 0.6945 0.7194 -0.0110
vn 0.6679 0.7434 0.0347
vn 0.7075 0.7029 0.0726
vn 0.8483 -0.2530 0.4651
vn 0.8656 -0.2103 0.4544
vn 0.8355 -0.1882 0.5163
vn 0.8184 -0.2317 0.5258
vn 0.9320 0.1411 0.3338
vn 0.9313 0.1771 0.3183
vn 0.9003 0.2053 0.3839
vn 0.9010 0.1689 0.3996
vn 0.7700 0.6355 0.0563
vn 0.7351 0.6775 0.0239
vn 0.7075 0.7029 0.0726
vn 0.7416 0.6621 0.1077
vn 0.8269 -0.2998 0.4758
vn 0.8483 -0.2530 0.4651
vn 0.8184 -0.2317 0.5258
vn 0.7974 -0.2794 0.5349
vn 0.9315 0.1110 0.3464
vn 0.9320 0.1411 0.3338
vn 0.9010 0.1689 0.3996
vn 0.9005 0.1385 0.4122
vn 0.7999 0.5939 0.0866
vn 0.7700 0.6355 0.0563
vn 0.7416 0.6621 0.1077
vn 0.7709 0.6213 0.1402
vn 0.8001 -0.3512 0.4863
vn 0.8269 -0.2998 0.4758
vn 0.7974 -0.2794 0.5349
vn 0.7711 -0.3318 0.5434
vn 0.9306 0.0896 0.3550
vn 0.9315 0.1110 0.3464
vn 0.9005 0.1385 0.4122
vn 0.8996 0.1168 0.4209
vn 0.8254 0.5528 0.1147
vn 0.7999 0.5939 0.0866
vn 0.7709 0.6213 0.1402
vn 0.7959 0.5810 0.1704
vn 0.7666 -0.4077 0.4960
vn 0.8001 -0.3512 0.4863
vn 0.7711 -0.3318 0.5434
vn 0.7383 -0.3895 0.5506
vn 0.9291 0.0678 0.3636
vn 0.9306 0.0896 0.3550
vn 0.8996 0.1168 0.4209
vn 0.8981 0.0947 0.4295
vn 0.8471 0.5124 0.1410
vn 0.8254 0.5528 0.1147
vn 0.7959 0.5810 0.1704
vn 0.8172 0.5411 0.1984
vn 0.7244 -0.4699 0.5044
vn 0.7666 -0.4077 0.4960
vn 0.7383 -0.3895 0.5506
vn 0.6971 -0.4530 0.5558
vn 0.1027 0.9309 -0.3505
vn -0.0000 0.9211 -0.3894
vn 0.0982 0.9339 -0.3438
vn 0.9267 0.0425 0.3733
vn 0.9291 0.0678 0.3636
vn 0.8981 0.0947 0.4295
vn 0.8958 0.0689 0.4391
vn 0.8655 0.4729 0.1655
vn 0.8471 0.5124 0.1410
vn 0.8172 0.5411 0.1984
vn 0.8353 0.5019 0.2245
vn 0.6710 -0.5377 0.5105
vn 0.7244 -0.4699 0.5044
vn 0.6971 -0.4530 0.5558
vn 0.6451 -0.5222 0.5579
vn 0.2013 0.9297 -0.3084
vn 0.1027 0.9309 -0.3505
vn 0.0982 0.9339 -0.3438
vn 0.1925 0.9358 -0.2953
vn 0.9236 0.0163 0.3831
vn 0.9267 0.0425 0.3733
vn 0.8958 0.0689 0.4391
vn 0.8927 0.0424 0.4487
vn 0.8810 0.4340 0.1884
vn 0.8655 0.4729 0.1655
vn 0.8353 0.5019 0.2245
vn 0.8506 0.4633 0.2488
vn 0.6037 -0.6104 0.5128
vn 0.6710 -0.5377 0.5105
vn 0.6451 -0.5222 0.5579
vn 0.5797 -0.5965 0.5551
vn 0.2949 0.9183 -0.2640
vn 0.2013 0.9297 -0.3084
vn 0.1925 0.9358 -0.2953
vn 0.2821 0.9276 -0.2450
vn 0.9195 -0.0109 0.3928
vn 0.9236 0.0163 0.3831
vn 0.8927 0.0424 0.4487
vn 0.8887 0.0148 0.4583
vn 0.8939 0.3959 0.2100
vn 0.8810 0.4340 0.1884
vn 0.8506 0.4633 0.2488
vn 0.8634 0.4253 0.2715
vn 0.5308 -0.6731 0.5150
vn 0.6037 -0.6104 0.5128
vn 0.5797 -0.5965 0.5551
vn 0.4982 -0.6742 0.5452
vn 0.3816 0.8981 -0.2188
vn 0.2949 0.9183 -0.2640
vn 0.2821 0.9276 -0.2450
vn 0.3654 0.9104 -0.1942
vn 0.9145 -0.0393 0.4027
vn 0.9195 -0.0109 0.3928
vn 0.8887 0.0148 0.4583
vn 0.8837 -0.0141 0.4679
vn 0.9047 0.3585 0.2304
vn 0.8939 0.3959 0.2100
vn 0.8634 0.4253 0.2715
vn 0.8740 0.3878 0.2929
vn 0.4616 -0.7180 0.5210
vn 0.5308 -0.6731 0.5150
vn 0.4982 -0.6742 0.5452
vn 0.4519 -0.7133 0.5357
vn 0.4604 0.8705 -0.1739
vn 0.3816 0.8981 -0.2188
vn 0.3654 0.9104 -0.1942
vn 0.4413 0.8857 -0.1441
vn 0.9082 -0.0692 0.4127
vn 0.9145 -0.0393 0.4027
vn 0.8837 -0.0141 0.4679
vn 0.8775 -0.0445 0.4775
vn 0.9134 0.3216 0.2497
vn 0.9047 0.3585 0.2304
vn 0.8740 0.3878 0.2929
vn 0.8826 0.3508 0.3131
vn -0.1305 -0.6914 0.7106
vn -0.2148 -0.4270 0.8784
vn -0.4052 -0.4446 0.7989
vn -0.2479 -0.7033 0.6663
vn 0.5309 0.8374 -0.1301
vn 0.4604 0.8705 -0.1739
vn 0.4413 0.8857 -0.1441
vn 0.5092 0.8553 -0.0956
vn 0.9006 -0.1009 0.4229
vn 0.9082 -0.0692 0.4127
vn 0.8775 -0.0445 0.4775
vn 0.8699 -0.0767 0.4872
vn 0.9203 0.2851 0.2680
vn 0.9134 0.3216 0.2497
vn 0.8826 0.3508 0.3131
vn 0.8894 0.3142 0.3321
vn 0.8634 0.4253 0.2715
vn 0.8506 0.4633 0.2488
vn 0.8140 0.4925 0.3079
vn 0.8266 0.4546 0.3319
vn 0.4982 -0.6742 0.5452
vn 0.5797 -0.5965 0.5551
vn 0.5514 -0.5836 0.5961
vn 0.4732 -0.6630 0.5800
vn 0.3654 0.9104 -0.1942
vn 0.2821 0.9276 -0.2450
vn 0.2673 0.9365 -0.2268
vn 0.3464 0.9224 -0.1707
vn 0.8837 -0.0141 0.4679
vn 0.8887 0.0148 0.4583
vn 0.8514 0.0398 0.5230
vn 0.8465 0.0104 0.5323
vn 0.8740 0.3878 0.2929
vn 0.8634 0.4253 0.2715
vn 0.8266 0.4546 0.3319
vn 0.8370 0.4171 0.3543
vn 0.4519 -0.7133 0.5357
vn 0.4982 -0.6742 0.5452
vn 0.4732 -0.6630 0.5800
vn 0.4291 -0.7032 0.5669
vn 0.4413 0.8857 -0.1441
vn 0.3654 0.9104 -0.1942
vn 0.3464 0.9224 -0.1707
vn 0.4187 0.9007 -0.1156
vn 0.8775 -0.0445 0.4775
vn 0.8837 -0.0141 0.4679
vn 0.8465 0.0104 0.5323
vn 0.8404 -0.0206 0.5415
vn 0.8826 0.3508 0.3131
vn 0.8740 0.3878 0.2929
vn 0.8370 0.4171 0.3543
vn 0.8454 0.3799 0.3754
vn -0.3054 0.5837 0.7524
vn -0.2908 0.6961 0.6564
vn -0.5407 0.6357 0.5510
vn -0.5658 0.5237 0.6369
vn 0.5092 0.8553 -0.0956
vn 0.4413 0.8857 -0.1441
vn 0.4187 0.9007 -0.1156
vn 0.4838 0.8730 -0.0627
vn 0.8699 -0.0767 0.4872
vn 0.8775 -0.0445 0.4775
vn 0.8404 -0.0206 0.5415
vn 0.8330 -0.0534 0.5507
vn 0.8894 0.3142 0.3321
vn 0.8826 0.3508 0.3131
vn 0.8454 0.3799 0.3754
vn 0.8521 0.3431 0.3952
vn -0.2148 -0.4270 0.8784
vn -0.2638 -0.1970 0.9442
vn -0.4934 -0.2221 0.8409
vn -0.4052 -0.4446 0.7989
vn 0.5694 0.8206 -0.0494
vn 0.5092 0.8553 -0.0956
vn 0.4838 0.8730 -0.0627
vn 0.5415 0.8406 -0.0124
vn 0.8607 -0.1111 0.4969
vn 0.8699 -0.0767 0.4872
vn 0.8330 -0.0534 0.5507
vn 0.8239 -0.0885 0.5598
vn 0.8945 0.2778 0.3502
vn 0.8894 0.3142 0.3321
vn 0.8521 0.3431 0.3952
vn 0.8572 0.3065 0.4139
vn -0.2908 0.6961 0.6564
vn -0.2575 0.8343 0.4874
vn -0.4820 0.7795 0.4002
vn -0.5407 0.6357 0.5510
vn 0.6221 0.7829 -0.0059
vn 0.5694 0.8206 -0.0494
vn 0.5415 0.8406 -0.0124
vn 0.5922 0.8051 0.0349
vn 0.8494 -0.1481 0.5066
vn 0.8607 -0.1111 0.4969
vn 0.8239 -0.0885 0.5598
vn 0.8128 -0.1262 0.5687
vn 0.8981 0.2416 0.3674
vn 0.8945 0.2778 0.3502
vn 0.8572 0.3065 0.4139
vn 0.8607 0.2699 0.4317
vn 0.6679 0.7434 0.0347
vn 0.6221 0.7829 -0.0059
vn 0.5922 0.8051 0.0349
vn 0.6364 0.7673 0.0789
vn 0.8355 -0.1882 0.5163
vn 0.8494 -0.1481 0.5066
vn 0.8128 -0.1262 0.5687
vn 0.7993 -0.1670 0.5773
vn 0.9003 0.2053 0.3839
vn 0.8981 0.2416 0.3674
vn 0.8607 0.2699 0.4317
vn 0.8628 0.2332 0.4485
vn 0.7075 0.7029 0.0726
vn 0.6679 0.7434 0.0347
vn 0.6364 0.7673 0.0789
vn 0.6747 0.7283 0.1197
vn 0.8184 -0.2317 0.5258
vn 0.8355 -0.1882 0.5163
vn 0.7993 -0.1670 0.5773
vn 0.7826 -0.2114 0.5855
vn 0.9010 0.1689 0.3996
vn 0.9003 0.2053 0.3839
vn 0.8628 0.2332 0.4485
vn 0.8635 0.1964 0.4645
vn 0.7416 0.6621 0.1077
vn 0.7075 0.7029 0.0726
vn 0.6747 0.7283 0.1197
vn 0.7078 0.6887 0.1575
vn 0.7974 -0.2794 0.5349
vn 0.8184 -0.2317 0.5258
vn 0.7826 -0.2114 0.5855
vn 0.7620 -0.2601 0.5930
vn 0.9005 0.1385 0.4122
vn 0.9010 0.1689 0.3996
vn 0.8635 0.1964 0.4645
vn 0.8631 0.1655 0.4772
vn 0.7709 0.6213 0.1402
vn 0.7416 0.6621 0.1077
vn 0.7078 0.6887 0.1575
vn 0.7362 0.6488 0.1924
vn 0.7711 -0.3318 0.5434
vn 0.7974 -0.2794 0.5349
vn 0.7620 -0.2601 0.5930
vn 0.7365 -0.3136 0.5994
vn 0.8996 0.1168 0.4209
vn 0.9005 0.1385 0.4122
vn 0.8631 0.1655 0.4772
vn 0.8621 0.1435 0.4859
vn 0.7959 0.5810 0.1704
vn 0.7709 0.6213 0.1402
vn 0.7362 0.6488 0.1924
vn 0.7606 0.6091 0.2246
vn 0.7383 -0.3895 0.5506
vn 0.7711 -0.3318 0.5434
vn 0.7365 -0.3136 0.5994
vn 0.7046 -0.3724 0.6041
vn 0.8981 0.0947 0.4295
vn 0.8996 0.1168 0.4209
vn 0.8621 0.1435 0.4859
vn 0.8607 0.1211 0.4945
vn 0.8172 0.5411 0.1984
vn 0.7959 0.5810 0.1704
vn 0.7606 0.6091 0.2246
vn 0.7814 0.5698 0.2545
vn 0.6971 -0.4530 0.5558
vn 0.7383 -0.3895 0.5506
vn 0.7046 -0.3724 0.6041
vn 0.6646 -0.4371 0.6060
vn 0.0982 0.9339 -0.3438
vn -0.0000 0.9211 -0.3894
vn 0.0930 0.9367 -0.3374
vn 0.8958 0.0689 0.4391
vn 0.8981 0.0947 0.4295
vn 0.8607 0.1211 0.4945
vn 0.8584 0.0949 0.5041
vn 0.8353 0.5019 0.2245
vn 0.8172 0.5411 0.1984
vn 0.7814 0.5698 0.2545
vn 0.7991 0.5309 0.2822
vn 0.6451 -0.5222 0.5579
vn 0.6971 -0.4530 0.5558
vn 0.6646 -0.4371 0.6060
vn 0.6143 -0.5077 0.6040
vn 0.1925 0.9358 -0.2953
vn 0.0982 0.9339 -0.3438
vn 0.0930 0.9367 -0.3374
vn 0.1823 0.9417 -0.2829
vn 0.8927 0.0424 0.4487
vn 0.8958 0.0689 0.4391
vn 0.8584 0.0949 0.5041
vn 0.8553 0.0679 0.5136
vn 0.8506 0.4633 0.2488
vn 0.8353 0.5019 0.2245
vn 0.7991 0.5309 0.2822
vn 0.8140 0.4925 0.3079
vn 0.5797 -0.5965 0.5551
vn 0.6451 -0.5222 0.5579
vn 0.6143 -0.5077 0.6040
vn 0.5514 -0.5836 0.5961
vn 0.2821 0.9276 -0.2450
vn 0.1925 0.9358 -0.2953
vn 0.1823 0.9417 -0.2829
vn 0.2673 0.9365 -0.2268
vn 0.8887 0.0148 0.4583
vn 0.8927 0.0424 0.4487
vn 0.8553 0.0679 0.5136
vn 0.8514 0.0398 0.5230
vn 0.7814 0.5698 0.2545
vn 0.7606 0.6091 0.2246
vn 0.7193 0.6371 0.2771
vn 0.7394 0.5983 0.3088
vn 0.6646 -0.4371 0.6060
vn 0.7046 -0.3724 0.6041
vn 0.6652 -0.3565 0.6560
vn 0.6268 -0.4225 0.6547
vn 0.0930 0.9367 -0.3374
vn -0.0000 0.9211 -0.3894
vn 0.0870 0.9395 -0.3314
vn 0.8584 0.0949 0.5041
vn 0.8607 0.1211 0.4945
vn 0.8165 0.1468 0.5583
vn 0.8143 0.1201 0.5679
vn 0.7991 0.5309 0.2822
vn 0.7814 0.5698 0.2545
vn 0.7394 0.5983 0.3088
vn 0.7566 0.5597 0.3382
vn 0.6143 -0.5077 0.6040
vn 0.6646 -0.4371 0.6060
vn 0.6268 -0.4225 0.6547
vn 0.5787 -0.4944 0.6485
vn 0.1823 0.9417 -0.2829
vn 0.0930 0.9367 -0.3374
vn 0.0870 0.9395 -0.3314
vn 0.1706 0.9473 -0.2712
vn 0.8553 0.0679 0.5136
vn 0.8584 0.0949 0.5041
vn 0.8143 0.1201 0.5679
vn 0.8113 0.0926 0.5772
vn 0.8140 0.4925 0.3079
vn 0.7991 0.5309 0.2822
vn 0.7566 0.5597 0.3382
vn 0.7711 0.5215 0.3654
vn 0.5514 -0.5836 0.5961
vn 0.6143 -0.5077 0.6040
vn 0.5787 -0.4944 0.6485
vn 0.5187 -0.5718 0.6356
vn 0.2673 0.9365 -0.2268
vn 0.1823 0.9417 -0.2829
vn 0.1706 0.9473 -0.2712
vn 0.2504 0.9452 -0.2098
vn 0.8514 0.0398 0.5230
vn 0.8553 0.0679 0.5136
vn 0.8113 0.0926 0.5772
vn 0.8075 0.0640 0.5864
vn 0.8266 0.4546 0.3319
vn 0.8140 0.4925 0.3079
vn 0.7711 0.5215 0.3654
vn 0.7833 0.4836 0.3907
vn 0.4732 -0.6630 0.5800
vn 0.5514 -0.5836 0.5961
vn 0.5187 -0.5718 0.6356
vn 0.4445 -0.6528 0.6134
vn 0.3464 0.9224 -0.1707
vn 0.2673 0.9365 -0.2268
vn 0.2504 0.9452 -0.2098
vn 0.3248 0.9341 -0.1485
vn 0.8465 0.0104 0.5323
vn 0.8514 0.0398 0.5230
vn 0.8075 0.0640 0.5864
vn 0.8027 0.0341 0.5954
vn 0.8370 0.4171 0.3543
vn 0.8266 0.4546 0.3319
vn 0.7833 0.4836 0.3907
vn 0.7934 0.4460 0.4142
vn 0.4291 -0.7032 0.5669
vn 0.4732 -0.6630 0.5800
vn 0.4445 -0.6528 0.6134
vn 0.3655 -0.7216 0.5880
vn 0.4187 0.9007 -0.1156
vn 0.3464 0.9224 -0.1707
vn 0.3248 0.9341 -0.1485
vn 0.3930 0.9153 -0.0887
vn 0.8404 -0.0206 0.5415
vn 0.8465 0.0104 0.5323
vn 0.8027 0.0341 0.5954
vn 0.7968 0.0025 0.6043
vn 0.8454 0.3799 0.3754
vn 0.8370 0.4171 0.3543
vn 0.7934 0.4460 0.4142
vn 0.8016 0.4088 0.4363
vn -0.2638 -0.1970 0.9442
vn -0.2908 -0.0142 0.9567
vn -0.5407 -0.0476 0.8399
vn -0.4934 -0.2221 0.8409
vn 0.4838 0.8730 -0.0627
vn 0.4187 0.9007 -0.1156
vn 0.3930 0.9153 -0.0887
vn 0.4545 0.8902 -0.0314
vn 0.8330 -0.0534 0.5507
vn 0.8404 -0.0206 0.5415
vn 0.7968 0.0025 0.6043
vn 0.7895 -0.0309 0.6129
vn 0.8521 0.3431 0.3952
vn 0.8454 0.3799 0.3754
vn 0.8016 0.4088 0.4363
vn 0.8081 0.3717 0.4569
vn -0.2575 0.8343 0.4874
vn -0.1864 0.9627 0.1962
vn -0.3525 0.9256 0.1381
vn -0.4820 0.7795 0.4002
vn 0.5415 0.8406 -0.0124
vn 0.4838 0.8730 -0.0627
vn 0.4545 0.8902 -0.0314
vn 0.5093 0.8603 0.0229
vn 0.8239 -0.0885 0.5598
vn 0.8330 -0.0534 0.5507
vn 0.7895 -0.0309 0.6129
vn 0.7807 -0.0667 0.6213
vn 0.8572 0.3065 0.4139
vn 0.8521 0.3431 0.3952
vn 0.8081 0.3717 0.4569
vn 0.8131 0.3347 0.4763
vn -0.2908 -0.0142 0.9567
vn -0.3054 0.1331 0.9429
vn -0.5658 0.0921 0.8194
vn -0.5407 -0.0476 0.8399
vn 0.5922 0.8051 0.0349
vn 0.5415 0.8406 -0.0124
vn 0.5093 0.8603 0.0229
vn 0.5576 0.8269 0.0738
vn 0.8128 -0.1262 0.5687
vn 0.8239 -0.0885 0.5598
vn 0.7807 -0.0667 0.6213
vn 0.7699 -0.1052 0.6294
vn 0.8607 0.2699 0.4317
vn 0.8572 0.3065 0.4139
vn 0.8131 0.3347 0.4763
vn 0.8166 0.2977 0.4946
vn 0.6364 0.7673 0.0789
vn 0.5922 0.8051 0.0349
vn 0.5576 0.8269 0.0738
vn 0.5998 0.7909 0.1211
vn 0.7993 -0.1670 0.5773
vn 0.8128 -0.1262 0.5687
vn 0.7699 -0.1052 0.6294
vn 0.7567 -0.1469 0.6370
vn 0.8628 0.2332 0.4485
vn 0.8607 0.2699 0.4317
vn 0.8166 0.2977 0.4946
vn 0.8186 0.2606 0.5118
vn 0.6747 0.7283 0.1197
vn 0.6364 0.7673 0.0789
vn 0.5998 0.7909 0.1211
vn 0.6365 0.7534 0.1649
vn 0.7826 -0.2114 0.5855
vn 0.7993 -0.1670 0.5773
vn 0.7567 -0.1469 0.6370
vn 0.7406 -0.1922 0.6439
vn 0.8635 0.1964 0.4645
vn 0.8628 0.2332 0.4485
vn 0.8186 0.2606 0.5118
vn 0.8193 0.2233 0.5281
vn 0.7078 0.6887 0.1575
vn 0.6747 0.7283 0.1197
vn 0.6365 0.7534 0.1649
vn 0.6683 0.7150 0.2054
vn 0.7620 -0.2601 0.5930
vn 0.7826 -0.2114 0.5855
vn 0.7406 -0.1922 0.6439
vn 0.7206 -0.2419 0.6497
vn 0.8631 0.1655 0.4772
vn 0.8635 0.1964 0.4645
vn 0.8193 0.2233 0.5281
vn 0.8188 0.1919 0.5410
vn 0.7362 0.6488 0.1924
vn 0.7078 0.6887 0.1575
vn 0.6683 0.7150 0.2054
vn 0.6957 0.6761 0.2427
vn 0.7365 -0.3136 0.5994
vn 0.7620 -0.2601 0.5930
vn 0.7206 -0.2419 0.6497
vn 0.6960 -0.2964 0.6540
vn 0.8621 0.1435 0.4859
vn 0.8631 0.1655 0.4772
vn 0.8188 0.1919 0.5410
vn 0.8179 0.1696 0.5497
vn 0.7606 0.6091 0.2246
vn 0.7362 0.6488 0.1924
vn 0.6957 0.6761 0.2427
vn 0.7193 0.6371 0.2771
vn 0.7046 -0.3724 0.6041
vn 0.7365 -0.3136 0.5994
vn 0.6960 -0.2964 0.6540
vn 0.6652 -0.3565 0.6560
vn 0.8607 0.1211 0.4945
vn 0.8621 0.1435 0.4859
vn 0.8179 0.1696 0.5497
vn 0.8165 0.1468 0.5583
vn 0.8193 0.2233 0.5281
vn 0.8186 0.2606 0.5118
vn 0.7673 0.2873 0.5733
vn 0.7679 0.2494 0.5900
vn 0.6683 0.7150 0.2054
vn 0.6365 0.7534 0.1649
vn 0.5930 0.7779 0.2079
vn 0.6232 0.7407 0.2510
vn 0.7206 -0.2419 0.6497
vn 0.7406 -0.1922 0.6439
vn 0.6922 -0.1742 0.7004
vn 0.6731 -0.2249 0.7045
vn 0.8188 0.1919 0.5410
vn 0.8193 0.2233 0.5281
vn 0.7679 0.2494 0.5900
vn 0.7675 0.2175 0.6030
vn 0.6957 0.6761 0.2427
vn 0.6683 0.7150 0.2054
vn 0.6232 0.7407 0.2510
vn 0.6493 0.7027 0.2907
vn 0.6960 -0.2964 0.6540
vn 0.7206 -0.2419 0.6497
vn 0.6731 -0.2249 0.7045
vn 0.6495 -0.2805 0.7067
vn 0.8179 0.1696 0.5497
vn 0.8188 0.1919 0.5410
vn 0.7675 0.2175 0.6030
vn 0.7666 0.1948 0.6118
vn 0.7193 0.6371 0.2771
vn 0.6957 0.6761 0.2427
vn 0.6493 0.7027 0.2907
vn 0.6718 0.6645 0.3273
vn 0.6652 -0.3565 0.6560
vn 0.6960 -0.2964 0.6540
vn 0.6495 -0.2805 0.7067
vn 0.6203 -0.3418 0.7060
vn 0.8165 0.1468 0.5583
vn 0.8179 0.1696 0.5497
vn 0.7666 0.1948 0.6118
vn 0.7653 0.1716 0.6204
vn 0.7394 0.5983 0.3088
vn 0.7193 0.6371 0.2771
vn 0.6718 0.6645 0.3273
vn 0.6911 0.6262 0.3610
vn 0.6268 -0.4225 0.6547
vn 0.6652 -0.3565 0.6560
vn 0.6203 -0.3418 0.7060
vn 0.5838 -0.4090 0.7014
vn 0.0870 0.9395 -0.3314
vn -0.0000 0.9211 -0.3894
vn 0.0804 0.9420 -0.3259
vn 0.8143 0.1201 0.5679
vn 0.8165 0.1468 0.5583
vn 0.7653 0.1716 0.6204
vn 0.7631 0.1445 0.6299
vn 0.7566 0.5597 0.3382
vn 0.7394 0.5983 0.3088
vn 0.6911 0.6262 0.3610
vn 0.7075 0.5880 0.3920
vn 0.5787 -0.4944 0.6485
vn 0.6268 -0.4225 0.6547
vn 0.5838 -0.4090 0.7014
vn 0.5383 -0.4823 0.6911
vn 0.1706 0.9473 -0.2712
vn 0.0870 0.9395 -0.3314
vn 0.0804 0.9420 -0.3259
vn 0.1577 0.9525 -0.2604
vn 0.8113 0.0926 0.5772
vn 0.8143 0.1201 0.5679
vn 0.7631 0.1445 0.6299
vn 0.7602 0.1165 0.6391
vn 0.7711 0.5215 0.3654
vn 0.7566 0.5597 0.3382
vn 0.7075 0.5880 0.3920
vn 0.7215 0.5499 0.4208
vn 0.5187 -0.5718 0.6356
vn 0.5787 -0.4944 0.6485
vn 0.5383 -0.4823 0.6911
vn 0.4818 -0.5610 0.6731
vn 0.2504 0.9452 -0.2098
vn 0.1706 0.9473 -0.2712
vn 0.1577 0.9525 -0.2604
vn 0.2315 0.9533 -0.1939
vn 0.8075 0.0640 0.5864
vn 0.8113 0.0926 0.5772
vn 0.7602 0.1165 0.6391
vn 0.7565 0.0873 0.6481
vn 0.7833 0.4836 0.3907
vn 0.7711 0.5215 0.3654
vn 0.7215 0.5499 0.4208
vn 0.7332 0.5121 0.4474
vn 0.4445 -0.6528 0.6134
vn 0.5187 -0.5718 0.6356
vn 0.4818 -0.5610 0.6731
vn 0.4122 -0.6435 0.6449
vn 0.3248 0.9341 -0.1485
vn 0.2504 0.9452 -0.2098
vn 0.2315 0.9533 -0.1939
vn 0.3006 0.9451 -0.1279
vn 0.8027 0.0341 0.5954
vn 0.8075 0.0640 0.5864
vn 0.7565 0.0873 0.6481
vn 0.7519 0.0568 0.6568
vn 0.7934 0.4460 0.4142
vn 0.7833 0.4836 0.3907
vn 0.7332 0.5121 0.4474
vn 0.7429 0.4745 0.4721
vn 0.3655 -0.7216 0.5880
vn 0.4445 -0.6528 0.6134
vn 0.4122 -0.6435 0.6449
vn 0.3283 -0.7264 0.6038
vn 0.3930 0.9153 -0.0887
vn 0.3248 0.9341 -0.1485
vn 0.3006 0.9451 -0.1279
vn 0.3641 0.9292 -0.0636
vn 0.7968 0.0025 0.6043
vn 0.8027 0.0341 0.5954
vn 0.7519 0.0568 0.6568
vn 0.7462 0.0246 0.6653
vn 0.8016 0.4088 0.4363
vn 0.7934 0.4460 0.4142
vn 0.7429 0.4745 0.4721
vn 0.7509 0.4370 0.4952
vn 0.2923 -0.7696 0.5677
vn 0.3655 -0.7216 0.5880
vn 0.3283 -0.7264 0.6038
vn 0.2817 -0.7668 0.5767
vn 0.4545 0.8902 -0.0314
vn 0.3930 0.9153 -0.0887
vn 0.3641 0.9292 -0.0636
vn 0.4215 0.9068 -0.0021
vn 0.7895 -0.0309 0.6129
vn 0.7968 0.0025 0.6043
vn 0.7462 0.0246 0.6653
vn 0.7392 -0.0096 0.6734
vn 0.8081 0.3717 0.4569
vn 0.8016 0.4088 0.4363
vn 0.7509 0.4370 0.4952
vn 0.7572 0.3997 0.5167
vn -0.1864 0.9627 0.1962
vn -0.0936 0.9885 -0.1190
vn -0.1786 0.9729 -0.1467
vn -0.3525 0.9256 0.1381
vn 0.5093 0.8603 0.0229
vn 0.4545 0.8902 -0.0314
vn 0.4215 0.9068 -0.0021
vn 0.4729 0.8793 0.0561
vn 0.7807 -0.0667 0.6213
vn 0.7895 -0.0309 0.6129
vn 0.7392 -0.0096 0.6734
vn 0.7307 -0.0461 0.6811
vn 0.8131 0.3347 0.4763
vn 0.8081 0.3717 0.4569
vn 0.7572 0.3997 0.5167
vn 0.7620 0.3623 0.5368
vn -0.3054 0.1331 0.9429
vn -0.3126 0.2577 0.9143
vn -0.5781 0.2102 0.7884
vn -0.5658 0.0921 0.8194
vn 0.5576 0.8269 0.0738
vn 0.5093 0.8603 0.0229
vn 0.4729 0.8793 0.0561
vn 0.5183 0.8480 0.1106
vn 0.7699 -0.1052 0.6294
vn 0.7807 -0.0667 0.6213
vn 0.7307 -0.0461 0.6811
vn 0.7203 -0.0854 0.6883
vn 0.8166 0.2977 0.4946
vn 0.8131 0.3347 0.4763
vn 0.7620 0.3623 0.5368
vn 0.7653 0.3249 0.5557
vn 0.5998 0.7909 0.1211
vn 0.5576 0.8269 0.0738
vn 0.5183 0.8480 0.1106
vn 0.5582 0.8139 0.1611
vn 0.7567 -0.1469 0.6370
vn 0.7699 -0.1052 0.6294
vn 0.7203 -0.0854 0.6883
vn 0.7077 -0.1279 0.6948
vn 0.8186 0.2606 0.5118
vn 0.8166 0.2977 0.4946
vn 0.7653 0.3249 0.5557
vn 0.7673 0.2873 0.5733
vn 0.6365 0.7534 0.1649
vn 0.5998 0.7909 0.1211
vn 0.5582 0.8139 0.1611
vn 0.5930 0.7779 0.2079
vn 0.7406 -0.1922 0.6439
vn 0.7567 -0.1469 0.6370
vn 0.7077 -0.1279 0.6948
vn 0.6922 -0.1742 0.7004
vn 0.7620 0.3623 0.5368
vn 0.7572 0.3997 0.5167
vn 0.6990 0.4267 0.5739
vn 0.7035 0.3890 0.5948
vn -0.0936 0.9885 -0.1190
vn 0.0000 0.9211 -0.3894
vn -0.1786 0.9729 -0.1467
vn 0.5183 0.8480 0.1106
vn 0.4729 0.8793 0.0561
vn 0.4325 0.8974 0.0869
vn 0.4746 0.8682 0.1448
vn 0.7203 -0.0854 0.6883
vn 0.7307 -0.0461 0.6811
vn 0.6738 -0.0267 0.7384
vn 0.6640 -0.0668 0.7448
vn 0.7653 0.3249 0.5557
vn 0.7620 0.3623 0.5368
vn 0.7035 0.3890 0.5948
vn 0.7067 0.3511 0.6142
vn 0.5582 0.8139 0.1611
vn 0.5183 0.8480 0.1106
vn 0.4746 0.8682 0.1448
vn 0.5117 0.8359 0.1985
vn 0.7077 -0.1279 0.6948
vn 0.7203 -0.0854 0.6883
vn 0.6640 -0.0668 0.7448
vn 0.6520 -0.1102 0.7502
vn 0.7673 0.2873 0.5733
vn 0.7653 0.3249 0.5557
vn 0.7067 0.3511 0.6142
vn 0.7086 0.3130 0.6324
vn 0.5930 0.7779 0.2079
vn 0.5582 0.8139 0.1611
vn 0.5117 0.8359 0.1985
vn 0.5442 0.8014 0.2482
vn 0.6922 -0.1742 0.7004
vn 0.7077 -0.1279 0.6948
vn 0.6520 -0.1102 0.7502
vn 0.6374 -0.1575 0.7543
vn 0.7679 0.2494 0.5900
vn 0.7673 0.2873 0.5733
vn 0.7086 0.3130 0.6324
vn 0.7092 0.2745 0.6493
vn 0.6232 0.7407 0.2510
vn 0.5930 0.7779 0.2079
vn 0.5442 0.8014 0.2482
vn 0.5724 0.7654 0.2940
vn 0.6731 -0.2249 0.7045
vn 0.6922 -0.1742 0.7004
vn 0.6374 -0.1575 0.7543
vn 0.6194 -0.2092 0.7567
vn 0.7675 0.2175 0.6030
vn 0.7679 0.2494 0.5900
vn 0.7092 0.2745 0.6493
vn 0.7088 0.2421 0.6626
vn 0.6493 0.7027 0.2907
vn 0.6232 0.7407 0.2510
vn 0.5724 0.7654 0.2940
vn 0.5970 0.7285 0.3361
vn 0.6495 -0.2805 0.7067
vn 0.6731 -0.2249 0.7045
vn 0.6194 -0.2092 0.7567
vn 0.5972 -0.2659 0.7568
vn 0.7666 0.1948 0.6118
vn 0.7675 0.2175 0.6030
vn 0.7088 0.2421 0.6626
vn 0.7080 0.2190 0.6714
vn 0.6718 0.6645 0.3273
vn 0.6493 0.7027 0.2907
vn 0.5970 0.7285 0.3361
vn 0.6181 0.6910 0.3748
vn 0.6203 -0.3418 0.7060
vn 0.6495 -0.2805 0.7067
vn 0.5972 -0.2659 0.7568
vn 0.5697 -0.3283 0.7534
vn 0.7653 0.1716 0.6204
vn 0.7666 0.1948 0.6118
vn 0.7080 0.2190 0.6714
vn 0.7067 0.1954 0.6800
vn 0.6911 0.6262 0.3610
vn 0.6718 0.6645 0.3273
vn 0.6181 0.6910 0.3748
vn 0.6363 0.6532 0.4104
vn 0.5838 -0.4090 0.7014
vn 0.6203 -0.3418 0.7060
vn 0.5697 -0.3283 0.7534
vn 0.5356 -0.3968 0.7455
vn 0.0804 0.9420 -0.3259
vn -0.0000 0.9211 -0.3894
vn 0.0732 0.9443 -0.3208
vn 0.7631 0.1445 0.6299
vn 0.7653 0.1716 0.6204
vn 0.7067 0.1954 0.6800
vn 0.7046 0.1678 0.6895
vn 0.7075 0.5880 0.3920
vn 0.6911 0.6262 0.3610
vn 0.6363 0.6532 0.4104
vn 0.6518 0.6153 0.4433
vn 0.5383 -0.4823 0.6911
vn 0.5838 -0.4090 0.7014
vn 0.5356 -0.3968 0.7455
vn 0.4932 -0.4713 0.7312
vn 0.1577 0.9525 -0.2604
vn 0.0804 0.9420 -0.3259
vn 0.0732 0.9443 -0.3208
vn 0.1435 0.9574 -0.2504
vn 0.7602 0.1165 0.6391
vn 0.7631 0.1445 0.6299
vn 0.7046 0.1678 0.6895
vn 0.7019 0.1392 0.6986
vn 0.7215 0.5499 0.4208
vn 0.7075 0.5880 0.3920
vn 0.6518 0.6153 0.4433
vn 0.6651 0.5775 0.4735
vn 0.4818 -0.5610 0.6731
vn 0.5383 -0.4823 0.6911
vn 0.4932 -0.4713 0.7312
vn 0.4407 -0.5513 0.7084
vn 0.2315 0.9533 -0.1939
vn 0.1577 0.9525 -0.2604
vn 0.1435 0.9574 -0.2504
vn 0.2108 0.9609 -0.1793
vn 0.7565 0.0873 0.6481
vn 0.7602 0.1165 0.6391
vn 0.7019 0.1392 0.6986
vn 0.6983 0.1095 0.7073
vn 0.7332 0.5121 0.4474
vn 0.7215 0.5499 0.4208
vn 0.6651 0.5775 0.4735
vn 0.6762 0.5397 0.5015
vn 0.4122 -0.6435 0.6449
vn 0.4818 -0.5610 0.6731
vn 0.4407 -0.5513 0.7084
vn 0.3765 -0.6352 0.6744
vn 0.3006 0.9451 -0.1279
vn 0.2315 0.9533 -0.1939
vn 0.2108 0.9609 -0.1793
vn 0.2740 0.9556 -0.1088
vn 0.7519 0.0568 0.6568
vn 0.7565 0.0873 0.6481
vn 0.6983 0.1095 0.7073
vn 0.6939 0.0783 0.7158
vn 0.7429 0.4745 0.4721
vn 0.7332 0.5121 0.4474
vn 0.6762 0.5397 0.5015
vn 0.6854 0.5020 0.5275
vn 0.3283 -0.7264 0.6038
vn 0.4122 -0.6435 0.6449
vn 0.3765 -0.6352 0.6744
vn 0.2993 -0.7195 0.6267
vn 0.3641 0.9292 -0.0636
vn 0.3006 0.9451 -0.1279
vn 0.2740 0.9556 -0.1088
vn 0.3322 0.9424 -0.0404
vn 0.7462 0.0246 0.6653
vn 0.7519 0.0568 0.6568
vn 0.6939 0.0783 0.7158
vn 0.6885 0.0455 0.7238
vn 0.7509 0.4370 0.4952
vn 0.7429 0.4745 0.4721
vn 0.6854 0.5020 0.5275
vn 0.6930 0.4643 0.5515
vn 0.2817 -0.7668 0.5767
vn 0.3283 -0.7264 0.6038
vn 0.2993 -0.7195 0.6267
vn 0.2568 -0.7608 0.5960
vn 0.4215 0.9068 -0.0021
vn 0.3641 0.9292 -0.0636
vn 0.3322 0.9424 -0.0404
vn 0.3850 0.9226 0.0251
vn 0.7392 -0.0096 0.6734
vn 0.7462 0.0246 0.6653
vn 0.6885 0.0455 0.7238
vn 0.6819 0.0106 0.7314
vn 0.7572 0.3997 0.5167
vn 0.7509 0.4370 0.4952
vn 0.6930 0.4643 0.5515
vn 0.6990 0.4267 0.5739
vn -0.3126 0.2577 0.9143
vn -0.3148 0.3696 0.8742
vn -0.5818 0.3167 0.7491
vn -0.5781 0.2102 0.7884
vn 0.4729 0.8793 0.0561
vn 0.4215 0.9068 -0.0021
vn 0.3850 0.9226 0.0251
vn 0.4325 0.8974 0.0869
vn 0.7307 -0.0461 0.6811
vn 0.7392 -0.0096 0.6734
vn 0.6819 0.0106 0.7314
vn 0.6738 -0.0267 0.7384
vn 0.6939 0.0783 0.7158
vn 0.6983 0.1095 0.7073
vn 0.6328 0.1302 0.7633
vn 0.6287 0.0984 0.7714
vn 0.6854 0.5020 0.5275
vn 0.6762 0.5397 0.5015
vn 0.6121 0.5659 0.5523
vn 0.6207 0.5281 0.5795
vn 0.2993 -0.7195 0.6267
vn 0.3765 -0.6352 0.6744
vn 0.3375 -0.6278 0.7014
vn 0.2679 -0.7134 0.6475
vn 0.3322 0.9424 -0.0404
vn 0.2740 0.9556 -0.1088
vn 0.2451 0.9652 -0.0916
vn 0.2975 0.9545 -0.0193
vn 0.6885 0.0455 0.7238
vn 0.6939 0.0783 0.7158
vn 0.6287 0.0984 0.7714
vn 0.6236 0.0649 0.7790
vn 0.6930 0.4643 0.5515
vn 0.6854 0.5020 0.5275
vn 0.6207 0.5281 0.5795
vn 0.6278 0.4903 0.6046
vn 0.2568 -0.7608 0.5960
vn 0.2993 -0.7195 0.6267
vn 0.2679 -0.7134 0.6475
vn 0.2298 -0.7554 0.6136
vn 0.3850 0.9226 0.0251
vn 0.3322 0.9424 -0.0404
vn 0.2975 0.9545 -0.0193
vn 0.3452 0.9372 0.0498
vn 0.6819 0.0106 0.7314
vn 0.6885 0.0455 0.7238
vn 0.6236 0.0649 0.7790
vn 0.6174 0.0293 0.7861
vn 0.6990 0.4267 0.5739
vn 0.6930 0.4643 0.5515
vn 0.6278 0.4903 0.6046
vn 0.6334 0.4523 0.6279
vn -0.3148 0.3696 0.8742
vn -0.3126 0.4763 0.8218
vn -0.5781 0.4192 0.7001
vn -0.5818 0.3167 0.7491
vn 0.4325 0.8974 0.0869
vn 0.3850 0.9226 0.0251
vn 0.3452 0.9372 0.0498
vn 0.3882 0.9144 0.1151
vn 0.6738 -0.0267 0.7384
vn 0.6819 0.0106 0.7314
vn 0.6174 0.0293 0.7861
vn 0.6099 -0.0087 0.7924
vn 0.7035 0.3890 0.5948
vn 0.6990 0.4267 0.5739
vn 0.6334 0.4523 0.6279
vn 0.6376 0.4143 0.6495
vn -0.0000 -0.9211 0.3894
vn -0.1305 -0.6914 0.7106
vn -0.2479 -0.7033 0.6663
vn 0.4746 0.8682 0.1448
vn 0.4325 0.8974 0.0869
vn 0.3882 0.9144 0.1151
vn 0.4265 0.8872 0.1762
vn 0.6640 -0.0668 0.7448
vn 0.6738 -0.0267 0.7384
vn 0.6099 -0.0087 0.7924
vn 0.6008 -0.0497 0.7979
vn 0.7067 0.3511 0.6142
vn 0.7035 0.3890 0.5948
vn 0.6376 0.4143 0.6495
vn 0.6406 0.3760 0.6696
vn 0.5117 0.8359 0.1985
vn 0.4746 0.8682 0.1448
vn 0.4265 0.8872 0.1762
vn 0.4604 0.8566 0.2329
vn 0.6520 -0.1102 0.7502
vn 0.6640 -0.0668 0.7448
vn 0.6008 -0.0497 0.7979
vn 0.5896 -0.0940 0.8022
vn 0.7086 0.3130 0.6324
vn 0.7067 0.3511 0.6142
vn 0.6406 0.3760 0.6696
vn 0.6424 0.3373 0.6882
vn 0.5442 0.8014 0.2482
vn 0.5117 0.8359 0.1985
vn 0.4604 0.8566 0.2329
vn 0.4901 0.8236 0.2854
vn 0.6374 -0.1575 0.7543
vn 0.6520 -0.1102 0.7502
vn 0.5896 -0.0940 0.8022
vn 0.5760 -0.1422 0.8050
vn 0.7092 0.2745 0.6493
vn 0.7086 0.3130 0.6324
vn 0.6424 0.3373 0.6882
vn 0.6429 0.2983 0.7055
vn 0.5724 0.7654 0.2940
vn 0.5442 0.8014 0.2482
vn 0.4901 0.8236 0.2854
vn 0.5161 0.7888 0.3337
vn 0.6194 -0.2092 0.7567
vn 0.6374 -0.1575 0.7543
vn 0.5760 -0.1422 0.8050
vn 0.5594 -0.1949 0.8057
vn 0.7088 0.2421 0.6626
vn 0.7092 0.2745 0.6493
vn 0.6429 0.2983 0.7055
vn 0.6426 0.2653 0.7188
vn 0.5970 0.7285 0.3361
vn 0.5724 0.7654 0.2940
vn 0.5161 0.7888 0.3337
vn 0.5387 0.7529 0.3782
vn 0.5972 -0.2659 0.7568
vn 0.6194 -0.2092 0.7567
vn 0.5594 -0.1949 0.8057
vn 0.5389 -0.2527 0.8036
vn 0.7080 0.2190 0.6714
vn 0.7088 0.2421 0.6626
vn 0.6426 0.2653 0.7188
vn 0.6418 0.2418 0.7278
vn 0.6181 0.6910 0.3748
vn 0.5970 0.7285 0.3361
vn 0.5387 0.7529 0.3782
vn 0.5582 0.7161 0.4190
vn 0.5697 -0.3283 0.7534
vn 0.5972 -0.2659 0.7568
vn 0.5389 -0.2527 0.8036
vn 0.5136 -0.3162 0.7977
vn 0.7067 0.1954 0.6800
vn 0.7080 0.2190 0.6714
vn 0.6418 0.2418 0.7278
vn 0.6406 0.2177 0.7364
vn 0.6363 0.6532 0.4104
vn 0.6181 0.6910 0.3748
vn 0.5582 0.7161 0.4190
vn 0.5751 0.6789 0.4566
vn 0.5356 -0.3968 0.7455
vn 0.5697 -0.3283 0.7534
vn 0.5136 -0.3162 0.7977
vn 0.4822 -0.3858 0.7865
vn 0.0732 0.9443 -0.3208
vn -0.0000 0.9211 -0.3894
vn 0.0654 0.9465 -0.3161
vn 0.7046 0.1678 0.6895
vn 0.7067 0.1954 0.6800
vn 0.6406 0.2177 0.7364
vn 0.6387 0.1896 0.7458
vn 0.6518 0.6153 0.4433
vn 0.6363 0.6532 0.4104
vn 0.5751 0.6789 0.4566
vn 0.5895 0.6413 0.4911
vn 0.4932 -0.4713 0.7312
vn 0.5356 -0.3968 0.7455
vn 0.4822 -0.3858 0.7865
vn 0.4435 -0.4615 0.7683
vn 0.1435 0.9574 -0.2504
vn 0.0732 0.9443 -0.3208
vn 0.0654 0.9465 -0.3161
vn 0.1282 0.9619 -0.2414
vn 0.7019 0.1392 0.6986
vn 0.7046 0.1678 0.6895
vn 0.6387 0.1896 0.7458
vn 0.6361 0.1605 0.7547
vn 0.6651 0.5775 0.4735
vn 0.6518 0.6153 0.4433
vn 0.5895 0.6413 0.4911
vn 0.6018 0.6037 0.5230
vn 0.4407 -0.5513 0.7084
vn 0.4932 -0.4713 0.7312
vn 0.4435 -0.4615 0.7683
vn 0.3957 -0.5427 0.7408
vn 0.2108 0.9609 -0.1793
vn 0.1435 0.9574 -0.2504
vn 0.1282 0.9619 -0.2414
vn 0.1884 0.9679 -0.1661
vn 0.6983 0.1095 0.7073
vn 0.7019 0.1392 0.6986
vn 0.6361 0.1605 0.7547
vn 0.6328 0.1302 0.7633
vn 0.6762 0.5397 0.5015
vn 0.6651 0.5775 0.4735
vn 0.6018 0.6037 0.5230
vn 0.6121 0.5659 0.5523
vn 0.3765 -0.6352 0.6744
vn 0.4407 -0.5513 0.7084
vn 0.3957 -0.5427 0.7408
vn 0.3375 -0.6278 0.7014
vn 0.2740 0.9556 -0.1088
vn 0.2108 0.9609 -0.1793
vn 0.1884 0.9679 -0.1661
vn 0.2451 0.9652 -0.0916
vn 0.0654 0.9465 -0.3161
vn -0.0000 0.9211 -0.3894
vn 0.0570 0.9484 -0.3120
vn 0.6387 0.1896 0.7458
vn 0.6406 0.2177 0.7364
vn 0.5670 0.2384 0.7885
vn 0.5652 0.2097 0.7978
vn 0.5895 0.6413 0.4911
vn 0.5751 0.6789 0.4566
vn 0.5075 0.7027 0.4988
vn 0.5205 0.6655 0.5350
vn 0.4435 -0.4615 0.7683
vn 0.4822 -0.3858 0.7865
vn 0.4240 -0.3762 0.8238
vn 0.3894 -0.4530 0.8020
vn 0.1282 0.9619 -0.2414
vn 0.0654 0.9465 -0.3161
vn 0.0570 0.9484 -0.3120
vn 0.1119 0.9659 -0.2334
vn 0.6361 0.1605 0.7547
vn 0.6387 0.1896 0.7458
vn 0.5652 0.2097 0.7978
vn 0.5629 0.1801 0.8067
vn 0.6018 0.6037 0.5230
vn 0.5895 0.6413 0.4911
vn 0.5205 0.6655 0.5350
vn 0.5316 0.6280 0.5683
vn 0.3957 -0.5427 0.7408
vn 0.4435 -0.4615 0.7683
vn 0.3894 -0.4530 0.8020
vn 0.3470 -0.5353 0.7701
vn 0.1884 0.9679 -0.1661
vn 0.1282 0.9619 -0.2414
vn 0.1119 0.9659 -0.2334
vn 0.1645 0.9742 -0.1544
vn 0.6328 0.1302 0.7633
vn 0.6361 0.1605 0.7547
vn 0.5629 0.1801 0.8067
vn 0.5599 0.1492 0.8150
vn 0.6121 0.5659 0.5523
vn 0.6018 0.6037 0.5230
vn 0.5316 0.6280 0.5683
vn 0.5410 0.5903 0.5990
vn 0.3375 -0.6278 0.7014
vn 0.3957 -0.5427 0.7408
vn 0.3470 -0.5353 0.7701
vn 0.2955 -0.6213 0.7257
vn 0.2451 0.9652 -0.0916
vn 0.1884 0.9679 -0.1661
vn 0.1645 0.9742 -0.1544
vn 0.2142 0.9738 -0.0764
vn 0.6287 0.0984 0.7714
vn 0.6328 0.1302 0.7633
vn 0.5599 0.1492 0.8150
vn 0.5561 0.1168 0.8229
vn 0.6207 0.5281 0.5795
vn 0.6121 0.5659 0.5523
vn 0.5410 0.5903 0.5990
vn 0.5489 0.5524 0.6273
vn 0.2679 -0.7134 0.6475
vn 0.3375 -0.6278 0.7014
vn 0.2955 -0.6213 0.7257
vn 0.2343 -0.7081 0.6661
vn 0.2975 0.9545 -0.0193
vn 0.2451 0.9652 -0.0916
vn 0.2142 0.9738 -0.0764
vn 0.2602 0.9656 -0.0006
vn 0.6236 0.0649 0.7790
vn 0.6287 0.0984 0.7714
vn 0.5561 0.1168 0.8229
vn 0.5515 0.0826 0.8301
vn 0.6278 0.4903 0.6046
vn 0.6207 0.5281 0.5795
vn 0.5489 0.5524 0.6273
vn 0.5553 0.5144 0.6535
vn 0.2298 -0.7554 0.6136
vn 0.2679 -0.7134 0.6475
vn 0.2343 -0.7081 0.6661
vn 0.2008 -0.7508 0.6293
vn 0.3452 0.9372 0.0498
vn 0.2975 0.9545 -0.0193
vn 0.2602 0.9656 -0.0006
vn 0.3023 0.9505 0.0718
vn 0.6174 0.0293 0.7861
vn 0.6236 0.0649 0.7790
vn 0.5515 0.0826 0.8301
vn 0.5459 0.0463 0.8366
vn 0.6334 0.4523 0.6279
vn 0.6278 0.4903 0.6046
vn 0.5553 0.5144 0.6535
vn 0.5604 0.4762 0.6777
vn 0.0000 0.6063 0.7953
vn 0.0000 0.7188 0.6952
vn -0.2908 0.6961 0.6564
vn -0.3054 0.5837 0.7524
vn 0.3882 0.9144 0.1151
vn 0.3452 0.9372 0.0498
vn 0.3023 0.9505 0.0718
vn 0.3403 0.9298 0.1402
vn 0.6099 -0.0087 0.7924
vn 0.6174 0.0293 0.7861
vn 0.5459 0.0463 0.8366
vn 0.5390 0.0076 0.8422
vn 0.6376 0.4143 0.6495
vn 0.6334 0.4523 0.6279
vn 0.5604 0.4762 0.6777
vn 0.5643 0.4377 0.7000
vn -0.0000 -0.4209 0.9071
vn 0.0000 -0.1881 0.9821
vn -0.2638 -0.1970 0.9442
vn -0.2148 -0.4270 0.8784
vn 0.4265 0.8872 0.1762
vn 0.3882 0.9144 0.1151
vn 0.3403 0.9298 0.1402
vn 0.3743 0.9045 0.2043
vn 0.6008 -0.0497 0.7979
vn 0.6099 -0.0087 0.7924
vn 0.5390 0.0076 0.8422
vn 0.5307 -0.0342 0.8468
vn 0.6406 0.3760 0.6696
vn 0.6376 0.4143 0.6495
vn 0.5643 0.4377 0.7000
vn 0.5670 0.3990 0.7207
vn 0.4604 0.8566 0.2329
vn 0.4265 0.8872 0.1762
vn 0.3743 0.9045 0.2043
vn 0.4045 0.8756 0.2639
vn 0.5896 -0.0940 0.8022
vn 0.6008 -0.0497 0.7979
vn 0.5307 -0.0342 0.8468
vn 0.5206 -0.0793 0.8501
vn 0.6424 0.3373 0.6882
vn 0.6406 0.3760 0.6696
vn 0.5670 0.3990 0.7207
vn 0.5686 0.3598 0.7397
vn 0.4901 0.8236 0.2854
vn 0.4604 0.8566 0.2329
vn 0.4045 0.8756 0.2639
vn 0.4311 0.8441 0.3190
vn 0.5760 -0.1422 0.8050
vn 0.5896 -0.0940 0.8022
vn 0.5206 -0.0793 0.8501
vn 0.5083 -0.1285 0.8515
vn 0.6429 0.2983 0.7055
vn 0.6424 0.3373 0.6882
vn 0.5686 0.3598 0.7397
vn 0.5691 0.3202 0.7573
vn 0.5161 0.7888 0.3337
vn 0.4901 0.8236 0.2854
vn 0.4311 0.8441 0.3190
vn 0.4543 0.8105 0.3698
vn 0.5594 -0.1949 0.8057
vn 0.5760 -0.1422 0.8050
vn 0.5083 -0.1285 0.8515
vn 0.4933 -0.1821 0.8506
vn 0.6426 0.2653 0.7188
vn 0.6429 0.2983 0.7055
vn 0.5691 0.3202 0.7573
vn 0.5688 0.2867 0.7709
vn 0.5387 0.7529 0.3782
vn 0.5161 0.7888 0.3337
vn 0.4543 0.8105 0.3698
vn 0.4746 0.7754 0.4164
vn 0.5389 -0.2527 0.8036
vn 0.5594 -0.1949 0.8057
vn 0.4933 -0.1821 0.8506
vn 0.4748 -0.2410 0.8465
vn 0.6418 0.2418 0.7278
vn 0.6426 0.2653 0.7188
vn 0.5688 0.2867 0.7709
vn 0.5681 0.2628 0.7799
vn 0.5582 0.7161 0.4190
vn 0.5387 0.7529 0.3782
vn 0.4746 0.7754 0.4164
vn 0.4922 0.7394 0.4593
vn 0.5136 -0.3162 0.7977
vn 0.5389 -0.2527 0.8036
vn 0.4748 -0.2410 0.8465
vn 0.4521 -0.3055 0.8380
vn 0.6406 0.2177 0.7364
vn 0.6418 0.2418 0.7278
vn 0.5681 0.2628 0.7799
vn 0.5670 0.2384 0.7885
vn 0.5751 0.6789 0.4566
vn 0.5582 0.7161 0.4190
vn 0.4922 0.7394 0.4593
vn 0.5075 0.7027 0.4988
vn 0.4822 -0.3858 0.7865
vn 0.5136 -0.3162 0.7977
vn 0.4521 -0.3055 0.8380
vn 0.4240 -0.3762 0.8238
vn 0.4933 -0.1821 0.8506
vn 0.5083 -0.1285 0.8515
vn 0.4346 -0.1165 0.8931
vn 0.4214 -0.1710 0.8906
vn 0.5688 0.2867 0.7709
vn 0.5691 0.3202 0.7573
vn 0.4879 0.3399 0.8040
vn 0.4876 0.3059 0.8177
vn 0.4746 0.7754 0.4164
vn 0.4543 0.8105 0.3698
vn 0.3875 0.8298 0.4015
vn 0.4052 0.7957 0.4503
vn 0.4748 -0.2410 0.8465
vn 0.4933 -0.1821 0.8506
vn 0.4214 -0.1710 0.8906
vn 0.4053 -0.2308 0.8846
vn 0.5681 0.2628 0.7799
vn 0.5688 0.2867 0.7709
vn 0.4876 0.3059 0.8177
vn 0.4870 0.2817 0.8267
vn 0.4922 0.7394 0.4593
vn 0.4746 0.7754 0.4164
vn 0.4052 0.7957 0.4503
vn 0.4205 0.7603 0.4951
vn 0.4521 -0.3055 0.8380
vn 0.4748 -0.2410 0.8465
vn 0.4053 -0.2308 0.8846
vn 0.3856 -0.2963 0.8738
vn 0.5670 0.2384 0.7885
vn 0.5681 0.2628 0.7799
vn 0.4870 0.2817 0.8267
vn 0.4860 0.2568 0.8354
vn 0.5075 0.7027 0.4988
vn 0.4922 0.7394 0.4593
vn 0.4205 0.7603 0.4951
vn 0.4338 0.7241 0.5362
vn 0.4240 -0.3762 0.8238
vn 0.4521 -0.3055 0.8380
vn 0.3856 -0.2963 0.8738
vn 0.3612 -0.3680 0.8568
vn 0.0570 0.9484 -0.3120
vn -0.0000 0.9211 -0.3894
vn 0.0482 0.9500 -0.3084
vn 0.5652 0.2097 0.7978
vn 0.5670 0.2384 0.7885
vn 0.4860 0.2568 0.8354
vn 0.4845 0.2277 0.8446
vn 0.5205 0.6655 0.5350
vn 0.5075 0.7027 0.4988
vn 0.4338 0.7241 0.5362
vn 0.4452 0.6872 0.5740
vn 0.3894 -0.4530 0.8020
vn 0.4240 -0.3762 0.8238
vn 0.3612 -0.3680 0.8568
vn 0.3314 -0.4457 0.8316
vn 0.1119 0.9659 -0.2334
vn 0.0570 0.9484 -0.3120
vn 0.0482 0.9500 -0.3084
vn 0.0947 0.9694 -0.2266
vn 0.5629 0.1801 0.8067
vn 0.5652 0.2097 0.7978
vn 0.4845 0.2277 0.8446
vn 0.4824 0.1975 0.8534
vn 0.5316 0.6280 0.5683
vn 0.5205 0.6655 0.5350
vn 0.4452 0.6872 0.5740
vn 0.4550 0.6499 0.6087
vn 0.3470 -0.5353 0.7701
vn 0.3894 -0.4530 0.8020
vn 0.3314 -0.4457 0.8316
vn 0.2949 -0.5289 0.7958
vn 0.1645 0.9742 -0.1544
vn 0.1119 0.9659 -0.2334
vn 0.0947 0.9694 -0.2266
vn 0.1393 0.9797 -0.1443
vn 0.5599 0.1492 0.8150
vn 0.5629 0.1801 0.8067
vn 0.4824 0.1975 0.8534
vn 0.4798 0.1661 0.8615
vn 0.5410 0.5903 0.5990
vn 0.5316 0.6280 0.5683
vn 0.4550 0.6499 0.6087
vn 0.4632 0.6123 0.6407
vn 0.2955 -0.6213 0.7257
vn 0.3470 -0.5353 0.7701
vn 0.2949 -0.5289 0.7958
vn 0.2508 -0.6159 0.7468
vn 0.2142 0.9738 -0.0764
vn 0.1645 0.9742 -0.1544
vn 0.1393 0.9797 -0.1443
vn 0.1814 0.9814 -0.0632
vn 0.5561 0.1168 0.8229
vn 0.5599 0.1492 0.8150
vn 0.4798 0.1661 0.8615
vn 0.4765 0.1332 0.8690
vn 0.5489 0.5524 0.6273
vn 0.5410 0.5903 0.5990
vn 0.4632 0.6123 0.6407
vn 0.4701 0.5744 0.6701
vn 0.2343 -0.7081 0.6661
vn 0.2955 -0.6213 0.7257
vn 0.2508 -0.6159 0.7468
vn 0.1986 -0.7036 0.6823
vn 0.2602 0.9656 -0.0006
vn 0.2142 0.9738 -0.0764
vn 0.1814 0.9814 -0.0632
vn 0.2206 0.9752 0.0156
vn 0.5515 0.0826 0.8301
vn 0.5561 0.1168 0.8229
vn 0.4765 0.1332 0.8690
vn 0.4724 0.0984 0.8759
vn 0.5553 0.5144 0.6535
vn 0.5489 0.5524 0.6273
vn 0.4701 0.5744 0.6701
vn 0.4758 0.5362 0.6973
vn 0.2008 -0.7508 0.6293
vn 0.2343 -0.7081 0.6661
vn 0.1986 -0.7036 0.6823
vn 0.1702 -0.7468 0.6429
vn 0.3023 0.9505 0.0718
vn 0.2602 0.9656 -0.0006
vn 0.2206 0.9752 0.0156
vn 0.2566 0.9622 0.0909
vn 0.5459 0.0463 0.8366
vn 0.5515 0.0826 0.8301
vn 0.4724 0.0984 0.8759
vn 0.4675 0.0614 0.8819
vn 0.5604 0.4762 0.6777
vn 0.5553 0.5144 0.6535
vn 0.4758 0.5362 0.6973
vn 0.4802 0.4977 0.7223
vn 0.0000 0.7188 0.6952
vn 0.0000 0.8547 0.5191
vn -0.2575 0.8343 0.4874
vn -0.2908 0.6961 0.6564
vn 0.3403 0.9298 0.1402
vn 0.3023 0.9505 0.0718
vn 0.2566 0.9622 0.0909
vn 0.2891 0.9435 0.1622
vn 0.5390 0.0076 0.8422
vn 0.5459 0.0463 0.8366
vn 0.4675 0.0614 0.8819
vn 0.4615 0.0219 0.8869
vn 0.5643 0.4377 0.7000
vn 0.5604 0.4762 0.6777
vn 0.4802 0.4977 0.7223
vn 0.4837 0.4589 0.7453
vn 0.0000 -0.1881 0.9821
vn 0.0000 -0.0021 1.0000
vn -0.2908 -0.0142 0.9567
vn -0.2638 -0.1970 0.9442
vn 0.3743 0.9045 0.2043
vn 0.3403 0.9298 0.1402
vn 0.2891 0.9435 0.1622
vn 0.3184 0.9199 0.2289
vn 0.5307 -0.0342 0.8468
vn 0.5390 0.0076 0.8422
vn 0.4615 0.0219 0.8869
vn 0.4542 -0.0205 0.8907
vn 0.5670 0.3990 0.7207
vn 0.5643 0.4377 0.7000
vn 0.4837 0.4589 0.7453
vn 0.4861 0.4197 0.7665
vn 0.4045 0.8756 0.2639
vn 0.3743 0.9045 0.2043
vn 0.3184 0.9199 0.2289
vn 0.3444 0.8926 0.2910
vn 0.5206 -0.0793 0.8501
vn 0.5307 -0.0342 0.8468
vn 0.4542 -0.0205 0.8907
vn 0.4453 -0.0665 0.8929
vn 0.5686 0.3598 0.7397
vn 0.5670 0.3990 0.7207
vn 0.4861 0.4197 0.7665
vn 0.4875 0.3801 0.7861
vn 0.4311 0.8441 0.3190
vn 0.4045 0.8756 0.2639
vn 0.3444 0.8926 0.2910
vn 0.3673 0.8623 0.3485
vn 0.5083 -0.1285 0.8515
vn 0.5206 -0.0793 0.8501
vn 0.4453 -0.0665 0.8929
vn 0.4346 -0.1165 0.8931
vn 0.5691 0.3202 0.7573
vn 0.5686 0.3598 0.7397
vn 0.4875 0.3801 0.7861
vn 0.4879 0.3399 0.8040
vn 0.4543 0.8105 0.3698
vn 0.4311 0.8441 0.3190
vn 0.3673 0.8623 0.3485
vn 0.3875 0.8298 0.4015
vn 0.3184 0.9199 0.2289
vn 0.2891 0.9435 0.1622
vn 0.2351 0.9551 0.1805
vn 0.2591 0.9331 0.2496
vn 0.4542 -0.0205 0.8907
vn 0.4615 0.0219 0.8869
vn 0.3777 0.0342 0.9253
vn 0.3716 -0.0090 0.9283
vn 0.4861 0.4197 0.7665
vn 0.4837 0.4589 0.7453
vn 0.3963 0.4772 0.7844
vn 0.3983 0.4377 0.8061
vn 0.3444 0.8926 0.2910
vn 0.3184 0.9199 0.2289
vn 0.2591 0.9331 0.2496
vn 0.2805 0.9071 0.3139
vn 0.4453 -0.0665 0.8929
vn 0.4542 -0.0205 0.8907
vn 0.3716 -0.0090 0.9283
vn 0.3642 -0.0557 0.9297
vn 0.4875 0.3801 0.7861
vn 0.4861 0.4197 0.7665
vn 0.3983 0.4377 0.8061
vn 0.3995 0.3976 0.8260
vn 0.3673 0.8623 0.3485
vn 0.3444 0.8926 0.2910
vn 0.2805 0.9071 0.3139
vn 0.2994 0.8780 0.3735
vn 0.4346 -0.1165 0.8931
vn 0.4453 -0.0665 0.8929
vn 0.3642 -0.0557 0.9297
vn 0.3552 -0.1064 0.9287
vn 0.4879 0.3399 0.8040
vn 0.4875 0.3801 0.7861
vn 0.3995 0.3976 0.8260
vn 0.3999 0.3569 0.8442
vn 0.3875 0.8298 0.4015
vn 0.3673 0.8623 0.3485
vn 0.2994 0.8780 0.3735
vn 0.3161 0.8465 0.4284
vn 0.4214 -0.1710 0.8906
vn 0.4346 -0.1165 0.8931
vn 0.3552 -0.1064 0.9287
vn 0.3443 -0.1617 0.9248
vn 0.4876 0.3059 0.8177
vn 0.4879 0.3399 0.8040
vn 0.3999 0.3569 0.8442
vn 0.3997 0.3225 0.8581
vn 0.4052 0.7957 0.4503
vn 0.3875 0.8298 0.4015
vn 0.3161 0.8465 0.4284
vn 0.3308 0.8131 0.4790
vn 0.4053 -0.2308 0.8846
vn 0.4214 -0.1710 0.8906
vn 0.3443 -0.1617 0.9248
vn 0.3309 -0.2223 0.9171
vn 0.4870 0.2817 0.8267
vn 0.4876 0.3059 0.8177
vn 0.3997 0.3225 0.8581
vn 0.3991 0.2979 0.8671
vn 0.4205 0.7603 0.4951
vn 0.4052 0.7957 0.4503
vn 0.3308 0.8131 0.4790
vn 0.3435 0.7784 0.5255
vn 0.3856 -0.2963 0.8738
vn 0.4053 -0.2308 0.8846
vn 0.3309 -0.2223 0.9171
vn 0.3145 -0.2887 0.9043
vn 0.4860 0.2568 0.8354
vn 0.4870 0.2817 0.8267
vn 0.3991 0.2979 0.8671
vn 0.3983 0.2727 0.8758
vn 0.4338 0.7241 0.5362
vn 0.4205 0.7603 0.4951
vn 0.3435 0.7784 0.5255
vn 0.3546 0.7426 0.5682
vn 0.3612 -0.3680 0.8568
vn 0.3856 -0.2963 0.8738
vn 0.3145 -0.2887 0.9043
vn 0.2944 -0.3611 0.8848
vn 0.0482 0.9500 -0.3084
vn -0.0000 0.9211 -0.3894
vn 0.0392 0.9514 -0.3055
vn 0.4845 0.2277 0.8446
vn 0.4860 0.2568 0.8354
vn 0.3983 0.2727 0.8758
vn 0.3970 0.2431 0.8850
vn 0.4452 0.6872 0.5740
vn 0.4338 0.7241 0.5362
vn 0.3546 0.7426 0.5682
vn 0.3641 0.7060 0.6074
vn 0.3314 -0.4457 0.8316
vn 0.3612 -0.3680 0.8568
vn 0.2944 -0.3611 0.8848
vn 0.2698 -0.4397 0.8567
vn 0.0947 0.9694 -0.2266
vn 0.0482 0.9500 -0.3084
vn 0.0392 0.9514 -0.3055
vn 0.0767 0.9723 -0.2209
vn 0.4824 0.1975 0.8534
vn 0.4845 0.2277 0.8446
vn 0.3970 0.2431 0.8850
vn 0.3953 0.2125 0.8936
vn 0.4550 0.6499 0.6087
vn 0.4452 0.6872 0.5740
vn 0.3641 0.7060 0.6074
vn 0.3723 0.6689 0.6434
vn 0.2949 -0.5289 0.7958
vn 0.3314 -0.4457 0.8316
vn 0.2698 -0.4397 0.8567
vn 0.2398 -0.5237 0.8175
vn 0.1393 0.9797 -0.1443
vn 0.0947 0.9694 -0.2266
vn 0.0767 0.9723 -0.2209
vn 0.1129 0.9843 -0.1360
vn 0.4798 0.1661 0.8615
vn 0.4824 0.1975 0.8534
vn 0.3953 0.2125 0.8936
vn 0.3931 0.1806 0.9016
vn 0.4632 0.6123 0.6407
vn 0.4550 0.6499 0.6087
vn 0.3723 0.6689 0.6434
vn 0.3792 0.6313 0.6765
vn 0.2508 -0.6159 0.7468
vn 0.2949 -0.5289 0.7958
vn 0.2398 -0.5237 0.8175
vn 0.2037 -0.6114 0.7646
vn 0.1814 0.9814 -0.0632
vn 0.1393 0.9797 -0.1443
vn 0.1129 0.9843 -0.1360
vn 0.1471 0.9877 -0.0522
vn 0.4765 0.1332 0.8690
vn 0.4798 0.1661 0.8615
vn 0.3931 0.1806 0.9016
vn 0.3903 0.1471 0.9089
vn 0.4701 0.5744 0.6701
vn 0.4632 0.6123 0.6407
vn 0.3792 0.6313 0.6765
vn 0.3849 0.5934 0.7069
vn 0.1986 -0.7036 0.6823
vn 0.2508 -0.6159 0.7468
vn 0.2037 -0.6114 0.7646
vn 0.1611 -0.6999 0.6959
vn 0.2206 0.9752 0.0156
vn 0.1814 0.9814 -0.0632
vn 0.1471 0.9877 -0.0522
vn 0.1790 0.9834 0.0291
vn 0.4724 0.0984 0.8759
vn 0.4765 0.1332 0.8690
vn 0.3903 0.1471 0.9089
vn 0.3869 0.1118 0.9153
vn 0.4758 0.5362 0.6973
vn 0.4701 0.5744 0.6701
vn 0.3849 0.5934 0.7069
vn 0.3897 0.5550 0.7349
vn 0.1702 -0.7468 0.6429
vn 0.1986 -0.7036 0.6823
vn 0.1611 -0.6999 0.6959
vn 0.1380 -0.7435 0.6543
vn 0.2566 0.9622 0.0909
vn 0.2206 0.9752 0.0156
vn 0.1790 0.9834 0.0291
vn 0.2084 0.9722 0.1069
vn 0.4675 0.0614 0.8819
vn 0.4724 0.0984 0.8759
vn 0.3869 0.1118 0.9153
vn 0.3827 0.0743 0.9209
vn 0.4802 0.4977 0.7223
vn 0.4758 0.5362 0.6973
vn 0.3897 0.5550 0.7349
vn 0.3934 0.5163 0.7607
vn 0.0000 0.8547 0.5191
vn 0.0000 0.9762 0.2169
vn -0.1864 0.9627 0.1962
vn -0.2575 0.8343 0.4874
vn 0.2891 0.9435 0.1622
vn 0.2566 0.9622 0.0909
vn 0.2084 0.9722 0.1069
vn 0.2351 0.9551 0.1805
vn 0.4615 0.0219 0.8869
vn 0.4675 0.0614 0.8819
vn 0.3827 0.0743 0.9209
vn 0.3777 0.0342 0.9253
vn 0.4837 0.4589 0.7453
vn 0.4802 0.4977 0.7223
vn 0.3934 0.5163 0.7607
vn 0.3963 0.4772 0.7844
vn 0.0000 -0.0021 1.0000
vn 0.0000 0.1481 0.9890
vn -0.3054 0.1331 0.9429
vn -0.2908 -0.0142 0.9567
vn 0.3443 -0.1617 0.9248
vn 0.3552 -0.1064 0.9287
vn 0.2710 -0.0983 0.9575
vn 0.2626 -0.1544 0.9525
vn 0.1790 0.9834 0.0291
vn 0.1471 0.9877 -0.0522
vn 0.1115 0.9928 -0.0436
vn 0.1358 0.9899 0.0397
vn 0.3997 0.3225 0.8581
vn 0.3999 0.3569 0.8442
vn 0.3058 0.3708 0.8769
vn 0.3056 0.3360 0.8909
vn 0.3308 0.8131 0.4790
vn 0.3161 0.8465 0.4284
vn 0.2408 0.8600 0.4500
vn 0.2521 0.8273 0.5021
vn 0.3309 -0.2223 0.9171
vn 0.3443 -0.1617 0.9248
vn 0.2626 -0.1544 0.9525
vn 0.2522 -0.2156 0.9433
vn 0.3991 0.2979 0.8671
vn 0.3997 0.3225 0.8581
vn 0.3056 0.3360 0.8909
vn 0.3052 0.3111 0.9000
vn 0.3435 0.7784 0.5255
vn 0.3308 0.8131 0.4790
vn 0.2521 0.8273 0.5021
vn 0.2620 0.7930 0.5500
vn 0.3145 -0.2887 0.9043
vn 0.3309 -0.2223 0.9171
vn 0.2522 -0.2156 0.9433
vn 0.2395 -0.2826 0.9288
vn 0.3983 0.2727 0.8758
vn 0.3991 0.2979 0.8671
vn 0.3052 0.3111 0.9000
vn 0.3046 0.2856 0.9087
vn 0.3546 0.7426 0.5682
vn 0.3435 0.7784 0.5255
vn 0.2620 0.7930 0.5500
vn 0.2705 0.7576 0.5939
vn 0.2944 -0.3611 0.8848
vn 0.3145 -0.2887 0.9043
vn 0.2395 -0.2826 0.9288
vn 0.2240 -0.3558 0.9073
vn 0.3970 0.2431 0.8850
vn 0.3983 0.2727 0.8758
vn 0.3046 0.2856 0.9087
vn 0.3036 0.2557 0.9179
vn 0.3641 0.7060 0.6074
vn 0.3546 0.7426 0.5682
vn 0.2705 0.7576 0.5939
vn 0.2779 0.7214 0.6343
vn 0.2698 -0.4397 0.8567
vn 0.2944 -0.3611 0.8848
vn 0.2240 -0.3558 0.9073
vn 0.2051 -0.4350 0.8767
vn 0.3953 0.2125 0.8936
vn 0.3970 0.2431 0.8850
vn 0.3036 0.2557 0.9179
vn 0.3022 0.2247 0.9264
vn 0.3723 0.6689 0.6434
vn 0.3641 0.7060 0.6074
vn 0.2779 0.7214 0.6343
vn 0.2843 0.6844 0.6714
vn 0.2398 -0.5237 0.8175
vn 0.2698 -0.4397 0.8567
vn 0.2051 -0.4350 0.8767
vn 0.1821 -0.5196 0.8348
vn 0.3931 0.1806 0.9016
vn 0.3953 0.2125 0.8936
vn 0.3022 0.2247 0.9264
vn 0.3005 0.1924 0.9342
vn 0.3792 0.6313 0.6765
vn 0.3723 0.6689 0.6434
vn 0.2843 0.6844 0.6714
vn 0.2896 0.6469 0.7055
vn 0.2037 -0.6114 0.7646
vn 0.2398 -0.5237 0.8175
vn 0.1821 -0.5196 0.8348
vn 0.1546 -0.6080 0.7788
vn 0.3903 0.1471 0.9089
vn 0.3931 0.1806 0.9016
vn 0.3005 0.1924 0.9342
vn 0.2983 0.1584 0.9412
vn 0.3849 0.5934 0.7069
vn 0.3792 0.6313 0.6765
vn 0.2896 0.6469 0.7055
vn 0.2941 0.6088 0.7367
vn 0.1611 -0.6999 0.6959
vn 0.2037 -0.6114 0.7646
vn 0.1546 -0.6080 0.7788
vn 0.1221 -0.6970 0.7066
vn 0.3869 0.1118 0.9153
vn 0.3903 0.1471 0.9089
vn 0.2983 0.1584 0.9412
vn 0.2957 0.1226 0.9474
vn 0.3897 0.5550 0.7349
vn 0.3849 0.5934 0.7069
vn 0.2941 0.6088 0.7367
vn 0.2978 0.5704 0.7655
vn 0.1380 -0.7435 0.6543
vn 0.1611 -0.6999 0.6959
vn 0.1221 -0.6970 0.7066
vn 0.1046 -0.7410 0.6633
vn 0.2084 0.9722 0.1069
vn 0.1790 0.9834 0.0291
vn 0.1358 0.9899 0.0397
vn 0.1582 0.9802 0.1195
vn 0.3827 0.0743 0.9209
vn 0.3869 0.1118 0.9153
vn 0.2957 0.1226 0.9474
vn 0.2924 0.0846 0.9525
vn 0.3934 0.5163 0.7607
vn 0.3897 0.5550 0.7349
vn 0.2978 0.5704 0.7655
vn 0.3008 0.5315 0.7919
vn 0.0000 0.9762 0.2169
vn 0.0000 0.9940 -0.1093
vn -0.0936 0.9885 -0.1190
vn -0.1864 0.9627 0.1962
vn 0.2351 0.9551 0.1805
vn 0.2084 0.9722 0.1069
vn 0.1582 0.9802 0.1195
vn 0.1785 0.9644 0.1951
vn 0.3777 0.0342 0.9253
vn 0.3827 0.0743 0.9209
vn 0.2924 0.0846 0.9525
vn 0.2885 0.0440 0.9565
vn 0.0392 0.9514 -0.3055
vn -0.0000 0.9211 -0.3894
vn 0.0296 0.9525 -0.3032
vn 0.3963 0.4772 0.7844
vn 0.3934 0.5163 0.7607
vn 0.3008 0.5315 0.7919
vn 0.3030 0.4921 0.8161
vn 0.0000 0.1481 0.9890
vn 0.0000 0.2753 0.9614
vn -0.3126 0.2577 0.9143
vn -0.3054 0.1331 0.9429
vn 0.2591 0.9331 0.2496
vn 0.2351 0.9551 0.1805
vn 0.1785 0.9644 0.1951
vn 0.1969 0.9436 0.2660
vn 0.3716 -0.0090 0.9283
vn 0.3777 0.0342 0.9253
vn 0.2885 0.0440 0.9565
vn 0.2838 0.0003 0.9589
vn 0.0767 0.9723 -0.2209
vn 0.0392 0.9514 -0.3055
vn 0.0296 0.9525 -0.3032
vn 0.0581 0.9746 -0.2164
vn 0.3983 0.4377 0.8061
vn 0.3963 0.4772 0.7844
vn 0.3030 0.4921 0.8161
vn 0.3046 0.4523 0.8383
vn 0.2805 0.9071 0.3139
vn 0.2591 0.9331 0.2496
vn 0.1969 0.9436 0.2660
vn 0.2133 0.9188 0.3321
vn 0.3642 -0.0557 0.9297
vn 0.3716 -0.0090 0.9283
vn 0.2838 0.0003 0.9589
vn 0.2780 -0.0470 0.9594
vn 0.1129 0.9843 -0.1360
vn 0.0767 0.9723 -0.2209
vn 0.0581 0.9746 -0.2164
vn 0.0855 0.9879 -0.1294
vn 0.3995 0.3976 0.8260
vn 0.3983 0.4377 0.8061
vn 0.3046 0.4523 0.8383
vn 0.3055 0.4119 0.8585
vn 0.2994 0.8780 0.3735
vn 0.2805 0.9071 0.3139
vn 0.2133 0.9188 0.3321
vn 0.2279 0.8907 0.3934
vn 0.3552 -0.1064 0.9287
vn 0.3642 -0.0557 0.9297
vn 0.2780 -0.0470 0.9594
vn 0.2710 -0.0983 0.9575
vn 0.1471 0.9877 -0.0522
vn 0.1129 0.9843 -0.1360
vn 0.0855 0.9879 -0.1294
vn 0.1115 0.9928 -0.0436
vn 0.3999 0.3569 0.8442
vn 0.3995 0.3976 0.8260
vn 0.3055 0.4119 0.8585
vn 0.3058 0.3708 0.8769
vn 0.3161 0.8465 0.4284
vn 0.2994 0.8780 0.3735
vn 0.2279 0.8907 0.3934
vn 0.2408 0.8600 0.4500
vn 0.1969 0.9436 0.2660
vn 0.1785 0.9644 0.1951
vn 0.1201 0.9712 0.2057
vn 0.1325 0.9514 0.2780
vn 0.2838 0.0003 0.9589
vn 0.2885 0.0440 0.9565
vn 0.1949 0.0512 0.9795
vn 0.1917 0.0070 0.9814
vn 0.3046 0.4523 0.8383
vn 0.3030 0.4921 0.8161
vn 0.2049 0.5032 0.8395
vn 0.2059 0.4631 0.8620
vn 0.2133 0.9188 0.3321
vn 0.1969 0.9436 0.2660
vn 0.1325 0.9514 0.2780
vn 0.1437 0.9274 0.3454
vn 0.2780 -0.0470 0.9594
vn 0.2838 0.0003 0.9589
vn 0.1917 0.0070 0.9814
vn 0.1877 -0.0407 0.9814
vn 0.3055 0.4119 0.8585
vn 0.3046 0.4523 0.8383
vn 0.2059 0.4631 0.8620
vn 0.2066 0.4224 0.8826
vn 0.2279 0.8907 0.3934
vn 0.2133 0.9188 0.3321
vn 0.1437 0.9274 0.3454
vn 0.1536 0.9000 0.4080
vn 0.2710 -0.0983 0.9575
vn 0.2780 -0.0470 0.9594
vn 0.1877 -0.0407 0.9814
vn 0.1830 -0.0925 0.9788
vn 0.3058 0.3708 0.8769
vn 0.3055 0.4119 0.8585
vn 0.2066 0.4224 0.8826
vn 0.2068 0.3810 0.9012
vn 0.2408 0.8600 0.4500
vn 0.2279 0.8907 0.3934
vn 0.1536 0.9000 0.4080
vn 0.1624 0.8699 0.4658
vn 0.2626 -0.1544 0.9525
vn 0.2710 -0.0983 0.9575
vn 0.1830 -0.0925 0.9788
vn 0.1772 -0.1490 0.9728
vn 0.3056 0.3360 0.8909
vn 0.3058 0.3708 0.8769
vn 0.2068 0.3810 0.9012
vn 0.2067 0.3459 0.9152
vn 0.2521 0.8273 0.5021
vn 0.2408 0.8600 0.4500
vn 0.1624 0.8699 0.4658
vn 0.1701 0.8377 0.5190
vn 0.2522 -0.2156 0.9433
vn 0.2626 -0.1544 0.9525
vn 0.1772 -0.1490 0.9728
vn 0.1701 -0.2108 0.9626
vn 0.3052 0.3111 0.9000
vn 0.3056 0.3360 0.8909
vn 0.2067 0.3459 0.9152
vn 0.2064 0.3208 0.9244
vn 0.2620 0.7930 0.5500
vn 0.2521 0.8273 0.5021
vn 0.1701 0.8377 0.5190
vn 0.1768 0.8039 0.5679
vn 0.2395 -0.2826 0.9288
vn 0.2522 -0.2156 0.9433
vn 0.1701 -0.2108 0.9626
vn 0.1615 -0.2783 0.9468
vn 0.3046 0.2856 0.9087
vn 0.3052 0.3111 0.9000
vn 0.2064 0.3208 0.9244
vn 0.2059 0.2951 0.9330
vn 0.2705 0.7576 0.5939
vn 0.2620 0.7930 0.5500
vn 0.1768 0.8039 0.5679
vn 0.1826 0.7688 0.6129
vn 0.2240 -0.3558 0.9073
vn 0.2395 -0.2826 0.9288
vn 0.1615 -0.2783 0.9468
vn 0.1510 -0.3520 0.9238
vn 0.0296 0.9525 -0.3032
vn -0.0000 0.9211 -0.3894
vn 0.0199 0.9532 -0.3015
vn 0.3036 0.2557 0.9179
vn 0.3046 0.2856 0.9087
vn 0.2059 0.2951 0.9330
vn 0.2052 0.2649 0.9422
vn 0.2779 0.7214 0.6343
vn 0.2705 0.7576 0.5939
vn 0.1826 0.7688 0.6129
vn 0.1877 0.7327 0.6542
vn 0.2051 -0.4350 0.8767
vn 0.2240 -0.3558 0.9073
vn 0.1510 -0.3520 0.9238
vn 0.1381 -0.4317 0.8914
vn 0.0581 0.9746 -0.2164
vn 0.0296 0.9525 -0.3032
vn 0.0199 0.9532 -0.3015
vn 0.0390 0.9762 -0.2132
vn 0.3022 0.2247 0.9264
vn 0.3036 0.2557 0.9179
vn 0.2052 0.2649 0.9422
vn 0.2043 0.2336 0.9506
vn 0.2843 0.6844 0.6714
vn 0.2779 0.7214 0.6343
vn 0.1877 0.7327 0.6542
vn 0.1920 0.6959 0.6920
vn 0.1821 -0.5196 0.8348
vn 0.2051 -0.4350 0.8767
vn 0.1381 -0.4317 0.8914
vn 0.1226 -0.5167 0.8473
vn 0.0855 0.9879 -0.1294
vn 0.0581 0.9746 -0.2164
vn 0.0390 0.9762 -0.2132
vn 0.0574 0.9905 -0.1246
vn 0.3005 0.1924 0.9342
vn 0.3022 0.2247 0.9264
vn 0.2043 0.2336 0.9506
vn 0.2031 0.2010 0.9583
vn 0.2896 0.6469 0.7055
vn 0.2843 0.6844 0.6714
vn 0.1920 0.6959 0.6920
vn 0.1957 0.6584 0.7268
vn 0.1546 -0.6080 0.7788
vn 0.1821 -0.5196 0.8348
vn 0.1226 -0.5167 0.8473
vn 0.1039 -0.6055 0.7891
vn 0.1115 0.9928 -0.0436
vn 0.0855 0.9879 -0.1294
vn 0.0574 0.9905 -0.1246
vn 0.0749 0.9965 -0.0373
vn 0.2983 0.1584 0.9412
vn 0.3005 0.1924 0.9342
vn 0.2031 0.2010 0.9583
vn 0.2016 0.1668 0.9652
vn 0.2941 0.6088 0.7367
vn 0.2896 0.6469 0.7055
vn 0.1957 0.6584 0.7268
vn 0.1988 0.6203 0.7587
vn 0.1221 -0.6970 0.7066
vn 0.1546 -0.6080 0.7788
vn 0.1039 -0.6055 0.7891
vn 0.0820 -0.6949 0.7144
vn 0.1358 0.9899 0.0397
vn 0.1115 0.9928 -0.0436
vn 0.0749 0.9965 -0.0373
vn 0.0912 0.9947 0.0474
vn 0.2957 0.1226 0.9474
vn 0.2983 0.1584 0.9412
vn 0.2016 0.1668 0.9652
vn 0.1998 0.1306 0.9711
vn 0.2978 0.5704 0.7655
vn 0.2941 0.6088 0.7367
vn 0.1988 0.6203 0.7587
vn 0.2013 0.5818 0.7880
vn 0.1046 -0.7410 0.6633
vn 0.1221 -0.6970 0.7066
vn 0.0820 -0.6949 0.7144
vn 0.0703 -0.7392 0.6698
vn 0.1582 0.9802 0.1195
vn 0.1358 0.9899 0.0397
vn 0.0912 0.9947 0.0474
vn 0.1063 0.9860 0.1287
vn 0.2924 0.0846 0.9525
vn 0.2957 0.1226 0.9474
vn 0.1998 0.1306 0.9711
vn 0.1976 0.0922 0.9759
vn 0.3008 0.5315 0.7919
vn 0.2978 0.5704 0.7655
vn 0.2013 0.5818 0.7880
vn 0.2033 0.5427 0.8149
vn 0.0000 0.9940 -0.1093
vn 0.0000 0.9211 -0.3894
vn -0.0936 0.9885 -0.1190
vn 0.1785 0.9644 0.1951
vn 0.1582 0.9802 0.1195
vn 0.1063 0.9860 0.1287
vn 0.1201 0.9712 0.2057
vn 0.2885 0.0440 0.9565
vn 0.2924 0.0846 0.9525
vn 0.1976 0.0922 0.9759
vn 0.1949 0.0512 0.9795
vn 0.3030 0.4921 0.8161
vn 0.3008 0.5315 0.7919
vn 0.2033 0.5427 0.8149
vn 0.2049 0.5032 0.8395
vn 0.0000 0.2753 0.9614
vn 0.0000 0.3894 0.9211
vn -0.3148 0.3696 0.8742
vn -0.3126 0.2577 0.9143
vn 0.0820 -0.6949 0.7144
vn 0.1039 -0.6055 0.7891
vn 0.0522 -0.6040 0.7953
vn 0.0412 -0.6937 0.7191
vn 0.0912 0.9947 0.0474
vn 0.0749 0.9965 -0.0373
vn 0.0376 0.9987 -0.0336
vn 0.0458 0.9976 0.0521
vn 0.1998 0.1306 0.9711
vn 0.2016 0.1668 0.9652
vn 0.1017 0.1718 0.9799
vn 0.1008 0.1355 0.9856
vn 0.2013 0.5818 0.7880
vn 0.1988 0.6203 0.7587
vn 0.1002 0.6274 0.7722
vn 0.1015 0.5888 0.8019
vn 0.0703 -0.7392 0.6698
vn 0.0820 -0.6949 0.7144
vn 0.0412 -0.6937 0.7191
vn 0.0353 -0.7381 0.6738
vn 0.1063 0.9860 0.1287
vn 0.0912 0.9947 0.0474
vn 0.0458 0.9976 0.0521
vn 0.0534 0.9895 0.1342
vn 0.1976 0.0922 0.9759
vn 0.1998 0.1306 0.9711
vn 0.1008 0.1355 0.9856
vn 0.0996 0.0968 0.9903
vn 0.2033 0.5427 0.8149
vn 0.2013 0.5818 0.7880
vn 0.1015 0.5888 0.8019
vn 0.1025 0.5497 0.8291
vn 0.0000 0.3894 0.9211
vn 0.0000 0.4978 0.8673
vn -0.3126 0.4763 0.8218
vn -0.3148 0.3696 0.8742
vn 0.1201 0.9712 0.2057
vn 0.1063 0.9860 0.1287
vn 0.0534 0.9895 0.1342
vn 0.0604 0.9754 0.2121
vn 0.1949 0.0512 0.9795
vn 0.1976 0.0922 0.9759
vn 0.0996 0.0968 0.9903
vn 0.0983 0.0556 0.9936
vn 0.2049 0.5032 0.8395
vn 0.2033 0.5427 0.8149
vn 0.1025 0.5497 0.8291
vn 0.1033 0.5100 0.8539
vn -0.0000 -0.9211 0.3894
vn 0.0000 -0.6872 0.7264
vn -0.1305 -0.6914 0.7106
vn 0.1325 0.9514 0.2780
vn 0.1201 0.9712 0.2057
vn 0.0604 0.9754 0.2121
vn 0.0667 0.9561 0.2853
vn 0.1917 0.0070 0.9814
vn 0.1949 0.0512 0.9795
vn 0.0983 0.0556 0.9936
vn 0.0966 0.0112 0.9953
vn 0.2059 0.4631 0.8620
vn 0.2049 0.5032 0.8395
vn 0.1033 0.5100 0.8539
vn 0.1039 0.4698 0.8767
vn 0.1437 0.9274 0.3454
vn 0.1325 0.9514 0.2780
vn 0.0667 0.9561 0.2853
vn 0.0723 0.9326 0.3535
vn 0.1877 -0.0407 0.9814
vn 0.1917 0.0070 0.9814
vn 0.0966 0.0112 0.9953
vn 0.0946 -0.0368 0.9948
vn 0.2066 0.4224 0.8826
vn 0.2059 0.4631 0.8620
vn 0.1039 0.4698 0.8767
vn 0.1042 0.4289 0.8973
vn 0.1536 0.9000 0.4080
vn 0.1437 0.9274 0.3454
vn 0.0723 0.9326 0.3535
vn 0.0773 0.9057 0.4168
vn 0.1830 -0.0925 0.9788
vn 0.1877 -0.0407 0.9814
vn 0.0946 -0.0368 0.9948
vn 0.0922 -0.0889 0.9918
vn 0.2068 0.3810 0.9012
vn 0.2066 0.4224 0.8826
vn 0.1042 0.4289 0.8973
vn 0.1043 0.3873 0.9160
vn 0.1624 0.8699 0.4658
vn 0.1536 0.9000 0.4080
vn 0.0773 0.9057 0.4168
vn 0.0817 0.8760 0.4754
vn 0.1772 -0.1490 0.9728
vn 0.1830 -0.0925 0.9788
vn 0.0922 -0.0889 0.9918
vn 0.0892 -0.1457 0.9853
vn 0.2067 0.3459 0.9152
vn 0.2068 0.3810 0.9012
vn 0.1043 0.3873 0.9160
vn 0.1042 0.3520 0.9302
vn 0.1701 0.8377 0.5190
vn 0.1624 0.8699 0.4658
vn 0.0817 0.8760 0.4754
vn 0.0856 0.8441 0.5293
vn 0.1701 -0.2108 0.9626
vn 0.1772 -0.1490 0.9728
vn 0.0892 -0.1457 0.9853
vn 0.0857 -0.2078 0.9744
vn 0.2064 0.3208 0.9244
vn 0.2067 0.3459 0.9152
vn 0.1042 0.3520 0.9302
vn 0.1041 0.3268 0.9393
vn 0.1768 0.8039 0.5679
vn 0.1701 0.8377 0.5190
vn 0.0856 0.8441 0.5293
vn 0.0890 0.8105 0.5789
vn 0.1615 -0.2783 0.9468
vn 0.1701 -0.2108 0.9626
vn 0.0857 -0.2078 0.9744
vn 0.0813 -0.2757 0.9578
vn 0.2059 0.2951 0.9330
vn 0.2064 0.3208 0.9244
vn 0.1041 0.3268 0.9393
vn 0.1039 0.3009 0.9480
vn 0.1826 0.7688 0.6129
vn 0.1768 0.8039 0.5679
vn 0.0890 0.8105 0.5789
vn 0.0920 0.7756 0.6245
vn 0.1510 -0.3520 0.9238
vn 0.1615 -0.2783 0.9468
vn 0.0813 -0.2757 0.9578
vn 0.0760 -0.3496 0.9338
vn 0.0199 0.9532 -0.3015
vn -0.0000 0.9211 -0.3894
vn 0.0100 0.9537 -0.3005
vn 0.2052 0.2649 0.9422
vn 0.2059 0.2951 0.9330
vn 0.1039 0.3009 0.9480
vn 0.1035 0.2706 0.9571
vn 0.1877 0.7327 0.6542
vn 0.1826 0.7688 0.6129
vn 0.0920 0.7756 0.6245
vn 0.0946 0.7397 0.6663
vn 0.1381 -0.4317 0.8914
vn 0.1510 -0.3520 0.9238
vn 0.0760 -0.3496 0.9338
vn 0.0695 -0.4296 0.9003
vn 0.0390 0.9762 -0.2132
vn 0.0199 0.9532 -0.3015
vn 0.0100 0.9537 -0.3005
vn 0.0195 0.9772 -0.2112
vn 0.2043 0.2336 0.9506
vn 0.2052 0.2649 0.9422
vn 0.1035 0.2706 0.9571
vn 0.1030 0.2391 0.9655
vn 0.1920 0.6959 0.6920
vn 0.1877 0.7327 0.6542
vn 0.0946 0.7397 0.6663
vn 0.0968 0.7029 0.7047
vn 0.1226 -0.5167 0.8473
vn 0.1381 -0.4317 0.8914
vn 0.0695 -0.4296 0.9003
vn 0.0616 -0.5150 0.8550
vn 0.0574 0.9905 -0.1246
vn 0.0390 0.9762 -0.2132
vn 0.0195 0.9772 -0.2112
vn 0.0288 0.9921 -0.1218
vn 0.2031 0.2010 0.9583
vn 0.2043 0.2336 0.9506
vn 0.1030 0.2391 0.9655
vn 0.1024 0.2063 0.9731
vn 0.1957 0.6584 0.7268
vn 0.1920 0.6959 0.6920
vn 0.0968 0.7029 0.7047
vn 0.0987 0.6654 0.7399
vn 0.1039 -0.6055 0.7891
vn 0.1226 -0.5167 0.8473
vn 0.0616 -0.5150 0.8550
vn 0.0522 -0.6040 0.7953
vn 0.0749 0.9965 -0.0373
vn 0.0574 0.9905 -0.1246
vn 0.0288 0.9921 -0.1218
vn 0.0376 0.9987 -0.0336
vn 0.2016 0.1668 0.9652
vn 0.2031 0.2010 0.9583
vn 0.1024 0.2063 0.9731
vn 0.1017 0.1718 0.9799
vn 0.1988 0.6203 0.7587
vn 0.1957 0.6584 0.7268
vn 0.0987 0.6654 0.7399
vn 0.1002 0.6274 0.7722
vn 0.0946 0.7397 0.6663
vn 0.0920 0.7756 0.6245
vn -0.0000 0.7779 0.6284
vn -0.0000 0.7420 0.6704
vn 0.0695 -0.4296 0.9003
vn 0.0760 -0.3496 0.9338
vn -0.0000 -0.3489 0.9372
vn -0.0000 -0.4290 0.9033
vn 0.0195 0.9772 -0.2112
vn 0.0100 0.9537 -0.3005
vn -0.0000 0.9539 -0.3002
vn -0.0000 0.9776 -0.2106
vn 0.1030 0.2391 0.9655
vn 0.1035 0.2706 0.9571
vn -0.0000 0.2725 0.9622
vn -0.0000 0.2410 0.9705
vn 0.0968 0.7029 0.7047
vn 0.0946 0.7397 0.6663
vn -0.0000 0.7420 0.6704
vn -0.0000 0.7053 0.7089
vn 0.0616 -0.5150 0.8550
vn 0.0695 -0.4296 0.9003
vn -0.0000 -0.4290 0.9033
vn -0.0000 -0.5144 0.8576
vn 0.0288 0.9921 -0.1218
vn 0.0195 0.9772 -0.2112
vn -0.0000 0.9776 -0.2106
vn 0.0000 0.9927 -0.1208
vn 0.1024 0.2063 0.9731
vn 0.1030 0.2391 0.9655
vn -0.0000 0.2410 0.9705
vn -0.0000 0.2081 0.9781
vn 0.0987 0.6654 0.7399
vn 0.0968 0.7029 0.7047
vn -0.0000 0.7053 0.7089
vn -0.0000 0.6678 0.7443
vn 0.0522 -0.6040 0.7953
vn 0.0616 -0.5150 0.8550
vn -0.0000 -0.5144 0.8576
vn -0.0000 -0.6035 0.7974
vn 0.0376 0.9987 -0.0336
vn 0.0288 0.9921 -0.1218
vn 0.0000 0.9927 -0.1208
vn 0.0000 0.9995 -0.0323
vn 0.1017 0.1718 0.9799
vn 0.1024 0.2063 0.9731
vn -0.0000 0.2081 0.9781
vn -0.0000 0.1736 0.9848
vn 0.1002 0.6274 0.7722
vn 0.0987 0.6654 0.7399
vn -0.0000 0.6678 0.7443
vn -0.0000 0.6298 0.7768
vn 0.0412 -0.6937 0.7191
vn 0.0522 -0.6040 0.7953
vn -0.0000 -0.6035 0.7974
vn -0.0000 -0.6933 0.7207
vn 0.0458 0.9976 0.0521
vn 0.0376 0.9987 -0.0336
vn 0.0000 0.9995 -0.0323
vn 0.0000 0.9986 0.0537
vn 0.1008 0.1355 0.9856
vn 0.1017 0.1718 0.9799
vn -0.0000 0.1736 0.9848
vn -0.0000 0.1371 0.9906
vn 0.1015 0.5888 0.8019
vn 0.1002 0.6274 0.7722
vn -0.0000 0.6298 0.7768
vn -0.0000 0.5912 0.8066
vn 0.0353 -0.7381 0.6738
vn 0.0412 -0.6937 0.7191
vn -0.0000 -0.6933 0.7207
vn -0.0000 -0.7377 0.6751
vn 0.0534 0.9895 0.1342
vn 0.0458 0.9976 0.0521
vn 0.0000 0.9986 0.0537
vn -0.0000 0.9907 0.1361
vn 0.0996 0.0968 0.9903
vn 0.1008 0.1355 0.9856
vn -0.0000 0.1371 0.9906
vn -0.0000 0.0984 0.9951
vn 0.1025 0.5497 0.8291
vn 0.1015 0.5888 0.8019
vn -0.0000 0.5912 0.8066
vn -0.0000 0.5520 0.8338
vn 0.0000 0.4978 0.8673
vn 0.0000 0.6063 0.7953
vn -0.3054 0.5837 0.7524
vn -0.3126 0.4763 0.8218
vn 0.0604 0.9754 0.2121
vn 0.0534 0.9895 0.1342
vn -0.0000 0.9907 0.1361
vn -0.0000 0.9768 0.2142
vn 0.0983 0.0556 0.9936
vn 0.0996 0.0968 0.9903
vn -0.0000 0.0984 0.9951
vn -0.0000 0.0570 0.9984
vn 0.1033 0.5100 0.8539
vn 0.1025 0.5497 0.8291
vn -0.0000 0.5520 0.8338
vn -0.0000 0.5123 0.8588
vn 0.0000 -0.6872 0.7264
vn -0.0000 -0.4209 0.9071
vn -0.2148 -0.4270 0.8784
vn -0.1305 -0.6914 0.7106
vn 0.0667 0.9561 0.2853
vn 0.0604 0.9754 0.2121
vn -0.0000 0.9768 0.2142
vn -0.0000 0.9577 0.2877
vn 0.0966 0.0112 0.9953
vn 0.0983 0.0556 0.9936
vn -0.0000 0.0570 0.9984
vn -0.0000 0.0125 0.9999
vn 0.1039 0.4698 0.8767
vn 0.1033 0.5100 0.8539
vn -0.0000 0.5123 0.8588
vn -0.0000 0.4720 0.8816
vn 0.0723 0.9326 0.3535
vn 0.0667 0.9561 0.2853
vn -0.0000 0.9577 0.2877
vn -0.0000 0.9344 0.3562
vn 0.0946 -0.0368 0.9948
vn 0.0966 0.0112 0.9953
vn -0.0000 0.0125 0.9999
vn -0.0000 -0.0355 0.9994
vn 0.1042 0.4289 0.8973
vn 0.1039 0.4698 0.8767
vn -0.0000 0.4720 0.8816
vn -0.0000 0.4311 0.9023
vn 0.0773 0.9057 0.4168
vn 0.0723 0.9326 0.3535
vn -0.0000 0.9344 0.3562
vn -0.0000 0.9076 0.4198
vn 0.0922 -0.0889 0.9918
vn 0.0946 -0.0368 0.9948
vn -0.0000 -0.0355 0.9994
vn -0.0000 -0.0877 0.9961
vn 0.1043 0.3873 0.9160
vn 0.1042 0.4289 0.8973
vn -0.0000 0.4311 0.9023
vn -0.0000 0.3894 0.9211
vn 0.0817 0.8760 0.4754
vn 0.0773 0.9057 0.4168
vn -0.0000 0.9076 0.4198
vn -0.0000 0.8780 0.4786
vn 0.0892 -0.1457 0.9853
vn 0.0922 -0.0889 0.9918
vn -0.0000 -0.0877 0.9961
vn -0.0000 -0.1446 0.9895
vn 0.1042 0.3520 0.9302
vn 0.1043 0.3873 0.9160
vn -0.0000 0.3894 0.9211
vn -0.0000 0.3541 0.9352
vn 0.0856 0.8441 0.5293
vn 0.0817 0.8760 0.4754
vn -0.0000 0.8780 0.4786
vn -0.0000 0.8463 0.5328
vn 0.0857 -0.2078 0.9744
vn 0.0892 -0.1457 0.9853
vn -0.0000 -0.1446 0.9895
vn -0.0000 -0.2068 0.9784
vn 0.1041 0.3268 0.9393
vn 0.1042 0.3520 0.9302
vn -0.0000 0.3541 0.9352
vn -0.0000 0.3288 0.9444
vn 0.0890 0.8105 0.5789
vn 0.0856 0.8441 0.5293
vn -0.0000 0.8463 0.5328
vn -0.0000 0.8128 0.5826
vn 0.0813 -0.2757 0.9578
vn 0.0857 -0.2078 0.9744
vn -0.0000 -0.2068 0.9784
vn -0.0000 -0.2748 0.9615
vn 0.1039 0.3009 0.9480
vn 0.1041 0.3268 0.9393
vn -0.0000 0.3288 0.9444
vn -0.0000 0.3029 0.9530
vn 0.0920 0.7756 0.6245
vn 0.0890 0.8105 0.5789
vn -0.0000 0.8128 0.5826
vn -0.0000 0.7779 0.6284
vn 0.0760 -0.3496 0.9338
vn 0.0813 -0.2757 0.9578
vn -0.0000 -0.2748 0.9615
vn -0.0000 -0.3489 0.9372
vn 0.0100 0.9537 -0.3005
vn -0.0000 0.9211 -0.3894
vn -0.0000 0.9539 -0.3002
vn 0.1035 0.2706 0.9571
vn 0.1039 0.3009 0.9480
vn -0.0000 0.3029 0.9530
vn -0.0000 0.2725 0.9622
f 3135/1/1 3134/2/2 8/3/3 9/4/4
f 3162/5/5 3161/6/6 35/7/7 36/8/8
f 3149/9/9 3148/10/10 22/11/11 23/12/12
f 3136/13/13 3135/14/14 9/15/15 10/16/16
f 3163/17/17 3162/18/18 36/19/19 37/20/20
f 3150/21/21 3149/22/22 23/23/23 24/24/24
f 3137/25/25 3136/26/26 10/27/27 11/28/28
f 3164/29/29 3163/30/30 37/31/31 38/32/32
f 3151/33/33 3150/34/34 24/35/35 25/36/36
f 3138/37/37 3137/38/38 11/39/39 12/40/40
f 3165/41/41 3164/42/42 38/43/43 39/44/44
f 3152/45/45 3151/46/46 25/47/47 26/48/48
f 3139/49/49 3138/50/50 12/51/51 13/52/52
f 3166/53/53 3165/54/54 39/55/55 40/56/56
f 3153/57/57 3152/58/58 26/59/59 27/60/60
f 3140/61/61 3139/62/62 13/63/63 14/64/64
f 3167/65/65 3166/66/66 40/67/67 41/68/68
f 3154/69/69 3153/70/70 27/71/71 28/72/72
f 3141/73/73 3140/74/74 14/75/75 15/76/76
f 3168/77/77 3167/78/78 41/79/79 42/80/80
f 3128/81/81 1/82/82 2/83/83
f 3155/84/84 3154/85/85 28/86/86 29/87/87
f 3142/88/88 3141/89/89 15/90/90 16/91/91
f 3169/92/92 3168/93/93 42/94/94 43/95/95
f 3129/96/96 3128/97/97 2/98/98 3/99/99
f 3156/100/100 3155/101/101 29/102/102 30/103/103
f 3143/104/104 3142/105/105 16/106/106 17/107/107
f 3170/108/108 3169/109/109 43/110/110 44/111/111
f 3130/112/112 3129/113/113 3/114/114 4/115/115
f 3157/116/116 3156/117/117 30/118/118 31/119/119
f 3144/120/120 3143/121/121 17/122/122 18/123/123
f 3171/124/124 3170/125/125 44/126/126 45/127/127
f 3131/128/128 3130/129/129 4/130/130 5/131/131
f 3158/132/132 3157/133/133 31/134/134 32/135/135
f 3145/136/136 3144/137/137 18/138/138 19/139/139
f 3172/140/140 3171/141/141 45/142/142 46/143/143
f 3132/144/144 3131/145/145 5/146/146 6/147/147
f 3159/148/148 3158/149/149 32/150/150 33/151/151
f 3146/152/152 3145/153/153 19/154/154 20/155/155
f 3173/156/156 3172/157/157 46/158/158 47/159/159
f 3133/160/160 3132/161/161 6/162/162 7/163/163
f 3160/164/164 3159/165/165 33/166/166 34/167/167
f 3147/168/168 3146/169/169 20/170/170 21/171/171
f 3134/172/172 3133/173/173 7/174/174 8/175/175
f 3161/176/176 3160/177/177 34/178/178 35/179/179
f 3148/180/180 3147/181/181 21/182/182 22/183/183
f 28/184/184 27/185/185 73/186/186 74/187/187
f 15/188/188 14/189/189 60/190/190 61/191/191
f 42/192/192 41/193/193 87/194/194 88/195/195
f 2/196/196 1/197/197 48/198/198
f 29/199/199 28/200/200 74/201/201 75/202/202
f 16/203/203 15/204/204 61/205/205 62/206/206
f 43/207/207 42/208/208 88/209/209 89/210/210
f 3/211/211 2/212/212 48/213/213 49/214/214
f 30/215/215 29/216/216 75/217/217 76/218/218
f 17/219/219 16/220/220 62/221/221 63/222/222
f 44/223/223 43/224/224 89/225/225 90/226/226
f 4/227/227 3/228/228 49/229/229 50/230/230
f 31/231/231 30/232/232 76/233/233 77/234/234
f 18/235/235 17/236/236 63/237/237 64/238/238
f 45/239/239 44/240/240 90/241/241 91/242/242
f 5/243/243 4/244/244 50/245/245 51/246/246
f 32/247/247 31/248/248 77/249/249 78/250/250
f 19/251/251 18/252/252 64/253/253 65/254/254
f 46/255/255 45/256/256 91/257/257 92/258/258
f 6/259/259 5/260/260 51/261/261 52/262/262
f 33/263/263 32/264/264 78/265/265 79/266/266
f 20/267/267 19/268/268 65/269/269 66/270/270
f 47/271/271 46/272/272 92/273/273 93/274/274
f 7/275/275 6/276/276 52/277/277 53/278/278
f 34/279/279 33/280/280 79/281/281 80/282/282
f 21/283/283 20/284/284 66/285/285 67/286/286
f 8/287/287 7/288/288 53/289/289 54/290/290
f 35/291/291 34/292/292 80/293/293 81/294/294
f 22/295/295 21/296/296 67/297/297 68/298/298
f 9/299/299 8/300/300 54/301/301 55/302/302
f 36/303/303 35/304/304 81/305/305 82/306/306
f 23/307/307 22/308/308 68/309/309 69/310/310
f 10/311/311 9/312/312 55/313/313 56/314/314
f 37/315/315 36/316/316 82/317/317 83/318/318
f 24/319/319 23/320/320 69/321/321 70/322/322
f 11/323/323 10/324/324 56/325/325 57/326/326
f 38/327/327 37/328/328 83/329/329 84/330/330
f 25/331/331 24/332/332 70/333/333 71/334/334
f 12/335/335 11/336/336 57/337/337 58/338/338
f 39/339/339 38/340/340 84/341/341 85/342/342
f 26/343/343 25/344/344 71/345/345 72/346/346
f 13/347/347 12/348/348 58/349/349 59/350/350
f 40/351/351 39/352/352 85/353/353 86/354/354
f 27/355/355 26/356/356 72/357/357 73/358/358
f 14/359/359 13/360/360 59/361/361 60/362/362
f 41/363/363 40/364/364 86/365/365 87/366/366
f 84/367/367 83/368/368 129/369/369 130/370/370
f 71/371/371 70/372/372 116/373/373 117/374/374
f 58/375/375 57/376/376 103/377/377 104/378/378
f 85/379/379 84/380/380 130/381/381 131/382/382
f 72/383/383 71/384/384 117/385/385 118/386/386
f 59/387/387 58/388/388 104/389/389 105/390/390
f 86/391/391 85/392/392 131/393/393 132/394/394
f 73/395/395 72/396/396 118/397/397 119/398/398
f 60/399/399 59/400/400 105/401/401 106/402/402
f 87/403/403 86/404/404 132/405/405 133/406/406
f 74/407/407 73/408/408 119/409/409 120/410/410
f 61/411/411 60/412/412 106/413/413 107/414/414
f 88/415/415 87/416/416 133/417/417 134/418/418
f 48/419/419 1/420/420 94/421/421
f 75/422/422 74/423/423 120/424/424 121/425/425
f 62/426/426 61/427/427 107/428/428 108/429/429
f 89/430/430 88/431/431 134/432/432 135/433/433
f 49/434/434 48/435/435 94/436/436 95/437/437
f 76/438/438 75/439/439 121/440/440 122/441/441
f 63/442/442 62/443/443 108/444/444 109/445/445
f 90/446/446 89/447/447 135/448/448 136/449/449
f 50/450/450 49/451/451 95/452/452 96/453/453
f 77/454/454 76/455/455 122/456/456 123/457/457
f 64/458/458 63/459/459 109/460/460 110/461/461
f 91/462/462 90/463/463 136/464/464 137/465/465
f 51/466/466 50/467/467 96/468/468 97/469/469
f 78/470/470 77/471/471 123/472/472 124/473/473
f 65/474/474 64/475/475 110/476/476 111/477/477
f 92/478/478 91/479/479 137/480/480 138/481/481
f 52/482/482 51/483/483 97/484/484 98/485/485
f 79/486/486 78/487/487 124/488/488 125/489/489
f 66/490/490 65/491/491 111/492/492 112/493/493
f 93/494/494 92/495/495 138/496/496 139/497/497
f 53/498/498 52/499/499 98/500/500 99/501/501
f 80/502/502 79/503/503 125/504/504 126/505/505
f 67/506/506 66/507/507 112/508/508 113/509/509
f 54/510/510 53/511/511 99/512/512 100/513/513
f 81/514/514 80/515/515 126/516/516 127/517/517
f 68/518/518 67/519/519 113/520/520 114/521/521
f 55/522/522 54/523/523 100/524/524 101/525/525
f 82/526/526 81/527/527 127/528/528 128/529/529
f 69/530/530 68/531/531 114/532/532 115/533/533
f 56/534/534 55/535/535 101/536/536 102/537/537
f 83/538/538 82/539/539 128/540/540 129/541/541
f 70/542/542 69/543/543 115/544/544 116/545/545
f 57/546/546 56/547/547 102/548/548 103/549/549
f 100/550/550 99/551/551 145/552/552 146/553/553
f 127/554/554 126/555/555 172/556/556 173/557/557
f 114/558/558 113/559/559 159/560/560 160/561/561
f 101/562/562 100/563/563 146/564/564 147/565/565
f 128/566/566 127/567/567 173/568/568 174/569/569
f 115/570/570 114/571/571 160/572/572 161/573/573
f 102/574/574 101/575/575 147/576/576 148/577/577
f 129/578/578 128/579/579 174/580/580 175/581/581
f 116/582/582 115/583/583 161/584/584 162/585/585
f 103/586/586 102/587/587 148/588/588 149/589/589
f 130/590/590 129/591/591 175/592/592 176/593/593
f 117/594/594 116/595/595 162/596/596 163/597/597
f 104/598/598 103/599/599 149/600/600 150/601/601
f 131/602/602 130/603/603 176/604/604 177/605/605
f 118/606/606 117/607/607 163/608/608 164/609/609
f 105/610/610 104/611/611 150/612/612 151/613/613
f 132/614/614 131/615/615 177/616/616 178/617/617
f 119/618/618 118/619/619 164/620/620 165/621/621
f 106/622/622 105/623/623 151/624/624 152/625/625
f 133/626/626 132/627/627 178/628/628 179/629/629
f 120/630/630 119/631/631 165/632/632 166/633/633
f 107/634/634 106/635/635 152/636/636 153/637/637
f 134/638/638 133/639/639 179/640/640 180/641/641
f 94/642/642 1/643/643 140/644/644
f 121/645/645 120/646/646 166/647/647 167/648/648
f 108/649/649 107/650/650 153/651/651 154/652/652
f 135/653/653 134/654/654 180/655/655 181/656/656
f 95/657/657 94/658/658 140/659/659 141/660/660
f 122/661/661 121/662/662 167/663/663 168/664/664
f 109/665/665 108/666/666 154/667/667 155/668/668
f 136/669/669 135/670/670 181/671/671 182/672/672
f 96/673/673 95/674/674 141/675/675 142/676/676
f 123/677/677 122/678/678 168/679/679 169/680/680
f 110/681/681 109/682/682 155/683/683 156/684/684
f 137/685/685 136/686/686 182/687/687 183/688/688
f 97/689/689 96/690/690 142/691/691 143/692/692
f 124/693/693 123/694/694 169/695/695 170/696/696
f 111/697/697 110/698/698 156/699/699 157/700/700
f 138/701/701 137/702/702 183/703/703 184/704/704
f 98/705/705 97/706/706 143/707/707 144/708/708
f 125/709/709 124/710/710 170/711/711 171/712/712
f 112/713/713 111/714/714 157/715/715 158/716/716
f 139/717/717 138/718/718 184/719/719 185/720/720
f 99/721/721 98/722/722 144/723/723 145/724/724
f 126/725/725 125/726/726 171/727/727 172/728/728
f 113/729/729 112/730/730 158/731/731 159/732/732
f 183/733/733 182/734/734 228/735/735 229/736/736
f 143/737/737 142/738/738 188/739/739 189/740/740
f 170/741/741 169/742/742 215/743/743 216/744/744
f 157/745/745 156/746/746 202/747/747 203/748/748
f 184/749/749 183/750/750 229/751/751 230/752/752
f 144/753/753 143/754/754 189/755/755 190/756/756
f 171/757/757 170/758/758 216/759/759 217/760/760
f 158/761/761 157/762/762 203/763/763 204/764/764
f 185/765/765 184/766/766 230/767/767 231/768/768
f 145/769/769 144/770/770 190/771/771 191/772/772
f 172/773/773 171/774/774 217/775/775 218/776/776
f 159/777/777 158/778/778 204/779/779 205/780/780
f 146/781/781 145/782/782 191/783/783 192/784/784
f 173/785/785 172/786/786 218/787/787 219/788/788
f 160/789/789 159/790/790 205/791/791 206/792/792
f 147/793/793 146/794/794 192/795/795 193/796/796
f 174/797/797 173/798/798 219/799/799 220/800/800
f 161/801/801 160/802/802 206/803/803 207/804/804
f 148/805/805 147/806/806 193/807/807 194/808/808
f 175/809/809 174/810/810 220/811/811 221/812/812
f 162/813/813 161/814/814 207/815/815 208/816/816
f 149/817/817 148/818/818 194/819/819 195/820/820
f 176/821/821 175/822/822 221/823/823 222/824/824
f 163/825/825 162/826/826 208/827/827 209/828/828
f 150/829/829 149/830/830 195/831/831 196/832/832
f 177/833/833 176/834/834 222/835/835 223/836/836
f 164/837/837 163/838/838 209/839/839 210/840/840
f 151/841/841 150/842/842 196/843/843 197/844/844
f 178/845/845 177/846/846 223/847/847 224/848/848
f 165/849/849 164/850/850 210/851/851 211/852/852
f 152/853/853 151/854/854 197/855/855 198/856/856
f 179/857/857 178/858/858 224/859/859 225/860/860
f 166/861/861 165/862/862 211/863/863 212/864/864
f 153/865/865 152/866/866 198/867/867 199/868/868
f 180/869/869 179/870/870 225/871/871 226/872/872
f 140/873/873 1/874/874 186/875/875
f 167/876/876 166/877/877 212/878/878 213/879/879
f 154/880/880 153/881/881 199/882/882 200/883/883
f 181/884/884 180/885/885 226/886/886 227/887/887
f 141/888/888 140/889/889 186/890/890 187/891/891
f 168/892/892 167/893/893 213/894/894 214/895/895
f 155/896/896 154/897/897 200/898/898 201/899/899
f 182/900/900 181/901/901 227/902/902 228/903/903
f 142/904/904 141/905/905 187/906/906 188/907/907
f 169/908/908 168/909/909 214/910/910 215/911/911
f 156/912/912 155/913/913 201/914/914 202/915/915
f 199/916/916 198/917/917 244/918/918 245/919/919
f 226/920/920 225/921/921 271/922/922 272/923/923
f 186/924/924 1/925/925 232/926/926
f 213/927/927 212/928/928 258/929/929 259/930/930
f 200/931/931 199/932/932 245/933/933 246/934/934
f 227/935/935 226/936/936 272/937/937 273/938/938
f 187/939/939 186/940/940 232/941/941 233/942/942
f 214/943/943 213/944/944 259/945/945 260/946/946
f 201/947/947 200/948/948 246/949/949 247/950/950
f 228/951/951 227/952/952 273/953/953 274/954/954
f 188/955/955 187/956/956 233/957/957 234/958/958
f 215/959/959 214/960/960 260/961/961 261/962/962
f 202/963/963 201/964/964 247/965/965 248/966/966
f 229/967/967 228/968/968 274/969/969 275/970/970
f 189/971/971 188/972/972 234/973/973 235/974/974
f 216/975/975 215/976/976 261/977/977 262/978/978
f 203/979/979 202/980/980 248/981/981 249/982/982
f 230/983/983 229/984/984 275/985/985 276/986/986
f 190/987/987 189/988/988 235/989/989 236/990/990
f 217/991/991 216/992/992 262/993/993 263/994/994
f 204/995/995 203/996/996 249/997/997 250/998/998
f 231/999/999 230/1000/1000 276/1001/1001 277/1002/1002
f 191/1003/1003 190/1004/1004 236/1005/1005 237/1006/1006
f 218/1007/1007 217/1008/1008 263/1009/1009 264/1010/1010
f 205/1011/1011 204/1012/1012 250/1013/1013 251/1014/1014
f 192/1015/1015 191/1016/1016 237/1017/1017 238/1018/1018
f 219/1019/1019 218/1020/1020 264/1021/1021 265/1022/1022
f 206/1023/1023 205/1024/1024 251/1025/1025 252/1026/1026
f 193/1027/1027 192/1028/1028 238/1029/1029 239/1030/1030
f 220/1031/1031 219/1032/1032 265/1033/1033 266/1034/1034
f 207/1035/1035 206/1036/1036 252/1037/1037 253/1038/1038
f 194/1039/1039 193/1040/1040 239/1041/1041 240/1042/1042
f 221/1043/1043 220/1044/1044 266/1045/1045 267/1046/1046
f 208/1047/1047 207/1048/1048 253/1049/1049 254/1050/1050
f 195/1051/1051 194/1052/1052 240/1053/1053 241/1054/1054
f 222/1055/1055 221/1056/1056 267/1057/1057 268/1058/1058
f 209/1059/1059 208/1060/1060 254/1061/1061 255/1062/1062
f 196/1063/1063 195/1064/1064 241/1065/1065 242/1066/1066
f 223/1067/1067 222/1068/1068 268/1069/1069 269/1070/1070
f 210/1071/1071 209/1072/1072 255/1073/1073 256/1074/1074
f 197/1075/1075 196/1076/1076 242/1077/1077 243/1078/1078
f 224/1079/1079 223/1080/1080 269/1081/1081 270/1082/1082
f 211/1083/1083 210/1084/1084 256/1085/1085 257/1086/1086
f 198/1087/1087 197/1088/1088 243/1089/1089 244/1090/1090
f 225/1091/1091 224/1092/1092 270/1093/1093 271/1094/1094
f 212/1095/1095 211/1096/1096 257/1097/1097 258/1098/1098
f 242/1099/1099 241/1100/1100 287/1101/1101 288/1102/1102
f 269/1103/1103 268/1104/1104 314/1105/1105 315/1106/1106
f 256/1107/1107 255/1108/1108 301/1109/1109 302/1110/1110
f 243/1111/1111 242/1112/1112 288/1113/1113 289/1114/1114
f 270/1115/1115 269/1116/1116 315/1117/1117 316/1118/1118
f 257/1119/1119 256/1120/1120 302/1121/1121 303/1122/1122
f 244/1123/1123 243/1124/1124 289/1125/1125 290/1126/1126
f 271/1127/1127 270/1128/1128 316/1129/1129 317/1130/1130
f 258/1131/1131 257/1132/1132 303/1133/1133 304/1134/1134
f 245/1135/1135 244/1136/1136 290/1137/1137 291/1138/1138
f 272/1139/1139 271/1140/1140 317/1141/1141 318/1142/1142
f 232/1143/1143 1/1144/1144 278/1145/1145
f 259/1146/1146 258/1147/1147 304/1148/1148 305/1149/1149
f 246/1150/1150 245/1151/1151 291/1152/1152 292/1153/1153
f 273/1154/1154 272/1155/1155 318/1156/1156 319/1157/1157
f 233/1158/1158 232/1159/1159 278/1160/1160 279/1161/1161
f 260/1162/1162 259/1163/1163 305/1164/1164 306/1165/1165
f 247/1166/1166 246/1167/1167 292/1168/1168 293/1169/1169
f 274/1170/1170 273/1171/1171 319/1172/1172 320/1173/1173
f 234/1174/1174 233/1175/1175 279/1176/1176 280/1177/1177
f 261/1178/1178 260/1179/1179 306/1180/1180 307/1181/1181
f 248/1182/1182 247/1183/1183 293/1184/1184 294/1185/1185
f 275/1186/1186 274/1187/1187 320/1188/1188 321/1189/1189
f 235/1190/1190 234/1191/1191 280/1192/1192 281/1193/1193
f 262/1194/1194 261/1195/1195 307/1196/1196 308/1197/1197
f 249/1198/1198 248/1199/1199 294/1200/1200 295/1201/1201
f 276/1202/1202 275/1203/1203 321/1204/1204 322/1205/1205
f 236/1206/1206 235/1207/1207 281/1208/1208 282/1209/1209
f 263/1210/1210 262/1211/1211 308/1212/1212 309/1213/1213
f 250/1214/1214 249/1215/1215 295/1216/1216 296/1217/1217
f 277/1218/1218 276/1219/1219 322/1220/1220 323/1221/1221
f 237/1222/1222 236/1223/1223 282/1224/1224 283/1225/1225
f 264/1226/1226 263/1227/1227 309/1228/1228 310/1229/1229
f 251/1230/1230 250/1231/1231 296/1232/1232 297/1233/1233
f 238/1234/1234 237/1235/1235 283/1236/1236 284/1237/1237
f 265/1238/1238 264/1239/1239 310/1240/1240 311/1241/1241
f 252/1242/1242 251/1243/1243 297/1244/1244 298/1245/1245
f 239/1246/1246 238/1247/1247 284/1248/1248 285/1249/1249
f 266/1250/1250 265/1251/1251 311/1252/1252 312/1253/1253
f 253/1254/1254 252/1255/1255 298/1256/1256 299/1257/1257
f 240/1258/1258 239/1259/1259 285/1260/1260 286/1261/1261
f 267/1262/1262 266/1263/1263 312/1264/1264 313/1265/1265
f 254/1266/1266 253/1267/1267 299/1268/1268 300/1269/1269
f 241/1270/1270 240/1271/1271 286/1272/1272 287/1273/1273
f 268/1274/1274 267/1275/1275 313/1276/1276 314/1277/1277
f 255/1278/1278 254/1279/1279 300/1280/1280 301/1281/1281
f 298/1282/1282 297/1283/1283 343/1284/1284 344/1285/1285
f 285/1286/1286 284/1287/1287 330/1288/1288 331/1289/1289
f 312/1290/1290 311/1291/1291 357/1292/1292 358/1293/1293
f 299/1294/1294 298/1295/1295 344/1296/1296 345/1297/1297
f 286/1298/1298 285/1299/1299 331/1300/1300 332/1301/1301
f 313/1302/1302 312/1303/1303 358/1304/1304 359/1305/1305
f 300/1306/1306 299/1307/1307 345/1308/1308 346/1309/1309
f 287/1310/1310 286/1311/1311 332/1312/1312 333/1313/1313
f 314/1314/1314 313/1315/1315 359/1316/1316 360/1317/1317
f 301/1318/1318 300/1319/1319 346/1320/1320 347/1321/1321
f 288/1322/1322 287/1323/1323 333/1324/1324 334/1325/1325
f 315/1326/1326 314/1327/1327 360/1328/1328 361/1329/1329
f 302/1330/1330 301/1331/1331 347/1332/1332 348/1333/1333
f 289/1334/1334 288/1335/1335 334/1336/1336 335/1337/1337
f 316/1338/1338 315/1339/1339 361/1340/1340 362/1341/1341
f 303/1342/1342 302/1343/1343 348/1344/1344 349/1345/1345
f 290/1346/1346 289/1347/1347 335/1348/1348 336/1349/1349
f 317/1350/1350 316/1351/1351 362/1352/1352 363/1353/1353
f 304/1354/1354 303/1355/1355 349/1356/1356 350/1357/1357
f 291/1358/1358 290/1359/1359 336/1360/1360 337/1361/1361
f 318/1362/1362 317/1363/1363 363/1364/1364 364/1365/1365
f 278/1366/1366 1/1367/1367 324/1368/1368
f 305/1369/1369 304/1370/1370 350/1371/1371 351/1372/1372
f 292/1373/1373 291/1374/1374 337/1375/1375 338/1376/1376
f 319/1377/1377 318/1378/1378 364/1379/1379 365/1380/1380
f 279/1381/1381 278/1382/1382 324/1383/1383 325/1384/1384
f 306/1385/1385 305/1386/1386 351/1387/1387 352/1388/1388
f 293/1389/1389 292/1390/1390 338/1391/1391 339/1392/1392
f 320/1393/1393 319/1394/1394 365/1395/1395 366/1396/1396
f 280/1397/1397 279/1398/1398 325/1399/1399 326/1400/1400
f 307/1401/1401 306/1402/1402 352/1403/1403 353/1404/1404
f 294/1405/1405 293/1406/1406 339/1407/1407 340/1408/1408
f 321/1409/1409 320/1410/1410 366/1411/1411 367/1412/1412
f 281/1413/1413 280/1414/1414 326/1415/1415 327/1416/1416
f 308/1417/1417 307/1418/1418 353/1419/1419 354/1420/1420
f 295/1421/1421 294/1422/1422 340/1423/1423 341/1424/1424
f 322/1425/1425 321/1426/1426 367/1427/1427 368/1428/1428
f 282/1429/1429 281/1430/1430 327/1431/1431 328/1432/1432
f 309/1433/1433 308/1434/1434 354/1435/1435 355/1436/1436
f 296/1437/1437 295/1438/1438 341/1439/1439 342/1440/1440
f 323/1441/1441 322/1442/1442 368/1443/1443 369/1444/1444
f 283/1445/1445 282/1446/1446 328/1447/1447 329/1448/1448
f 310/1449/1449 309/1450/1450 355/1451/1451 356/1452/1452
f 297/1453/1453 296/1454/1454 342/1455/1455 343/1456/1456
f 284/1457/1457 283/1458/1458 329/1459/1459 330/1460/1460
f 311/1461/1461 310/1462/1462 356/1463/1463 357/1464/1464
f 341/1465/1465 340/1466/1466 386/1467/1467 387/1468/1468
f 368/1469/1469 367/1470/1470 413/1471/1471 414/1472/1472
f 328/1473/1473 327/1474/1474 373/1475/1475 374/1476/1476
f 355/1477/1477 354/1478/1478 400/1479/1479 401/1480/1480
f 342/1481/1481 341/1482/1482 387/1483/1483 388/1484/1484
f 369/1485/1485 368/1486/1486 414/1487/1487 415/1488/1488
f 329/1489/1489 328/1490/1490 374/1491/1491 375/1492/1492
f 356/1493/1493 355/1494/1494 401/1495/1495 402/1496/1496
f 343/1497/1497 342/1498/1498 388/1499/1499 389/1500/1500
f 330/1501/1501 329/1502/1502 375/1503/1503 376/1504/1504
f 357/1505/1505 356/1506/1506 402/1507/1507 403/1508/1508
f 344/1509/1509 343/1510/1510 389/1511/1511 390/1512/1512
f 331/1513/1513 330/1514/1514 376/1515/1515 377/1516/1516
f 358/1517/1517 357/1518/1518 403/1519/1519 404/1520/1520
f 345/1521/1521 344/1522/1522 390/1523/1523 391/1524/1524
f 332/1525/1525 331/1526/1526 377/1527/1527 378/1528/1528
f 359/1529/1529 358/1530/1530 404/1531/1531 405/1532/1532
f 346/1533/1533 345/1534/1534 391/1535/1535 392/1536/1536
f 333/1537/1537 332/1538/1538 378/1539/1539 379/1540/1540
f 360/1541/1541 359/1542/1542 405/1543/1543 406/1544/1544
f 347/1545/1545 346/1546/1546 392/1547/1547 393/1548/1548
f 334/1549/1549 333/1550/1550 379/1551/1551 380/1552/1552
f 361/1553/1553 360/1554/1554 406/1555/1555 407/1556/1556
f 348/1557/1557 347/1558/1558 393/1559/1559 394/1560/1560
f 335/1561/1561 334/1562/1562 380/1563/1563 381/1564/1564
f 362/1565/1565 361/1566/1566 407/1567/1567 408/1568/1568
f 349/1569/1569 348/1570/1570 394/1571/1571 395/1572/1572
f 336/1573/1573 335/1574/1574 381/1575/1575 382/1576/1576
f 363/1577/1577 362/1578/1578 408/1579/1579 409/1580/1580
f 350/1581/1581 349/1582/1582 395/1583/1583 396/1584/1584
f 337/1585/1585 336/1586/1586 382/1587/1587 383/1588/1588
f 364/1589/1589 363/1590/1590 409/1591/1591 410/1592/1592
f 324/1593/1593 1/1594/1594 370/1595/1595
f 351/1596/1596 350/1597/1597 396/1598/1598 397/1599/1599
f 338/1600/1600 337/1601/1601 383/1602/1602 384/1603/1603
f 365/1604/1604 364/1605/1605 410/1606/1606 411/1607/1607
f 325/1608/1608 324/1609/1609 370/1610/1610 371/1611/1611
f 352/1612/1612 351/1613/1613 397/1614/1614 398/1615/1615
f 339/1616/1616 338/1617/1617 384/1618/1618 385/1619/1619
f 366/1620/1620 365/1621/1621 411/1622/1622 412/1623/1623
f 326/1624/1624 325/1625/1625 371/1626/1626 372/1627/1627
f 353/1628/1628 352/1629/1629 398/1630/1630 399/1631/1631
f 340/1632/1632 339/1633/1633 385/1634/1634 386/1635/1635
f 367/1636/1636 366/1637/1637 412/1638/1638 413/1639/1639
f 327/1640/1640 326/1641/1641 372/1642/1642 373/1643/1643
f 354/1644/1644 353/1645/1645 399/1646/1646 400/1647/1647
f 397/1648/1648 396/1649/1649 442/1650/1650 443/1651/1651
f 384/1652/1652 383/1653/1653 429/1654/1654 430/1655/1655
f 411/1656/1656 410/1657/1657 456/1658/1658 457/1659/1659
f 371/1660/1660 370/1661/1661 416/1662/1662 417/1663/1663
f 398/1664/1664 397/1665/1665 443/1666/1666 444/1667/1667
f 385/1668/1668 384/1669/1669 430/1670/1670 431/1671/1671
f 412/1672/1672 411/1673/1673 457/1674/1674 458/1675/1675
f 372/1676/1676 371/1677/1677 417/1678/1678 418/1679/1679
f 399/1680/1680 398/1681/1681 444/1682/1682 445/1683/1683
f 386/1684/1684 385/1685/1685 431/1686/1686 432/1687/1687
f 413/1688/1688 412/1689/1689 458/1690/1690 459/1691/1691
f 373/1692/1692 372/1693/1693 418/1694/1694 419/1695/1695
f 400/1696/1696 399/1697/1697 445/1698/1698 446/1699/1699
f 387/1700/1700 386/1701/1701 432/1702/1702 433/1703/1703
f 414/1704/1704 413/1705/1705 459/1706/1706 460/1707/1707
f 374/1708/1708 373/1709/1709 419/1710/1710 420/1711/1711
f 401/1712/1712 400/1713/1713 446/1714/1714 447/1715/1715
f 388/1716/1716 387/1717/1717 433/1718/1718 434/1719/1719
f 415/1720/1720 414/1721/1721 460/1722/1722 461/1723/1723
f 375/1724/1724 374/1725/1725 420/1726/1726 421/1727/1727
f 402/1728/1728 401/1729/1729 447/1730/1730 448/1731/1731
f 389/1732/1732 388/1733/1733 434/1734/1734 435/1735/1735
f 376/1736/1736 375/1737/1737 421/1738/1738 422/1739/1739
f 403/1740/1740 402/1741/1741 448/1742/1742 449/1743/1743
f 390/1744/1744 389/1745/1745 435/1746/1746 436/1747/1747
f 377/1748/1748 376/1749/1749 422/1750/1750 423/1751/1751
f 404/1752/1752 403/1753/1753 449/1754/1754 450/1755/1755
f 391/1756/1756 390/1757/1757 436/1758/1758 437/1759/1759
f 378/1760/1760 377/1761/1761 423/1762/1762 424/1763/1763
f 405/1764/1764 404/1765/1765 450/1766/1766 451/1767/1767
f 392/1768/1768 391/1769/1769 437/1770/1770 438/1771/1771
f 379/1772/1772 378/1773/1773 424/1774/1774 425/1775/1775
f 406/1776/1776 405/1777/1777 451/1778/1778 452/1779/1779
f 393/1780/1780 392/1781/1781 438/1782/1782 439/1783/1783
f 380/1784/1784 379/1785/1785 425/1786/1786 426/1787/1787
f 407/1788/1788 406/1789/1789 452/1790/1790 453/1791/1791
f 394/1792/1792 393/1793/1793 439/1794/1794 440/1795/1795
f 381/1796/1796 380/1797/1797 426/1798/1798 427/1799/1799
f 408/1800/1800 407/1801/1801 453/1802/1802 454/1803/1803
f 395/1804/1804 394/1805/1805 440/1806/1806 441/1807/1807
f 382/1808/1808 381/1809/1809 427/1810/1810 428/1811/1811
f 409/1812/1812 408/1813/1813 454/1814/1814 455/1815/1815
f 396/1816/1816 395/1817/1817 441/1818/1818 442/1819/1819
f 383/1820/1820 382/1821/1821 428/1822/1822 429/1823/1823
f 410/1824/1824 409/1825/1825 455/1826/1826 456/1827/1827
f 370/1828/1828 1/1829/1829 416/1830/1830
f 440/1831/1831 439/1832/1832 485/1833/1833 486/1834/1834
f 427/1835/1835 426/1836/1836 472/1837/1837 473/1838/1838
f 454/1839/1839 453/1840/1840 499/1841/1841 500/1842/1842
f 441/1843/1843 440/1844/1844 486/1845/1845 487/1846/1846
f 428/1847/1847 427/1848/1848 473/1849/1849 474/1850/1850
f 455/1851/1851 454/1852/1852 500/1853/1853 501/1854/1854
f 442/1855/1855 441/1856/1856 487/1857/1857 488/1858/1858
f 429/1859/1859 428/1860/1860 474/1861/1861 475/1862/1862
f 456/1863/1863 455/1864/1864 501/1865/1865 502/1866/1866
f 416/1867/1867 1/1868/1868 462/1869/1869
f 443/1870/1870 442/1871/1871 488/1872/1872 489/1873/1873
f 430/1874/1874 429/1875/1875 475/1876/1876 476/1877/1877
f 457/1878/1878 456/1879/1879 502/1880/1880 503/1881/1881
f 417/1882/1882 416/1883/1883 462/1884/1884 463/1885/1885
f 444/1886/1886 443/1887/1887 489/1888/1888 490/1889/1889
f 431/1890/1890 430/1891/1891 476/1892/1892 477/1893/1893
f 458/1894/1894 457/1895/1895 503/1896/1896 504/1897/1897
f 418/1898/1898 417/1899/1899 463/1900/1900 464/1901/1901
f 445/1902/1902 444/1903/1903 490/1904/1904 491/1905/1905
f 432/1906/1906 431/1907/1907 477/1908/1908 478/1909/1909
f 459/1910/1910 458/1911/1911 504/1912/1912 505/1913/1913
f 419/1914/1914 418/1915/1915 464/1916/1916 465/1917/1917
f 446/1918/1918 445/1919/1919 491/1920/1920 492/1921/1921
f 433/1922/1922 432/1923/1923 478/1924/1924 479/1925/1925
f 460/1926/1926 459/1927/1927 505/1928/1928 506/1929/1929
f 420/1930/1930 419/1931/1931 465/1932/1932 466/1933/1933
f 447/1934/1934 446/1935/1935 492/1936/1936 493/1937/1937
f 434/1938/1938 433/1939/1939 479/1940/1940 480/1941/1941
f 421/1942/1942 420/1943/1943 466/1944/1944 467/1945/1945
f 448/1946/1946 447/1947/1947 493/1948/1948 494/1949/1949
f 435/1950/1950 434/1951/1951 480/1952/1952 481/1953/1953
f 422/1954/1954 421/1955/1955 467/1956/1956 468/1957/1957
f 449/1958/1958 448/1959/1959 494/1960/1960 495/1961/1961
f 436/1962/1962 435/1963/1963 481/1964/1964 482/1965/1965
f 423/1966/1966 422/1967/1967 468/1968/1968 469/1969/1969
f 450/1970/1970 449/1971/1971 495/1972/1972 496/1973/1973
f 437/1974/1974 436/1975/1975 482/1976/1976 483/1977/1977
f 424/1978/1978 423/1979/1979 469/1980/1980 470/1981/1981
f 451/1982/1982 450/1983/1983 496/1984/1984 497/1985/1985
f 438/1986/1986 437/1987/1987 483/1988/1988 484/1989/1989
f 425/1990/1990 424/1991/1991 470/1992/1992 471/1993/1993
f 452/1994/1994 451/1995/1995 497/1996/1996 498/1997/1997
f 439/1998/1998 438/1999/1999 484/2000/2000 485/2001/2001
f 426/2002/2002 425/2003/2003 471/2004/2004 472/2005/2005
f 453/2006/2006 452/2007/2007 498/2008/2008 499/2009/2009
f 496/2010/2010 495/2011/2011 540/2012/2012 541/2013/2013
f 483/2014/2014 482/2015/2015 527/2016/2016 528/2017/2017
f 470/2018/2018 469/2019/2019 514/2020/2020 515/2021/2021
f 497/2022/2022 496/2023/2023 541/2024/2024 542/2025/2025
f 484/2026/2026 483/2027/2027 528/2028/2028 529/2029/2029
f 471/2030/2030 470/2031/2031 515/2032/2032 516/2033/2033
f 498/2034/2034 497/2035/2035 542/2036/2036 543/2037/2037
f 485/2038/2038 484/2039/2039 529/2040/2040 530/2041/2041
f 472/2042/2042 471/2043/2043 516/2044/2044 517/2045/2045
f 499/2046/2046 498/2047/2047 543/2048/2048 544/2049/2049
f 486/2050/2050 485/2051/2051 530/2052/2052 531/2053/2053
f 473/2054/2054 472/2055/2055 517/2056/2056 518/2057/2057
f 500/2058/2058 499/2059/2059 544/2060/2060 545/2061/2061
f 487/2062/2062 486/2063/2063 531/2064/2064 532/2065/2065
f 474/2066/2066 473/2067/2067 518/2068/2068 519/2069/2069
f 501/2070/2070 500/2071/2071 545/2072/2072 546/2073/2073
f 488/2074/2074 487/2075/2075 532/2076/2076 533/2077/2077
f 475/2078/2078 474/2079/2079 519/2080/2080 520/2081/2081
f 502/2082/2082 501/2083/2083 546/2084/2084 547/2085/2085
f 462/2086/2086 1/2087/2087 507/2088/2088
f 489/2089/2089 488/2090/2090 533/2091/2091 534/2092/2092
f 476/2093/2093 475/2094/2094 520/2095/2095 521/2096/2096
f 503/2097/2097 502/2098/2098 547/2099/2099 548/2100/2100
f 463/2101/2101 462/2102/2102 507/2103/2103 508/2104/2104
f 490/2105/2105 489/2106/2106 534/2107/2107 535/2108/2108
f 477/2109/2109 476/2110/2110 521/2111/2111 522/2112/2112
f 504/2113/2113 503/2114/2114 548/2115/2115 549/2116/2116
f 464/2117/2117 463/2118/2118 508/2119/2119 509/2120/2120
f 491/2121/2121 490/2122/2122 535/2123/2123 536/2124/2124
f 478/2125/2125 477/2126/2126 522/2127/2127 523/2128/2128
f 505/2129/2129 504/2130/2130 549/2131/2131 550/2132/2132
f 465/2133/2133 464/2134/2134 509/2135/2135 510/2136/2136
f 492/2137/2137 491/2138/2138 536/2139/2139 537/2140/2140
f 479/2141/2141 478/2142/2142 523/2143/2143 524/2144/2144
f 506/2145/2145 505/2146/2146 550/2147/2147 551/2148/2148
f 466/2149/2149 465/2150/2150 510/2151/2151 511/2152/2152
f 493/2153/2153 492/2154/2154 537/2155/2155 538/2156/2156
f 480/2157/2157 479/2158/2158 524/2159/2159 525/2160/2160
f 467/2161/2161 466/2162/2162 511/2163/2163 512/2164/2164
f 494/2165/2165 493/2166/2166 538/2167/2167 539/2168/2168
f 481/2169/2169 480/2170/2170 525/2171/2171 526/2172/2172
f 468/2173/2173 467/2174/2174 512/2175/2175 513/2176/2176
f 495/2177/2177 494/2178/2178 539/2179/2179 540/2180/2180
f 482/2181/2181 481/2182/2182 526/2183/2183 527/2184/2184
f 469/2185/2185 468/2186/2186 513/2187/2187 514/2188/2188
f 511/2189/2189 510/2190/2190 555/2191/2191 556/2192/2192
f 538/2193/2193 537/2194/2194 582/2195/2195 583/2196/2196
f 525/2197/2197 524/2198/2198 569/2199/2199 570/2200/2200
f 512/2201/2201 511/2202/2202 556/2203/2203 557/2204/2204
f 539/2205/2205 538/2206/2206 583/2207/2207 584/2208/2208
f 526/2209/2209 525/2210/2210 570/2211/2211 571/2212/2212
f 513/2213/2213 512/2214/2214 557/2215/2215 558/2216/2216
f 540/2217/2217 539/2218/2218 584/2219/2219 585/2220/2220
f 527/2221/2221 526/2222/2222 571/2223/2223 572/2224/2224
f 514/2225/2225 513/2226/2226 558/2227/2227 559/2228/2228
f 541/2229/2229 540/2230/2230 585/2231/2231 586/2232/2232
f 528/2233/2233 527/2234/2234 572/2235/2235 573/2236/2236
f 515/2237/2237 514/2238/2238 559/2239/2239 560/2240/2240
f 542/2241/2241 541/2242/2242 586/2243/2243 587/2244/2244
f 529/2245/2245 528/2246/2246 573/2247/2247 574/2248/2248
f 516/2249/2249 515/2250/2250 560/2251/2251 561/2252/2252
f 543/2253/2253 542/2254/2254 587/2255/2255 588/2256/2256
f 530/2257/2257 529/2258/2258 574/2259/2259 575/2260/2260
f 517/2261/2261 516/2262/2262 561/2263/2263 562/2264/2264
f 544/2265/2265 543/2266/2266 588/2267/2267 589/2268/2268
f 531/2269/2269 530/2270/2270 575/2271/2271 576/2272/2272
f 518/2273/2273 517/2274/2274 562/2275/2275 563/2276/2276
f 545/2277/2277 544/2278/2278 589/2279/2279 590/2280/2280
f 532/2281/2281 531/2282/2282 576/2283/2283 577/2284/2284
f 519/2285/2285 518/2286/2286 563/2287/2287 564/2288/2288
f 546/2289/2289 545/2290/2290 590/2291/2291 591/2292/2292
f 533/2293/2293 532/2294/2294 577/2295/2295 578/2296/2296
f 520/2297/2297 519/2298/2298 564/2299/2299 565/2300/2300
f 547/2301/2301 546/2302/2302 591/2303/2303 592/2304/2304
f 507/2305/2305 1/2306/2306 552/2307/2307
f 534/2308/2308 533/2309/2309 578/2310/2310 579/2311/2311
f 521/2312/2312 520/2313/2313 565/2314/2314 566/2315/2315
f 548/2316/2316 547/2317/2317 592/2318/2318 593/2319/2319
f 508/2320/2320 507/2321/2321 552/2322/2322 553/2323/2323
f 535/2324/2324 534/2325/2325 579/2326/2326 580/2327/2327
f 522/2328/2328 521/2329/2329 566/2330/2330 567/2331/2331
f 549/2332/2332 548/2333/2333 593/2334/2334 594/2335/2335
f 509/2336/2336 508/2337/2337 553/2338/2338 554/2339/2339
f 536/2340/2340 535/2341/2341 580/2342/2342 581/2343/2343
f 523/2344/2344 522/2345/2345 567/2346/2346 568/2347/2347
f 550/2348/2348 549/2349/2349 594/2350/2350 595/2351/2351
f 510/2352/2352 509/2353/2353 554/2354/2354 555/2355/2355
f 537/2356/2356 536/2357/2357 581/2358/2358 582/2359/2359
f 524/2360/2360 523/2361/2361 568/2362/2362 569/2363/2363
f 551/2364/2364 550/2365/2365 595/2366/2366 596/2367/2367
f 593/2368/2368 592/2369/2369 637/2370/2370 638/2371/2371
f 553/2372/2372 552/2373/2373 597/2374/2374 598/2375/2375
f 580/2376/2376 579/2377/2377 624/2378/2378 625/2379/2379
f 567/2380/2380 566/2381/2381 611/2382/2382 612/2383/2383
f 594/2384/2384 593/2385/2385 638/2386/2386 639/2387/2387
f 554/2388/2388 553/2389/2389 598/2390/2390 599/2391/2391
f 581/2392/2392 580/2393/2393 625/2394/2394 626/2395/2395
f 568/2396/2396 567/2397/2397 612/2398/2398 613/2399/2399
f 595/2400/2400 594/2401/2401 639/2402/2402 640/2403/2403
f 555/2404/2404 554/2405/2405 599/2406/2406 600/2407/2407
f 582/2408/2408 581/2409/2409 626/2410/2410 627/2411/2411
f 569/2412/2412 568/2413/2413 613/2414/2414 614/2415/2415
f 556/2416/2416 555/2417/2417 600/2418/2418 601/2419/2419
f 583/2420/2420 582/2421/2421 627/2422/2422 628/2423/2423
f 570/2424/2424 569/2425/2425 614/2426/2426 615/2427/2427
f 557/2428/2428 556/2429/2429 601/2430/2430 602/2431/2431
f 584/2432/2432 583/2433/2433 628/2434/2434 629/2435/2435
f 571/2436/2436 570/2437/2437 615/2438/2438 616/2439/2439
f 558/2440/2440 557/2441/2441 602/2442/2442 603/2443/2443
f 585/2444/2444 584/2445/2445 629/2446/2446 630/2447/2447
f 572/2448/2448 571/2449/2449 616/2450/2450 617/2451/2451
f 559/2452/2452 558/2453/2453 603/2454/2454 604/2455/2455
f 586/2456/2456 585/2457/2457 630/2458/2458 631/2459/2459
f 573/2460/2460 572/2461/2461 617/2462/2462 618/2463/2463
f 560/2464/2464 559/2465/2465 604/2466/2466 605/2467/2467
f 587/2468/2468 586/2469/2469 631/2470/2470 632/2471/2471
f 574/2472/2472 573/2473/2473 618/2474/2474 619/2475/2475
f 561/2476/2476 560/2477/2477 605/2478/2478 606/2479/2479
f 588/2480/2480 587/2481/2481 632/2482/2482 633/2483/2483
f 575/2484/2484 574/2485/2485 619/2486/2486 620/2487/2487
f 562/2488/2488 561/2489/2489 606/2490/2490 607/2491/2491
f 589/2492/2492 588/2493/2493 633/2494/2494 634/2495/2495
f 576/2496/2496 575/2497/2497 620/2498/2498 621/2499/2499
f 563/2500/2500 562/2501/2501 607/2502/2502 608/2503/2503
f 590/2504/2504 589/2505/2505 634/2506/2506 635/2507/2507
f 577/2508/2508 576/2509/2509 621/2510/2510 622/2511/2511
f 564/2512/2512 563/2513/2513 608/2514/2514 609/2515/2515
f 591/2516/2516 590/2517/2517 635/2518/2518 636/2519/2519
f 578/2520/2520 577/2521/2521 622/2522/2522 623/2523/2523
f 565/2524/2524 564/2525/2525 609/2526/2526 610/2527/2527
f 592/2528/2528 591/2529/2529 636/2530/2530 637/2531/2531
f 552/2532/2532 1/2533/2533 597/2534/2534
f 579/2535/2535 578/2536/2536 623/2537/2537 624/2538/2538
f 566/2539/2539 565/2540/2540 610/2541/2541 611/2542/2542
f 608/2543/2543 607/2544/2544 651/2545/2545 652/2546/2546
f 635/2547/2547 634/2548/2548 678/2549/2549 679/2550/2550
f 622/2551/2551 621/2552/2552 665/2553/2553 666/2554/2554
f 609/2555/2555 608/2556/2556 652/2557/2557 653/2558/2558
f 636/2559/2559 635/2560/2560 679/2561/2561 680/2562/2562
f 623/2563/2563 622/2564/2564 666/2565/2565 667/2566/2566
f 610/2567/2567 609/2568/2568 653/2569/2569 654/2570/2570
f 637/2571/2571 636/2572/2572 680/2573/2573 681/2574/2574
f 597/2575/2575 1/2576/2576 641/2577/2577
f 624/2578/2578 623/2579/2579 667/2580/2580 668/2581/2581
f 611/2582/2582 610/2583/2583 654/2584/2584 655/2585/2585
f 638/2586/2586 637/2587/2587 681/2588/2588 682/2589/2589
f 598/2590/2590 597/2591/2591 641/2592/2592 642/2593/2593
f 625/2594/2594 624/2595/2595 668/2596/2596 669/2597/2597
f 612/2598/2598 611/2599/2599 655/2600/2600 656/2601/2601
f 639/2602/2602 638/2603/2603 682/2604/2604 683/2605/2605
f 599/2606/2606 598/2607/2607 642/2608/2608 643/2609/2609
f 626/2610/2610 625/2611/2611 669/2612/2612 670/2613/2613
f 613/2614/2614 612/2615/2615 656/2616/2616 657/2617/2617
f 600/2618/2618 599/2619/2619 643/2620/2620 644/2621/2621
f 627/2622/2622 626/2623/2623 670/2624/2624 671/2625/2625
f 614/2626/2626 613/2627/2627 657/2628/2628 658/2629/2629
f 601/2630/2630 600/2631/2631 644/2632/2632 645/2633/2633
f 628/2634/2634 627/2635/2635 671/2636/2636 672/2637/2637
f 615/2638/2638 614/2639/2639 658/2640/2640 659/2641/2641
f 602/2642/2642 601/2643/2643 645/2644/2644 646/2645/2645
f 629/2646/2646 628/2647/2647 672/2648/2648 673/2649/2649
f 616/2650/2650 615/2651/2651 659/2652/2652 660/2653/2653
f 603/2654/2654 602/2655/2655 646/2656/2656 647/2657/2657
f 630/2658/2658 629/2659/2659 673/2660/2660 674/2661/2661
f 617/2662/2662 616/2663/2663 660/2664/2664 661/2665/2665
f 604/2666/2666 603/2667/2667 647/2668/2668 648/2669/2669
f 631/2670/2670 630/2671/2671 674/2672/2672 675/2673/2673
f 618/2674/2674 617/2675/2675 661/2676/2676 662/2677/2677
f 605/2678/2678 604/2679/2679 648/2680/2680 649/2681/2681
f 632/2682/2682 631/2683/2683 675/2684/2684 676/2685/2685
f 619/2686/2686 618/2687/2687 662/2688/2688 663/2689/2689
f 606/2690/2690 605/2691/2691 649/2692/2692 650/2693/2693
f 633/2694/2694 632/2695/2695 676/2696/2696 677/2697/2697
f 620/2698/2698 619/2699/2699 663/2700/2700 664/2701/2701
f 607/2702/2702 606/2703/2703 650/2704/2704 651/2705/2705
f 634/2706/2706 633/2707/2707 677/2708/2708 678/2709/2709
f 621/2710/2710 620/2711/2711 664/2712/2712 665/2713/2713
f 649/2714/2714 648/2715/2715 691/2716/2716 692/2717/2717
f 676/2718/2718 675/2719/2719 718/2720/2720 719/2721/2721
f 663/2722/2722 662/2723/2723 705/2724/2724 706/2725/2725
f 650/2726/2726 649/2727/2727 692/2728/2728 693/2729/2729
f 677/2730/2730 676/2731/2731 719/2732/2732 720/2733/2733
f 664/2734/2734 663/2735/2735 706/2736/2736 707/2737/2737
f 651/2738/2738 650/2739/2739 693/2740/2740 694/2741/2741
f 678/2742/2742 677/2743/2743 720/2744/2744 721/2745/2745
f 665/2746/2746 664/2747/2747 707/2748/2748 708/2749/2749
f 652/2750/2750 651/2751/2751 694/2752/2752 695/2753/2753
f 679/2754/2754 678/2755/2755 721/2756/2756 722/2757/2757
f 666/2758/2758 665/2759/2759 708/2760/2760 709/2761/2761
f 653/2762/2762 652/2763/2763 695/2764/2764 696/2765/2765
f 680/2766/2766 679/2767/2767 722/2768/2768 723/2769/2769
f 667/2770/2770 666/2771/2771 709/2772/2772 710/2773/2773
f 654/2774/2774 653/2775/2775 696/2776/2776 697/2777/2777
f 681/2778/2778 680/2779/2779 723/2780/2780 724/2781/2781
f 641/2782/2782 1/2783/2783 684/2784/2784
f 668/2785/2785 667/2786/2786 710/2787/2787 711/2788/2788
f 655/2789/2789 654/2790/2790 697/2791/2791 698/2792/2792
f 642/2793/2793 641/2794/2794 684/2795/2795 685/2796/2796
f 669/2797/2797 668/2798/2798 711/2799/2799 712/2800/2800
f 656/2801/2801 655/2802/2802 698/2803/2803 699/2804/2804
f 643/2805/2805 642/2806/2806 685/2807/2807 686/2808/2808
f 670/2809/2809 669/2810/2810 712/2811/2811 713/2812/2812
f 657/2813/2813 656/2814/2814 699/2815/2815 700/2816/2816
f 644/2817/2817 643/2818/2818 686/2819/2819 687/2820/2820
f 671/2821/2821 670/2822/2822 713/2823/2823 714/2824/2824
f 658/2825/2825 657/2826/2826 700/2827/2827 701/2828/2828
f 645/2829/2829 644/2830/2830 687/2831/2831 688/2832/2832
f 672/2833/2833 671/2834/2834 714/2835/2835 715/2836/2836
f 659/2837/2837 658/2838/2838 701/2839/2839 702/2840/2840
f 646/2841/2841 645/2842/2842 688/2843/2843 689/2844/2844
f 673/2845/2845 672/2846/2846 715/2847/2847 716/2848/2848
f 660/2849/2849 659/2850/2850 702/2851/2851 703/2852/2852
f 647/2853/2853 646/2854/2854 689/2855/2855 690/2856/2856
f 674/2857/2857 673/2858/2858 716/2859/2859 717/2860/2860
f 661/2861/2861 660/2862/2862 703/2863/2863 704/2864/2864
f 648/2865/2865 647/2866/2866 690/2867/2867 691/2868/2868
f 675/2869/2869 674/2870/2870 717/2871/2871 718/2872/2872
f 662/2873/2873 661/2874/2874 704/2875/2875 705/2876/2876
f 702/2877/2877 701/2878/2878 742/2879/2879 743/2880/2880
f 689/2881/2881 688/2882/2882 729/2883/2883 730/2884/2884
f 716/2885/2885 715/2886/2886 756/2887/2887 757/2888/2888
f 703/2889/2889 702/2890/2890 743/2891/2891 744/2892/2892
f 690/2893/2893 689/2894/2894 730/2895/2895 731/2896/2896
f 717/2897/2897 716/2898/2898 757/2899/2899 758/2900/2900
f 704/2901/2901 703/2902/2902 744/2903/2903 745/2904/2904
f 691/2905/2905 690/2906/2906 731/2907/2907 732/2908/2908
f 718/2909/2909 717/2910/2910 758/2911/2911 759/2912/2912
f 705/2913/2913 704/2914/2914 745/2915/2915 746/2916/2916
f 692/2917/2917 691/2918/2918 732/2919/2919 733/2920/2920
f 719/2921/2921 718/2922/2922 759/2923/2923 760/2924/2924
f 706/2925/2925 705/2926/2926 746/2927/2927 747/2928/2928
f 693/2929/2929 692/2930/2930 733/2931/2931 734/2932/2932
f 720/2933/2933 719/2934/2934 760/2935/2935 761/2936/2936
f 707/2937/2937 706/2938/2938 747/2939/2939 748/2940/2940
f 694/2941/2941 693/2942/2942 734/2943/2943 735/2944/2944
f 721/2945/2945 720/2946/2946 761/2947/2947 762/2948/2948
f 708/2949/2949 707/2950/2950 748/2951/2951 749/2952/2952
f 695/2953/2953 694/2954/2954 735/2955/2955 736/2956/2956
f 722/2957/2957 721/2958/2958 762/2959/2959 763/2960/2960
f 709/2961/2961 708/2962/2962 749/2963/2963 750/2964/2964
f 696/2965/2965 695/2966/2966 736/2967/2967 737/2968/2968
f 710/2969/2969 709/2970/2970 750/2971/2971 751/2972/2972
f 697/2973/2973 696/2974/2974 737/2975/2975 738/2976/2976
f 684/2977/2977 1/2978/2978 725/2979/2979
f 711/2980/2980 710/2981/2981 751/2982/2982 752/2983/2983
f 698/2984/2984 697/2985/2985 738/2986/2986 739/2987/2987
f 685/2988/2988 684/2989/2989 725/2990/2990 726/2991/2991
f 712/2992/2992 711/2993/2993 752/2994/2994 753/2995/2995
f 699/2996/2996 698/2997/2997 739/2998/2998 740/2999/2999
f 686/3000/3000 685/3001/3001 726/3002/3002 727/3003/3003
f 713/3004/3004 712/3005/3005 753/3006/3006 754/3007/3007
f 700/3008/3008 699/3009/3009 740/3010/3010 741/3011/3011
f 687/3012/3012 686/3013/3013 727/3014/3014 728/3015/3015
f 714/3016/3016 713/3017/3017 754/3018/3018 755/3019/3019
f 701/3020/3020 700/3021/3021 741/3022/3022 742/3023/3023
f 688/3024/3024 687/3025/3025 728/3026/3026 729/3027/3027
f 715/3028/3028 714/3029/3029 755/3030/3030 756/3031/3031
f 740/3032/3032 739/3033/3033 778/3034/3034 779/3035/3035
f 727/3036/3036 726/3037/3037 765/3038/3038 766/3039/3039
f 754/3040/3040 753/3041/3041 792/3042/3042 793/3043/3043
f 741/3044/3044 740/3045/3045 779/3046/3046 780/3047/3047
f 728/3048/3048 727/3049/3049 766/3050/3050 767/3051/3051
f 755/3052/3052 754/3053/3053 793/3054/3054 794/3055/3055
f 742/3056/3056 741/3057/3057 780/3058/3058 781/3059/3059
f 729/3060/3060 728/3061/3061 767/3062/3062 768/3063/3063
f 756/3064/3064 755/3065/3065 794/3066/3066 795/3067/3067
f 743/3068/3068 742/3069/3069 781/3070/3070 782/3071/3071
f 730/3072/3072 729/3073/3073 768/3074/3074 769/3075/3075
f 757/3076/3076 756/3077/3077 795/3078/3078 796/3079/3079
f 744/3080/3080 743/3081/3081 782/3082/3082 783/3083/3083
f 731/3084/3084 730/3085/3085 769/3086/3086 770/3087/3087
f 758/3088/3088 757/3089/3089 796/3090/3090 797/3091/3091
f 745/3092/3092 744/3093/3093 783/3094/3094 784/3095/3095
f 732/3096/3096 731/3097/3097 770/3098/3098 771/3099/3099
f 759/3100/3100 758/3101/3101 797/3102/3102 798/3103/3103
f 746/3104/3104 745/3105/3105 784/3106/3106 785/3107/3107
f 733/3108/3108 732/3109/3109 771/3110/3110 772/3111/3111
f 760/3112/3112 759/3113/3113 798/3114/3114 799/3115/3115
f 747/3116/3116 746/3117/3117 785/3118/3118 786/3119/3119
f 734/3120/3120 733/3121/3121 772/3122/3122 773/3123/3123
f 761/3124/3124 760/3125/3125 799/3126/3126 800/3127/3127
f 748/3128/3128 747/3129/3129 786/3130/3130 787/3131/3131
f 735/3132/3132 734/3133/3133 773/3134/3134 774/3135/3135
f 762/3136/3136 761/3137/3137 800/3138/3138 801/3139/3139
f 749/3140/3140 748/3141/3141 787/3142/3142 788/3143/3143
f 763/3144/3144 762/3145/3145 801/3146/3146 802/3147/3147
f 736/3148/3148 735/3149/3149 774/3150/3150 775/3151/3151
f 750/3152/3152 749/3153/3153 788/3154/3154 789/3155/3155
f 737/3156/3156 736/3157/3157 775/3158/3158 776/3159/3159
f 751/3160/3160 750/3161/3161 789/3162/3162 790/3163/3163
f 738/3164/3164 737/3165/3165 776/3166/3166 777/3167/3167
f 725/3168/3168 1/3169/3169 764/3170/3170
f 752/3171/3171 751/3172/3172 790/3173/3173 791/3174/3174
f 739/3175/3175 738/3176/3176 777/3177/3177 778/3178/3178
f 726/3179/3179 725/3180/3180 764/3181/3181 765/3182/3182
f 753/3183/3183 752/3184/3184 791/3185/3185 792/3186/3186
f 776/3187/3187 775/3188/3188 814/3189/3189 815/3190/3190
f 790/3191/3191 789/3192/3192 828/3193/3193 829/3194/3194
f 777/3195/3195 776/3196/3196 815/3197/3197 816/3198/3198
f 764/3199/3199 1/3200/3200 803/3201/3201
f 791/3202/3202 790/3203/3203 829/3204/3204 830/3205/3205
f 778/3206/3206 777/3207/3207 816/3208/3208 817/3209/3209
f 765/3210/3210 764/3211/3211 803/3212/3212 804/3213/3213
f 792/3214/3214 791/3215/3215 830/3216/3216 831/3217/3217
f 779/3218/3218 778/3219/3219 817/3220/3220 818/3221/3221
f 766/3222/3222 765/3223/3223 804/3224/3224 805/3225/3225
f 793/3226/3226 792/3227/3227 831/3228/3228 832/3229/3229
f 780/3230/3230 779/3231/3231 818/3232/3232 819/3233/3233
f 767/3234/3234 766/3235/3235 805/3236/3236 806/3237/3237
f 794/3238/3238 793/3239/3239 832/3240/3240 833/3241/3241
f 781/3242/3242 780/3243/3243 819/3244/3244 820/3245/3245
f 768/3246/3246 767/3247/3247 806/3248/3248 807/3249/3249
f 795/3250/3250 794/3251/3251 833/3252/3252 834/3253/3253
f 782/3254/3254 781/3255/3255 820/3256/3256 821/3257/3257
f 769/3258/3258 768/3259/3259 807/3260/3260 808/3261/3261
f 796/3262/3262 795/3263/3263 834/3264/3264 835/3265/3265
f 783/3266/3266 782/3267/3267 821/3268/3268 822/3269/3269
f 770/3270/3270 769/3271/3271 808/3272/3272 809/3273/3273
f 797/3274/3274 796/3275/3275 835/3276/3276 836/3277/3277
f 784/3278/3278 783/3279/3279 822/3280/3280 823/3281/3281
f 771/3282/3282 770/3283/3283 809/3284/3284 810/3285/3285
f 798/3286/3286 797/3287/3287 836/3288/3288 837/3289/3289
f 785/3290/3290 784/3291/3291 823/3292/3292 824/3293/3293
f 772/3294/3294 771/3295/3295 810/3296/3296 811/3297/3297
f 799/3298/3298 798/3299/3299 837/3300/3300 838/3301/3301
f 786/3302/3302 785/3303/3303 824/3304/3304 825/3305/3305
f 773/3306/3306 772/3307/3307 811/3308/3308 812/3309/3309
f 800/3310/3310 799/3311/3311 838/3312/3312 839/3313/3313
f 787/3314/3314 786/3315/3315 825/3316/3316 826/3317/3317
f 774/3318/3318 773/3319/3319 812/3320/3320 813/3321/3321
f 801/3322/3322 800/3323/3323 839/3324/3324 840/3325/3325
f 788/3326/3326 787/3327/3327 826/3328/3328 827/3329/3329
f 775/3330/3330 774/3331/3331 813/3332/3332 814/3333/3333
f 802/3334/3334 801/3335/3335 840/3336/3336 841/3337/3337
f 789/3338/3338 788/3339/3339 827/3340/3340 828/3341/3341
f 812/3342/3342 811/3343/3343 850/3344/3344 851/3345/3345
f 839/3346/3346 838/3347/3347 877/3348/3348 878/3349/3349
f 826/3350/3350 825/3351/3351 864/3352/3352 865/3353/3353
f 813/3354/3354 812/3355/3355 851/3356/3356 852/3357/3357
f 840/3358/3358 839/3359/3359 878/3360/3360 879/3361/3361
f 827/3362/3362 826/3363/3363 865/3364/3364 866/3365/3365
f 814/3366/3366 813/3367/3367 852/3368/3368 853/3369/3369
f 841/3370/3370 840/3371/3371 879/3372/3372 880/3373/3373
f 828/3374/3374 827/3375/3375 866/3376/3376 867/3377/3377
f 815/3378/3378 814/3379/3379 853/3380/3380 854/3381/3381
f 829/3382/3382 828/3383/3383 867/3384/3384 868/3385/3385
f 816/3386/3386 815/3387/3387 854/3388/3388 855/3389/3389
f 803/3390/3390 1/3391/3391 842/3392/3392
f 830/3393/3393 829/3394/3394 868/3395/3395 869/3396/3396
f 817/3397/3397 816/3398/3398 855/3399/3399 856/3400/3400
f 804/3401/3401 803/3402/3402 842/3403/3403 843/3404/3404
f 831/3405/3405 830/3406/3406 869/3407/3407 870/3408/3408
f 818/3409/3409 817/3410/3410 856/3411/3411 857/3412/3412
f 805/3413/3413 804/3414/3414 843/3415/3415 844/3416/3416
f 832/3417/3417 831/3418/3418 870/3419/3419 871/3420/3420
f 819/3421/3421 818/3422/3422 857/3423/3423 858/3424/3424
f 806/3425/3425 805/3426/3426 844/3427/3427 845/3428/3428
f 833/3429/3429 832/3430/3430 871/3431/3431 872/3432/3432
f 820/3433/3433 819/3434/3434 858/3435/3435 859/3436/3436
f 807/3437/3437 806/3438/3438 845/3439/3439 846/3440/3440
f 834/3441/3441 833/3442/3442 872/3443/3443 873/3444/3444
f 821/3445/3445 820/3446/3446 859/3447/3447 860/3448/3448
f 808/3449/3449 807/3450/3450 846/3451/3451 847/3452/3452
f 835/3453/3453 834/3454/3454 873/3455/3455 874/3456/3456
f 822/3457/3457 821/3458/3458 860/3459/3459 861/3460/3460
f 809/3461/3461 808/3462/3462 847/3463/3463 848/3464/3464
f 836/3465/3465 835/3466/3466 874/3467/3467 875/3468/3468
f 823/3469/3469 822/3470/3470 861/3471/3471 862/3472/3472
f 810/3473/3473 809/3474/3474 848/3475/3475 849/3476/3476
f 837/3477/3477 836/3478/3478 875/3479/3479 876/3480/3480
f 824/3481/3481 823/3482/3482 862/3483/3483 863/3484/3484
f 811/3485/3485 810/3486/3486 849/3487/3487 850/3488/3488
f 838/3489/3489 837/3490/3490 876/3491/3491 877/3492/3492
f 825/3493/3493 824/3494/3494 863/3495/3495 864/3496/3496
f 861/3497/3497 860/3498/3498 899/3499/3499 900/3500/3500
f 848/3501/3501 847/3502/3502 886/3503/3503 887/3504/3504
f 875/3505/3505 874/3506/3506 913/3507/3507 914/3508/3508
f 862/3509/3509 861/3510/3510 900/3511/3511 901/3512/3512
f 849/3513/3513 848/3514/3514 887/3515/3515 888/3516/3516
f 876/3517/3517 875/3518/3518 914/3519/3519 915/3520/3520
f 863/3521/3521 862/3522/3522 901/3523/3523 902/3524/3524
f 850/3525/3525 849/3526/3526 888/3527/3527 889/3528/3528
f 877/3529/3529 876/3530/3530 915/3531/3531 916/3532/3532
f 864/3533/3533 863/3534/3534 902/3535/3535 903/3536/3536
f 851/3537/3537 850/3538/3538 889/3539/3539 890/3540/3540
f 878/3541/3541 877/3542/3542 916/3543/3543 917/3544/3544
f 865/3545/3545 864/3546/3546 903/3547/3547 904/3548/3548
f 852/3549/3549 851/3550/3550 890/3551/3551 891/3552/3552
f 879/3553/3553 878/3554/3554 917/3555/3555 918/3556/3556
f 866/3557/3557 865/3558/3558 904/3559/3559 905/3560/3560
f 853/3561/3561 852/3562/3562 891/3563/3563 892/3564/3564
f 880/3565/3565 879/3566/3566 918/3567/3567 919/3568/3568
f 867/3569/3569 866/3570/3570 905/3571/3571 906/3572/3572
f 854/3573/3573 853/3574/3574 892/3575/3575 893/3576/3576
f 868/3577/3577 867/3578/3578 906/3579/3579 907/3580/3580
f 855/3581/3581 854/3582/3582 893/3583/3583 894/3584/3584
f 842/3585/3585 1/3586/3586 881/3587/3587
f 869/3588/3588 868/3589/3589 907/3590/3590 908/3591/3591
f 856/3592/3592 855/3593/3593 894/3594/3594 895/3595/3595
f 843/3596/3596 842/3597/3597 881/3598/3598 882/3599/3599
f 870/3600/3600 869/3601/3601 908/3602/3602 909/3603/3603
f 857/3604/3604 856/3605/3605 895/3606/3606 896/3607/3607
f 844/3608/3608 843/3609/3609 882/3610/3610 883/3611/3611
f 871/3612/3612 870/3613/3613 909/3614/3614 910/3615/3615
f 858/3616/3616 857/3617/3617 896/3618/3618 897/3619/3619
f 845/3620/3620 844/3621/3621 883/3622/3622 884/3623/3623
f 872/3624/3624 871/3625/3625 910/3626/3626 911/3627/3627
f 859/3628/3628 858/3629/3629 897/3630/3630 898/3631/3631
f 846/3632/3632 845/3633/3633 884/3634/3634 885/3635/3635
f 873/3636/3636 872/3637/3637 911/3638/3638 912/3639/3639
f 860/3640/3640 859/3641/3641 898/3642/3642 899/3643/3643
f 847/3644/3644 846/3645/3645 885/3646/3646 886/3647/3647
f 874/3648/3648 873/3649/3649 912/3650/3650 913/3651/3651
f 897/3652/3652 896/3653/3653 935/3654/3654 936/3655/3655
f 884/3656/3656 883/3657/3657 922/3658/3658 923/3659/3659
f 911/3660/3660 910/3661/3661 949/3662/3662 950/3663/3663
f 898/3664/3664 897/3665/3665 936/3666/3666 937/3667/3667
f 885/3668/3668 884/3669/3669 923/3670/3670 924/3671/3671
f 912/3672/3672 911/3673/3673 950/3674/3674 951/3675/3675
f 899/3676/3676 898/3677/3677 937/3678/3678 938/3679/3679
f 886/3680/3680 885/3681/3681 924/3682/3682 925/3683/3683
f 913/3684/3684 912/3685/3685 951/3686/3686 952/3687/3687
f 900/3688/3688 899/3689/3689 938/3690/3690 939/3691/3691
f 887/3692/3692 886/3693/3693 925/3694/3694 926/3695/3695
f 914/3696/3696 913/3697/3697 952/3698/3698 953/3699/3699
f 901/3700/3700 900/3701/3701 939/3702/3702 940/3703/3703
f 888/3704/3704 887/3705/3705 926/3706/3706 927/3707/3707
f 915/3708/3708 914/3709/3709 953/3710/3710 954/3711/3711
f 902/3712/3712 901/3713/3713 940/3714/3714 941/3715/3715
f 889/3716/3716 888/3717/3717 927/3718/3718 928/3719/3719
f 916/3720/3720 915/3721/3721 954/3722/3722 955/3723/3723
f 903/3724/3724 902/3725/3725 941/3726/3726 942/3727/3727
f 890/3728/3728 889/3729/3729 928/3730/3730 929/3731/3731
f 917/3732/3732 916/3733/3733 955/3734/3734 956/3735/3735
f 904/3736/3736 903/3737/3737 942/3738/3738 943/3739/3739
f 891/3740/3740 890/3741/3741 929/3742/3742 930/3743/3743
f 918/3744/3744 917/3745/3745 956/3746/3746 957/3747/3747
f 905/3748/3748 904/3749/3749 943/3750/3750 944/3751/3751
f 892/3752/3752 891/3753/3753 930/3754/3754 931/3755/3755
f 919/3756/3756 918/3757/3757 957/3758/3758 958/3759/3759
f 906/3760/3760 905/3761/3761 944/3762/3762 945/3763/3763
f 893/3764/3764 892/3765/3765 931/3766/3766 932/3767/3767
f 907/3768/3768 906/3769/3769 945/3770/3770 946/3771/3771
f 894/3772/3772 893/3773/3773 932/3774/3774 933/3775/3775
f 881/3776/3776 1/3777/3777 920/3778/3778
f 908/3779/3779 907/3780/3780 946/3781/3781 947/3782/3782
f 895/3783/3783 894/3784/3784 933/3785/3785 934/3786/3786
f 882/3787/3787 881/3788/3788 920/3789/3789 921/3790/3790
f 909/3791/3791 908/3792/3792 947/3793/3793 948/3794/3794
f 896/3795/3795 895/3796/3796 934/3797/3797 935/3798/3798
f 883/3799/3799 882/3800/3800 921/3801/3801 922/3802/3802
f 910/3803/3803 909/3804/3804 948/3805/3805 949/3806/3806
f 946/3807/3807 945/3808/3808 984/3809/3809 985/3810/3810
f 933/3811/3811 932/3812/3812 971/3813/3813 972/3814/3814
f 920/3815/3815 1/3816/3816 959/3817/3817
f 947/3818/3818 946/3819/3819 985/3820/3820 986/3821/3821
f 934/3822/3822 933/3823/3823 972/3824/3824 973/3825/3825
f 921/3826/3826 920/3827/3827 959/3828/3828 960/3829/3829
f 948/3830/3830 947/3831/3831 986/3832/3832 987/3833/3833
f 935/3834/3834 934/3835/3835 973/3836/3836 974/3837/3837
f 922/3838/3838 921/3839/3839 960/3840/3840 961/3841/3841
f 949/3842/3842 948/3843/3843 987/3844/3844 988/3845/3845
f 936/3846/3846 935/3847/3847 974/3848/3848 975/3849/3849
f 923/3850/3850 922/3851/3851 961/3852/3852 962/3853/3853
f 950/3854/3854 949/3855/3855 988/3856/3856 989/3857/3857
f 937/3858/3858 936/3859/3859 975/3860/3860 976/3861/3861
f 924/3862/3862 923/3863/3863 962/3864/3864 963/3865/3865
f 951/3866/3866 950/3867/3867 989/3868/3868 990/3869/3869
f 938/3870/3870 937/3871/3871 976/3872/3872 977/3873/3873
f 925/3874/3874 924/3875/3875 963/3876/3876 964/3877/3877
f 952/3878/3878 951/3879/3879 990/3880/3880 991/3881/3881
f 939/3882/3882 938/3883/3883 977/3884/3884 978/3885/3885
f 926/3886/3886 925/3887/3887 964/3888/3888 965/3889/3889
f 953/3890/3890 952/3891/3891 991/3892/3892 992/3893/3893
f 940/3894/3894 939/3895/3895 978/3896/3896 979/3897/3897
f 927/3898/3898 926/3899/3899 965/3900/3900 966/3901/3901
f 954/3902/3902 953/3903/3903 992/3904/3904 993/3905/3905
f 941/3906/3906 940/3907/3907 979/3908/3908 980/3909/3909
f 928/3910/3910 927/3911/3911 966/3912/3912 967/3913/3913
f 955/3914/3914 954/3915/3915 993/3916/3916 994/3917/3917
f 942/3918/3918 941/3919/3919 980/3920/3920 981/3921/3921
f 929/3922/3922 928/3923/3923 967/3924/3924 968/3925/3925
f 956/3926/3926 955/3927/3927 994/3928/3928 995/3929/3929
f 943/3930/3930 942/3931/3931 981/3932/3932 982/3933/3933
f 930/3934/3934 929/3935/3935 968/3936/3936 969/3937/3937
f 957/3938/3938 956/3939/3939 995/3940/3940 996/3941/3941
f 944/3942/3942 943/3943/3943 982/3944/3944 983/3945/3945
f 931/3946/3946 930/3947/3947 969/3948/3948 970/3949/3949
f 945/3950/3950 944/3951/3951 983/3952/3952 984/3953/3953
f 932/3954/3954 931/3955/3955 970/3956/3956 971/3957/3957
f 982/3958/3958 981/3959/3959 1019/3960/3960 1020/3961/3961
f 969/3962/3962 968/3963/3963 1006/3964/3964 1007/3965/3965
f 996/3966/3966 995/3967/3967 1033/3968/3968 1034/3969/3969
f 983/3970/3970 982/3971/3971 1020/3972/3972 1021/3973/3973
f 970/3974/3974 969/3975/3975 1007/3976/3976 1008/3977/3977
f 984/3978/3978 983/3979/3979 1021/3980/3980 1022/3981/3981
f 971/3982/3982 970/3983/3983 1008/3984/3984 1009/3985/3985
f 985/3986/3986 984/3987/3987 1022/3988/3988 1023/3989/3989
f 972/3990/3990 971/3991/3991 1009/3992/3992 1010/3993/3993
f 959/3994/3994 1/3995/3995 997/3996/3996
f 986/3997/3997 985/3998/3998 1023/3999/3999 1024/4000/4000
f 973/4001/4001 972/4002/4002 1010/4003/4003 1011/4004/4004
f 960/4005/4005 959/4006/4006 997/4007/4007 998/4008/4008
f 987/4009/4009 986/4010/4010 1024/4011/4011 1025/4012/4012
f 974/4013/4013 973/4014/4014 1011/4015/4015 1012/4016/4016
f 961/4017/4017 960/4018/4018 998/4019/4019 999/4020/4020
f 988/4021/4021 987/4022/4022 1025/4023/4023 1026/4024/4024
f 975/4025/4025 974/4026/4026 1012/4027/4027 1013/4028/4028
f 962/4029/4029 961/4030/4030 999/4031/4031 1000/4032/4032
f 989/4033/4033 988/4034/4034 1026/4035/4035 1027/4036/4036
f 976/4037/4037 975/4038/4038 1013/4039/4039 1014/4040/4040
f 963/4041/4041 962/4042/4042 1000/4043/4043 1001/4044/4044
f 990/4045/4045 989/4046/4046 1027/4047/4047 1028/4048/4048
f 977/4049/4049 976/4050/4050 1014/4051/4051 1015/4052/4052
f 964/4053/4053 963/4054/4054 1001/4055/4055 1002/4056/4056
f 991/4057/4057 990/4058/4058 1028/4059/4059 1029/4060/4060
f 978/4061/4061 977/4062/4062 1015/4063/4063 1016/4064/4064
f 965/4065/4065 964/4066/4066 1002/4067/4067 1003/4068/4068
f 992/4069/4069 991/4070/4070 1029/4071/4071 1030/4072/4072
f 979/4073/4073 978/4074/4074 1016/4075/4075 1017/4076/4076
f 966/4077/4077 965/4078/4078 1003/4079/4079 1004/4080/4080
f 993/4081/4081 992/4082/4082 1030/4083/4083 1031/4084/4084
f 980/4085/4085 979/4086/4086 1017/4087/4087 1018/4088/4088
f 967/4089/4089 966/4090/4090 1004/4091/4091 1005/4092/4092
f 994/4093/4093 993/4094/4094 1031/4095/4095 1032/4096/4096
f 981/4097/4097 980/4098/4098 1018/4099/4099 1019/4100/4100
f 968/4101/4101 967/4102/4102 1005/4103/4103 1006/4104/4104
f 995/4105/4105 994/4106/4106 1032/4107/4107 1033/4108/4108
f 1030/4109/4109 1029/4110/4110 1067/4111/4111 1068/4112/4112
f 1017/4113/4113 1016/4114/4114 1054/4115/4115 1055/4116/4116
f 1004/4117/4117 1003/4118/4118 1041/4119/4119 1042/4120/4120
f 1031/4121/4121 1030/4122/4122 1068/4123/4123 1069/4124/4124
f 1018/4125/4125 1017/4126/4126 1055/4127/4127 1056/4128/4128
f 1005/4129/4129 1004/4130/4130 1042/4131/4131 1043/4132/4132
f 1032/4133/4133 1031/4134/4134 1069/4135/4135 1070/4136/4136
f 1019/4137/4137 1018/4138/4138 1056/4139/4139 1057/4140/4140
f 1006/4141/4141 1005/4142/4142 1043/4143/4143 1044/4144/4144
f 1033/4145/4145 1032/4146/4146 1070/4147/4147 1071/4148/4148
f 1020/4149/4149 1019/4150/4150 1057/4151/4151 1058/4152/4152
f 1007/4153/4153 1006/4154/4154 1044/4155/4155 1045/4156/4156
f 1021/4157/4157 1020/4158/4158 1058/4159/4159 1059/4160/4160
f 1008/4161/4161 1007/4162/4162 1045/4163/4163 1046/4164/4164
f 1022/4165/4165 1021/4166/4166 1059/4167/4167 1060/4168/4168
f 1009/4169/4169 1008/4170/4170 1046/4171/4171 1047/4172/4172
f 1023/4173/4173 1022/4174/4174 1060/4175/4175 1061/4176/4176
f 1010/4177/4177 1009/4178/4178 1047/4179/4179 1048/4180/4180
f 997/4181/4181 1/4182/4182 1035/4183/4183
f 1024/4184/4184 1023/4185/4185 1061/4186/4186 1062/4187/4187
f 1011/4188/4188 1010/4189/4189 1048/4190/4190 1049/4191/4191
f 998/4192/4192 997/4193/4193 1035/4194/4194 1036/4195/4195
f 1025/4196/4196 1024/4197/4197 1062/4198/4198 1063/4199/4199
f 1012/4200/4200 1011/4201/4201 1049/4202/4202 1050/4203/4203
f 999/4204/4204 998/4205/4205 1036/4206/4206 1037/4207/4207
f 1026/4208/4208 1025/4209/4209 1063/4210/4210 1064/4211/4211
f 1013/4212/4212 1012/4213/4213 1050/4214/4214 1051/4215/4215
f 1000/4216/4216 999/4217/4217 1037/4218/4218 1038/4219/4219
f 1027/4220/4220 1026/4221/4221 1064/4222/4222 1065/4223/4223
f 1014/4224/4224 1013/4225/4225 1051/4226/4226 1052/4227/4227
f 1001/4228/4228 1000/4229/4229 1038/4230/4230 1039/4231/4231
f 1028/4232/4232 1027/4233/4233 1065/4234/4234 1066/4235/4235
f 1015/4236/4236 1014/4237/4237 1052/4238/4238 1053/4239/4239
f 1002/4240/4240 1001/4241/4241 1039/4242/4242 1040/4243/4243
f 1029/4244/4244 1028/4245/4245 1066/4246/4246 1067/4247/4247
f 1016/4248/4248 1015/4249/4249 1053/4250/4250 1054/4251/4251
f 1003/4252/4252 1002/4253/4253 1040/4254/4254 1041/4255/4255
f 1038/4256/4256 1037/4257/4257 1074/4258/4258 1075/4259/4259
f 1065/4260/4260 1064/4261/4261 1101/4262/4262 1102/4263/4263
f 1052/4264/4264 1051/4265/4265 1088/4266/4266 1089/4267/4267
f 1039/4268/4268 1038/4269/4269 1075/4270/4270 1076/4271/4271
f 1066/4272/4272 1065/4273/4273 1102/4274/4274 1103/4275/4275
f 1053/4276/4276 1052/4277/4277 1089/4278/4278 1090/4279/4279
f 1040/4280/4280 1039/4281/4281 1076/4282/4282 1077/4283/4283
f 1067/4284/4284 1066/4285/4285 1103/4286/4286 1104/4287/4287
f 1054/4288/4288 1053/4289/4289 1090/4290/4290 1091/4291/4291
f 1041/4292/4292 1040/4293/4293 1077/4294/4294 1078/4295/4295
f 1068/4296/4296 1067/4297/4297 1104/4298/4298 1105/4299/4299
f 1055/4300/4300 1054/4301/4301 1091/4302/4302 1092/4303/4303
f 1042/4304/4304 1041/4305/4305 1078/4306/4306 1079/4307/4307
f 1069/4308/4308 1068/4309/4309 1105/4310/4310 1106/4311/4311
f 1056/4312/4312 1055/4313/4313 1092/4314/4314 1093/4315/4315
f 1043/4316/4316 1042/4317/4317 1079/4318/4318 1080/4319/4319
f 1070/4320/4320 1069/4321/4321 1106/4322/4322 1107/4323/4323
f 1057/4324/4324 1056/4325/4325 1093/4326/4326 1094/4327/4327
f 1044/4328/4328 1043/4329/4329 1080/4330/4330 1081/4331/4331
f 1058/4332/4332 1057/4333/4333 1094/4334/4334 1095/4335/4335
f 1045/4336/4336 1044/4337/4337 1081/4338/4338 1082/4339/4339
f 1059/4340/4340 1058/4341/4341 1095/4342/4342 1096/4343/4343
f 1046/4344/4344 1045/4345/4345 1082/4346/4346 1083/4347/4347
f 1060/4348/4348 1059/4349/4349 1096/4350/4350 1097/4351/4351
f 1047/4352/4352 1046/4353/4353 1083/4354/4354 1084/4355/4355
f 1061/4356/4356 1060/4357/4357 1097/4358/4358 1098/4359/4359
f 1048/4360/4360 1047/4361/4361 1084/4362/4362 1085/4363/4363
f 1035/4364/4364 1/4365/4365 1072/4366/4366
f 1062/4367/4367 1061/4368/4368 1098/4369/4369 1099/4370/4370
f 1049/4371/4371 1048/4372/4372 1085/4373/4373 1086/4374/4374
f 1036/4375/4375 1035/4376/4376 1072/4377/4377 1073/4378/4378
f 1063/4379/4379 1062/4380/4380 1099/4381/4381 1100/4382/4382
f 1050/4383/4383 1049/4384/4384 1086/4385/4385 1087/4386/4386
f 1037/4387/4387 1036/4388/4388 1073/4389/4389 1074/4390/4390
f 1064/4391/4391 1063/4392/4392 1100/4393/4393 1101/4394/4394
f 1051/4395/4395 1050/4396/4396 1087/4397/4397 1088/4398/4398
f 1072/4399/4399 1/4400/4400 1108/4401/4401
f 1099/4402/4402 1098/4403/4403 1134/4404/4404 1135/4405/4405
f 1086/4406/4406 1085/4407/4407 1121/4408/4408 1122/4409/4409
f 1073/4410/4410 1072/4411/4411 1108/4412/4412 1109/4413/4413
f 1100/4414/4414 1099/4415/4415 1135/4416/4416 1136/4417/4417
f 1087/4418/4418 1086/4419/4419 1122/4420/4420 1123/4421/4421
f 1074/4422/4422 1073/4423/4423 1109/4424/4424 1110/4425/4425
f 1101/4426/4426 1100/4427/4427 1136/4428/4428 1137/4429/4429
f 1088/4430/4430 1087/4431/4431 1123/4432/4432 1124/4433/4433
f 1075/4434/4434 1074/4435/4435 1110/4436/4436 1111/4437/4437
f 1102/4438/4438 1101/4439/4439 1137/4440/4440 1138/4441/4441
f 1089/4442/4442 1088/4443/4443 1124/4444/4444 1125/4445/4445
f 1076/4446/4446 1075/4447/4447 1111/4448/4448 1112/4449/4449
f 1103/4450/4450 1102/4451/4451 1138/4452/4452 1139/4453/4453
f 1090/4454/4454 1089/4455/4455 1125/4456/4456 1126/4457/4457
f 1077/4458/4458 1076/4459/4459 1112/4460/4460 1113/4461/4461
f 1104/4462/4462 1103/4463/4463 1139/4464/4464 1140/4465/4465
f 1091/4466/4466 1090/4467/4467 1126/4468/4468 1127/4469/4469
f 1078/4470/4470 1077/4471/4471 1113/4472/4472 1114/4473/4473
f 1105/4474/4474 1104/4475/4475 1140/4476/4476 1141/4477/4477
f 1092/4478/4478 1091/4479/4479 1127/4480/4480 1128/4481/4481
f 1079/4482/4482 1078/4483/4483 1114/4484/4484 1115/4485/4485
f 1106/4486/4486 1105/4487/4487 1141/4488/4488 1142/4489/4489
f 1093/4490/4490 1092/4491/4491 1128/4492/4492 1129/4493/4493
f 1080/4494/4494 1079/4495/4495 1115/4496/4496 1116/4497/4497
f 1094/4498/4498 1093/4499/4499 1129/4500/4500 1130/4501/4501
f 1081/4502/4502 1080/4503/4503 1116/4504/4504 1117/4505/4505
f 1095/4506/4506 1094/4507/4507 1130/4508/4508 1131/4509/4509
f 1082/4510/4510 1081/4511/4511 1117/4512/4512 1118/4513/4513
f 1096/4514/4514 1095/4515/4515 1131/4516/4516 1132/4517/4517
f 1083/4518/4518 1082/4519/4519 1118/4520/4520 1119/4521/4521
f 1097/4522/4522 1096/4523/4523 1132/4524/4524 1133/4525/4525
f 1084/4526/4526 1083/4527/4527 1119/4528/4528 1120/4529/4529
f 1098/4530/4530 1097/4531/4531 1133/4532/4532 1134/4533/4533
f 1085/4534/4534 1084/4535/4535 1120/4536/4536 1121/4537/4537
f 1118/4538/4538 1117/4539/4539 1152/4540/4540 1153/4541/4541
f 1132/4542/4542 1131/4543/4543 1166/4544/4544 1167/4545/4545
f 1119/4546/4546 1118/4547/4547 1153/4548/4548 1154/4549/4549
f 1133/4550/4550 1132/4551/4551 1167/4552/4552 1168/4553/4553
f 1120/4554/4554 1119/4555/4555 1154/4556/4556 1155/4557/4557
f 1134/4558/4558 1133/4559/4559 1168/4560/4560 1169/4561/4561
f 1121/4562/4562 1120/4563/4563 1155/4564/4564 1156/4565/4565
f 1108/4566/4566 1/4567/4567 1143/4568/4568
f 1135/4569/4569 1134/4570/4570 1169/4571/4571 1170/4572/4572
f 1122/4573/4573 1121/4574/4574 1156/4575/4575 1157/4576/4576
f 1109/4577/4577 1108/4578/4578 1143/4579/4579 1144/4580/4580
f 1136/4581/4581 1135/4582/4582 1170/4583/4583 1171/4584/4584
f 1123/4585/4585 1122/4586/4586 1157/4587/4587 1158/4588/4588
f 1110/4589/4589 1109/4590/4590 1144/4591/4591 1145/4592/4592
f 1137/4593/4593 1136/4594/4594 1171/4595/4595 1172/4596/4596
f 1124/4597/4597 1123/4598/4598 1158/4599/4599 1159/4600/4600
f 1111/4601/4601 1110/4602/4602 1145/4603/4603 1146/4604/4604
f 1138/4605/4605 1137/4606/4606 1172/4607/4607 1173/4608/4608
f 1125/4609/4609 1124/4610/4610 1159/4611/4611 1160/4612/4612
f 1112/4613/4613 1111/4614/4614 1146/4615/4615 1147/4616/4616
f 1139/4617/4617 1138/4618/4618 1173/4619/4619 1174/4620/4620
f 1126/4621/4621 1125/4622/4622 1160/4623/4623 1161/4624/4624
f 1113/4625/4625 1112/4626/4626 1147/4627/4627 1148/4628/4628
f 1140/4629/4629 1139/4630/4630 1174/4631/4631 1175/4632/4632
f 1127/4633/4633 1126/4634/4634 1161/4635/4635 1162/4636/4636
f 1114/4637/4637 1113/4638/4638 1148/4639/4639 1149/4640/4640
f 1128/4641/4641 1127/4642/4642 1162/4643/4643 1163/4644/4644
f 1115/4645/4645 1114/4646/4646 1149/4647/4647 1150/4648/4648
f 1129/4649/4649 1128/4650/4650 1163/4651/4651 1164/4652/4652
f 1116/4653/4653 1115/4654/4654 1150/4655/4655 1151/4656/4656
f 1130/4657/4657 1129/4658/4658 1164/4659/4659 1165/4660/4660
f 1117/4661/4661 1116/4662/4662 1151/4663/4663 1152/4664/4664
f 1131/4665/4665 1130/4666/4666 1165/4667/4667 1166/4668/4668
f 1150/4669/4669 1149/4670/4670 1182/4671/4671 1183/4672/4672
f 1164/4673/4673 1163/4674/4674 1196/4675/4675 1197/4676/4676
f 1151/4677/4677 1150/4678/4678 1183/4679/4679 1184/4680/4680
f 1165/4681/4681 1164/4682/4682 1197/4683/4683 1198/4684/4684
f 1152/4685/4685 1151/4686/4686 1184/4687/4687 1185/4688/4688
f 1166/4689/4689 1165/4690/4690 1198/4691/4691 1199/4692/4692
f 1153/4693/4693 1152/4694/4694 1185/4695/4695 1186/4696/4696
f 1167/4697/4697 1166/4698/4698 1199/4699/4699 1200/4700/4700
f 1154/4701/4701 1153/4702/4702 1186/4703/4703 1187/4704/4704
f 1168/4705/4705 1167/4706/4706 1200/4707/4707 1201/4708/4708
f 1155/4709/4709 1154/4710/4710 1187/4711/4711 1188/4712/4712
f 1169/4713/4713 1168/4714/4714 1201/4715/4715 1202/4716/4716
f 1156/4717/4717 1155/4718/4718 1188/4719/4719 1189/4720/4720
f 1143/4721/4721 1/4722/4722 1176/4723/4723
f 1170/4724/4724 1169/4725/4725 1202/4726/4726 1203/4727/4727
f 1157/4728/4728 1156/4729/4729 1189/4730/4730 1190/4731/4731
f 1144/4732/4732 1143/4733/4733 1176/4734/4734 1177/4735/4735
f 1171/4736/4736 1170/4737/4737 1203/4738/4738 1204/4739/4739
f 1158/4740/4740 1157/4741/4741 1190/4742/4742 1191/4743/4743
f 1145/4744/4744 1144/4745/4745 1177/4746/4746 1178/4747/4747
f 1172/4748/4748 1171/4749/4749 1204/4750/4750 1205/4751/4751
f 1159/4752/4752 1158/4753/4753 1191/4754/4754 1192/4755/4755
f 1146/4756/4756 1145/4757/4757 1178/4758/4758 1179/4759/4759
f 1173/4760/4760 1172/4761/4761 1205/4762/4762 1206/4763/4763
f 1160/4764/4764 1159/4765/4765 1192/4766/4766 1193/4767/4767
f 1147/4768/4768 1146/4769/4769 1179/4770/4770 1180/4771/4771
f 1161/4772/4772 1160/4773/4773 1193/4774/4774 1194/4775/4775
f 1148/4776/4776 1147/4777/4777 1180/4778/4778 1181/4779/4779
f 1162/4780/4780 1161/4781/4781 1194/4782/4782 1195/4783/4783
f 1149/4784/4784 1148/4785/4785 1181/4786/4786 1182/4787/4787
f 1163/4788/4788 1162/4789/4789 1195/4790/4790 1196/4791/4791
f 1193/4792/4792 1192/4793/4793 1223/4794/4794 1224/4795/4795
f 1180/4796/4796 1179/4797/4797 1210/4798/4798 1211/4799/4799
f 1194/4800/4800 1193/4801/4801 1224/4802/4802 1225/4803/4803
f 1181/4804/4804 1180/4805/4805 1211/4806/4806 1212/4807/4807
f 1195/4808/4808 1194/4809/4809 1225/4810/4810 1226/4811/4811
f 1182/4812/4812 1181/4813/4813 1212/4814/4814 1213/4815/4815
f 1196/4816/4816 1195/4817/4817 1226/4818/4818 1227/4819/4819
f 1183/4820/4820 1182/4821/4821 1213/4822/4822 1214/4823/4823
f 1197/4824/4824 1196/4825/4825 1227/4826/4826 1228/4827/4827
f 1184/4828/4828 1183/4829/4829 1214/4830/4830 1215/4831/4831
f 1198/4832/4832 1197/4833/4833 1228/4834/4834 1229/4835/4835
f 1185/4836/4836 1184/4837/4837 1215/4838/4838 1216/4839/4839
f 1199/4840/4840 1198/4841/4841 1229/4842/4842 1230/4843/4843
f 1186/4844/4844 1185/4845/4845 1216/4846/4846 1217/4847/4847
f 1200/4848/4848 1199/4849/4849 1230/4850/4850 1231/4851/4851
f 1187/4852/4852 1186/4853/4853 1217/4854/4854 1218/4855/4855
f 1201/4856/4856 1200/4857/4857 1231/4858/4858 1232/4859/4859
f 1188/4860/4860 1187/4861/4861 1218/4862/4862 1219/4863/4863
f 1202/4864/4864 1201/4865/4865 1232/4866/4866 1233/4867/4867
f 1189/4868/4868 1188/4869/4869 1219/4870/4870 1220/4871/4871
f 1176/4872/4872 1/4873/4873 1207/4874/4874
f 1203/4875/4875 1202/4876/4876 1233/4877/4877 1234/4878/4878
f 1190/4879/4879 1189/4880/4880 1220/4881/4881 1221/4882/4882
f 1177/4883/4883 1176/4884/4884 1207/4885/4885 1208/4886/4886
f 1204/4887/4887 1203/4888/4888 1234/4889/4889 1235/4890/4890
f 1191/4891/4891 1190/4892/4892 1221/4893/4893 1222/4894/4894
f 1178/4895/4895 1177/4896/4896 1208/4897/4897 1209/4898/4898
f 1205/4899/4899 1204/4900/4900 1235/4901/4901 1236/4902/4902
f 1192/4903/4903 1191/4904/4904 1222/4905/4905 1223/4906/4906
f 1179/4907/4907 1178/4908/4908 1209/4909/4909 1210/4910/4910
f 1206/4911/4911 1205/4912/4912 1236/4913/4913 1237/4914/4914
f 1221/4915/4915 1220/4916/4916 1251/4917/4917 1252/4918/4918
f 1208/4919/4919 1207/4920/4920 1238/4921/4921 1239/4922/4922
f 1235/4923/4923 1234/4924/4924 1265/4925/4925 1266/4926/4926
f 1222/4927/4927 1221/4928/4928 1252/4929/4929 1253/4930/4930
f 1209/4931/4931 1208/4932/4932 1239/4933/4933 1240/4934/4934
f 1236/4935/4935 1235/4936/4936 1266/4937/4937 1267/4938/4938
f 1223/4939/4939 1222/4940/4940 1253/4941/4941 1254/4942/4942
f 1210/4943/4943 1209/4944/4944 1240/4945/4945 1241/4946/4946
f 1237/4947/4947 1236/4948/4948 1267/4949/4949 1268/4950/4950
f 1224/4951/4951 1223/4952/4952 1254/4953/4953 1255/4954/4954
f 1211/4955/4955 1210/4956/4956 1241/4957/4957 1242/4958/4958
f 1225/4959/4959 1224/4960/4960 1255/4961/4961 1256/4962/4962
f 1212/4963/4963 1211/4964/4964 1242/4965/4965 1243/4966/4966
f 1226/4967/4967 1225/4968/4968 1256/4969/4969 1257/4970/4970
f 1213/4971/4971 1212/4972/4972 1243/4973/4973 1244/4974/4974
f 1227/4975/4975 1226/4976/4976 1257/4977/4977 1258/4978/4978
f 1214/4979/4979 1213/4980/4980 1244/4981/4981 1245/4982/4982
f 1228/4983/4983 1227/4984/4984 1258/4985/4985 1259/4986/4986
f 1215/4987/4987 1214/4988/4988 1245/4989/4989 1246/4990/4990
f 1229/4991/4991 1228/4992/4992 1259/4993/4993 1260/4994/4994
f 1216/4995/4995 1215/4996/4996 1246/4997/4997 1247/4998/4998
f 1230/4999/4999 1229/5000/5000 1260/5001/5001 1261/5002/5002
f 1217/5003/5003 1216/5004/5004 1247/5005/5005 1248/5006/5006
f 1231/5007/5007 1230/5008/5008 1261/5009/5009 1262/5010/5010
f 1218/5011/5011 1217/5012/5012 1248/5013/5013 1249/5014/5014
f 1232/5015/5015 1231/5016/5016 1262/5017/5017 1263/5018/5018
f 1219/5019/5019 1218/5020/5020 1249/5021/5021 1250/5022/5022
f 1233/5023/5023 1232/5024/5024 1263/5025/5025 1264/5026/5026
f 1220/5027/5027 1219/5028/5028 1250/5029/5029 1251/5030/5030
f 1207/5031/5031 1/5032/5032 1238/5033/5033
f 1234/5034/5034 1233/5035/5035 1264/5036/5036 1265/5037/5037
f 1262/5038/5038 1261/5039/5039 1292/5040/5040 1293/5041/5041
f 1249/5042/5042 1248/5043/5043 1279/5044/5044 1280/5045/5045
f 1263/5046/5046 1262/5047/5047 1293/5048/5048 1294/5049/5049
f 1250/5050/5050 1249/5051/5051 1280/5052/5052 1281/5053/5053
f 1264/5054/5054 1263/5055/5055 1294/5056/5056 1295/5057/5057
f 1251/5058/5058 1250/5059/5059 1281/5060/5060 1282/5061/5061
f 1238/5062/5062 1/5063/5063 1269/5064/5064
f 1265/5065/5065 1264/5066/5066 1295/5067/5067 1296/5068/5068
f 1252/5069/5069 1251/5070/5070 1282/5071/5071 1283/5072/5072
f 1239/5073/5073 1238/5074/5074 1269/5075/5075 1270/5076/5076
f 1266/5077/5077 1265/5078/5078 1296/5079/5079 1297/5080/5080
f 1253/5081/5081 1252/5082/5082 1283/5083/5083 1284/5084/5084
f 1240/5085/5085 1239/5086/5086 1270/5087/5087 1271/5088/5088
f 1267/5089/5089 1266/5090/5090 1297/5091/5091 1298/5092/5092
f 1254/5093/5093 1253/5094/5094 1284/5095/5095 1285/5096/5096
f 1241/5097/5097 1240/5098/5098 1271/5099/5099 1272/5100/5100
f 1268/5101/5101 1267/5102/5102 1298/5103/5103 1299/5104/5104
f 1255/5105/5105 1254/5106/5106 1285/5107/5107 1286/5108/5108
f 1242/5109/5109 1241/5110/5110 1272/5111/5111 1273/5112/5112
f 1256/5113/5113 1255/5114/5114 1286/5115/5115 1287/5116/5116
f 1243/5117/5117 1242/5118/5118 1273/5119/5119 1274/5120/5120
f 1257/5121/5121 1256/5122/5122 1287/5123/5123 1288/5124/5124
f 1244/5125/5125 1243/5126/5126 1274/5127/5127 1275/5128/5128
f 1258/5129/5129 1257/5130/5130 1288/5131/5131 1289/5132/5132
f 1245/5133/5133 1244/5134/5134 1275/5135/5135 1276/5136/5136
f 1259/5137/5137 1258/5138/5138 1289/5139/5139 1290/5140/5140
f 1246/5141/5141 1245/5142/5142 1276/5143/5143 1277/5144/5144
f 1260/5145/5145 1259/5146/5146 1290/5147/5147 1291/5148/5148
f 1247/5149/5149 1246/5150/5150 1277/5151/5151 1278/5152/5152
f 1261/5153/5153 1260/5154/5154 1291/5155/5155 1292/5156/5156
f 1248/5157/5157 1247/5158/5158 1278/5159/5159 1279/5160/5160
f 1290/5161/5161 1289/5162/5162 1320/5163/5163 1321/5164/5164
f 1277/5165/5165 1276/5166/5166 1307/5167/5167 1308/5168/5168
f 1291/5169/5169 1290/5170/5170 1321/5171/5171 1322/5172/5172
f 1278/5173/5173 1277/5174/5174 1308/5175/5175 1309/5176/5176
f 1292/5177/5177 1291/5178/5178 1322/5179/5179 1323/5180/5180
f 1279/5181/5181 1278/5182/5182 1309/5183/5183 1310/5184/5184
f 1293/5185/5185 1292/5186/5186 1323/5187/5187 1324/5188/5188
f 1280/5189/5189 1279/5190/5190 1310/5191/5191 1311/5192/5192
f 1294/5193/5193 1293/5194/5194 1324/5195/5195 1325/5196/5196
f 1281/5197/5197 1280/5198/5198 1311/5199/5199 1312/5200/5200
f 1295/5201/5201 1294/5202/5202 1325/5203/5203 1326/5204/5204
f 1282/5205/5205 1281/5206/5206 1312/5207/5207 1313/5208/5208
f 1269/5209/5209 1/5210/5210 1300/5211/5211
f 1296/5212/5212 1295/5213/5213 1326/5214/5214 1327/5215/5215
f 1283/5216/5216 1282/5217/5217 1313/5218/5218 1314/5219/5219
f 1270/5220/5220 1269/5221/5221 1300/5222/5222 1301/5223/5223
f 1297/5224/5224 1296/5225/5225 1327/5226/5226 1328/5227/5227
f 1284/5228/5228 1283/5229/5229 1314/5230/5230 1315/5231/5231
f 1271/5232/5232 1270/5233/5233 1301/5234/5234 1302/5235/5235
f 1298/5236/5236 1297/5237/5237 1328/5238/5238 1329/5239/5239
f 1285/5240/5240 1284/5241/5241 1315/5242/5242 1316/5243/5243
f 1272/5244/5244 1271/5245/5245 1302/5246/5246 1303/5247/5247
f 1299/5248/5248 1298/5249/5249 1329/5250/5250 1330/5251/5251
f 1286/5252/5252 1285/5253/5253 1316/5254/5254 1317/5255/5255
f 1273/5256/5256 1272/5257/5257 1303/5258/5258 1304/5259/5259
f 1287/5260/5260 1286/5261/5261 1317/5262/5262 1318/5263/5263
f 1274/5264/5264 1273/5265/5265 1304/5266/5266 1305/5267/5267
f 1288/5268/5268 1287/5269/5269 1318/5270/5270 1319/5271/5271
f 1275/5272/5272 1274/5273/5273 1305/5274/5274 1306/5275/5275
f 1289/5276/5276 1288/5277/5277 1319/5278/5278 1320/5279/5279
f 1276/5280/5280 1275/5281/5281 1306/5282/5282 1307/5283/5283
f 1318/5284/5284 1317/5285/5285 1359/5286/5286 1360/5287/5287
f 1305/5288/5288 1304/5289/5289 1346/5290/5290 1347/5291/5291
f 1319/5292/5292 1318/5293/5293 1360/5294/5294 1361/5295/5295
f 1306/5296/5296 1305/5297/5297 1347/5298/5298 1348/5299/5299
f 1320/5300/5300 1319/5301/5301 1361/5302/5302 1362/5303/5303
f 1307/5304/5304 1306/5305/5305 1348/5306/5306 1349/5307/5307
f 1321/5308/5308 1320/5309/5309 1362/5310/5310 1363/5311/5311
f 1308/5312/5312 1307/5313/5313 1349/5314/5314 1350/5315/5315
f 1322/5316/5316 1321/5317/5317 1363/5318/5318 1364/5319/5319
f 1309/5320/5320 1308/5321/5321 1350/5322/5322 1351/5323/5323
f 1323/5324/5324 1322/5325/5325 1364/5326/5326 1365/5327/5327
f 1310/5328/5328 1309/5329/5329 1351/5330/5330 1352/5331/5331
f 1324/5332/5332 1323/5333/5333 1365/5334/5334 1366/5335/5335
f 1311/5336/5336 1310/5337/5337 1352/5338/5338 1353/5339/5339
f 1325/5340/5340 1324/5341/5341 1366/5342/5342 1367/5343/5343
f 1312/5344/5344 1311/5345/5345 1353/5346/5346 1354/5347/5347
f 1326/5348/5348 1325/5349/5349 1367/5350/5350 1368/5351/5351
f 1313/5352/5352 1312/5353/5353 1354/5354/5354 1355/5355/5355
f 1300/5356/5356 1/5357/5357 1342/5358/5358
f 1327/5359/5359 1326/5360/5360 1368/5361/5361 1369/5362/5362
f 1314/5363/5363 1313/5364/5364 1355/5365/5365 1356/5366/5366
f 1301/5367/5367 1300/5368/5368 1342/5369/5369 1343/5370/5370
f 1328/5371/5371 1327/5372/5372 1369/5373/5373 1370/5374/5374
f 1315/5375/5375 1314/5376/5376 1356/5377/5377 1357/5378/5378
f 1302/5379/5379 1301/5380/5380 1343/5381/5381 1344/5382/5382
f 1329/5383/5383 1328/5384/5384 1370/5385/5385 1371/5386/5386
f 1316/5387/5387 1315/5388/5388 1357/5389/5389 1358/5390/5390
f 1303/5391/5391 1302/5392/5392 1344/5393/5393 1345/5394/5394
f 1330/5395/5395 1329/5396/5396 1371/5397/5397 1372/5398/5398
f 1317/5399/5399 1316/5400/5400 1358/5401/5401 1359/5402/5402
f 1304/5403/5403 1303/5404/5404 1345/5405/5405 1346/5406/5406
f 1343/5407/5407 1342/5408/5408 1389/5409/5409 1390/5410/5410
f 1371/5411/5411 1370/5412/5412 1417/5413/5413 1418/5414/5414
f 1357/5415/5415 1356/5416/5416 1403/5417/5417 1404/5418/5418
f 1344/5419/5419 1343/5420/5420 1390/5421/5421 1391/5422/5422
f 1372/5423/5423 1371/5424/5424 1418/5425/5425 1419/5426/5426
f 1358/5427/5427 1357/5428/5428 1404/5429/5429 1405/5430/5430
f 1345/5431/5431 1344/5432/5432 1391/5433/5433 1392/5434/5434
f 1359/5435/5435 1358/5436/5436 1405/5437/5437 1406/5438/5438
f 1375/5439/5439 1376/5440/5440 3080/5441/5441 1333/5442/5442
f 1346/5443/5443 1345/5444/5444 1392/5445/5445 1393/5446/5446
f 1337/5447/5447 1338/5448/5448 1332/5449/5449 2798/5450/5450
f 1360/5451/5451 1359/5452/5452 1406/5453/5453 1407/5454/5454
f 1376/5455/5455 1377/5456/5456 1334/5457/5457 3080/5458/5458
f 1347/5459/5459 1346/5460/5460 1393/5461/5461 1394/5462/5462
f 1338/5463/5463 1339/5464/5464 2845/5465/5465 1332/5466/5466
f 1361/5467/5467 1360/5468/5468 1407/5469/5469 1408/5470/5470
f 1377/5471/5471 1378/5472/5472 3127/5473/5473 1334/5474/5474
f 1348/5475/5475 1347/5476/5476 1394/5477/5477 1395/5478/5478
f 1339/5479/5479 1340/5480/5480 2892/5481/5481 2845/5482/5482
f 1362/5483/5483 1361/5484/5484 1408/5485/5485 1409/5486/5486
f 1349/5487/5487 1348/5488/5488 1395/5489/5489 1396/5490/5490
f 1378/5491/5491 3174/5492/5492 3127/5493/5493
f 1363/5494/5494 1362/5495/5495 1409/5496/5496 1410/5497/5497
f 1350/5498/5498 1349/5499/5499 1396/5500/5500 1397/5501/5501
f 1340/5502/5502 1341/5503/5503 2939/5504/5504 2892/5505/5505
f 1364/5506/5506 1363/5507/5507 1410/5508/5508 1411/5509/5509
f 1351/5510/5510 1350/5511/5511 1397/5512/5512 1398/5513/5513
f 1341/5514/5514 1373/5515/5515 2986/5516/5516 2939/5517/5517
f 1365/5518/5518 1364/5519/5519 1411/5520/5520 1412/5521/5521
f 1352/5522/5522 1351/5523/5523 1398/5524/5524 1399/5525/5525
f 2704/5526/5526 1335/5527/5527 2751/5528/5528
f 1366/5529/5529 1365/5530/5530 1412/5531/5531 1413/5532/5532
f 1353/5533/5533 1352/5534/5534 1399/5535/5535 1400/5536/5536
f 1373/5537/5537 1374/5538/5538 3033/5539/5539 2986/5540/5540
f 1367/5541/5541 1366/5542/5542 1413/5543/5543 1414/5544/5544
f 1354/5545/5545 1353/5546/5546 1400/5547/5547 1401/5548/5548
f 1335/5549/5549 1336/5550/5550 1331/5551/5551 2751/5552/5552
f 1368/5553/5553 1367/5554/5554 1414/5555/5555 1415/5556/5556
f 1369/5557/5557 1368/5558/5558 1415/5559/5559 1416/5560/5560
f 1355/5561/5561 1354/5562/5562 1401/5563/5563 1402/5564/5564
f 1374/5565/5565 1375/5566/5566 1333/5567/5567 3033/5568/5568
f 1342/5569/5569 1/5570/5570 1389/5571/5571
f 1370/5572/5572 1369/5573/5573 1416/5574/5574 1417/5575/5575
f 1356/5576/5576 1355/5577/5577 1402/5578/5578 1403/5579/5579
f 1401/5580/5580 1400/5581/5581 1447/5582/5582 1448/5583/5583
f 1336/5584/5584 1337/5585/5585 2798/5586/5586 1331/5587/5587
f 1415/5588/5588 1414/5589/5589 1461/5590/5590 1462/5591/5591
f 1402/5592/5592 1401/5593/5593 1448/5594/5594 1449/5595/5595
f 1381/5596/5596 1382/5597/5597 1338/5598/5598 1337/5599/5599
f 1389/5600/5600 1/5601/5601 1436/5602/5602
f 1416/5603/5603 1415/5604/5604 1462/5605/5605 1463/5606/5606
f 1403/5607/5607 1402/5608/5608 1449/5609/5609 1450/5610/5610
f 1420/5611/5611 1421/5612/5612 1377/5613/5613 1376/5614/5614
f 1390/5615/5615 1389/5616/5616 1436/5617/5617 1437/5618/5618
f 1417/5619/5619 1416/5620/5620 1463/5621/5621 1464/5622/5622
f 1404/5623/5623 1403/5624/5624 1450/5625/5625 1451/5626/5626
f 1382/5627/5627 1383/5628/5628 1339/5629/5629 1338/5630/5630
f 1391/5631/5631 1390/5632/5632 1437/5633/5633 1438/5634/5634
f 1418/5635/5635 1417/5636/5636 1464/5637/5637 1465/5638/5638
f 1405/5639/5639 1404/5640/5640 1451/5641/5641 1452/5642/5642
f 1421/5643/5643 1422/5644/5644 1378/5645/5645 1377/5646/5646
f 1392/5647/5647 1391/5648/5648 1438/5649/5649 1439/5650/5650
f 1419/5651/5651 1418/5652/5652 1465/5653/5653 1466/5654/5654
f 1406/5655/5655 1405/5656/5656 1452/5657/5657 1453/5658/5658
f 1383/5659/5659 1384/5660/5660 1340/5661/5661 1339/5662/5662
f 1393/5663/5663 1392/5664/5664 1439/5665/5665 1440/5666/5666
f 1422/5667/5667 3174/5668/5668 1378/5669/5669
f 1407/5670/5670 1406/5671/5671 1453/5672/5672 1454/5673/5673
f 1384/5674/5674 1385/5675/5675 1341/5676/5676 1340/5677/5677
f 1394/5678/5678 1393/5679/5679 1440/5680/5680 1441/5681/5681
f 1385/5682/5682 1386/5683/5683 1373/5684/5684 1341/5685/5685
f 1408/5686/5686 1407/5687/5687 1454/5688/5688 1455/5689/5689
f 2704/5690/5690 1379/5691/5691 1335/5692/5692
f 1395/5693/5693 1394/5694/5694 1441/5695/5695 1442/5696/5696
f 1386/5697/5697 1387/5698/5698 1374/5699/5699 1373/5700/5700
f 1409/5701/5701 1408/5702/5702 1455/5703/5703 1456/5704/5704
f 1379/5705/5705 1380/5706/5706 1336/5707/5707 1335/5708/5708
f 1396/5709/5709 1395/5710/5710 1442/5711/5711 1443/5712/5712
f 1387/5713/5713 1388/5714/5714 1375/5715/5715 1374/5716/5716
f 1410/5717/5717 1409/5718/5718 1456/5719/5719 1457/5720/5720
f 1397/5721/5721 1396/5722/5722 1443/5723/5723 1444/5724/5724
f 1380/5725/5725 1381/5726/5726 1337/5727/5727 1336/5728/5728
f 1411/5729/5729 1410/5730/5730 1457/5731/5731 1458/5732/5732
f 1398/5733/5733 1397/5734/5734 1444/5735/5735 1445/5736/5736
f 1388/5737/5737 1420/5738/5738 1376/5739/5739 1375/5740/5740
f 1412/5741/5741 1411/5742/5742 1458/5743/5743 1459/5744/5744
f 1399/5745/5745 1398/5746/5746 1445/5747/5747 1446/5748/5748
f 1433/5749/5749 1434/5750/5750 1421/5751/5751 1420/5752/5752
f 1413/5753/5753 1412/5754/5754 1459/5755/5755 1460/5756/5756
f 1400/5757/5757 1399/5758/5758 1446/5759/5759 1447/5760/5760
f 1426/5761/5761 1427/5762/5762 1383/5763/5763 1382/5764/5764
f 1414/5765/5765 1413/5766/5766 1460/5767/5767 1461/5768/5768
f 1445/5769/5769 1444/5770/5770 1491/5771/5771 1492/5772/5772
f 1434/5773/5773 1435/5774/5774 1422/5775/5775 1421/5776/5776
f 1459/5777/5777 1458/5778/5778 1505/5779/5779 1506/5780/5780
f 1446/5781/5781 1445/5782/5782 1492/5783/5783 1493/5784/5784
f 1427/5785/5785 1428/5786/5786 1384/5787/5787 1383/5788/5788
f 1460/5789/5789 1459/5790/5790 1506/5791/5791 1507/5792/5792
f 1447/5793/5793 1446/5794/5794 1493/5795/5795 1494/5796/5796
f 1435/5797/5797 3174/5798/5798 1422/5799/5799
f 1461/5800/5800 1460/5801/5801 1507/5802/5802 1508/5803/5803
f 1448/5804/5804 1447/5805/5805 1494/5806/5806 1495/5807/5807
f 1428/5808/5808 1429/5809/5809 1385/5810/5810 1384/5811/5811
f 1462/5812/5812 1461/5813/5813 1508/5814/5814 1509/5815/5815
f 1449/5816/5816 1448/5817/5817 1495/5818/5818 1496/5819/5819
f 1429/5820/5820 1430/5821/5821 1386/5822/5822 1385/5823/5823
f 1436/5824/5824 1/5825/5825 1483/5826/5826
f 1463/5827/5827 1462/5828/5828 1509/5829/5829 1510/5830/5830
f 1450/5831/5831 1449/5832/5832 1496/5833/5833 1497/5834/5834
f 2704/5835/5835 1423/5836/5836 1379/5837/5837
f 1437/5838/5838 1436/5839/5839 1483/5840/5840 1484/5841/5841
f 1464/5842/5842 1463/5843/5843 1510/5844/5844 1511/5845/5845
f 1451/5846/5846 1450/5847/5847 1497/5848/5848 1498/5849/5849
f 1430/5850/5850 1431/5851/5851 1387/5852/5852 1386/5853/5853
f 1438/5854/5854 1437/5855/5855 1484/5856/5856 1485/5857/5857
f 1465/5858/5858 1464/5859/5859 1511/5860/5860 1512/5861/5861
f 1452/5862/5862 1451/5863/5863 1498/5864/5864 1499/5865/5865
f 1423/5866/5866 1424/5867/5867 1380/5868/5868 1379/5869/5869
f 1439/5870/5870 1438/5871/5871 1485/5872/5872 1486/5873/5873
f 1466/5874/5874 1465/5875/5875 1512/5876/5876 1513/5877/5877
f 1453/5878/5878 1452/5879/5879 1499/5880/5880 1500/5881/5881
f 1431/5882/5882 1432/5883/5883 1388/5884/5884 1387/5885/5885
f 1440/5886/5886 1439/5887/5887 1486/5888/5888 1487/5889/5889
f 1424/5890/5890 1425/5891/5891 1381/5892/5892 1380/5893/5893
f 1454/5894/5894 1453/5895/5895 1500/5896/5896 1501/5897/5897
f 1432/5898/5898 1433/5899/5899 1420/5900/5900 1388/5901/5901
f 1441/5902/5902 1440/5903/5903 1487/5904/5904 1488/5905/5905
f 1425/5906/5906 1426/5907/5907 1382/5908/5908 1381/5909/5909
f 1455/5910/5910 1454/5911/5911 1501/5912/5912 1502/5913/5913
f 1470/5914/5914 1471/5915/5915 1427/5916/5916 1426/5917/5917
f 1442/5918/5918 1441/5919/5919 1488/5920/5920 1489/5921/5921
f 1478/5922/5922 1479/5923/5923 1435/5924/5924 1434/5925/5925
f 1456/5926/5926 1455/5927/5927 1502/5928/5928 1503/5929/5929
f 1471/5930/5930 1472/5931/5931 1428/5932/5932 1427/5933/5933
f 1443/5934/5934 1442/5935/5935 1489/5936/5936 1490/5937/5937
f 1479/5938/5938 3174/5939/5939 1435/5940/5940
f 1457/5941/5941 1456/5942/5942 1503/5943/5943 1504/5944/5944
f 1444/5945/5945 1443/5946/5946 1490/5947/5947 1491/5948/5948
f 1472/5949/5949 1473/5950/5950 1429/5951/5951 1428/5952/5952
f 1458/5953/5953 1457/5954/5954 1504/5955/5955 1505/5956/5956
f 1502/5957/5957 1501/5958/5958 1548/5959/5959 1549/5960/5960
f 1473/5961/5961 1474/5962/5962 1430/5963/5963 1429/5964/5964
f 1489/5965/5965 1488/5966/5966 1535/5967/5967 1536/5968/5968
f 2704/5969/5969 1467/5970/5970 1423/5971/5971
f 1503/5972/5972 1502/5973/5973 1549/5974/5974 1550/5975/5975
f 1474/5976/5976 1475/5977/5977 1431/5978/5978 1430/5979/5979
f 1490/5980/5980 1489/5981/5981 1536/5982/5982 1537/5983/5983
f 1467/5984/5984 1468/5985/5985 1424/5986/5986 1423/5987/5987
f 1504/5988/5988 1503/5989/5989 1550/5990/5990 1551/5991/5991
f 1491/5992/5992 1490/5993/5993 1537/5994/5994 1538/5995/5995
f 1475/5996/5996 1476/5997/5997 1432/5998/5998 1431/5999/5999
f 1505/6000/6000 1504/6001/6001 1551/6002/6002 1552/6003/6003
f 1492/6004/6004 1491/6005/6005 1538/6006/6006 1539/6007/6007
f 1468/6008/6008 1469/6009/6009 1425/6010/6010 1424/6011/6011
f 1506/6012/6012 1505/6013/6013 1552/6014/6014 1553/6015/6015
f 1493/6016/6016 1492/6017/6017 1539/6018/6018 1540/6019/6019
f 1476/6020/6020 1477/6021/6021 1433/6022/6022 1432/6023/6023
f 1507/6024/6024 1506/6025/6025 1553/6026/6026 1554/6027/6027
f 1494/6028/6028 1493/6029/6029 1540/6030/6030 1541/6031/6031
f 1469/6032/6032 1470/6033/6033 1426/6034/6034 1425/6035/6035
f 1508/6036/6036 1507/6037/6037 1554/6038/6038 1555/6039/6039
f 1495/6040/6040 1494/6041/6041 1541/6042/6042 1542/6043/6043
f 1477/6044/6044 1478/6045/6045 1434/6046/6046 1433/6047/6047
f 1509/6048/6048 1508/6049/6049 1555/6050/6050 1556/6051/6051
f 1496/6052/6052 1495/6053/6053 1542/6054/6054 1543/6055/6055
f 1522/6056/6056 1523/6057/6057 1479/6058/6058 1478/6059/6059
f 1483/6060/6060 1/6061/6061 1530/6062/6062
f 1510/6063/6063 1509/6064/6064 1556/6065/6065 1557/6066/6066
f 1497/6067/6067 1496/6068/6068 1543/6069/6069 1544/6070/6070
f 1515/6071/6071 1516/6072/6072 1472/6073/6073 1471/6074/6074
f 1484/6075/6075 1483/6076/6076 1530/6077/6077 1531/6078/6078
f 1511/6079/6079 1510/6080/6080 1557/6081/6081 1558/6082/6082
f 1498/6083/6083 1497/6084/6084 1544/6085/6085 1545/6086/6086
f 1523/6087/6087 3174/6088/6088 1479/6089/6089
f 1485/6090/6090 1484/6091/6091 1531/6092/6092 1532/6093/6093
f 1512/6094/6094 1511/6095/6095 1558/6096/6096 1559/6097/6097
f 1499/6098/6098 1498/6099/6099 1545/6100/6100 1546/6101/6101
f 1516/6102/6102 1517/6103/6103 1473/6104/6104 1472/6105/6105
f 1486/6106/6106 1485/6107/6107 1532/6108/6108 1533/6109/6109
f 1513/6110/6110 1512/6111/6111 1559/6112/6112 1560/6113/6113
f 1500/6114/6114 1499/6115/6115 1546/6116/6116 1547/6117/6117
f 1517/6118/6118 1518/6119/6119 1474/6120/6120 1473/6121/6121
f 1487/6122/6122 1486/6123/6123 1533/6124/6124 1534/6125/6125
f 2704/6126/6126 1480/6127/6127 1467/6128/6128
f 1501/6129/6129 1500/6130/6130 1547/6131/6131 1548/6132/6132
f 1518/6133/6133 1519/6134/6134 1475/6135/6135 1474/6136/6136
f 1488/6137/6137 1487/6138/6138 1534/6139/6139 1535/6140/6140
f 1480/6141/6141 1481/6142/6142 1468/6143/6143 1467/6144/6144
f 1546/6145/6145 1545/6146/6146 1592/6147/6147 1593/6148/6148
f 1519/6149/6149 1520/6150/6150 1476/6151/6151 1475/6152/6152
f 1533/6153/6153 1532/6154/6154 1579/6155/6155 1580/6156/6156
f 1560/6157/6157 1559/6158/6158 1606/6159/6159 1607/6160/6160
f 1547/6161/6161 1546/6162/6162 1593/6163/6163 1594/6164/6164
f 1481/6165/6165 1482/6166/6166 1469/6167/6167 1468/6168/6168
f 1534/6169/6169 1533/6170/6170 1580/6171/6171 1581/6172/6172
f 1520/6173/6173 1521/6174/6174 1477/6175/6175 1476/6176/6176
f 1548/6177/6177 1547/6178/6178 1594/6179/6179 1595/6180/6180
f 1482/6181/6181 1514/6182/6182 1470/6183/6183 1469/6184/6184
f 1535/6185/6185 1534/6186/6186 1581/6187/6187 1582/6188/6188
f 1521/6189/6189 1522/6190/6190 1478/6191/6191 1477/6192/6192
f 1549/6193/6193 1548/6194/6194 1595/6195/6195 1596/6196/6196
f 1514/6197/6197 1515/6198/6198 1471/6199/6199 1470/6200/6200
f 1536/6201/6201 1535/6202/6202 1582/6203/6203 1583/6204/6204
f 1567/6205/6205 3174/6206/6206 1523/6207/6207
f 1550/6208/6208 1549/6209/6209 1596/6210/6210 1597/6211/6211
f 1529/6212/6212 1561/6213/6213 1517/6214/6214 1516/6215/6215
f 1537/6216/6216 1536/6217/6217 1583/6218/6218 1584/6219/6219
f 1561/6220/6220 1562/6221/6221 1518/6222/6222 1517/6223/6223
f 1551/6224/6224 1550/6225/6225 1597/6226/6226 1598/6227/6227
f 1538/6228/6228 1537/6229/6229 1584/6230/6230 1585/6231/6231
f 2704/6232/6232 1524/6233/6233 1480/6234/6234
f 1552/6235/6235 1551/6236/6236 1598/6237/6237 1599/6238/6238
f 1539/6239/6239 1538/6240/6240 1585/6241/6241 1586/6242/6242
f 1562/6243/6243 1563/6244/6244 1519/6245/6245 1518/6246/6246
f 1553/6247/6247 1552/6248/6248 1599/6249/6249 1600/6250/6250
f 1540/6251/6251 1539/6252/6252 1586/6253/6253 1587/6254/6254
f 1524/6255/6255 1525/6256/6256 1481/6257/6257 1480/6258/6258
f 1554/6259/6259 1553/6260/6260 1600/6261/6261 1601/6262/6262
f 1541/6263/6263 1540/6264/6264 1587/6265/6265 1588/6266/6266
f 1563/6267/6267 1564/6268/6268 1520/6269/6269 1519/6270/6270
f 1555/6271/6271 1554/6272/6272 1601/6273/6273 1602/6274/6274
f 1542/6275/6275 1541/6276/6276 1588/6277/6277 1589/6278/6278
f 1525/6279/6279 1526/6280/6280 1482/6281/6281 1481/6282/6282
f 1556/6283/6283 1555/6284/6284 1602/6285/6285 1603/6286/6286
f 1543/6287/6287 1542/6288/6288 1589/6289/6289 1590/6290/6290
f 1564/6291/6291 1565/6292/6292 1521/6293/6293 1520/6294/6294
f 1530/6295/6295 1/6296/6296 1577/6297/6297
f 1557/6298/6298 1556/6299/6299 1603/6300/6300 1604/6301/6301
f 1544/6302/6302 1543/6303/6303 1590/6304/6304 1591/6305/6305
f 1526/6306/6306 1527/6307/6307 1514/6308/6308 1482/6309/6309
f 1531/6310/6310 1530/6311/6311 1577/6312/6312 1578/6313/6313
f 1558/6314/6314 1557/6315/6315 1604/6316/6316 1605/6317/6317
f 1545/6318/6318 1544/6319/6319 1591/6320/6320 1592/6321/6321
f 1565/6322/6322 1566/6323/6323 1522/6324/6324 1521/6325/6325
f 1532/6326/6326 1531/6327/6327 1578/6328/6328 1579/6329/6329
f 1559/6330/6330 1558/6331/6331 1605/6332/6332 1606/6333/6333
f 1603/6334/6334 1602/6335/6335 1649/6336/6336 1650/6337/6337
f 1590/6338/6338 1589/6339/6339 1636/6340/6340 1637/6341/6341
f 1527/6342/6342 1528/6343/6343 1515/6344/6344 1514/6345/6345
f 1577/6346/6346 1/6347/6347 1624/6348/6348
f 1604/6349/6349 1603/6350/6350 1650/6351/6351 1651/6352/6352
f 1591/6353/6353 1590/6354/6354 1637/6355/6355 1638/6356/6356
f 1566/6357/6357 1567/6358/6358 1523/6359/6359 1522/6360/6360
f 1578/6361/6361 1577/6362/6362 1624/6363/6363 1625/6364/6364
f 1605/6365/6365 1604/6366/6366 1651/6367/6367 1652/6368/6368
f 1592/6369/6369 1591/6370/6370 1638/6371/6371 1639/6372/6372
f 1528/6373/6373 1529/6374/6374 1516/6375/6375 1515/6376/6376
f 1579/6377/6377 1578/6378/6378 1625/6379/6379 1626/6380/6380
f 1606/6381/6381 1605/6382/6382 1652/6383/6383 1653/6384/6384
f 1593/6385/6385 1592/6386/6386 1639/6387/6387 1640/6388/6388
f 1573/6389/6389 1574/6390/6390 1561/6391/6391 1529/6392/6392
f 1580/6393/6393 1579/6394/6394 1626/6395/6395 1627/6396/6396
f 1607/6397/6397 1606/6398/6398 1653/6399/6399 1654/6400/6400
f 1594/6401/6401 1593/6402/6402 1640/6403/6403 1641/6404/6404
f 1574/6405/6405 1575/6406/6406 1562/6407/6407 1561/6408/6408
f 1581/6409/6409 1580/6410/6410 1627/6411/6411 1628/6412/6412
f 2704/6413/6413 1568/6414/6414 1524/6415/6415
f 1595/6416/6416 1594/6417/6417 1641/6418/6418 1642/6419/6419
f 1575/6420/6420 1576/6421/6421 1563/6422/6422 1562/6423/6423
f 1582/6424/6424 1581/6425/6425 1628/6426/6426 1629/6427/6427
f 1568/6428/6428 1569/6429/6429 1525/6430/6430 1524/6431/6431
f 1596/6432/6432 1595/6433/6433 1642/6434/6434 1643/6435/6435
f 1576/6436/6436 1608/6437/6437 1564/6438/6438 1563/6439/6439
f 1583/6440/6440 1582/6441/6441 1629/6442/6442 1630/6443/6443
f 1569/6444/6444 1570/6445/6445 1526/6446/6446 1525/6447/6447
f 1597/6448/6448 1596/6449/6449 1643/6450/6450 1644/6451/6451
f 1608/6452/6452 1609/6453/6453 1565/6454/6454 1564/6455/6455
f 1584/6456/6456 1583/6457/6457 1630/6458/6458 1631/6459/6459
f 1570/6460/6460 1571/6461/6461 1527/6462/6462 1526/6463/6463
f 1598/6464/6464 1597/6465/6465 1644/6466/6466 1645/6467/6467
f 1585/6468/6468 1584/6469/6469 1631/6470/6470 1632/6471/6471
f 1609/6472/6472 1610/6473/6473 1566/6474/6474 1565/6475/6475
f 1599/6476/6476 1598/6477/6477 1645/6478/6478 1646/6479/6479
f 1586/6480/6480 1585/6481/6481 1632/6482/6482 1633/6483/6483
f 1571/6484/6484 1572/6485/6485 1528/6486/6486 1527/6487/6487
f 1600/6488/6488 1599/6489/6489 1646/6490/6490 1647/6491/6491
f 1587/6492/6492 1586/6493/6493 1633/6494/6494 1634/6495/6495
f 1610/6496/6496 1611/6497/6497 1567/6498/6498 1566/6499/6499
f 1601/6500/6500 1600/6501/6501 1647/6502/6502 1648/6503/6503
f 1588/6504/6504 1587/6505/6505 1634/6506/6506 1635/6507/6507
f 1572/6508/6508 1573/6509/6509 1529/6510/6510 1528/6511/6511
f 1602/6512/6512 1601/6513/6513 1648/6514/6514 1649/6515/6515
f 1589/6516/6516 1588/6517/6517 1635/6518/6518 1636/6519/6519
f 1611/6520/6520 3174/6521/6521 1567/6522/6522
f 1647/6523/6523 1646/6524/6524 1693/6525/6525 1694/6526/6526
f 1634/6527/6527 1633/6528/6528 1680/6529/6529 1681/6530/6530
f 1618/6531/6531 1619/6532/6532 1575/6533/6533 1574/6534/6534
f 1648/6535/6535 1647/6536/6536 1694/6537/6537 1695/6538/6538
f 1635/6539/6539 1634/6540/6540 1681/6541/6541 1682/6542/6542
f 2704/6543/6543 1612/6544/6544 1568/6545/6545
f 1649/6546/6546 1648/6547/6547 1695/6548/6548 1696/6549/6549
f 1636/6550/6550 1635/6551/6551 1682/6552/6552 1683/6553/6553
f 1619/6554/6554 1620/6555/6555 1576/6556/6556 1575/6557/6557
f 1650/6558/6558 1649/6559/6559 1696/6560/6560 1697/6561/6561
f 1637/6562/6562 1636/6563/6563 1683/6564/6564 1684/6565/6565
f 1612/6566/6566 1613/6567/6567 1569/6568/6568 1568/6569/6569
f 1624/6570/6570 1/6571/6571 1671/6572/6572
f 1651/6573/6573 1650/6574/6574 1697/6575/6575 1698/6576/6576
f 1638/6577/6577 1637/6578/6578 1684/6579/6579 1685/6580/6580
f 1620/6581/6581 1621/6582/6582 1608/6583/6583 1576/6584/6584
f 1625/6585/6585 1624/6586/6586 1671/6587/6587 1672/6588/6588
f 1652/6589/6589 1651/6590/6590 1698/6591/6591 1699/6592/6592
f 1639/6593/6593 1638/6594/6594 1685/6595/6595 1686/6596/6596
f 1613/6597/6597 1614/6598/6598 1570/6599/6599 1569/6600/6600
f 1626/6601/6601 1625/6602/6602 1672/6603/6603 1673/6604/6604
f 1653/6605/6605 1652/6606/6606 1699/6607/6607 1700/6608/6608
f 1640/6609/6609 1639/6610/6610 1686/6611/6611 1687/6612/6612
f 1621/6613/6613 1622/6614/6614 1609/6615/6615 1608/6616/6616
f 1627/6617/6617 1626/6618/6618 1673/6619/6619 1674/6620/6620
f 1654/6621/6621 1653/6622/6622 1700/6623/6623 1701/6624/6624
f 1641/6625/6625 1640/6626/6626 1687/6627/6627 1688/6628/6628
f 1614/6629/6629 1615/6630/6630 1571/6631/6631 1570/6632/6632
f 1628/6633/6633 1627/6634/6634 1674/6635/6635 1675/6636/6636
f 1622/6637/6637 1623/6638/6638 1610/6639/6639 1609/6640/6640
f 1642/6641/6641 1641/6642/6642 1688/6643/6643 1689/6644/6644
f 1615/6645/6645 1616/6646/6646 1572/6647/6647 1571/6648/6648
f 1629/6649/6649 1628/6650/6650 1675/6651/6651 1676/6652/6652
f 1623/6653/6653 1655/6654/6654 1611/6655/6655 1610/6656/6656
f 1643/6657/6657 1642/6658/6658 1689/6659/6659 1690/6660/6660
f 1616/6661/6661 1617/6662/6662 1573/6663/6663 1572/6664/6664
f 1630/6665/6665 1629/6666/6666 1676/6667/6667 1677/6668/6668
f 1655/6669/6669 3174/6670/6670 1611/6671/6671
f 1644/6672/6672 1643/6673/6673 1690/6674/6674 1691/6675/6675
f 1617/6676/6676 1618/6677/6677 1574/6678/6678 1573/6679/6679
f 1631/6680/6680 1630/6681/6681 1677/6682/6682 1678/6683/6683
f 1662/6684/6684 1663/6685/6685 1619/6686/6686 1618/6687/6687
f 1645/6688/6688 1644/6689/6689 1691/6690/6690 1692/6691/6691
f 1632/6692/6692 1631/6693/6693 1678/6694/6694 1679/6695/6695
f 2704/6696/6696 1656/6697/6697 1612/6698/6698
f 1646/6699/6699 1645/6700/6700 1692/6701/6701 1693/6702/6702
f 1633/6703/6703 1632/6704/6704 1679/6705/6705 1680/6706/6706
f 1663/6707/6707 1664/6708/6708 1620/6709/6709 1619/6710/6710
f 1656/6711/6711 1657/6712/6712 1613/6713/6713 1612/6714/6714
f 1691/6715/6715 1690/6716/6716 1737/6717/6717 1738/6718/6718
f 1664/6719/6719 1665/6720/6720 1621/6721/6721 1620/6722/6722
f 1678/6723/6723 1677/6724/6724 1724/6725/6725 1725/6726/6726
f 1657/6727/6727 1658/6728/6728 1614/6729/6729 1613/6730/6730
f 1692/6731/6731 1691/6732/6732 1738/6733/6733 1739/6734/6734
f 1679/6735/6735 1678/6736/6736 1725/6737/6737 1726/6738/6738
f 1665/6739/6739 1666/6740/6740 1622/6741/6741 1621/6742/6742
f 1693/6743/6743 1692/6744/6744 1739/6745/6745 1740/6746/6746
f 1680/6747/6747 1679/6748/6748 1726/6749/6749 1727/6750/6750
f 1658/6751/6751 1659/6752/6752 1615/6753/6753 1614/6754/6754
f 1694/6755/6755 1693/6756/6756 1740/6757/6757 1741/6758/6758
f 1681/6759/6759 1680/6760/6760 1727/6761/6761 1728/6762/6762
f 1666/6763/6763 1667/6764/6764 1623/6765/6765 1622/6766/6766
f 1695/6767/6767 1694/6768/6768 1741/6769/6769 1742/6770/6770
f 1682/6771/6771 1681/6772/6772 1728/6773/6773 1729/6774/6774
f 1659/6775/6775 1660/6776/6776 1616/6777/6777 1615/6778/6778
f 1696/6779/6779 1695/6780/6780 1742/6781/6781 1743/6782/6782
f 1683/6783/6783 1682/6784/6784 1729/6785/6785 1730/6786/6786
f 1667/6787/6787 1668/6788/6788 1655/6789/6789 1623/6790/6790
f 1697/6791/6791 1696/6792/6792 1743/6793/6793 1744/6794/6794
f 1684/6795/6795 1683/6796/6796 1730/6797/6797 1731/6798/6798
f 1660/6799/6799 1661/6800/6800 1617/6801/6801 1616/6802/6802
f 1671/6803/6803 1/6804/6804 1718/6805/6805
f 1698/6806/6806 1697/6807/6807 1744/6808/6808 1745/6809/6809
f 1685/6810/6810 1684/6811/6811 1731/6812/6812 1732/6813/6813
f 1668/6814/6814 3174/6815/6815 1655/6816/6816
f 1672/6817/6817 1671/6818/6818 1718/6819/6819 1719/6820/6820
f 1699/6821/6821 1698/6822/6822 1745/6823/6823 1746/6824/6824
f 1686/6825/6825 1685/6826/6826 1732/6827/6827 1733/6828/6828
f 1661/6829/6829 1662/6830/6830 1618/6831/6831 1617/6832/6832
f 1673/6833/6833 1672/6834/6834 1719/6835/6835 1720/6836/6836
f 1700/6837/6837 1699/6838/6838 1746/6839/6839 1747/6840/6840
f 1687/6841/6841 1686/6842/6842 1733/6843/6843 1734/6844/6844
f 1707/6845/6845 1708/6846/6846 1664/6847/6847 1663/6848/6848
f 1674/6849/6849 1673/6850/6850 1720/6851/6851 1721/6852/6852
f 1701/6853/6853 1700/6854/6854 1747/6855/6855 1748/6856/6856
f 1688/6857/6857 1687/6858/6858 1734/6859/6859 1735/6860/6860
f 1669/6861/6861 1670/6862/6862 1657/6863/6863 1656/6864/6864
f 1675/6865/6865 1674/6866/6866 1721/6867/6867 1722/6868/6868
f 1708/6869/6869 1709/6870/6870 1665/6871/6871 1664/6872/6872
f 1689/6873/6873 1688/6874/6874 1735/6875/6875 1736/6876/6876
f 1670/6877/6877 1702/6878/6878 1658/6879/6879 1657/6880/6880
f 1676/6881/6881 1675/6882/6882 1722/6883/6883 1723/6884/6884
f 1709/6885/6885 1710/6886/6886 1666/6887/6887 1665/6888/6888
f 1690/6889/6889 1689/6890/6890 1736/6891/6891 1737/6892/6892
f 1702/6893/6893 1703/6894/6894 1659/6895/6895 1658/6896/6896
f 1677/6897/6897 1676/6898/6898 1723/6899/6899 1724/6900/6900
f 1721/6901/6901 1720/6902/6902 1767/6903/6903 1768/6904/6904
f 1748/6905/6905 1747/6906/6906 1794/6907/6907 1795/6908/6908
f 1735/6909/6909 1734/6910/6910 1781/6911/6911 1782/6912/6912
f 1710/6913/6913 1711/6914/6914 1667/6915/6915 1666/6916/6916
f 1722/6917/6917 1721/6918/6918 1768/6919/6919 1769/6920/6920
f 1703/6921/6921 1704/6922/6922 1660/6923/6923 1659/6924/6924
f 1736/6925/6925 1735/6926/6926 1782/6927/6927 1783/6928/6928
f 1711/6929/6929 1712/6930/6930 1668/6931/6931 1667/6932/6932
f 1723/6933/6933 1722/6934/6934 1769/6935/6935 1770/6936/6936
f 1704/6937/6937 1705/6938/6938 1661/6939/6939 1660/6940/6940
f 1737/6941/6941 1736/6942/6942 1783/6943/6943 1784/6944/6944
f 1712/6945/6945 3174/6946/6946 1668/6947/6947
f 1724/6948/6948 1723/6949/6949 1770/6950/6950 1771/6951/6951
f 1705/6952/6952 1706/6953/6953 1662/6954/6954 1661/6955/6955
f 1738/6956/6956 1737/6957/6957 1784/6958/6958 1785/6959/6959
f 1706/6960/6960 1707/6961/6961 1663/6962/6962 1662/6963/6963
f 1725/6964/6964 1724/6965/6965 1771/6966/6966 1772/6967/6967
f 2704/6968/6968 1669/6969/6969 1656/6970/6970
f 1739/6971/6971 1738/6972/6972 1785/6973/6973 1786/6974/6974
f 1726/6975/6975 1725/6976/6976 1772/6977/6977 1773/6978/6978
f 1713/6979/6979 1714/6980/6980 1670/6981/6981 1669/6982/6982
f 1740/6983/6983 1739/6984/6984 1786/6985/6985 1787/6986/6986
f 1727/6987/6987 1726/6988/6988 1773/6989/6989 1774/6990/6990
f 1752/6991/6991 1753/6992/6992 1709/6993/6993 1708/6994/6994
f 1741/6995/6995 1740/6996/6996 1787/6997/6997 1788/6998/6998
f 1728/6999/6999 1727/7000/7000 1774/7001/7001 1775/7002/7002
f 1714/7003/7003 1715/7004/7004 1702/7005/7005 1670/7006/7006
f 1742/7007/7007 1741/7008/7008 1788/7009/7009 1789/7010/7010
f 1729/7011/7011 1728/7012/7012 1775/7013/7013 1776/7014/7014
f 1753/7015/7015 1754/7016/7016 1710/7017/7017 1709/7018/7018
f 1743/7019/7019 1742/7020/7020 1789/7021/7021 1790/7022/7022
f 1730/7023/7023 1729/7024/7024 1776/7025/7025 1777/7026/7026
f 1715/7027/7027 1716/7028/7028 1703/7029/7029 1702/7030/7030
f 1744/7031/7031 1743/7032/7032 1790/7033/7033 1791/7034/7034
f 1731/7035/7035 1730/7036/7036 1777/7037/7037 1778/7038/7038
f 1754/7039/7039 1755/7040/7040 1711/7041/7041 1710/7042/7042
f 1718/7043/7043 1/7044/7044 1765/7045/7045
f 1745/7046/7046 1744/7047/7047 1791/7048/7048 1792/7049/7049
f 1732/7050/7050 1731/7051/7051 1778/7052/7052 1779/7053/7053
f 1716/7054/7054 1717/7055/7055 1704/7056/7056 1703/7057/7057
f 1719/7058/7058 1718/7059/7059 1765/7060/7060 1766/7061/7061
f 1746/7062/7062 1745/7063/7063 1792/7064/7064 1793/7065/7065
f 1733/7066/7066 1732/7067/7067 1779/7068/7068 1780/7069/7069
f 1755/7070/7070 1756/7071/7071 1712/7072/7072 1711/7073/7073
f 1720/7074/7074 1719/7075/7075 1766/7076/7076 1767/7077/7077
f 1747/7078/7078 1746/7079/7079 1793/7080/7080 1794/7081/7081
f 1734/7082/7082 1733/7083/7083 1780/7084/7084 1781/7085/7085
f 1717/7086/7086 1749/7087/7087 1705/7088/7088 1704/7089/7089
f 1756/7090/7090 3174/7091/7091 1712/7092/7092
f 1765/7093/7093 1/7094/7094 1812/7095/7095
f 1792/7096/7096 1791/7097/7097 1838/7098/7098 1839/7099/7099
f 1779/7100/7100 1778/7101/7101 1825/7102/7102 1826/7103/7103
f 1749/7104/7104 1750/7105/7105 1706/7106/7106 1705/7107/7107
f 1766/7108/7108 1765/7109/7109 1812/7110/7110 1813/7111/7111
f 1793/7112/7112 1792/7113/7113 1839/7114/7114 1840/7115/7115
f 1780/7116/7116 1779/7117/7117 1826/7118/7118 1827/7119/7119
f 1750/7120/7120 1751/7121/7121 1707/7122/7122 1706/7123/7123
f 1767/7124/7124 1766/7125/7125 1813/7126/7126 1814/7127/7127
f 1794/7128/7128 1793/7129/7129 1840/7130/7130 1841/7131/7131
f 1781/7132/7132 1780/7133/7133 1827/7134/7134 1828/7135/7135
f 2704/7136/7136 1713/7137/7137 1669/7138/7138
f 1768/7139/7139 1767/7140/7140 1814/7141/7141 1815/7142/7142
f 1795/7143/7143 1794/7144/7144 1841/7145/7145 1842/7146/7146
f 1782/7147/7147 1781/7148/7148 1828/7149/7149 1829/7150/7150
f 1751/7151/7151 1752/7152/7152 1708/7153/7153 1707/7154/7154
f 1769/7155/7155 1768/7156/7156 1815/7157/7157 1816/7158/7158
f 1796/7159/7159 1797/7160/7160 1753/7161/7161 1752/7162/7162
f 1783/7163/7163 1782/7164/7164 1829/7165/7165 1830/7166/7166
f 1758/7167/7167 1759/7168/7168 1715/7169/7169 1714/7170/7170
f 1770/7171/7171 1769/7172/7172 1816/7173/7173 1817/7174/7174
f 1797/7175/7175 1798/7176/7176 1754/7177/7177 1753/7178/7178
f 1784/7179/7179 1783/7180/7180 1830/7181/7181 1831/7182/7182
f 1759/7183/7183 1760/7184/7184 1716/7185/7185 1715/7186/7186
f 1771/7187/7187 1770/7188/7188 1817/7189/7189 1818/7190/7190
f 1798/7191/7191 1799/7192/7192 1755/7193/7193 1754/7194/7194
f 1785/7195/7195 1784/7196/7196 1831/7197/7197 1832/7198/7198
f 1760/7199/7199 1761/7200/7200 1717/7201/7201 1716/7202/7202
f 1772/7203/7203 1771/7204/7204 1818/7205/7205 1819/7206/7206
f 1799/7207/7207 1800/7208/7208 1756/7209/7209 1755/7210/7210
f 1786/7211/7211 1785/7212/7212 1832/7213/7213 1833/7214/7214
f 1773/7215/7215 1772/7216/7216 1819/7217/7217 1820/7218/7218
f 1761/7219/7219 1762/7220/7220 1749/7221/7221 1717/7222/7222
f 1787/7223/7223 1786/7224/7224 1833/7225/7225 1834/7226/7226
f 1774/7227/7227 1773/7228/7228 1820/7229/7229 1821/7230/7230
f 1800/7231/7231 3174/7232/7232 1756/7233/7233
f 1788/7234/7234 1787/7235/7235 1834/7236/7236 1835/7237/7237
f 1775/7238/7238 1774/7239/7239 1821/7240/7240 1822/7241/7241
f 1762/7242/7242 1763/7243/7243 1750/7244/7244 1749/7245/7245
f 1789/7246/7246 1788/7247/7247 1835/7248/7248 1836/7249/7249
f 1776/7250/7250 1775/7251/7251 1822/7252/7252 1823/7253/7253
f 1763/7254/7254 1764/7255/7255 1751/7256/7256 1750/7257/7257
f 1790/7258/7258 1789/7259/7259 1836/7260/7260 1837/7261/7261
f 1777/7262/7262 1776/7263/7263 1823/7264/7264 1824/7265/7265
f 2704/7266/7266 1757/7267/7267 1713/7268/7268
f 1791/7269/7269 1790/7270/7270 1837/7271/7271 1838/7272/7272
f 1778/7273/7273 1777/7274/7274 1824/7275/7275 1825/7276/7276
f 1822/7277/7277 1821/7278/7278 1868/7279/7279 1869/7280/7280
f 1764/7281/7281 1796/7282/7282 1752/7283/7283 1751/7284/7284
f 1836/7285/7285 1835/7286/7286 1882/7287/7287 1883/7288/7288
f 1823/7289/7289 1822/7290/7290 1869/7291/7291 1870/7292/7292
f 1757/7293/7293 1758/7294/7294 1714/7295/7295 1713/7296/7296
f 1837/7297/7297 1836/7298/7298 1883/7299/7299 1884/7300/7300
f 1824/7301/7301 1823/7302/7302 1870/7303/7303 1871/7304/7304
f 1802/7305/7305 1803/7306/7306 1759/7307/7307 1758/7308/7308
f 1838/7309/7309 1837/7310/7310 1884/7311/7311 1885/7312/7312
f 1825/7313/7313 1824/7314/7314 1871/7315/7315 1872/7316/7316
f 1810/7317/7317 1811/7318/7318 1798/7319/7319 1797/7320/7320
f 1812/7321/7321 1/7322/7322 1859/7323/7323
f 1839/7324/7324 1838/7325/7325 1885/7326/7326 1886/7327/7327
f 1826/7328/7328 1825/7329/7329 1872/7330/7330 1873/7331/7331
f 1803/7332/7332 1804/7333/7333 1760/7334/7334 1759/7335/7335
f 1813/7336/7336 1812/7337/7337 1859/7338/7338 1860/7339/7339
f 1840/7340/7340 1839/7341/7341 1886/7342/7342 1887/7343/7343
f 1827/7344/7344 1826/7345/7345 1873/7346/7346 1874/7347/7347
f 1811/7348/7348 1845/7349/7349 1799/7350/7350 1798/7351/7351
f 1814/7352/7352 1813/7353/7353 1860/7354/7354 1861/7355/7355
f 1841/7356/7356 1840/7357/7357 1887/7358/7358 1888/7359/7359
f 1828/7360/7360 1827/7361/7361 1874/7362/7362 1875/7363/7363
f 1804/7364/7364 1805/7365/7365 1761/7366/7366 1760/7367/7367
f 1815/7368/7368 1814/7369/7369 1861/7370/7370 1862/7371/7371
f 1842/7372/7372 1841/7373/7373 1888/7374/7374 1889/7375/7375
f 1829/7376/7376 1828/7377/7377 1875/7378/7378 1876/7379/7379
f 1845/7380/7380 1846/7381/7381 1800/7382/7382 1799/7383/7383
f 1816/7384/7384 1815/7385/7385 1862/7386/7386 1863/7387/7387
f 1843/7388/7388 1842/7389/7389 1889/7390/7390 1890/7391/7391
f 1830/7392/7392 1829/7393/7393 1876/7394/7394 1877/7395/7395
f 1805/7396/7396 1806/7397/7397 1762/7398/7398 1761/7399/7399
f 1817/7400/7400 1816/7401/7401 1863/7402/7402 1864/7403/7403
f 1844/7404/7404 1843/7405/7405 1890/7406/7406 1891/7407/7407
f 1831/7408/7408 1830/7409/7409 1877/7410/7410 1878/7411/7411
f 1846/7412/7412 3174/7413/7413 1800/7414/7414
f 1818/7415/7415 1817/7416/7416 1864/7417/7417 1865/7418/7418
f 1806/7419/7419 1807/7420/7420 1763/7421/7421 1762/7422/7422
f 1832/7423/7423 1831/7424/7424 1878/7425/7425 1879/7426/7426
f 1807/7427/7427 1808/7428/7428 1764/7429/7429 1763/7430/7430
f 1819/7431/7431 1818/7432/7432 1865/7433/7433 1866/7434/7434
f 2704/7435/7435 1801/7436/7436 1757/7437/7437
f 1833/7438/7438 1832/7439/7439 1879/7440/7440 1880/7441/7441
f 1820/7442/7442 1819/7443/7443 1866/7444/7444 1867/7445/7445
f 1808/7446/7446 1809/7447/7447 1796/7448/7448 1764/7449/7449
f 1834/7450/7450 1833/7451/7451 1880/7452/7452 1881/7453/7453
f 1821/7454/7454 1820/7455/7455 1867/7456/7456 1868/7457/7457
f 1801/7458/7458 1802/7459/7459 1758/7460/7460 1757/7461/7461
f 1835/7462/7462 1834/7463/7463 1881/7464/7464 1882/7465/7465
f 1809/7466/7466 1810/7467/7467 1797/7468/7468 1796/7469/7469
f 1866/7470/7470 1865/7471/7471 1912/7472/7472 1913/7473/7473
f 1893/7474/7474 1892/7475/7475 1939/7476/7476 1940/7477/7477
f 1880/7478/7478 1879/7479/7479 1926/7480/7480 1927/7481/7481
f 1867/7482/7482 1866/7483/7483 1913/7484/7484 1914/7485/7485
f 1856/7486/7486 1857/7487/7487 1811/7488/7488 1810/7489/7489
f 1881/7490/7490 1880/7491/7491 1927/7492/7492 1928/7493/7493
f 1868/7494/7494 1867/7495/7495 1914/7496/7496 1915/7497/7497
f 1849/7498/7498 1850/7499/7499 1804/7500/7500 1803/7501/7501
f 1882/7502/7502 1881/7503/7503 1928/7504/7504 1929/7505/7505
f 1869/7506/7506 1868/7507/7507 1915/7508/7508 1916/7509/7509
f 1857/7510/7510 1858/7511/7511 1845/7512/7512 1811/7513/7513
f 1883/7514/7514 1882/7515/7515 1929/7516/7516 1930/7517/7517
f 1870/7518/7518 1869/7519/7519 1916/7520/7520 1917/7521/7521
f 1850/7522/7522 1851/7523/7523 1805/7524/7524 1804/7525/7525
f 1884/7526/7526 1883/7527/7527 1930/7528/7528 1931/7529/7529
f 1871/7530/7530 1870/7531/7531 1917/7532/7532 1918/7533/7533
f 1858/7534/7534 1894/7535/7535 1846/7536/7536 1845/7537/7537
f 1885/7538/7538 1884/7539/7539 1931/7540/7540 1932/7541/7541
f 1872/7542/7542 1871/7543/7543 1918/7544/7544 1919/7545/7545
f 1851/7546/7546 1852/7547/7547 1806/7548/7548 1805/7549/7549
f 1859/7550/7550 1/7551/7551 1906/7552/7552
f 1886/7553/7553 1885/7554/7554 1932/7555/7555 1933/7556/7556
f 1873/7557/7557 1872/7558/7558 1919/7559/7559 1920/7560/7560
f 1894/7561/7561 3174/7562/7562 1846/7563/7563
f 1860/7564/7564 1859/7565/7565 1906/7566/7566 1907/7567/7567
f 1887/7568/7568 1886/7569/7569 1933/7570/7570 1934/7571/7571
f 1874/7572/7572 1873/7573/7573 1920/7574/7574 1921/7575/7575
f 1852/7576/7576 1853/7577/7577 1807/7578/7578 1806/7579/7579
f 1861/7580/7580 1860/7581/7581 1907/7582/7582 1908/7583/7583
f 1888/7584/7584 1887/7585/7585 1934/7586/7586 1935/7587/7587
f 1875/7588/7588 1874/7589/7589 1921/7590/7590 1922/7591/7591
f 1853/7592/7592 1854/7593/7593 1808/7594/7594 1807/7595/7595
f 1862/7596/7596 1861/7597/7597 1908/7598/7598 1909/7599/7599
f 1889/7600/7600 1888/7601/7601 1935/7602/7602 1936/7603/7603
f 1876/7604/7604 1875/7605/7605 1922/7606/7606 1923/7607/7607
f 2704/7608/7608 1847/7609/7609 1801/7610/7610
f 1863/7611/7611 1862/7612/7612 1909/7613/7613 1910/7614/7614
f 1890/7615/7615 1889/7616/7616 1936/7617/7617 1937/7618/7618
f 1877/7619/7619 1876/7620/7620 1923/7621/7621 1924/7622/7622
f 1854/7623/7623 1855/7624/7624 1809/7625/7625 1808/7626/7626
f 1864/7627/7627 1863/7628/7628 1910/7629/7629 1911/7630/7630
f 1891/7631/7631 1890/7632/7632 1937/7633/7633 1938/7634/7634
f 1878/7635/7635 1877/7636/7636 1924/7637/7637 1925/7638/7638
f 1847/7639/7639 1848/7640/7640 1802/7641/7641 1801/7642/7642
f 1865/7643/7643 1864/7644/7644 1911/7645/7645 1912/7646/7646
f 1892/7647/7647 1891/7648/7648 1938/7649/7649 1939/7650/7650
f 1879/7651/7651 1878/7652/7652 1925/7653/7653 1926/7654/7654
f 1923/7655/7655 1922/7656/7656 1969/7657/7657 1970/7658/7658
f 1855/7659/7659 1856/7660/7660 1810/7661/7661 1809/7662/7662
f 1910/7663/7663 1909/7664/7664 1956/7665/7665 1957/7666/7666
f 1937/7667/7667 1936/7668/7668 1983/7669/7669 1984/7670/7670
f 1924/7671/7671 1923/7672/7672 1970/7673/7673 1971/7674/7674
f 1848/7675/7675 1849/7676/7676 1803/7677/7677 1802/7678/7678
f 1911/7679/7679 1910/7680/7680 1957/7681/7681 1958/7682/7682
f 1938/7683/7683 1937/7684/7684 1984/7685/7685 1985/7686/7686
f 1925/7687/7687 1924/7688/7688 1971/7689/7689 1972/7690/7690
f 1905/7691/7691 1942/7692/7692 1858/7693/7693 1857/7694/7694
f 1912/7695/7695 1911/7696/7696 1958/7697/7697 1959/7698/7698
f 1939/7699/7699 1938/7700/7700 1985/7701/7701 1986/7702/7702
f 1926/7703/7703 1925/7704/7704 1972/7705/7705 1973/7706/7706
f 1898/7707/7707 1899/7708/7708 1851/7709/7709 1850/7710/7710
f 1913/7711/7711 1912/7712/7712 1959/7713/7713 1960/7714/7714
f 1940/7715/7715 1939/7716/7716 1986/7717/7717 1987/7718/7718
f 1927/7719/7719 1926/7720/7720 1973/7721/7721 1974/7722/7722
f 1914/7723/7723 1913/7724/7724 1960/7725/7725 1961/7726/7726
f 1941/7727/7727 1940/7728/7728 1987/7729/7729 1988/7730/7730
f 1928/7731/7731 1927/7732/7732 1974/7733/7733 1975/7734/7734
f 1915/7735/7735 1914/7736/7736 1961/7737/7737 1962/7738/7738
f 1942/7739/7739 1943/7740/7740 1894/7741/7741 1858/7742/7742
f 1929/7743/7743 1928/7744/7744 1975/7745/7745 1976/7746/7746
f 1916/7747/7747 1915/7748/7748 1962/7749/7749 1963/7750/7750
f 1899/7751/7751 1900/7752/7752 1852/7753/7753 1851/7754/7754
f 1930/7755/7755 1929/7756/7756 1976/7757/7757 1977/7758/7758
f 1917/7759/7759 1916/7760/7760 1963/7761/7761 1964/7762/7762
f 1943/7763/7763 3174/7764/7764 1894/7765/7765
f 1931/7766/7766 1930/7767/7767 1977/7768/7768 1978/7769/7769
f 1918/7770/7770 1917/7771/7771 1964/7772/7772 1965/7773/7773
f 1900/7774/7774 1901/7775/7775 1853/7776/7776 1852/7777/7777
f 1932/7778/7778 1931/7779/7779 1978/7780/7780 1979/7781/7781
f 1919/7782/7782 1918/7783/7783 1965/7784/7784 1966/7785/7785
f 1901/7786/7786 1902/7787/7787 1854/7788/7788 1853/7789/7789
f 1906/7790/7790 1/7791/7791 1953/7792/7792
f 1933/7793/7793 1932/7794/7794 1979/7795/7795 1980/7796/7796
f 1920/7797/7797 1919/7798/7798 1966/7799/7799 1967/7800/7800
f 2704/7801/7801 1895/7802/7802 1847/7803/7803
f 1907/7804/7804 1906/7805/7805 1953/7806/7806 1954/7807/7807
f 1934/7808/7808 1933/7809/7809 1980/7810/7810 1981/7811/7811
f 1921/7812/7812 1920/7813/7813 1967/7814/7814 1968/7815/7815
f 1902/7816/7816 1903/7817/7817 1855/7818/7818 1854/7819/7819
f 1908/7820/7820 1907/7821/7821 1954/7822/7822 1955/7823/7823
f 1935/7824/7824 1934/7825/7825 1981/7826/7826 1982/7827/7827
f 1922/7828/7828 1921/7829/7829 1968/7830/7830 1969/7831/7831
f 1895/7832/7832 1896/7833/7833 1848/7834/7834 1847/7835/7835
f 1909/7836/7836 1908/7837/7837 1955/7838/7838 1956/7839/7839
f 1936/7840/7840 1935/7841/7841 1982/7842/7842 1983/7843/7843
f 1967/7844/7844 1966/7845/7845 2013/7846/7846 2014/7847/7847
f 1903/7848/7848 1904/7849/7849 1856/7850/7850 1855/7851/7851
f 1954/7852/7852 1953/7853/7853 2000/7854/7854 2001/7855/7855
f 1981/7856/7856 1980/7857/7857 2027/7858/7858 2028/7859/7859
f 1968/7860/7860 1967/7861/7861 2014/7862/7862 2015/7863/7863
f 1896/7864/7864 1897/7865/7865 1849/7866/7866 1848/7867/7867
f 1955/7868/7868 1954/7869/7869 2001/7870/7870 2002/7871/7871
f 1982/7872/7872 1981/7873/7873 2028/7874/7874 2029/7875/7875
f 1969/7876/7876 1968/7877/7877 2015/7878/7878 2016/7879/7879
f 1904/7880/7880 1905/7881/7881 1857/7882/7882 1856/7883/7883
f 1956/7884/7884 1955/7885/7885 2002/7886/7886 2003/7887/7887
f 1983/7888/7888 1982/7889/7889 2029/7890/7890 2030/7891/7891
f 1970/7892/7892 1969/7893/7893 2016/7894/7894 2017/7895/7895
f 1897/7896/7896 1898/7897/7897 1850/7898/7898 1849/7899/7899
f 1957/7900/7900 1956/7901/7901 2003/7902/7902 2004/7903/7903
f 1984/7904/7904 1983/7905/7905 2030/7906/7906 2031/7907/7907
f 1971/7908/7908 1970/7909/7909 2017/7910/7910 2018/7911/7911
f 1947/7912/7912 1948/7913/7913 1899/7914/7914 1898/7915/7915
f 1958/7916/7916 1957/7917/7917 2004/7918/7918 2005/7919/7919
f 1985/7920/7920 1984/7921/7921 2031/7922/7922 2032/7923/7923
f 1972/7924/7924 1971/7925/7925 2018/7926/7926 2019/7927/7927
f 1992/7928/7928 1993/7929/7929 1943/7930/7930 1942/7931/7931
f 1959/7932/7932 1958/7933/7933 2005/7934/7934 2006/7935/7935
f 1986/7936/7936 1985/7937/7937 2032/7938/7938 2033/7939/7939
f 1973/7940/7940 1972/7941/7941 2019/7942/7942 2020/7943/7943
f 1948/7944/7944 1949/7945/7945 1900/7946/7946 1899/7947/7947
f 1960/7948/7948 1959/7949/7949 2006/7950/7950 2007/7951/7951
f 1987/7952/7952 1986/7953/7953 2033/7954/7954 2034/7955/7955
f 1974/7956/7956 1973/7957/7957 2020/7958/7958 2021/7959/7959
f 1961/7960/7960 1960/7961/7961 2007/7962/7962 2008/7963/7963
f 1988/7964/7964 1987/7965/7965 2034/7966/7966 2035/7967/7967
f 1975/7968/7968 1974/7969/7969 2021/7970/7970 2022/7971/7971
f 1962/7972/7972 1961/7973/7973 2008/7974/7974 2009/7975/7975
f 1989/7976/7976 1988/7977/7977 2035/7978/7978 2036/7979/7979
f 1976/7980/7980 1975/7981/7981 2022/7982/7982 2023/7983/7983
f 1963/7984/7984 1962/7985/7985 2009/7986/7986 2010/7987/7987
f 1993/7988/7988 3174/7989/7989 1943/7990/7990
f 1977/7991/7991 1976/7992/7992 2023/7993/7993 2024/7994/7994
f 1964/7995/7995 1963/7996/7996 2010/7997/7997 2011/7998/7998
f 1949/7999/7999 1950/8000/8000 1901/8001/8001 1900/8002/8002
f 1978/8003/8003 1977/8004/8004 2024/8005/8005 2025/8006/8006
f 1965/8007/8007 1964/8008/8008 2011/8009/8009 2012/8010/8010
f 1950/8011/8011 1951/8012/8012 1902/8013/8013 1901/8014/8014
f 1979/8015/8015 1978/8016/8016 2025/8017/8017 2026/8018/8018
f 1966/8019/8019 1965/8020/8020 2012/8021/8021 2013/8022/8022
f 2704/8023/8023 1944/8024/8024 1895/8025/8025
f 1953/8026/8026 1/8027/8027 2000/8028/8028
f 1980/8029/8029 1979/8030/8030 2026/8031/8031 2027/8032/8032
f 2024/8033/8033 2023/8034/8034 2070/8035/8035 2071/8036/8036
f 2011/8037/8037 2010/8038/8038 2057/8039/8039 2058/8040/8040
f 1951/8041/8041 1952/8042/8042 1903/8043/8043 1902/8044/8044
f 2025/8045/8045 2024/8046/8046 2071/8047/8047 2072/8048/8048
f 2012/8049/8049 2011/8050/8050 2058/8051/8051 2059/8052/8052
f 1944/8053/8053 1945/8054/8054 1896/8055/8055 1895/8056/8056
f 2026/8057/8057 2025/8058/8058 2072/8059/8059 2073/8060/8060
f 2013/8061/8061 2012/8062/8062 2059/8063/8063 2060/8064/8064
f 1952/8065/8065 1990/8066/8066 1904/8067/8067 1903/8068/8068
f 2000/8069/8069 1/8070/8070 2047/8071/8071
f 2027/8072/8072 2026/8073/8073 2073/8074/8074 2074/8075/8075
f 2014/8076/8076 2013/8077/8077 2060/8078/8078 2061/8079/8079
f 1945/8080/8080 1946/8081/8081 1897/8082/8082 1896/8083/8083
f 2001/8084/8084 2000/8085/8085 2047/8086/8086 2048/8087/8087
f 2028/8088/8088 2027/8089/8089 2074/8090/8090 2075/8091/8091
f 2015/8092/8092 2014/8093/8093 2061/8094/8094 2062/8095/8095
f 1990/8096/8096 1991/8097/8097 1905/8098/8098 1904/8099/8099
f 2002/8100/8100 2001/8101/8101 2048/8102/8102 2049/8103/8103
f 2029/8104/8104 2028/8105/8105 2075/8106/8106 2076/8107/8107
f 2016/8108/8108 2015/8109/8109 2062/8110/8110 2063/8111/8111
f 1946/8112/8112 1947/8113/8113 1898/8114/8114 1897/8115/8115
f 2003/8116/8116 2002/8117/8117 2049/8118/8118 2050/8119/8119
f 2030/8120/8120 2029/8121/8121 2076/8122/8122 2077/8123/8123
f 2017/8124/8124 2016/8125/8125 2063/8126/8126 2064/8127/8127
f 1991/8128/8128 1992/8129/8129 1942/8130/8130 1905/8131/8131
f 2004/8132/8132 2003/8133/8133 2050/8134/8134 2051/8135/8135
f 2031/8136/8136 2030/8137/8137 2077/8138/8138 2078/8139/8139
f 2018/8140/8140 2017/8141/8141 2064/8142/8142 2065/8143/8143
f 2043/8144/8144 2044/8145/8145 1993/8146/8146 1992/8147/8147
f 2005/8148/8148 2004/8149/8149 2051/8150/8150 2052/8151/8151
f 2032/8152/8152 2031/8153/8153 2078/8154/8154 2079/8155/8155
f 2019/8156/8156 2018/8157/8157 2065/8158/8158 2066/8159/8159
f 1998/8160/8160 1999/8161/8161 1949/8162/8162 1948/8163/8163
f 2006/8164/8164 2005/8165/8165 2052/8166/8166 2053/8167/8167
f 2033/8168/8168 2032/8169/8169 2079/8170/8170 2080/8171/8171
f 2020/8172/8172 2019/8173/8173 2066/8174/8174 2067/8175/8175
f 2044/8176/8176 3174/8177/8177 1993/8178/8178
f 2007/8179/8179 2006/8180/8180 2053/8181/8181 2054/8182/8182
f 2034/8183/8183 2033/8184/8184 2080/8185/8185 2081/8186/8186
f 2021/8187/8187 2020/8188/8188 2067/8189/8189 2068/8190/8190
f 2008/8191/8191 2007/8192/8192 2054/8193/8193 2055/8194/8194
f 2035/8195/8195 2034/8196/8196 2081/8197/8197 2082/8198/8198
f 2022/8199/8199 2021/8200/8200 2068/8201/8201 2069/8202/8202
f 2009/8203/8203 2008/8204/8204 2055/8205/8205 2056/8206/8206
f 2036/8207/8207 2035/8208/8208 2082/8209/8209 2083/8210/8210
f 2023/8211/8211 2022/8212/8212 2069/8213/8213 2070/8214/8214
f 2010/8215/8215 2009/8216/8216 2056/8217/8217 2057/8218/8218
f 2037/8219/8219 2036/8220/8220 2083/8221/8221 2084/8222/8222
f 2068/8223/8223 2067/8224/8224 2114/8225/8225 2115/8226/8226
f 2055/8227/8227 2054/8228/8228 2101/8229/8229 2102/8230/8230
f 2082/8231/8231 2081/8232/8232 2128/8233/8233 2129/8234/8234
f 2069/8235/8235 2068/8236/8236 2115/8237/8237 2116/8238/8238
f 2056/8239/8239 2055/8240/8240 2102/8241/8241 2103/8242/8242
f 2083/8243/8243 2082/8244/8244 2129/8245/8245 2130/8246/8246
f 2070/8247/8247 2069/8248/8248 2116/8249/8249 2117/8250/8250
f 2057/8251/8251 2056/8252/8252 2103/8253/8253 2104/8254/8254
f 2084/8255/8255 2083/8256/8256 2130/8257/8257 2131/8258/8258
f 2071/8259/8259 2070/8260/8260 2117/8261/8261 2118/8262/8262
f 2058/8263/8263 2057/8264/8264 2104/8265/8265 2105/8266/8266
f 1999/8267/8267 2038/8268/8268 1950/8269/8269 1949/8270/8270
f 2072/8271/8271 2071/8272/8272 2118/8273/8273 2119/8274/8274
f 2059/8275/8275 2058/8276/8276 2105/8277/8277 2106/8278/8278
f 2038/8279/8279 2039/8280/8280 1951/8281/8281 1950/8282/8282
f 2073/8283/8283 2072/8284/8284 2119/8285/8285 2120/8286/8286
f 2060/8287/8287 2059/8288/8288 2106/8289/8289 2107/8290/8290
f 2704/8291/8291 1994/8292/8292 1944/8293/8293
f 2047/8294/8294 1/8295/8295 2094/8296/8296
f 2074/8297/8297 2073/8298/8298 2120/8299/8299 2121/8300/8300
f 2061/8301/8301 2060/8302/8302 2107/8303/8303 2108/8304/8304
f 2039/8305/8305 2040/8306/8306 1952/8307/8307 1951/8308/8308
f 2048/8309/8309 2047/8310/8310 2094/8311/8311 2095/8312/8312
f 2075/8313/8313 2074/8314/8314 2121/8315/8315 2122/8316/8316
f 2062/8317/8317 2061/8318/8318 2108/8319/8319 2109/8320/8320
f 1994/8321/8321 1995/8322/8322 1945/8323/8323 1944/8324/8324
f 2049/8325/8325 2048/8326/8326 2095/8327/8327 2096/8328/8328
f 2076/8329/8329 2075/8330/8330 2122/8331/8331 2123/8332/8332
f 2063/8333/8333 2062/8334/8334 2109/8335/8335 2110/8336/8336
f 2040/8337/8337 2041/8338/8338 1990/8339/8339 1952/8340/8340
f 2050/8341/8341 2049/8342/8342 2096/8343/8343 2097/8344/8344
f 2077/8345/8345 2076/8346/8346 2123/8347/8347 2124/8348/8348
f 2064/8349/8349 2063/8350/8350 2110/8351/8351 2111/8352/8352
f 1995/8353/8353 1996/8354/8354 1946/8355/8355 1945/8356/8356
f 2051/8357/8357 2050/8358/8358 2097/8359/8359 2098/8360/8360
f 2078/8361/8361 2077/8362/8362 2124/8363/8363 2125/8364/8364
f 2065/8365/8365 2064/8366/8366 2111/8367/8367 2112/8368/8368
f 2041/8369/8369 2042/8370/8370 1991/8371/8371 1990/8372/8372
f 2052/8373/8373 2051/8374/8374 2098/8375/8375 2099/8376/8376
f 2079/8377/8377 2078/8378/8378 2125/8379/8379 2126/8380/8380
f 2066/8381/8381 2065/8382/8382 2112/8383/8383 2113/8384/8384
f 1996/8385/8385 1997/8386/8386 1947/8387/8387 1946/8388/8388
f 2053/8389/8389 2052/8390/8390 2099/8391/8391 2100/8392/8392
f 2080/8393/8393 2079/8394/8394 2126/8395/8395 2127/8396/8396
f 2067/8397/8397 2066/8398/8398 2113/8399/8399 2114/8400/8400
f 2042/8401/8401 2043/8402/8402 1992/8403/8403 1991/8404/8404
f 2054/8405/8405 2053/8406/8406 2100/8407/8407 2101/8408/8408
f 2081/8409/8409 2080/8410/8410 2127/8411/8411 2128/8412/8412
f 2125/8413/8413 2124/8414/8414 2171/8415/8415 2172/8416/8416
f 2112/8417/8417 2111/8418/8418 2158/8419/8419 2159/8420/8420
f 1997/8421/8421 1998/8422/8422 1948/8423/8423 1947/8424/8424
f 2099/8425/8425 2098/8426/8426 2145/8427/8427 2146/8428/8428
f 2126/8429/8429 2125/8430/8430 2172/8431/8431 2173/8432/8432
f 2113/8433/8433 2112/8434/8434 2159/8435/8435 2160/8436/8436
f 2087/8437/8437 2088/8438/8438 1999/8439/8439 1998/8440/8440
f 2100/8441/8441 2099/8442/8442 2146/8443/8443 2147/8444/8444
f 2127/8445/8445 2126/8446/8446 2173/8447/8447 2174/8448/8448
f 2114/8449/8449 2113/8450/8450 2160/8451/8451 2161/8452/8452
f 2134/8453/8453 3174/8454/8454 2044/8455/8455
f 2101/8456/8456 2100/8457/8457 2147/8458/8458 2148/8459/8459
f 2128/8460/8460 2127/8461/8461 2174/8462/8462 2175/8463/8463
f 2115/8464/8464 2114/8465/8465 2161/8466/8466 2162/8467/8467
f 2102/8468/8468 2101/8469/8469 2148/8470/8470 2149/8471/8471
f 2129/8472/8472 2128/8473/8473 2175/8474/8474 2176/8475/8475
f 2116/8476/8476 2115/8477/8477 2162/8478/8478 2163/8479/8479
f 2103/8480/8480 2102/8481/8481 2149/8482/8482 2150/8483/8483
f 2130/8484/8484 2129/8485/8485 2176/8486/8486 2177/8487/8487
f 2117/8488/8488 2116/8489/8489 2163/8490/8490 2164/8491/8491
f 2104/8492/8492 2103/8493/8493 2150/8494/8494 2151/8495/8495
f 2131/8496/8496 2130/8497/8497 2177/8498/8498 2178/8499/8499
f 2118/8500/8500 2117/8501/8501 2164/8502/8502 2165/8503/8503
f 2105/8504/8504 2104/8505/8505 2151/8506/8506 2152/8507/8507
f 2132/8508/8508 2131/8509/8509 2178/8510/8510 2179/8511/8511
f 2119/8512/8512 2118/8513/8513 2165/8514/8514 2166/8515/8515
f 2106/8516/8516 2105/8517/8517 2152/8518/8518 2153/8519/8519
f 2088/8520/8520 2089/8521/8521 2038/8522/8522 1999/8523/8523
f 2120/8524/8524 2119/8525/8525 2166/8526/8526 2167/8527/8527
f 2107/8528/8528 2106/8529/8529 2153/8530/8530 2154/8531/8531
f 2089/8532/8532 2090/8533/8533 2039/8534/8534 2038/8535/8535
f 2094/8536/8536 1/8537/8537 2141/8538/8538
f 2121/8539/8539 2120/8540/8540 2167/8541/8541 2168/8542/8542
f 2108/8543/8543 2107/8544/8544 2154/8545/8545 2155/8546/8546
f 2704/8547/8547 2045/8548/8548 1994/8549/8549
f 2095/8550/8550 2094/8551/8551 2141/8552/8552 2142/8553/8553
f 2122/8554/8554 2121/8555/8555 2168/8556/8556 2169/8557/8557
f 2109/8558/8558 2108/8559/8559 2155/8560/8560 2156/8561/8561
f 2090/8562/8562 2091/8563/8563 2040/8564/8564 2039/8565/8565
f 2096/8566/8566 2095/8567/8567 2142/8568/8568 2143/8569/8569
f 2123/8570/8570 2122/8571/8571 2169/8572/8572 2170/8573/8573
f 2110/8574/8574 2109/8575/8575 2156/8576/8576 2157/8577/8577
f 2045/8578/8578 2046/8579/8579 1995/8580/8580 1994/8581/8581
f 2097/8582/8582 2096/8583/8583 2143/8584/8584 2144/8585/8585
f 2124/8586/8586 2123/8587/8587 2170/8588/8588 2171/8589/8589
f 2111/8590/8590 2110/8591/8591 2157/8592/8592 2158/8593/8593
f 2091/8594/8594 2092/8595/8595 2041/8596/8596 2040/8597/8597
f 2098/8598/8598 2097/8599/8599 2144/8600/8600 2145/8601/8601
f 2159/8602/8602 2158/8603/8603 2205/8604/8604 2206/8605/8605
f 2142/8606/8606 2141/8607/8607 2188/8608/8608 2189/8609/8609
f 2046/8610/8610 2085/8611/8611 1996/8612/8612 1995/8613/8613
f 2173/8614/8614 2172/8615/8615 2219/8616/8616 2220/8617/8617
f 2156/8618/8618 2155/8619/8619 2202/8620/8620 2203/8621/8621
f 2160/8622/8622 2159/8623/8623 2206/8624/8624 2207/8625/8625
f 2143/8626/8626 2142/8627/8627 2189/8628/8628 2190/8629/8629
f 2092/8630/8630 2093/8631/8631 2042/8632/8632 2041/8633/8633
f 2174/8634/8634 2173/8635/8635 2220/8636/8636 2221/8637/8637
f 2161/8638/8638 2160/8639/8639 2207/8640/8640 2208/8641/8641
f 2144/8642/8642 2143/8643/8643 2190/8644/8644 2191/8645/8645
f 2085/8646/8646 2086/8647/8647 1997/8648/8648 1996/8649/8649
f 2175/8650/8650 2174/8651/8651 2221/8652/8652 2222/8653/8653
f 2162/8654/8654 2161/8655/8655 2208/8656/8656 2209/8657/8657
f 2145/8658/8658 2144/8659/8659 2191/8660/8660 2192/8661/8661
f 2176/8662/8662 2175/8663/8663 2222/8664/8664 2223/8665/8665
f 2163/8666/8666 2162/8667/8667 2209/8668/8668 2210/8669/8669
f 2146/8670/8670 2145/8671/8671 2192/8672/8672 2193/8673/8673
f 2177/8674/8674 2176/8675/8675 2223/8676/8676 2224/8677/8677
f 2164/8678/8678 2163/8679/8679 2210/8680/8680 2211/8681/8681
f 2147/8682/8682 2146/8683/8683 2193/8684/8684 2194/8685/8685
f 2178/8686/8686 2177/8687/8687 2224/8688/8688 2225/8689/8689
f 2148/8690/8690 2147/8691/8691 2194/8692/8692 2195/8693/8693
f 2165/8694/8694 2164/8695/8695 2211/8696/8696 2212/8697/8697
f 2179/8698/8698 2178/8699/8699 2225/8700/8700 2226/8701/8701
f 2166/8702/8702 2165/8703/8703 2212/8704/8704 2213/8705/8705
f 2149/8706/8706 2148/8707/8707 2195/8708/8708 2196/8709/8709
f 2093/8710/8710 2133/8711/8711 2043/8712/8712 2042/8713/8713
f 2167/8714/8714 2166/8715/8715 2213/8716/8716 2214/8717/8717
f 2150/8718/8718 2149/8719/8719 2196/8720/8720 2197/8721/8721
f 2086/8722/8722 2087/8723/8723 1998/8724/8724 1997/8725/8725
f 2168/8726/8726 2167/8727/8727 2214/8728/8728 2215/8729/8729
f 2151/8730/8730 2150/8731/8731 2197/8732/8732 2198/8733/8733
f 2133/8734/8734 2134/8735/8735 2044/8736/8736 2043/8737/8737
f 2169/8738/8738 2168/8739/8739 2215/8740/8740 2216/8741/8741
f 2152/8742/8742 2151/8743/8743 2198/8744/8744 2199/8745/8745
f 2186/8746/8746 3174/8747/8747 2134/8748/8748
f 2170/8749/8749 2169/8750/8750 2216/8751/8751 2217/8752/8752
f 2153/8753/8753 2152/8754/8754 2199/8755/8755 2200/8756/8756
f 2157/8757/8757 2156/8758/8758 2203/8759/8759 2204/8760/8760
f 2140/8761/8761 2180/8762/8762 2089/8763/8763 2088/8764/8764
f 2171/8765/8765 2170/8766/8766 2217/8767/8767 2218/8768/8768
f 2154/8769/8769 2153/8770/8770 2200/8771/8771 2201/8772/8772
f 2141/8773/8773 1/8774/8774 2188/8775/8775
f 2158/8776/8776 2157/8777/8777 2204/8778/8778 2205/8779/8779
f 2180/8780/8780 2181/8781/8781 2090/8782/8782 2089/8783/8783
f 2172/8784/8784 2171/8785/8785 2218/8786/8786 2219/8787/8787
f 2155/8788/8788 2154/8789/8789 2201/8790/8790 2202/8791/8791
f 2203/8792/8792 2202/8793/8793 2249/8794/8794 2250/8795/8795
f 2704/8796/8796 2135/8797/8797 2045/8798/8798
f 2190/8799/8799 2189/8800/8800 2236/8801/8801 2237/8802/8802
f 2217/8803/8803 2216/8804/8804 2263/8805/8805 2264/8806/8806
f 2204/8807/8807 2203/8808/8808 2250/8809/8809 2251/8810/8810
f 2181/8811/8811 2182/8812/8812 2091/8813/8813 2090/8814/8814
f 2191/8815/8815 2190/8816/8816 2237/8817/8817 2238/8818/8818
f 2218/8819/8819 2217/8820/8820 2264/8821/8821 2265/8822/8822
f 2205/8823/8823 2204/8824/8824 2251/8825/8825 2252/8826/8826
f 2135/8827/8827 2136/8828/8828 2046/8829/8829 2045/8830/8830
f 2192/8831/8831 2191/8832/8832 2238/8833/8833 2239/8834/8834
f 2219/8835/8835 2218/8836/8836 2265/8837/8837 2266/8838/8838
f 2206/8839/8839 2205/8840/8840 2252/8841/8841 2253/8842/8842
f 2182/8843/8843 2183/8844/8844 2092/8845/8845 2091/8846/8846
f 2193/8847/8847 2192/8848/8848 2239/8849/8849 2240/8850/8850
f 2220/8851/8851 2219/8852/8852 2266/8853/8853 2267/8854/8854
f 2207/8855/8855 2206/8856/8856 2253/8857/8857 2254/8858/8858
f 2136/8859/8859 2137/8860/8860 2085/8861/8861 2046/8862/8862
f 2194/8863/8863 2193/8864/8864 2240/8865/8865 2241/8866/8866
f 2221/8867/8867 2220/8868/8868 2267/8869/8869 2268/8870/8870
f 2208/8871/8871 2207/8872/8872 2254/8873/8873 2255/8874/8874
f 2183/8875/8875 2184/8876/8876 2093/8877/8877 2092/8878/8878
f 2195/8879/8879 2194/8880/8880 2241/8881/8881 2242/8882/8882
f 2222/8883/8883 2221/8884/8884 2268/8885/8885 2269/8886/8886
f 2209/8887/8887 2208/8888/8888 2255/8889/8889 2256/8890/8890
f 2196/8891/8891 2195/8892/8892 2242/8893/8893 2243/8894/8894
f 2223/8895/8895 2222/8896/8896 2269/8897/8897 2270/8898/8898
f 2210/8899/8899 2209/8900/8900 2256/8901/8901 2257/8902/8902
f 2197/8903/8903 2196/8904/8904 2243/8905/8905 2244/8906/8906
f 2224/8907/8907 2223/8908/8908 2270/8909/8909 2271/8910/8910
f 2211/8911/8911 2210/8912/8912 2257/8913/8913 2258/8914/8914
f 2198/8915/8915 2197/8916/8916 2244/8917/8917 2245/8918/8918
f 2225/8919/8919 2224/8920/8920 2271/8921/8921 2272/8922/8922
f 2212/8923/8923 2211/8924/8924 2258/8925/8925 2259/8926/8926
f 2199/8927/8927 2198/8928/8928 2245/8929/8929 2246/8930/8930
f 2226/8931/8931 2225/8932/8932 2272/8933/8933 2273/8934/8934
f 2213/8935/8935 2212/8936/8936 2259/8937/8937 2260/8938/8938
f 2200/8939/8939 2199/8940/8940 2246/8941/8941 2247/8942/8942
f 2137/8943/8943 2138/8944/8944 2086/8945/8945 2085/8946/8946
f 2214/8947/8947 2213/8948/8948 2260/8949/8949 2261/8950/8950
f 2201/8951/8951 2200/8952/8952 2247/8953/8953 2248/8954/8954
f 2184/8955/8955 2185/8956/8956 2133/8957/8957 2093/8958/8958
f 2188/8959/8959 1/8960/8960 2235/8961/8961
f 2215/8962/8962 2214/8963/8963 2261/8964/8964 2262/8965/8965
f 2202/8966/8966 2201/8967/8967 2248/8968/8968 2249/8969/8969
f 2138/8970/8970 2139/8971/8971 2087/8972/8972 2086/8973/8973
f 2189/8974/8974 2188/8975/8975 2235/8976/8976 2236/8977/8977
f 2216/8978/8978 2215/8979/8979 2262/8980/8980 2263/8981/8981
f 2260/8982/8982 2259/8983/8983 2306/8984/8984 2307/8985/8985
f 2247/8986/8986 2246/8987/8987 2293/8988/8988 2294/8989/8989
f 2185/8990/8990 2186/8991/8991 2134/8992/8992 2133/8993/8993
f 2261/8994/8994 2260/8995/8995 2307/8996/8996 2308/8997/8997
f 2248/8998/8998 2247/8999/8999 2294/9000/9000 2295/9001/9001
f 2139/9002/9002 2140/9003/9003 2088/9004/9004 2087/9005/9005
f 2235/9006/9006 1/9007/9007 2282/9008/9008
f 2262/9009/9009 2261/9010/9010 2308/9011/9011 2309/9012/9012
f 2249/9013/9013 2248/9014/9014 2295/9015/9015 2296/9016/9016
f 2232/9017/9017 2233/9018/9018 2181/9019/9019 2180/9020/9020
f 2236/9021/9021 2235/9022/9022 2282/9023/9023 2283/9024/9024
f 2263/9025/9025 2262/9026/9026 2309/9027/9027 2310/9028/9028
f 2250/9029/9029 2249/9030/9030 2296/9031/9031 2297/9032/9032
f 2704/9033/9033 2187/9034/9034 2135/9035/9035
f 2237/9036/9036 2236/9037/9037 2283/9038/9038 2284/9039/9039
f 2264/9040/9040 2263/9041/9041 2310/9042/9042 2311/9043/9043
f 2251/9044/9044 2250/9045/9045 2297/9046/9046 2298/9047/9047
f 2233/9048/9048 2234/9049/9049 2182/9050/9050 2181/9051/9051
f 2238/9052/9052 2237/9053/9053 2284/9054/9054 2285/9055/9055
f 2265/9056/9056 2264/9057/9057 2311/9058/9058 2312/9059/9059
f 2252/9060/9060 2251/9061/9061 2298/9062/9062 2299/9063/9063
f 2187/9064/9064 2227/9065/9065 2136/9066/9066 2135/9067/9067
f 2239/9068/9068 2238/9069/9069 2285/9070/9070 2286/9071/9071
f 2266/9072/9072 2265/9073/9073 2312/9074/9074 2313/9075/9075
f 2253/9076/9076 2252/9077/9077 2299/9078/9078 2300/9079/9079
f 2234/9080/9080 2274/9081/9081 2183/9082/9082 2182/9083/9083
f 2240/9084/9084 2239/9085/9085 2286/9086/9086 2287/9087/9087
f 2267/9088/9088 2266/9089/9089 2313/9090/9090 2314/9091/9091
f 2254/9092/9092 2253/9093/9093 2300/9094/9094 2301/9095/9095
f 2227/9096/9096 2228/9097/9097 2137/9098/9098 2136/9099/9099
f 2241/9100/9100 2240/9101/9101 2287/9102/9102 2288/9103/9103
f 2268/9104/9104 2267/9105/9105 2314/9106/9106 2315/9107/9107
f 2255/9108/9108 2254/9109/9109 2301/9110/9110 2302/9111/9111
f 2274/9112/9112 2275/9113/9113 2184/9114/9114 2183/9115/9115
f 2242/9116/9116 2241/9117/9117 2288/9118/9118 2289/9119/9119
f 2269/9120/9120 2268/9121/9121 2315/9122/9122 2316/9123/9123
f 2256/9124/9124 2255/9125/9125 2302/9126/9126 2303/9127/9127
f 2243/9128/9128 2242/9129/9129 2289/9130/9130 2290/9131/9131
f 2270/9132/9132 2269/9133/9133 2316/9134/9134 2317/9135/9135
f 2257/9136/9136 2256/9137/9137 2303/9138/9138 2304/9139/9139
f 2244/9140/9140 2243/9141/9141 2290/9142/9142 2291/9143/9143
f 2271/9144/9144 2270/9145/9145 2317/9146/9146 2318/9147/9147
f 2258/9148/9148 2257/9149/9149 2304/9150/9150 2305/9151/9151
f 2245/9152/9152 2244/9153/9153 2291/9154/9154 2292/9155/9155
f 2272/9156/9156 2271/9157/9157 2318/9158/9158 2319/9159/9159
f 2259/9160/9160 2258/9161/9161 2305/9162/9162 2306/9163/9163
f 2246/9164/9164 2245/9165/9165 2292/9166/9166 2293/9167/9167
f 2273/9168/9168 2272/9169/9169 2319/9170/9170 2320/9171/9171
f 2304/9172/9172 2303/9173/9173 2350/9174/9174 2351/9175/9175
f 2291/9176/9176 2290/9177/9177 2337/9178/9178 2338/9179/9179
f 2318/9180/9180 2317/9181/9181 2364/9182/9182 2365/9183/9183
f 2305/9184/9184 2304/9185/9185 2351/9186/9186 2352/9187/9187
f 2292/9188/9188 2291/9189/9189 2338/9190/9190 2339/9191/9191
f 2319/9192/9192 2318/9193/9193 2365/9194/9194 2366/9195/9195
f 2306/9196/9196 2305/9197/9197 2352/9198/9198 2353/9199/9199
f 2293/9200/9200 2292/9201/9201 2339/9202/9202 2340/9203/9203
f 2320/9204/9204 2319/9205/9205 2366/9206/9206 2367/9207/9207
f 2307/9208/9208 2306/9209/9209 2353/9210/9210 2354/9211/9211
f 2294/9212/9212 2293/9213/9213 2340/9214/9214 2341/9215/9215
f 2228/9216/9216 2229/9217/9217 2138/9218/9218 2137/9219/9219
f 2308/9220/9220 2307/9221/9221 2354/9222/9222 2355/9223/9223
f 2295/9224/9224 2294/9225/9225 2341/9226/9226 2342/9227/9227
f 2275/9228/9228 2276/9229/9229 2185/9230/9230 2184/9231/9231
f 2282/9232/9232 1/9233/9233 2329/9234/9234
f 2309/9235/9235 2308/9236/9236 2355/9237/9237 2356/9238/9238
f 2296/9239/9239 2295/9240/9240 2342/9241/9241 2343/9242/9242
f 2229/9243/9243 2230/9244/9244 2139/9245/9245 2138/9246/9246
f 2283/9247/9247 2282/9248/9248 2329/9249/9249 2330/9250/9250
f 2310/9251/9251 2309/9252/9252 2356/9253/9253 2357/9254/9254
f 2297/9255/9255 2296/9256/9256 2343/9257/9257 2344/9258/9258
f 2276/9259/9259 2277/9260/9260 2186/9261/9261 2185/9262/9262
f 2284/9263/9263 2283/9264/9264 2330/9265/9265 2331/9266/9266
f 2311/9267/9267 2310/9268/9268 2357/9269/9269 2358/9270/9270
f 2298/9271/9271 2297/9272/9272 2344/9273/9273 2345/9274/9274
f 2230/9275/9275 2231/9276/9276 2140/9277/9277 2139/9278/9278
f 2285/9279/9279 2284/9280/9280 2331/9281/9281 2332/9282/9282
f 2312/9283/9283 2311/9284/9284 2358/9285/9285 2359/9286/9286
f 2299/9287/9287 2298/9288/9288 2345/9289/9289 2346/9290/9290
f 2277/9291/9291 3174/9292/9292 2186/9293/9293
f 2286/9294/9294 2285/9295/9295 2332/9296/9296 2333/9297/9297
f 2313/9298/9298 2312/9299/9299 2359/9300/9300 2360/9301/9301
f 2300/9302/9302 2299/9303/9303 2346/9304/9304 2347/9305/9305
f 2231/9306/9306 2232/9307/9307 2180/9308/9308 2140/9309/9309
f 2287/9310/9310 2286/9311/9311 2333/9312/9312 2334/9313/9313
f 2314/9314/9314 2313/9315/9315 2360/9316/9316 2361/9317/9317
f 2301/9318/9318 2300/9319/9319 2347/9320/9320 2348/9321/9321
f 2323/9322/9322 2324/9323/9323 2233/9324/9324 2232/9325/9325
f 2288/9326/9326 2287/9327/9327 2334/9328/9328 2335/9329/9329
f 2315/9330/9330 2314/9331/9331 2361/9332/9332 2362/9333/9333
f 2302/9334/9334 2301/9335/9335 2348/9336/9336 2349/9337/9337
f 2704/9338/9338 2278/9339/9339 2187/9340/9340
f 2289/9341/9341 2288/9342/9342 2335/9343/9343 2336/9344/9344
f 2316/9345/9345 2315/9346/9346 2362/9347/9347 2363/9348/9348
f 2303/9349/9349 2302/9350/9350 2349/9351/9351 2350/9352/9352
f 2290/9353/9353 2289/9354/9354 2336/9355/9355 2337/9356/9356
f 2317/9357/9357 2316/9358/9358 2363/9359/9359 2364/9360/9360
f 2361/9361/9361 2360/9362/9362 2407/9363/9363 2408/9364/9364
f 2348/9365/9365 2347/9366/9366 2394/9367/9367 2395/9368/9368
f 2324/9369/9369 2325/9370/9370 2234/9371/9371 2233/9372/9372
f 2335/9373/9373 2334/9374/9374 2381/9375/9375 2382/9376/9376
f 2362/9377/9377 2361/9378/9378 2408/9379/9379 2409/9380/9380
f 2349/9381/9381 2348/9382/9382 2395/9383/9383 2396/9384/9384
f 2278/9385/9385 2279/9386/9386 2227/9387/9387 2187/9388/9388
f 2336/9389/9389 2335/9390/9390 2382/9391/9391 2383/9392/9392
f 2363/9393/9393 2362/9394/9394 2409/9395/9395 2410/9396/9396
f 2350/9397/9397 2349/9398/9398 2396/9399/9399 2397/9400/9400
f 2337/9401/9401 2336/9402/9402 2383/9403/9403 2384/9404/9404
f 2364/9405/9405 2363/9406/9406 2410/9407/9407 2411/9408/9408
f 2351/9409/9409 2350/9410/9410 2397/9411/9411 2398/9412/9412
f 2338/9413/9413 2337/9414/9414 2384/9415/9415 2385/9416/9416
f 2365/9417/9417 2364/9418/9418 2411/9419/9419 2412/9420/9420
f 2352/9421/9421 2351/9422/9422 2398/9423/9423 2399/9424/9424
f 2339/9425/9425 2338/9426/9426 2385/9427/9427 2386/9428/9428
f 2366/9429/9429 2365/9430/9430 2412/9431/9431 2413/9432/9432
f 2353/9433/9433 2352/9434/9434 2399/9435/9435 2400/9436/9436
f 2340/9437/9437 2339/9438/9438 2386/9439/9439 2387/9440/9440
f 2367/9441/9441 2366/9442/9442 2413/9443/9443 2414/9444/9444
f 2354/9445/9445 2353/9446/9446 2400/9447/9447 2401/9448/9448
f 2341/9449/9449 2340/9450/9450 2387/9451/9451 2388/9452/9452
f 2325/9453/9453 2326/9454/9454 2274/9455/9455 2234/9456/9456
f 2355/9457/9457 2354/9458/9458 2401/9459/9459 2402/9460/9460
f 2342/9461/9461 2341/9462/9462 2388/9463/9463 2389/9464/9464
f 2279/9465/9465 2280/9466/9466 2228/9467/9467 2227/9468/9468
f 2329/9469/9469 1/9470/9470 2376/9471/9471
f 2356/9472/9472 2355/9473/9473 2402/9474/9474 2403/9475/9475
f 2343/9476/9476 2342/9477/9477 2389/9478/9478 2390/9479/9479
f 2326/9480/9480 2327/9481/9481 2275/9482/9482 2274/9483/9483
f 2330/9484/9484 2329/9485/9485 2376/9486/9486 2377/9487/9487
f 2357/9488/9488 2356/9489/9489 2403/9490/9490 2404/9491/9491
f 2344/9492/9492 2343/9493/9493 2390/9494/9494 2391/9495/9495
f 2280/9496/9496 2281/9497/9497 2229/9498/9498 2228/9499/9499
f 2331/9500/9500 2330/9501/9501 2377/9502/9502 2378/9503/9503
f 2358/9504/9504 2357/9505/9505 2404/9506/9506 2405/9507/9507
f 2345/9508/9508 2344/9509/9509 2391/9510/9510 2392/9511/9511
f 2327/9512/9512 2328/9513/9513 2276/9514/9514 2275/9515/9515
f 2332/9516/9516 2331/9517/9517 2378/9518/9518 2379/9519/9519
f 2359/9520/9520 2358/9521/9521 2405/9522/9522 2406/9523/9523
f 2346/9524/9524 2345/9525/9525 2392/9526/9526 2393/9527/9527
f 2281/9528/9528 2321/9529/9529 2230/9530/9530 2229/9531/9531
f 2333/9532/9532 2332/9533/9533 2379/9534/9534 2380/9535/9535
f 2360/9536/9536 2359/9537/9537 2406/9538/9538 2407/9539/9539
f 2347/9540/9540 2346/9541/9541 2393/9542/9542 2394/9543/9543
f 2328/9544/9544 2368/9545/9545 2277/9546/9546 2276/9547/9547
f 2334/9548/9548 2333/9549/9549 2380/9550/9550 2381/9551/9551
f 2378/9552/9552 2377/9553/9553 2424/9554/9554 2425/9555/9555
f 2405/9556/9556 2404/9557/9557 2451/9558/9558 2452/9559/9559
f 2392/9560/9560 2391/9561/9561 2438/9562/9562 2439/9563/9563
f 2321/9564/9564 2322/9565/9565 2231/9566/9566 2230/9567/9567
f 2379/9568/9568 2378/9569/9569 2425/9570/9570 2426/9571/9571
f 2406/9572/9572 2405/9573/9573 2452/9574/9574 2453/9575/9575
f 2393/9576/9576 2392/9577/9577 2439/9578/9578 2440/9579/9579
f 2368/9580/9580 3174/9581/9581 2277/9582/9582
f 2380/9583/9583 2379/9584/9584 2426/9585/9585 2427/9586/9586
f 2407/9587/9587 2406/9588/9588 2453/9589/9589 2454/9590/9590
f 2394/9591/9591 2393/9592/9592 2440/9593/9593 2441/9594/9594
f 2322/9595/9595 2323/9596/9596 2232/9597/9597 2231/9598/9598
f 2381/9599/9599 2380/9600/9600 2427/9601/9601 2428/9602/9602
f 2408/9603/9603 2407/9604/9604 2454/9605/9605 2455/9606/9606
f 2395/9607/9607 2394/9608/9608 2441/9609/9609 2442/9610/9610
f 2704/9611/9611 2369/9612/9612 2278/9613/9613
f 2382/9614/9614 2381/9615/9615 2428/9616/9616 2429/9617/9617
f 2409/9618/9618 2408/9619/9619 2455/9620/9620 2456/9621/9621
f 2396/9622/9622 2395/9623/9623 2442/9624/9624 2443/9625/9625
f 2417/9626/9626 2418/9627/9627 2325/9628/9628 2324/9629/9629
f 2383/9630/9630 2382/9631/9631 2429/9632/9632 2430/9633/9633
f 2410/9634/9634 2409/9635/9635 2456/9636/9636 2457/9637/9637
f 2397/9638/9638 2396/9639/9639 2443/9640/9640 2444/9641/9641
f 2384/9642/9642 2383/9643/9643 2430/9644/9644 2431/9645/9645
f 2411/9646/9646 2410/9647/9647 2457/9648/9648 2458/9649/9649
f 2398/9650/9650 2397/9651/9651 2444/9652/9652 2445/9653/9653
f 2385/9654/9654 2384/9655/9655 2431/9656/9656 2432/9657/9657
f 2412/9658/9658 2411/9659/9659 2458/9660/9660 2459/9661/9661
f 2399/9662/9662 2398/9663/9663 2445/9664/9664 2446/9665/9665
f 2386/9666/9666 2385/9667/9667 2432/9668/9668 2433/9669/9669
f 2413/9670/9670 2412/9671/9671 2459/9672/9672 2460/9673/9673
f 2400/9674/9674 2399/9675/9675 2446/9676/9676 2447/9677/9677
f 2387/9678/9678 2386/9679/9679 2433/9680/9680 2434/9681/9681
f 2414/9682/9682 2413/9683/9683 2460/9684/9684 2461/9685/9685
f 2401/9686/9686 2400/9687/9687 2447/9688/9688 2448/9689/9689
f 2388/9690/9690 2387/9691/9691 2434/9692/9692 2435/9693/9693
f 2415/9694/9694 2414/9695/9695 2461/9696/9696 2462/9697/9697
f 2402/9698/9698 2401/9699/9699 2448/9700/9700 2449/9701/9701
f 2389/9702/9702 2388/9703/9703 2435/9704/9704 2436/9705/9705
f 2416/9706/9706 2415/9707/9707 2462/9708/9708 2463/9709/9709
f 2376/9710/9710 1/9711/9711 2423/9712/9712
f 2403/9713/9713 2402/9714/9714 2449/9715/9715 2450/9716/9716
f 2390/9717/9717 2389/9718/9718 2436/9719/9719 2437/9720/9720
f 2369/9721/9721 2370/9722/9722 2279/9723/9723 2278/9724/9724
f 2377/9725/9725 2376/9726/9726 2423/9727/9727 2424/9728/9728
f 2404/9729/9729 2403/9730/9730 2450/9731/9731 2451/9732/9732
f 2391/9733/9733 2390/9734/9734 2437/9735/9735 2438/9736/9736
f 2418/9737/9737 2419/9738/9738 2326/9739/9739 2325/9740/9740
f 2462/9741/9741 2461/9742/9742 2508/9743/9743 2509/9744/9744
f 2449/9745/9745 2448/9746/9746 2495/9747/9747 2496/9748/9748
f 2436/9749/9749 2435/9750/9750 2482/9751/9751 2483/9752/9752
f 2463/9753/9753 2462/9754/9754 2509/9755/9755 2510/9756/9756
f 2423/9757/9757 1/9758/9758 2470/9759/9759
f 2450/9760/9760 2449/9761/9761 2496/9762/9762 2497/9763/9763
f 2437/9764/9764 2436/9765/9765 2483/9766/9766 2484/9767/9767
f 2464/9768/9768 2463/9769/9769 2510/9770/9770 2511/9771/9771
f 2424/9772/9772 2423/9773/9773 2470/9774/9774 2471/9775/9775
f 2451/9776/9776 2450/9777/9777 2497/9778/9778 2498/9779/9779
f 2438/9780/9780 2437/9781/9781 2484/9782/9782 2485/9783/9783
f 2465/9784/9784 2464/9785/9785 2511/9786/9786 2512/9787/9787
f 2425/9788/9788 2424/9789/9789 2471/9790/9790 2472/9791/9791
f 2452/9792/9792 2451/9793/9793 2498/9794/9794 2499/9795/9795
f 2439/9796/9796 2438/9797/9797 2485/9798/9798 2486/9799/9799
f 2370/9800/9800 2371/9801/9801 2280/9802/9802 2279/9803/9803
f 2426/9804/9804 2425/9805/9805 2472/9806/9806 2473/9807/9807
f 2453/9808/9808 2452/9809/9809 2499/9810/9810 2500/9811/9811
f 2440/9812/9812 2439/9813/9813 2486/9814/9814 2487/9815/9815
f 2419/9816/9816 2420/9817/9817 2327/9818/9818 2326/9819/9819
f 2427/9820/9820 2426/9821/9821 2473/9822/9822 2474/9823/9823
f 2454/9824/9824 2453/9825/9825 2500/9826/9826 2501/9827/9827
f 2441/9828/9828 2440/9829/9829 2487/9830/9830 2488/9831/9831
f 2371/9832/9832 2372/9833/9833 2281/9834/9834 2280/9835/9835
f 2428/9836/9836 2427/9837/9837 2474/9838/9838 2475/9839/9839
f 2455/9840/9840 2454/9841/9841 2501/9842/9842 2502/9843/9843
f 2442/9844/9844 2441/9845/9845 2488/9846/9846 2489/9847/9847
f 2420/9848/9848 2421/9849/9849 2328/9850/9850 2327/9851/9851
f 2429/9852/9852 2428/9853/9853 2475/9854/9854 2476/9855/9855
f 2456/9856/9856 2455/9857/9857 2502/9858/9858 2503/9859/9859
f 2443/9860/9860 2442/9861/9861 2489/9862/9862 2490/9863/9863
f 2372/9864/9864 2373/9865/9865 2321/9866/9866 2281/9867/9867
f 2430/9868/9868 2429/9869/9869 2476/9870/9870 2477/9871/9871
f 2457/9872/9872 2456/9873/9873 2503/9874/9874 2504/9875/9875
f 2444/9876/9876 2443/9877/9877 2490/9878/9878 2491/9879/9879
f 2431/9880/9880 2430/9881/9881 2477/9882/9882 2478/9883/9883
f 2458/9884/9884 2457/9885/9885 2504/9886/9886 2505/9887/9887
f 2445/9888/9888 2444/9889/9889 2491/9890/9890 2492/9891/9891
f 2432/9892/9892 2431/9893/9893 2478/9894/9894 2479/9895/9895
f 2459/9896/9896 2458/9897/9897 2505/9898/9898 2506/9899/9899
f 2446/9900/9900 2445/9901/9901 2492/9902/9902 2493/9903/9903
f 2433/9904/9904 2432/9905/9905 2479/9906/9906 2480/9907/9907
f 2460/9908/9908 2459/9909/9909 2506/9910/9910 2507/9911/9911
f 2447/9912/9912 2446/9913/9913 2493/9914/9914 2494/9915/9915
f 2434/9916/9916 2433/9917/9917 2480/9918/9918 2481/9919/9919
f 2461/9920/9920 2460/9921/9921 2507/9922/9922 2508/9923/9923
f 2448/9924/9924 2447/9925/9925 2494/9926/9926 2495/9927/9927
f 2435/9928/9928 2434/9929/9929 2481/9930/9930 2482/9931/9931
f 2479/9932/9932 2478/9933/9933 2525/9934/9934 2526/9935/9935
f 2506/9936/9936 2505/9937/9937 2552/9938/9938 2553/9939/9939
f 2493/9940/9940 2492/9941/9941 2539/9942/9942 2540/9943/9943
f 2480/9944/9944 2479/9945/9945 2526/9946/9946 2527/9947/9947
f 2507/9948/9948 2506/9949/9949 2553/9950/9950 2554/9951/9951
f 2494/9952/9952 2493/9953/9953 2540/9954/9954 2541/9955/9955
f 2481/9956/9956 2480/9957/9957 2527/9958/9958 2528/9959/9959
f 2508/9960/9960 2507/9961/9961 2554/9962/9962 2555/9963/9963
f 2495/9964/9964 2494/9965/9965 2541/9966/9966 2542/9967/9967
f 2482/9968/9968 2481/9969/9969 2528/9970/9970 2529/9971/9971
f 2509/9972/9972 2508/9973/9973 2555/9974/9974 2556/9975/9975
f 2496/9976/9976 2495/9977/9977 2542/9978/9978 2543/9979/9979
f 2483/9980/9980 2482/9981/9981 2529/9982/9982 2530/9983/9983
f 2510/9984/9984 2509/9985/9985 2556/9986/9986 2557/9987/9987
f 2470/9988/9988 1/9989/9989 2517/9990/9990
f 2497/9991/9991 2496/9992/9992 2543/9993/9993 2544/9994/9994
f 2484/9995/9995 2483/9996/9996 2530/9997/9997 2531/9998/9998
f 2511/9999/9999 2510/10000/10000 2557/10001/10001 2558/10002/10002
f 2471/10003/10003 2470/10004/10004 2517/10005/10005 2518/10006/10006
f 2498/10007/10007 2497/10008/10008 2544/10009/10009 2545/10010/10010
f 2485/10011/10011 2484/10012/10012 2531/10013/10013 2532/10014/10014
f 2512/10015/10015 2511/10016/10016 2558/10017/10017 2559/10018/10018
f 2472/10019/10019 2471/10020/10020 2518/10021/10021 2519/10022/10022
f 2499/10023/10023 2498/10024/10024 2545/10025/10025 2546/10026/10026
f 2486/10027/10027 2485/10028/10028 2532/10029/10029 2533/10030/10030
f 2513/10031/10031 2512/10032/10032 2559/10033/10033 2560/10034/10034
f 2473/10035/10035 2472/10036/10036 2519/10037/10037 2520/10038/10038
f 2500/10039/10039 2499/10040/10040 2546/10041/10041 2547/10042/10042
f 2487/10043/10043 2486/10044/10044 2533/10045/10045 2534/10046/10046
f 2421/10047/10047 2422/10048/10048 2368/10049/10049 2328/10050/10050
f 2474/10051/10051 2473/10052/10052 2520/10053/10053 2521/10054/10054
f 2501/10055/10055 2500/10056/10056 2547/10057/10057 2548/10058/10058
f 2488/10059/10059 2487/10060/10060 2534/10061/10061 2535/10062/10062
f 2373/10063/10063 2374/10064/10064 2322/10065/10065 2321/10066/10066
f 2475/10067/10067 2474/10068/10068 2521/10069/10069 2522/10070/10070
f 2502/10071/10071 2501/10072/10072 2548/10073/10073 2549/10074/10074
f 2489/10075/10075 2488/10076/10076 2535/10077/10077 2536/10078/10078
f 2422/10079/10079 3174/10080/10080 2368/10081/10081
f 2476/10082/10082 2475/10083/10083 2522/10084/10084 2523/10085/10085
f 2503/10086/10086 2502/10087/10087 2549/10088/10088 2550/10089/10089
f 2490/10090/10090 2489/10091/10091 2536/10092/10092 2537/10093/10093
f 2374/10094/10094 2375/10095/10095 2323/10096/10096 2322/10097/10097
f 2477/10098/10098 2476/10099/10099 2523/10100/10100 2524/10101/10101
f 2504/10102/10102 2503/10103/10103 2550/10104/10104 2551/10105/10105
f 2491/10106/10106 2490/10107/10107 2537/10108/10108 2538/10109/10109
f 2478/10110/10110 2477/10111/10111 2524/10112/10112 2525/10113/10113
f 2505/10114/10114 2504/10115/10115 2551/10116/10116 2552/10117/10117
f 2492/10118/10118 2491/10119/10119 2538/10120/10120 2539/10121/10121
f 2375/10122/10122 2417/10123/10123 2324/10124/10124 2323/10125/10125
f 2523/10126/10126 2522/10127/10127 2569/10128/10128 2570/10129/10129
f 2550/10130/10130 2549/10131/10131 2596/10132/10132 2597/10133/10133
f 2537/10134/10134 2536/10135/10135 2583/10136/10136 2584/10137/10137
f 2562/10138/10138 2563/10139/10139 2418/10140/10140 2417/10141/10141
f 2524/10142/10142 2523/10143/10143 2570/10144/10144 2571/10145/10145
f 2551/10146/10146 2550/10147/10147 2597/10148/10148 2598/10149/10149
f 2538/10150/10150 2537/10151/10151 2584/10152/10152 2585/10153/10153
f 2525/10154/10154 2524/10155/10155 2571/10156/10156 2572/10157/10157
f 2552/10158/10158 2551/10159/10159 2598/10160/10160 2599/10161/10161
f 2539/10162/10162 2538/10163/10163 2585/10164/10164 2586/10165/10165
f 2526/10166/10166 2525/10167/10167 2572/10168/10168 2573/10169/10169
f 2553/10170/10170 2552/10171/10171 2599/10172/10172 2600/10173/10173
f 2540/10174/10174 2539/10175/10175 2586/10176/10176 2587/10177/10177
f 2527/10178/10178 2526/10179/10179 2573/10180/10180 2574/10181/10181
f 2554/10182/10182 2553/10183/10183 2600/10184/10184 2601/10185/10185
f 2541/10186/10186 2540/10187/10187 2587/10188/10188 2588/10189/10189
f 2528/10190/10190 2527/10191/10191 2574/10192/10192 2575/10193/10193
f 2555/10194/10194 2554/10195/10195 2601/10196/10196 2602/10197/10197
f 2542/10198/10198 2541/10199/10199 2588/10200/10200 2589/10201/10201
f 2529/10202/10202 2528/10203/10203 2575/10204/10204 2576/10205/10205
f 2556/10206/10206 2555/10207/10207 2602/10208/10208 2603/10209/10209
f 2543/10210/10210 2542/10211/10211 2589/10212/10212 2590/10213/10213
f 2530/10214/10214 2529/10215/10215 2576/10216/10216 2577/10217/10217
f 2557/10218/10218 2556/10219/10219 2603/10220/10220 2604/10221/10221
f 2517/10222/10222 1/10223/10223 2564/10224/10224
f 2544/10225/10225 2543/10226/10226 2590/10227/10227 2591/10228/10228
f 2531/10229/10229 2530/10230/10230 2577/10231/10231 2578/10232/10232
f 2558/10233/10233 2557/10234/10234 2604/10235/10235 2605/10236/10236
f 2518/10237/10237 2517/10238/10238 2564/10239/10239 2565/10240/10240
f 2545/10241/10241 2544/10242/10242 2591/10243/10243 2592/10244/10244
f 2532/10245/10245 2531/10246/10246 2578/10247/10247 2579/10248/10248
f 2559/10249/10249 2558/10250/10250 2605/10251/10251 2606/10252/10252
f 2519/10253/10253 2518/10254/10254 2565/10255/10255 2566/10256/10256
f 2546/10257/10257 2545/10258/10258 2592/10259/10259 2593/10260/10260
f 2533/10261/10261 2532/10262/10262 2579/10263/10263 2580/10264/10264
f 2560/10265/10265 2559/10266/10266 2606/10267/10267 2607/10268/10268
f 2520/10269/10269 2519/10270/10270 2566/10271/10271 2567/10272/10272
f 2547/10273/10273 2546/10274/10274 2593/10275/10275 2594/10276/10276
f 2534/10277/10277 2533/10278/10278 2580/10279/10279 2581/10280/10280
f 2561/10281/10281 2560/10282/10282 2607/10283/10283 2608/10284/10284
f 2521/10285/10285 2520/10286/10286 2567/10287/10287 2568/10288/10288
f 2548/10289/10289 2547/10290/10290 2594/10291/10291 2595/10292/10292
f 2535/10293/10293 2534/10294/10294 2581/10295/10295 2582/10296/10296
f 2466/10297/10297 2467/10298/10298 2370/10299/10299 2369/10300/10300
f 2522/10301/10301 2521/10302/10302 2568/10303/10303 2569/10304/10304
f 2549/10305/10305 2548/10306/10306 2595/10307/10307 2596/10308/10308
f 2536/10309/10309 2535/10310/10310 2582/10311/10311 2583/10312/10312
f 2580/10313/10313 2579/10314/10314 2626/10315/10315 2627/10316/10316
f 2607/10317/10317 2606/10318/10318 2653/10319/10319 2654/10320/10320
f 2567/10321/10321 2566/10322/10322 2613/10323/10323 2614/10324/10324
f 2594/10325/10325 2593/10326/10326 2640/10327/10327 2641/10328/10328
f 2581/10329/10329 2580/10330/10330 2627/10331/10331 2628/10332/10332
f 2608/10333/10333 2607/10334/10334 2654/10335/10335 2655/10336/10336
f 2568/10337/10337 2567/10338/10338 2614/10339/10339 2615/10340/10340
f 2595/10341/10341 2594/10342/10342 2641/10343/10343 2642/10344/10344
f 2582/10345/10345 2581/10346/10346 2628/10347/10347 2629/10348/10348
f 2563/10349/10349 2609/10350/10350 2419/10351/10351 2418/10352/10352
f 2569/10353/10353 2568/10354/10354 2615/10355/10355 2616/10356/10356
f 2596/10357/10357 2595/10358/10358 2642/10359/10359 2643/10360/10360
f 2583/10361/10361 2582/10362/10362 2629/10363/10363 2630/10364/10364
f 2467/10365/10365 2468/10366/10366 2371/10367/10367 2370/10368/10368
f 2570/10369/10369 2569/10370/10370 2616/10371/10371 2617/10372/10372
f 2597/10373/10373 2596/10374/10374 2643/10375/10375 2644/10376/10376
f 2584/10377/10377 2583/10378/10378 2630/10379/10379 2631/10380/10380
f 2609/10381/10381 2610/10382/10382 2420/10383/10383 2419/10384/10384
f 2571/10385/10385 2570/10386/10386 2617/10387/10387 2618/10388/10388
f 2598/10389/10389 2597/10390/10390 2644/10391/10391 2645/10392/10392
f 2585/10393/10393 2584/10394/10394 2631/10395/10395 2632/10396/10396
f 2572/10397/10397 2571/10398/10398 2618/10399/10399 2619/10400/10400
f 2599/10401/10401 2598/10402/10402 2645/10403/10403 2646/10404/10404
f 2586/10405/10405 2585/10406/10406 2632/10407/10407 2633/10408/10408
f 2573/10409/10409 2572/10410/10410 2619/10411/10411 2620/10412/10412
f 2600/10413/10413 2599/10414/10414 2646/10415/10415 2647/10416/10416
f 2587/10417/10417 2586/10418/10418 2633/10419/10419 2634/10420/10420
f 2574/10421/10421 2573/10422/10422 2620/10423/10423 2621/10424/10424
f 2601/10425/10425 2600/10426/10426 2647/10427/10427 2648/10428/10428
f 2588/10429/10429 2587/10430/10430 2634/10431/10431 2635/10432/10432
f 2575/10433/10433 2574/10434/10434 2621/10435/10435 2622/10436/10436
f 2602/10437/10437 2601/10438/10438 2648/10439/10439 2649/10440/10440
f 2589/10441/10441 2588/10442/10442 2635/10443/10443 2636/10444/10444
f 2576/10445/10445 2575/10446/10446 2622/10447/10447 2623/10448/10448
f 2603/10449/10449 2602/10450/10450 2649/10451/10451 2650/10452/10452
f 2590/10453/10453 2589/10454/10454 2636/10455/10455 2637/10456/10456
f 2577/10457/10457 2576/10458/10458 2623/10459/10459 2624/10460/10460
f 2604/10461/10461 2603/10462/10462 2650/10463/10463 2651/10464/10464
f 2564/10465/10465 1/10466/10466 2611/10467/10467
f 2591/10468/10468 2590/10469/10469 2637/10470/10470 2638/10471/10471
f 2578/10472/10472 2577/10473/10473 2624/10474/10474 2625/10475/10475
f 2605/10476/10476 2604/10477/10477 2651/10478/10478 2652/10479/10479
f 2565/10480/10480 2564/10481/10481 2611/10482/10482 2612/10483/10483
f 2592/10484/10484 2591/10485/10485 2638/10486/10486 2639/10487/10487
f 2579/10488/10488 2578/10489/10489 2625/10490/10490 2626/10491/10491
f 2606/10492/10492 2605/10493/10493 2652/10494/10494 2653/10495/10495
f 2566/10496/10496 2565/10497/10497 2612/10498/10498 2613/10499/10499
f 2593/10500/10500 2592/10501/10501 2639/10502/10502 2640/10503/10503
f 2624/10504/10504 2623/10505/10505 2670/10506/10506 2671/10507/10507
f 2651/10508/10508 2650/10509/10509 2697/10510/10510 2698/10511/10511
f 2611/10512/10512 1/10513/10513 2658/10514/10514
f 2638/10515/10515 2637/10516/10516 2684/10517/10517 2685/10518/10518
f 2625/10519/10519 2624/10520/10520 2671/10521/10521 2672/10522/10522
f 2652/10523/10523 2651/10524/10524 2698/10525/10525 2699/10526/10526
f 2612/10527/10527 2611/10528/10528 2658/10529/10529 2659/10530/10530
f 2639/10531/10531 2638/10532/10532 2685/10533/10533 2686/10534/10534
f 2626/10535/10535 2625/10536/10536 2672/10537/10537 2673/10538/10538
f 2653/10539/10539 2652/10540/10540 2699/10541/10541 2700/10542/10542
f 2613/10543/10543 2612/10544/10544 2659/10545/10545 2660/10546/10546
f 2640/10547/10547 2639/10548/10548 2686/10549/10549 2687/10550/10550
f 2627/10551/10551 2626/10552/10552 2673/10553/10553 2674/10554/10554
f 2654/10555/10555 2653/10556/10556 2700/10557/10557 2701/10558/10558
f 2614/10559/10559 2613/10560/10560 2660/10561/10561 2661/10562/10562
f 2641/10563/10563 2640/10564/10564 2687/10565/10565 2688/10566/10566
f 2628/10567/10567 2627/10568/10568 2674/10569/10569 2675/10570/10570
f 2655/10571/10571 2654/10572/10572 2701/10573/10573 2702/10574/10574
f 2615/10575/10575 2614/10576/10576 2661/10577/10577 2662/10578/10578
f 2642/10579/10579 2641/10580/10580 2688/10581/10581 2689/10582/10582
f 2629/10583/10583 2628/10584/10584 2675/10585/10585 2676/10586/10586
f 2468/10587/10587 2469/10588/10588 2372/10589/10589 2371/10590/10590
f 2616/10591/10591 2615/10592/10592 2662/10593/10593 2663/10594/10594
f 2643/10595/10595 2642/10596/10596 2689/10597/10597 2690/10598/10598
f 2630/10599/10599 2629/10600/10600 2676/10601/10601 2677/10602/10602
f 2610/10603/10603 2656/10604/10604 2421/10605/10605 2420/10606/10606
f 2617/10607/10607 2616/10608/10608 2663/10609/10609 2664/10610/10610
f 2644/10611/10611 2643/10612/10612 2690/10613/10613 2691/10614/10614
f 2631/10615/10615 2630/10616/10616 2677/10617/10617 2678/10618/10618
f 2469/10619/10619 2514/10620/10620 2373/10621/10621 2372/10622/10622
f 2618/10623/10623 2617/10624/10624 2664/10625/10625 2665/10626/10626
f 2645/10627/10627 2644/10628/10628 2691/10629/10629 2692/10630/10630
f 2632/10631/10631 2631/10632/10632 2678/10633/10633 2679/10634/10634
f 2619/10635/10635 2618/10636/10636 2665/10637/10637 2666/10638/10638
f 2646/10639/10639 2645/10640/10640 2692/10641/10641 2693/10642/10642
f 2633/10643/10643 2632/10644/10644 2679/10645/10645 2680/10646/10646
f 2620/10647/10647 2619/10648/10648 2666/10649/10649 2667/10650/10650
f 2647/10651/10651 2646/10652/10652 2693/10653/10653 2694/10654/10654
f 2634/10655/10655 2633/10656/10656 2680/10657/10657 2681/10658/10658
f 2621/10659/10659 2620/10660/10660 2667/10661/10661 2668/10662/10662
f 2648/10663/10663 2647/10664/10664 2694/10665/10665 2695/10666/10666
f 2635/10667/10667 2634/10668/10668 2681/10669/10669 2682/10670/10670
f 2622/10671/10671 2621/10672/10672 2668/10673/10673 2669/10674/10674
f 2649/10675/10675 2648/10676/10676 2695/10677/10677 2696/10678/10678
f 2636/10679/10679 2635/10680/10680 2682/10681/10681 2683/10682/10682
f 2623/10683/10683 2622/10684/10684 2669/10685/10685 2670/10686/10686
f 2650/10687/10687 2649/10688/10688 2696/10689/10689 2697/10690/10690
f 2637/10691/10691 2636/10692/10692 2683/10693/10693 2684/10694/10694
f 2681/10695/10695 2680/10696/10696 2727/10697/10697 2728/10698/10698
f 2668/10699/10699 2667/10700/10700 2714/10701/10701 2715/10702/10702
f 2695/10703/10703 2694/10704/10704 2741/10705/10705 2742/10706/10706
f 2682/10707/10707 2681/10708/10708 2728/10709/10709 2729/10710/10710
f 2669/10711/10711 2668/10712/10712 2715/10713/10713 2716/10714/10714
f 2696/10715/10715 2695/10716/10716 2742/10717/10717 2743/10718/10718
f 2683/10719/10719 2682/10720/10720 2729/10721/10721 2730/10722/10722
f 2670/10723/10723 2669/10724/10724 2716/10725/10725 2717/10726/10726
f 2697/10727/10727 2696/10728/10728 2743/10729/10729 2744/10730/10730
f 2684/10731/10731 2683/10732/10732 2730/10733/10733 2731/10734/10734
f 2671/10735/10735 2670/10736/10736 2717/10737/10737 2718/10738/10738
f 2698/10739/10739 2697/10740/10740 2744/10741/10741 2745/10742/10742
f 2658/10743/10743 1/10744/10744 2705/10745/10745
f 2685/10746/10746 2684/10747/10747 2731/10748/10748 2732/10749/10749
f 2672/10750/10750 2671/10751/10751 2718/10752/10752 2719/10753/10753
f 2699/10754/10754 2698/10755/10755 2745/10756/10756 2746/10757/10757
f 2659/10758/10758 2658/10759/10759 2705/10760/10760 2706/10761/10761
f 2686/10762/10762 2685/10763/10763 2732/10764/10764 2733/10765/10765
f 2673/10766/10766 2672/10767/10767 2719/10768/10768 2720/10769/10769
f 2700/10770/10770 2699/10771/10771 2746/10772/10772 2747/10773/10773
f 2660/10774/10774 2659/10775/10775 2706/10776/10776 2707/10777/10777
f 2687/10778/10778 2686/10779/10779 2733/10780/10780 2734/10781/10781
f 2674/10782/10782 2673/10783/10783 2720/10784/10784 2721/10785/10785
f 2701/10786/10786 2700/10787/10787 2747/10788/10788 2748/10789/10789
f 2661/10790/10790 2660/10791/10791 2707/10792/10792 2708/10793/10793
f 2688/10794/10794 2687/10795/10795 2734/10796/10796 2735/10797/10797
f 2675/10798/10798 2674/10799/10799 2721/10800/10800 2722/10801/10801
f 2702/10802/10802 2701/10803/10803 2748/10804/10804 2749/10805/10805
f 2662/10806/10806 2661/10807/10807 2708/10808/10808 2709/10809/10809
f 2689/10810/10810 2688/10811/10811 2735/10812/10812 2736/10813/10813
f 2676/10814/10814 2675/10815/10815 2722/10816/10816 2723/10817/10817
f 2703/10818/10818 2702/10819/10819 2749/10820/10820 2750/10821/10821
f 2663/10822/10822 2662/10823/10823 2709/10824/10824 2710/10825/10825
f 2690/10826/10826 2689/10827/10827 2736/10828/10828 2737/10829/10829
f 2677/10830/10830 2676/10831/10831 2723/10832/10832 2724/10833/10833
f 2656/10834/10834 2657/10835/10835 2422/10836/10836 2421/10837/10837
f 2664/10838/10838 2663/10839/10839 2710/10840/10840 2711/10841/10841
f 2691/10842/10842 2690/10843/10843 2737/10844/10844 2738/10845/10845
f 2678/10846/10846 2677/10847/10847 2724/10848/10848 2725/10849/10849
f 2514/10850/10850 2515/10851/10851 2374/10852/10852 2373/10853/10853
f 2665/10854/10854 2664/10855/10855 2711/10856/10856 2712/10857/10857
f 2692/10858/10858 2691/10859/10859 2738/10860/10860 2739/10861/10861
f 2679/10862/10862 2678/10863/10863 2725/10864/10864 2726/10865/10865
f 2666/10866/10866 2665/10867/10867 2712/10868/10868 2713/10869/10869
f 2693/10870/10870 2692/10871/10871 2739/10872/10872 2740/10873/10873
f 2680/10874/10874 2679/10875/10875 2726/10876/10876 2727/10877/10877
f 2667/10878/10878 2666/10879/10879 2713/10880/10880 2714/10881/10881
f 2694/10882/10882 2693/10883/10883 2740/10884/10884 2741/10885/10885
f 2725/10886/10886 2724/10887/10887 2771/10888/10888 2772/10889/10889
f 2657/10890/10890 3174/10891/10891 2422/10892/10892
f 2712/10893/10893 2711/10894/10894 2758/10895/10895 2759/10896/10896
f 2739/10897/10897 2738/10898/10898 2785/10899/10899 2786/10900/10900
f 2726/10901/10901 2725/10902/10902 2772/10903/10903 2773/10904/10904
f 2713/10905/10905 2712/10906/10906 2759/10907/10907 2760/10908/10908
f 2740/10909/10909 2739/10910/10910 2786/10911/10911 2787/10912/10912
f 2727/10913/10913 2726/10914/10914 2773/10915/10915 2774/10916/10916
f 2714/10917/10917 2713/10918/10918 2760/10919/10919 2761/10920/10920
f 2741/10921/10921 2740/10922/10922 2787/10923/10923 2788/10924/10924
f 2728/10925/10925 2727/10926/10926 2774/10927/10927 2775/10928/10928
f 2715/10929/10929 2714/10930/10930 2761/10931/10931 2762/10932/10932
f 2742/10933/10933 2741/10934/10934 2788/10935/10935 2789/10936/10936
f 2729/10937/10937 2728/10938/10938 2775/10939/10939 2776/10940/10940
f 2716/10941/10941 2715/10942/10942 2762/10943/10943 2763/10944/10944
f 2743/10945/10945 2742/10946/10946 2789/10947/10947 2790/10948/10948
f 2730/10949/10949 2729/10950/10950 2776/10951/10951 2777/10952/10952
f 2717/10953/10953 2716/10954/10954 2763/10955/10955 2764/10956/10956
f 2744/10957/10957 2743/10958/10958 2790/10959/10959 2791/10960/10960
f 2731/10961/10961 2730/10962/10962 2777/10963/10963 2778/10964/10964
f 2718/10965/10965 2717/10966/10966 2764/10967/10967 2765/10968/10968
f 2745/10969/10969 2744/10970/10970 2791/10971/10971 2792/10972/10972
f 2705/10973/10973 1/10974/10974 2752/10975/10975
f 2732/10976/10976 2731/10977/10977 2778/10978/10978 2779/10979/10979
f 2719/10980/10980 2718/10981/10981 2765/10982/10982 2766/10983/10983
f 2746/10984/10984 2745/10985/10985 2792/10986/10986 2793/10987/10987
f 2706/10988/10988 2705/10989/10989 2752/10990/10990 2753/10991/10991
f 2733/10992/10992 2732/10993/10993 2779/10994/10994 2780/10995/10995
f 2720/10996/10996 2719/10997/10997 2766/10998/10998 2767/10999/10999
f 2747/11000/11000 2746/11001/11001 2793/11002/11002 2794/11003/11003
f 2707/11004/11004 2706/11005/11005 2753/11006/11006 2754/11007/11007
f 2734/11008/11008 2733/11009/11009 2780/11010/11010 2781/11011/11011
f 2721/11012/11012 2720/11013/11013 2767/11014/11014 2768/11015/11015
f 2748/11016/11016 2747/11017/11017 2794/11018/11018 2795/11019/11019
f 2708/11020/11020 2707/11021/11021 2754/11022/11022 2755/11023/11023
f 2735/11024/11024 2734/11025/11025 2781/11026/11026 2782/11027/11027
f 2722/11028/11028 2721/11029/11029 2768/11030/11030 2769/11031/11031
f 2749/11032/11032 2748/11033/11033 2795/11034/11034 2796/11035/11035
f 2709/11036/11036 2708/11037/11037 2755/11038/11038 2756/11039/11039
f 2736/11040/11040 2735/11041/11041 2782/11042/11042 2783/11043/11043
f 2723/11044/11044 2722/11045/11045 2769/11046/11046 2770/11047/11047
f 2750/11048/11048 2749/11049/11049 2796/11050/11050 2797/11051/11051
f 2710/11052/11052 2709/11053/11053 2756/11054/11054 2757/11055/11055
f 2737/11056/11056 2736/11057/11057 2783/11058/11058 2784/11059/11059
f 2724/11060/11060 2723/11061/11061 2770/11062/11062 2771/11063/11063
f 2515/11064/11064 2516/11065/11065 2375/11066/11066 2374/11067/11067
f 2711/11068/11068 2710/11069/11069 2757/11070/11070 2758/11071/11071
f 2738/11072/11072 2737/11073/11073 2784/11074/11074 2785/11075/11075
f 2782/11076/11076 2781/11077/11077 2828/11078/11078 2829/11079/11079
f 2769/11080/11080 2768/11081/11081 2815/11082/11082 2816/11083/11083
f 2796/11084/11084 2795/11085/11085 2842/11086/11086 2843/11087/11087
f 2756/11088/11088 2755/11089/11089 2802/11090/11090 2803/11091/11091
f 2783/11092/11092 2782/11093/11093 2829/11094/11094 2830/11095/11095
f 2770/11096/11096 2769/11097/11097 2816/11098/11098 2817/11099/11099
f 2797/11100/11100 2796/11101/11101 2843/11102/11102 2844/11103/11103
f 2757/11104/11104 2756/11105/11105 2803/11106/11106 2804/11107/11107
f 2784/11108/11108 2783/11109/11109 2830/11110/11110 2831/11111/11111
f 2771/11112/11112 2770/11113/11113 2817/11114/11114 2818/11115/11115
f 2516/11116/11116 2562/11117/11117 2417/11118/11118 2375/11119/11119
f 2758/11120/11120 2757/11121/11121 2804/11122/11122 2805/11123/11123
f 2785/11124/11124 2784/11125/11125 2831/11126/11126 2832/11127/11127
f 2772/11128/11128 2771/11129/11129 2818/11130/11130 2819/11131/11131
f 2704/11132/11132 2466/11133/11133 2369/11134/11134
f 2759/11135/11135 2758/11136/11136 2805/11137/11137 2806/11138/11138
f 2786/11139/11139 2785/11140/11140 2832/11141/11141 2833/11142/11142
f 2773/11143/11143 2772/11144/11144 2819/11145/11145 2820/11146/11146
f 2760/11147/11147 2759/11148/11148 2806/11149/11149 2807/11150/11150
f 2787/11151/11151 2786/11152/11152 2833/11153/11153 2834/11154/11154
f 2774/11155/11155 2773/11156/11156 2820/11157/11157 2821/11158/11158
f 2761/11159/11159 2760/11160/11160 2807/11161/11161 2808/11162/11162
f 2788/11163/11163 2787/11164/11164 2834/11165/11165 2835/11166/11166
f 2775/11167/11167 2774/11168/11168 2821/11169/11169 2822/11170/11170
f 2762/11171/11171 2761/11172/11172 2808/11173/11173 2809/11174/11174
f 2789/11175/11175 2788/11176/11176 2835/11177/11177 2836/11178/11178
f 2776/11179/11179 2775/11180/11180 2822/11181/11181 2823/11182/11182
f 2763/11183/11183 2762/11184/11184 2809/11185/11185 2810/11186/11186
f 2790/11187/11187 2789/11188/11188 2836/11189/11189 2837/11190/11190
f 2777/11191/11191 2776/11192/11192 2823/11193/11193 2824/11194/11194
f 2764/11195/11195 2763/11196/11196 2810/11197/11197 2811/11198/11198
f 2791/11199/11199 2790/11200/11200 2837/11201/11201 2838/11202/11202
f 2778/11203/11203 2777/11204/11204 2824/11205/11205 2825/11206/11206
f 2765/11207/11207 2764/11208/11208 2811/11209/11209 2812/11210/11210
f 2792/11211/11211 2791/11212/11212 2838/11213/11213 2839/11214/11214
f 2752/11215/11215 1/11216/11216 2799/11217/11217
f 2779/11218/11218 2778/11219/11219 2825/11220/11220 2826/11221/11221
f 2766/11222/11222 2765/11223/11223 2812/11224/11224 2813/11225/11225
f 2793/11226/11226 2792/11227/11227 2839/11228/11228 2840/11229/11229
f 2753/11230/11230 2752/11231/11231 2799/11232/11232 2800/11233/11233
f 2780/11234/11234 2779/11235/11235 2826/11236/11236 2827/11237/11237
f 2767/11238/11238 2766/11239/11239 2813/11240/11240 2814/11241/11241
f 2794/11242/11242 2793/11243/11243 2840/11244/11244 2841/11245/11245
f 2754/11246/11246 2753/11247/11247 2800/11248/11248 2801/11249/11249
f 2781/11250/11250 2780/11251/11251 2827/11252/11252 2828/11253/11253
f 2768/11254/11254 2767/11255/11255 2814/11256/11256 2815/11257/11257
f 2795/11258/11258 2794/11259/11259 2841/11260/11260 2842/11261/11261
f 2755/11262/11262 2754/11263/11263 2801/11264/11264 2802/11265/11265
f 2799/11266/11266 1/11267/11267 2846/11268/11268
f 2826/11269/11269 2825/11270/11270 2872/11271/11271 2873/11272/11272
f 2813/11273/11273 2812/11274/11274 2859/11275/11275 2860/11276/11276
f 2840/11277/11277 2839/11278/11278 2886/11279/11279 2887/11280/11280
f 2800/11281/11281 2799/11282/11282 2846/11283/11283 2847/11284/11284
f 2827/11285/11285 2826/11286/11286 2873/11287/11287 2874/11288/11288
f 2814/11289/11289 2813/11290/11290 2860/11291/11291 2861/11292/11292
f 2841/11293/11293 2840/11294/11294 2887/11295/11295 2888/11296/11296
f 2801/11297/11297 2800/11298/11298 2847/11299/11299 2848/11300/11300
f 2828/11301/11301 2827/11302/11302 2874/11303/11303 2875/11304/11304
f 2815/11305/11305 2814/11306/11306 2861/11307/11307 2862/11308/11308
f 2842/11309/11309 2841/11310/11310 2888/11311/11311 2889/11312/11312
f 2802/11313/11313 2801/11314/11314 2848/11315/11315 2849/11316/11316
f 2829/11317/11317 2828/11318/11318 2875/11319/11319 2876/11320/11320
f 2816/11321/11321 2815/11322/11322 2862/11323/11323 2863/11324/11324
f 2843/11325/11325 2842/11326/11326 2889/11327/11327 2890/11328/11328
f 2803/11329/11329 2802/11330/11330 2849/11331/11331 2850/11332/11332
f 2830/11333/11333 2829/11334/11334 2876/11335/11335 2877/11336/11336
f 2817/11337/11337 2816/11338/11338 2863/11339/11339 2864/11340/11340
f 2844/11341/11341 2843/11342/11342 2890/11343/11343 2891/11344/11344
f 2804/11345/11345 2803/11346/11346 2850/11347/11347 2851/11348/11348
f 2831/11349/11349 2830/11350/11350 2877/11351/11351 2878/11352/11352
f 2818/11353/11353 2817/11354/11354 2864/11355/11355 2865/11356/11356
f 3033/11357/11357 1333/11358/11358 2609/11359/11359 2563/11360/11360
f 2805/11361/11361 2804/11362/11362 2851/11363/11363 2852/11364/11364
f 2832/11365/11365 2831/11366/11366 2878/11367/11367 2879/11368/11368
f 2819/11369/11369 2818/11370/11370 2865/11371/11371 2866/11372/11372
f 1331/11373/11373 2798/11374/11374 2468/11375/11375 2467/11376/11376
f 2806/11377/11377 2805/11378/11378 2852/11379/11379 2853/11380/11380
f 2833/11381/11381 2832/11382/11382 2879/11383/11383 2880/11384/11384
f 2820/11385/11385 2819/11386/11386 2866/11387/11387 2867/11388/11388
f 2807/11389/11389 2806/11390/11390 2853/11391/11391 2854/11392/11392
f 2834/11393/11393 2833/11394/11394 2880/11395/11395 2881/11396/11396
f 2821/11397/11397 2820/11398/11398 2867/11399/11399 2868/11400/11400
f 2808/11401/11401 2807/11402/11402 2854/11403/11403 2855/11404/11404
f 2835/11405/11405 2834/11406/11406 2881/11407/11407 2882/11408/11408
f 2822/11409/11409 2821/11410/11410 2868/11411/11411 2869/11412/11412
f 2809/11413/11413 2808/11414/11414 2855/11415/11415 2856/11416/11416
f 2836/11417/11417 2835/11418/11418 2882/11419/11419 2883/11420/11420
f 2823/11421/11421 2822/11422/11422 2869/11423/11423 2870/11424/11424
f 2810/11425/11425 2809/11426/11426 2856/11427/11427 2857/11428/11428
f 2837/11429/11429 2836/11430/11430 2883/11431/11431 2884/11432/11432
f 2824/11433/11433 2823/11434/11434 2870/11435/11435 2871/11436/11436
f 2811/11437/11437 2810/11438/11438 2857/11439/11439 2858/11440/11440
f 2838/11441/11441 2837/11442/11442 2884/11443/11443 2885/11444/11444
f 2825/11445/11445 2824/11446/11446 2871/11447/11447 2872/11448/11448
f 2812/11449/11449 2811/11450/11450 2858/11451/11451 2859/11452/11452
f 2839/11453/11453 2838/11454/11454 2885/11455/11455 2886/11456/11456
f 2883/11457/11457 2882/11458/11458 2929/11459/11459 2930/11460/11460
f 2870/11461/11461 2869/11462/11462 2916/11463/11463 2917/11464/11464
f 2857/11465/11465 2856/11466/11466 2903/11467/11467 2904/11468/11468
f 2884/11469/11469 2883/11470/11470 2930/11471/11471 2931/11472/11472
f 2871/11473/11473 2870/11474/11474 2917/11475/11475 2918/11476/11476
f 2858/11477/11477 2857/11478/11478 2904/11479/11479 2905/11480/11480
f 2885/11481/11481 2884/11482/11482 2931/11483/11483 2932/11484/11484
f 2872/11485/11485 2871/11486/11486 2918/11487/11487 2919/11488/11488
f 2859/11489/11489 2858/11490/11490 2905/11491/11491 2906/11492/11492
f 2886/11493/11493 2885/11494/11494 2932/11495/11495 2933/11496/11496
f 2846/11497/11497 1/11498/11498 2893/11499/11499
f 2873/11500/11500 2872/11501/11501 2919/11502/11502 2920/11503/11503
f 2860/11504/11504 2859/11505/11505 2906/11506/11506 2907/11507/11507
f 2887/11508/11508 2886/11509/11509 2933/11510/11510 2934/11511/11511
f 2847/11512/11512 2846/11513/11513 2893/11514/11514 2894/11515/11515
f 2874/11516/11516 2873/11517/11517 2920/11518/11518 2921/11519/11519
f 2861/11520/11520 2860/11521/11521 2907/11522/11522 2908/11523/11523
f 2888/11524/11524 2887/11525/11525 2934/11526/11526 2935/11527/11527
f 2848/11528/11528 2847/11529/11529 2894/11530/11530 2895/11531/11531
f 2875/11532/11532 2874/11533/11533 2921/11534/11534 2922/11535/11535
f 2862/11536/11536 2861/11537/11537 2908/11538/11538 2909/11539/11539
f 2889/11540/11540 2888/11541/11541 2935/11542/11542 2936/11543/11543
f 2849/11544/11544 2848/11545/11545 2895/11546/11546 2896/11547/11547
f 2876/11548/11548 2875/11549/11549 2922/11550/11550 2923/11551/11551
f 2863/11552/11552 2862/11553/11553 2909/11554/11554 2910/11555/11555
f 2890/11556/11556 2889/11557/11557 2936/11558/11558 2937/11559/11559
f 2850/11560/11560 2849/11561/11561 2896/11562/11562 2897/11563/11563
f 2877/11564/11564 2876/11565/11565 2923/11566/11566 2924/11567/11567
f 2864/11568/11568 2863/11569/11569 2910/11570/11570 2911/11571/11571
f 2891/11572/11572 2890/11573/11573 2937/11574/11574 2938/11575/11575
f 2851/11576/11576 2850/11577/11577 2897/11578/11578 2898/11579/11579
f 2878/11580/11580 2877/11581/11581 2924/11582/11582 2925/11583/11583
f 2865/11584/11584 2864/11585/11585 2911/11586/11586 2912/11587/11587
f 1333/11588/11588 3080/11589/11589 2610/11590/11590 2609/11591/11591
f 2852/11592/11592 2851/11593/11593 2898/11594/11594 2899/11595/11595
f 2879/11596/11596 2878/11597/11597 2925/11598/11598 2926/11599/11599
f 2866/11600/11600 2865/11601/11601 2912/11602/11602 2913/11603/11603
f 2798/11604/11604 1332/11605/11605 2469/11606/11606 2468/11607/11607
f 2853/11608/11608 2852/11609/11609 2899/11610/11610 2900/11611/11611
f 2880/11612/11612 2879/11613/11613 2926/11614/11614 2927/11615/11615
f 2867/11616/11616 2866/11617/11617 2913/11618/11618 2914/11619/11619
f 2854/11620/11620 2853/11621/11621 2900/11622/11622 2901/11623/11623
f 2881/11624/11624 2880/11625/11625 2927/11626/11626 2928/11627/11627
f 2868/11628/11628 2867/11629/11629 2914/11630/11630 2915/11631/11631
f 2855/11632/11632 2854/11633/11633 2901/11634/11634 2902/11635/11635
f 2882/11636/11636 2881/11637/11637 2928/11638/11638 2929/11639/11639
f 2869/11640/11640 2868/11641/11641 2915/11642/11642 2916/11643/11643
f 2856/11644/11644 2855/11645/11645 2902/11646/11646 2903/11647/11647
f 2900/11648/11648 2899/11649/11649 2946/11650/11650 2947/11651/11651
f 2927/11652/11652 2926/11653/11653 2973/11654/11654 2974/11655/11655
f 2914/11656/11656 2913/11657/11657 2960/11658/11658 2961/11659/11659
f 2901/11660/11660 2900/11661/11661 2947/11662/11662 2948/11663/11663
f 2928/11664/11664 2927/11665/11665 2974/11666/11666 2975/11667/11667
f 2915/11668/11668 2914/11669/11669 2961/11670/11670 2962/11671/11671
f 2902/11672/11672 2901/11673/11673 2948/11674/11674 2949/11675/11675
f 2929/11676/11676 2928/11677/11677 2975/11678/11678 2976/11679/11679
f 2916/11680/11680 2915/11681/11681 2962/11682/11682 2963/11683/11683
f 2903/11684/11684 2902/11685/11685 2949/11686/11686 2950/11687/11687
f 2930/11688/11688 2929/11689/11689 2976/11690/11690 2977/11691/11691
f 2917/11692/11692 2916/11693/11693 2963/11694/11694 2964/11695/11695
f 2904/11696/11696 2903/11697/11697 2950/11698/11698 2951/11699/11699
f 2931/11700/11700 2930/11701/11701 2977/11702/11702 2978/11703/11703
f 2918/11704/11704 2917/11705/11705 2964/11706/11706 2965/11707/11707
f 2905/11708/11708 2904/11709/11709 2951/11710/11710 2952/11711/11711
f 2932/11712/11712 2931/11713/11713 2978/11714/11714 2979/11715/11715
f 2919/11716/11716 2918/11717/11717 2965/11718/11718 2966/11719/11719
f 2906/11720/11720 2905/11721/11721 2952/11722/11722 2953/11723/11723
f 2933/11724/11724 2932/11725/11725 2979/11726/11726 2980/11727/11727
f 2893/11728/11728 1/11729/11729 2940/11730/11730
f 2920/11731/11731 2919/11732/11732 2966/11733/11733 2967/11734/11734
f 2907/11735/11735 2906/11736/11736 2953/11737/11737 2954/11738/11738
f 2934/11739/11739 2933/11740/11740 2980/11741/11741 2981/11742/11742
f 2894/11743/11743 2893/11744/11744 2940/11745/11745 2941/11746/11746
f 2921/11747/11747 2920/11748/11748 2967/11749/11749 2968/11750/11750
f 2908/11751/11751 2907/11752/11752 2954/11753/11753 2955/11754/11754
f 2935/11755/11755 2934/11756/11756 2981/11757/11757 2982/11758/11758
f 2895/11759/11759 2894/11760/11760 2941/11761/11761 2942/11762/11762
f 2922/11763/11763 2921/11764/11764 2968/11765/11765 2969/11766/11766
f 2909/11767/11767 2908/11768/11768 2955/11769/11769 2956/11770/11770
f 2936/11771/11771 2935/11772/11772 2982/11773/11773 2983/11774/11774
f 2896/11775/11775 2895/11776/11776 2942/11777/11777 2943/11778/11778
f 2923/11779/11779 2922/11780/11780 2969/11781/11781 2970/11782/11782
f 2910/11783/11783 2909/11784/11784 2956/11785/11785 2957/11786/11786
f 2937/11787/11787 2936/11788/11788 2983/11789/11789 2984/11790/11790
f 2897/11791/11791 2896/11792/11792 2943/11793/11793 2944/11794/11794
f 2924/11795/11795 2923/11796/11796 2970/11797/11797 2971/11798/11798
f 2911/11799/11799 2910/11800/11800 2957/11801/11801 2958/11802/11802
f 2938/11803/11803 2937/11804/11804 2984/11805/11805 2985/11806/11806
f 2898/11807/11807 2897/11808/11808 2944/11809/11809 2945/11810/11810
f 2925/11811/11811 2924/11812/11812 2971/11813/11813 2972/11814/11814
f 2912/11815/11815 2911/11816/11816 2958/11817/11817 2959/11818/11818
f 3080/11819/11819 1334/11820/11820 2656/11821/11821 2610/11822/11822
f 2899/11823/11823 2898/11824/11824 2945/11825/11825 2946/11826/11826
f 2926/11827/11827 2925/11828/11828 2972/11829/11829 2973/11830/11830
f 2913/11831/11831 2912/11832/11832 2959/11833/11833 2960/11834/11834
f 1332/11835/11835 2845/11836/11836 2514/11837/11837 2469/11838/11838
f 2977/11839/11839 2976/11840/11840 3023/11841/11841 3024/11842/11842
f 2944/11843/11843 2943/11844/11844 2990/11845/11845 2991/11846/11846
f 2964/11847/11847 2963/11848/11848 3010/11849/11849 3011/11850/11850
f 2951/11851/11851 2950/11852/11852 2997/11853/11853 2998/11854/11854
f 2978/11855/11855 2977/11856/11856 3024/11857/11857 3025/11858/11858
f 2965/11859/11859 2964/11860/11860 3011/11861/11861 3012/11862/11862
f 2952/11863/11863 2951/11864/11864 2998/11865/11865 2999/11866/11866
f 2979/11867/11867 2978/11868/11868 3025/11869/11869 3026/11870/11870
f 2966/11871/11871 2965/11872/11872 3012/11873/11873 3013/11874/11874
f 2953/11875/11875 2952/11876/11876 2999/11877/11877 3000/11878/11878
f 2980/11879/11879 2979/11880/11880 3026/11881/11881 3027/11882/11882
f 2967/11883/11883 2966/11884/11884 3013/11885/11885 3014/11886/11886
f 2954/11887/11887 2953/11888/11888 3000/11889/11889 3001/11890/11890
f 2981/11891/11891 2980/11892/11892 3027/11893/11893 3028/11894/11894
f 2968/11895/11895 2967/11896/11896 3014/11897/11897 3015/11898/11898
f 2955/11899/11899 2954/11900/11900 3001/11901/11901 3002/11902/11902
f 2982/11903/11903 2981/11904/11904 3028/11905/11905 3029/11906/11906
f 2969/11907/11907 2968/11908/11908 3015/11909/11909 3016/11910/11910
f 2956/11911/11911 2955/11912/11912 3002/11913/11913 3003/11914/11914
f 2983/11915/11915 2982/11916/11916 3029/11917/11917 3030/11918/11918
f 2970/11919/11919 2969/11920/11920 3016/11921/11921 3017/11922/11922
f 2957/11923/11923 2956/11924/11924 3003/11925/11925 3004/11926/11926
f 2984/11927/11927 2983/11928/11928 3030/11929/11929 3031/11930/11930
f 2971/11931/11931 2970/11932/11932 3017/11933/11933 3018/11934/11934
f 2958/11935/11935 2957/11936/11936 3004/11937/11937 3005/11938/11938
f 2985/11939/11939 2984/11940/11940 3031/11941/11941 3032/11942/11942
f 2945/11943/11943 2944/11944/11944 2991/11945/11945 2992/11946/11946
f 2972/11947/11947 2971/11948/11948 3018/11949/11949 3019/11950/11950
f 2959/11951/11951 2958/11952/11952 3005/11953/11953 3006/11954/11954
f 1334/11955/11955 3127/11956/11956 2657/11957/11957 2656/11958/11958
f 2946/11959/11959 2945/11960/11960 2992/11961/11961 2993/11962/11962
f 2973/11963/11963 2972/11964/11964 3019/11965/11965 3020/11966/11966
f 2940/11967/11967 1/11968/11968 2987/11969/11969
f 2960/11970/11970 2959/11971/11971 3006/11972/11972 3007/11973/11973
f 2845/11974/11974 2892/11975/11975 2515/11976/11976 2514/11977/11977
f 2947/11978/11978 2946/11979/11979 2993/11980/11980 2994/11981/11981
f 2974/11982/11982 2973/11983/11983 3020/11984/11984 3021/11985/11985
f 2941/11986/11986 2940/11987/11987 2987/11988/11988 2988/11989/11989
f 2961/11990/11990 2960/11991/11991 3007/11992/11992 3008/11993/11993
f 2948/11994/11994 2947/11995/11995 2994/11996/11996 2995/11997/11997
f 2975/11998/11998 2974/11999/11999 3021/12000/12000 3022/12001/12001
f 2942/12002/12002 2941/12003/12003 2988/12004/12004 2989/12005/12005
f 2962/12006/12006 2961/12007/12007 3008/12008/12008 3009/12009/12009
f 2949/12010/12010 2948/12011/12011 2995/12012/12012 2996/12013/12013
f 2976/12014/12014 2975/12015/12015 3022/12016/12016 3023/12017/12017
f 2943/12018/12018 2942/12019/12019 2989/12020/12020 2990/12021/12021
f 2963/12022/12022 2962/12023/12023 3009/12024/12024 3010/12025/12025
f 2950/12026/12026 2949/12027/12027 2996/12028/12028 2997/12029/12029
f 2994/12030/12030 2993/12031/12031 3040/12032/12032 3041/12033/12033
f 3021/12034/12034 3020/12035/12035 3067/12036/12036 3068/12037/12037
f 3008/12038/12038 3007/12039/12039 3054/12040/12040 3055/12041/12041
f 2995/12042/12042 2994/12043/12043 3041/12044/12044 3042/12045/12045
f 3022/12046/12046 3021/12047/12047 3068/12048/12048 3069/12049/12049
f 3009/12050/12050 3008/12051/12051 3055/12052/12052 3056/12053/12053
f 2996/12054/12054 2995/12055/12055 3042/12056/12056 3043/12057/12057
f 3023/12058/12058 3022/12059/12059 3069/12060/12060 3070/12061/12061
f 3010/12062/12062 3009/12063/12063 3056/12064/12064 3057/12065/12065
f 2997/12066/12066 2996/12067/12067 3043/12068/12068 3044/12069/12069
f 3024/12070/12070 3023/12071/12071 3070/12072/12072 3071/12073/12073
f 3011/12074/12074 3010/12075/12075 3057/12076/12076 3058/12077/12077
f 2998/12078/12078 2997/12079/12079 3044/12080/12080 3045/12081/12081
f 3025/12082/12082 3024/12083/12083 3071/12084/12084 3072/12085/12085
f 3012/12086/12086 3011/12087/12087 3058/12088/12088 3059/12089/12089
f 2999/12090/12090 2998/12091/12091 3045/12092/12092 3046/12093/12093
f 3026/12094/12094 3025/12095/12095 3072/12096/12096 3073/12097/12097
f 3013/12098/12098 3012/12099/12099 3059/12100/12100 3060/12101/12101
f 3000/12102/12102 2999/12103/12103 3046/12104/12104 3047/12105/12105
f 3027/12106/12106 3026/12107/12107 3073/12108/12108 3074/12109/12109
f 2987/12110/12110 1/12111/12111 3034/12112/12112
f 3014/12113/12113 3013/12114/12114 3060/12115/12115 3061/12116/12116
f 3001/12117/12117 3000/12118/12118 3047/12119/12119 3048/12120/12120
f 3028/12121/12121 3027/12122/12122 3074/12123/12123 3075/12124/12124
f 2988/12125/12125 2987/12126/12126 3034/12127/12127 3035/12128/12128
f 3015/12129/12129 3014/12130/12130 3061/12131/12131 3062/12132/12132
f 3002/12133/12133 3001/12134/12134 3048/12135/12135 3049/12136/12136
f 3029/12137/12137 3028/12138/12138 3075/12139/12139 3076/12140/12140
f 2989/12141/12141 2988/12142/12142 3035/12143/12143 3036/12144/12144
f 3016/12145/12145 3015/12146/12146 3062/12147/12147 3063/12148/12148
f 3003/12149/12149 3002/12150/12150 3049/12151/12151 3050/12152/12152
f 3030/12153/12153 3029/12154/12154 3076/12155/12155 3077/12156/12156
f 2990/12157/12157 2989/12158/12158 3036/12159/12159 3037/12160/12160
f 3017/12161/12161 3016/12162/12162 3063/12163/12163 3064/12164/12164
f 3004/12165/12165 3003/12166/12166 3050/12167/12167 3051/12168/12168
f 3031/12169/12169 3030/12170/12170 3077/12171/12171 3078/12172/12172
f 2991/12173/12173 2990/12174/12174 3037/12175/12175 3038/12176/12176
f 3018/12177/12177 3017/12178/12178 3064/12179/12179 3065/12180/12180
f 3005/12181/12181 3004/12182/12182 3051/12183/12183 3052/12184/12184
f 3032/12185/12185 3031/12186/12186 3078/12187/12187 3079/12188/12188
f 2992/12189/12189 2991/12190/12190 3038/12191/12191 3039/12192/12192
f 3019/12193/12193 3018/12194/12194 3065/12195/12195 3066/12196/12196
f 3006/12197/12197 3005/12198/12198 3052/12199/12199 3053/12200/12200
f 3127/12201/12201 3174/12202/12202 2657/12203/12203
f 2993/12204/12204 2992/12205/12205 3039/12206/12206 3040/12207/12207
f 3020/12208/12208 3019/12209/12209 3066/12210/12210 3067/12211/12211
f 3007/12212/12212 3006/12213/12213 3053/12214/12214 3054/12215/12215
f 2892/12216/12216 2939/12217/12217 2516/12218/12218 2515/12219/12219
f 3078/12220/12220 3077/12221/12221 3124/12222/12222 3125/12223/12223
f 3038/12224/12224 3037/12225/12225 3084/12226/12226 3085/12227/12227
f 3065/12228/12228 3064/12229/12229 3111/12230/12230 3112/12231/12231
f 3052/12232/12232 3051/12233/12233 3098/12234/12234 3099/12235/12235
f 3079/12236/12236 3078/12237/12237 3125/12238/12238 3126/12239/12239
f 3039/12240/12240 3038/12241/12241 3085/12242/12242 3086/12243/12243
f 3066/12244/12244 3065/12245/12245 3112/12246/12246 3113/12247/12247
f 3053/12248/12248 3052/12249/12249 3099/12250/12250 3100/12251/12251
f 2939/12252/12252 2986/12253/12253 2562/12254/12254 2516/12255/12255
f 3040/12256/12256 3039/12257/12257 3086/12258/12258 3087/12259/12259
f 3067/12260/12260 3066/12261/12261 3113/12262/12262 3114/12263/12263
f 3054/12264/12264 3053/12265/12265 3100/12266/12266 3101/12267/12267
f 2704/12268/12268 2751/12269/12269 2466/12270/12270
f 3041/12271/12271 3040/12272/12272 3087/12273/12273 3088/12274/12274
f 3068/12275/12275 3067/12276/12276 3114/12277/12277 3115/12278/12278
f 3055/12279/12279 3054/12280/12280 3101/12281/12281 3102/12282/12282
f 3042/12283/12283 3041/12284/12284 3088/12285/12285 3089/12286/12286
f 3069/12287/12287 3068/12288/12288 3115/12289/12289 3116/12290/12290
f 3056/12291/12291 3055/12292/12292 3102/12293/12293 3103/12294/12294
f 3043/12295/12295 3042/12296/12296 3089/12297/12297 3090/12298/12298
f 3070/12299/12299 3069/12300/12300 3116/12301/12301 3117/12302/12302
f 3057/12303/12303 3056/12304/12304 3103/12305/12305 3104/12306/12306
f 3044/12307/12307 3043/12308/12308 3090/12309/12309 3091/12310/12310
f 3071/12311/12311 3070/12312/12312 3117/12313/12313 3118/12314/12314
f 3058/12315/12315 3057/12316/12316 3104/12317/12317 3105/12318/12318
f 3045/12319/12319 3044/12320/12320 3091/12321/12321 3092/12322/12322
f 3072/12323/12323 3071/12324/12324 3118/12325/12325 3119/12326/12326
f 3059/12327/12327 3058/12328/12328 3105/12329/12329 3106/12330/12330
f 3046/12331/12331 3045/12332/12332 3092/12333/12333 3093/12334/12334
f 3073/12335/12335 3072/12336/12336 3119/12337/12337 3120/12338/12338
f 3060/12339/12339 3059/12340/12340 3106/12341/12341 3107/12342/12342
f 3047/12343/12343 3046/12344/12344 3093/12345/12345 3094/12346/12346
f 3074/12347/12347 3073/12348/12348 3120/12349/12349 3121/12350/12350
f 3034/12351/12351 1/12352/12352 3081/12353/12353
f 3061/12354/12354 3060/12355/12355 3107/12356/12356 3108/12357/12357
f 3048/12358/12358 3047/12359/12359 3094/12360/12360 3095/12361/12361
f 3075/12362/12362 3074/12363/12363 3121/12364/12364 3122/12365/12365
f 3035/12366/12366 3034/12367/12367 3081/12368/12368 3082/12369/12369
f 3062/12370/12370 3061/12371/12371 3108/12372/12372 3109/12373/12373
f 3049/12374/12374 3048/12375/12375 3095/12376/12376 3096/12377/12377
f 3076/12378/12378 3075/12379/12379 3122/12380/12380 3123/12381/12381
f 3036/12382/12382 3035/12383/12383 3082/12384/12384 3083/12385/12385
f 3063/12386/12386 3062/12387/12387 3109/12388/12388 3110/12389/12389
f 3050/12390/12390 3049/12391/12391 3096/12392/12392 3097/12393/12393
f 3077/12394/12394 3076/12395/12395 3123/12396/12396 3124/12397/12397
f 3037/12398/12398 3036/12399/12399 3083/12400/12400 3084/12401/12401
f 3064/12402/12402 3063/12403/12403 3110/12404/12404 3111/12405/12405
f 3051/12406/12406 3050/12407/12407 3097/12408/12408 3098/12409/12409
f 3095/12410/12410 3094/12411/12411 3141/12412/12412 3142/12413/12413
f 3122/12414/12414 3121/12415/12415 3168/12416/12416 3169/12417/12417
f 3082/12418/12418 3081/12419/12419 3128/12420/12420 3129/12421/12421
f 3109/12422/12422 3108/12423/12423 3155/12424/12424 3156/12425/12425
f 3096/12426/12426 3095/12427/12427 3142/12428/12428 3143/12429/12429
f 3123/12430/12430 3122/12431/12431 3169/12432/12432 3170/12433/12433
f 3083/12434/12434 3082/12435/12435 3129/12436/12436 3130/12437/12437
f 3110/12438/12438 3109/12439/12439 3156/12440/12440 3157/12441/12441
f 3097/12442/12442 3096/12443/12443 3143/12444/12444 3144/12445/12445
f 3124/12446/12446 3123/12447/12447 3170/12448/12448 3171/12449/12449
f 3084/12450/12450 3083/12451/12451 3130/12452/12452 3131/12453/12453
f 3111/12454/12454 3110/12455/12455 3157/12456/12456 3158/12457/12457
f 3098/12458/12458 3097/12459/12459 3144/12460/12460 3145/12461/12461
f 3125/12462/12462 3124/12463/12463 3171/12464/12464 3172/12465/12465
f 3085/12466/12466 3084/12467/12467 3131/12468/12468 3132/12469/12469
f 3112/12470/12470 3111/12471/12471 3158/12472/12472 3159/12473/12473
f 3099/12474/12474 3098/12475/12475 3145/12476/12476 3146/12477/12477
f 3126/12478/12478 3125/12479/12479 3172/12480/12480 3173/12481/12481
f 3086/12482/12482 3085/12483/12483 3132/12484/12484 3133/12485/12485
f 3113/12486/12486 3112/12487/12487 3159/12488/12488 3160/12489/12489
f 3100/12490/12490 3099/12491/12491 3146/12492/12492 3147/12493/12493
f 2986/12494/12494 3033/12495/12495 2563/12496/12496 2562/12497/12497
f 3087/12498/12498 3086/12499/12499 3133/12500/12500 3134/12501/12501
f 3114/12502/12502 3113/12503/12503 3160/12504/12504 3161/12505/12505
f 3101/12506/12506 3100/12507/12507 3147/12508/12508 3148/12509/12509
f 2751/12510/12510 1331/12511/12511 2467/12512/12512 2466/12513/12513
f 3088/12514/12514 3087/12515/12515 3134/12516/12516 3135/12517/12517
f 3115/12518/12518 3114/12519/12519 3161/12520/12520 3162/12521/12521
f 3102/12522/12522 3101/12523/12523 3148/12524/12524 3149/12525/12525
f 3089/12526/12526 3088/12527/12527 3135/12528/12528 3136/12529/12529
f 3116/12530/12530 3115/12531/12531 3162/12532/12532 3163/12533/12533
f 3103/12534/12534 3102/12535/12535 3149/12536/12536 3150/12537/12537
f 3090/12538/12538 3089/12539/12539 3136/12540/12540 3137/12541/12541
f 3117/12542/12542 3116/12543/12543 3163/12544/12544 3164/12545/12545
f 3104/12546/12546 3103/12547/12547 3150/12548/12548 3151/12549/12549
f 3091/12550/12550 3090/12551/12551 3137/12552/12552 3138/12553/12553
f 3118/12554/12554 3117/12555/12555 3164/12556/12556 3165/12557/12557
f 3105/12558/12558 3104/12559/12559 3151/12560/12560 3152/12561/12561
f 3092/12562/12562 3091/12563/12563 3138/12564/12564 3139/12565/12565
f 3119/12566/12566 3118/12567/12567 3165/12568/12568 3166/12569/12569
f 3106/12570/12570 3105/12571/12571 3152/12572/12572 3153/12573/12573
f 3093/12574/12574 3092/12575/12575 3139/12576/12576 3140/12577/12577
f 3120/12578/12578 3119/12579/12579 3166/12580/12580 3167/12581/12581
f 3107/12582/12582 3106/12583/12583 3153/12584/12584 3154/12585/12585
f 3094/12586/12586 3093/12587/12587 3140/12588/12588 3141/12589/12589
f 3121/12590/12590 3120/12591/12591 3167/12592/12592 3168/12593/12593
f 3081/12594/12594 1/12595/12595 3128/12596/12596
f 3108/12597/12597 3107/12598/12598 3154/12599/12599 3155/12600/12600
