# jaw - exported from blender/silhouette.blend by tools/blender_export.py
o jaw
v -0.00000 -0.15393 0.05052
v -0.00127 -0.14487 0.06562
v -0.00064 -0.14996 0.05833
v -0.00253 -0.14495 0.06544
v -0.00127 -0.15000 0.05824
v -0.00378 -0.14508 0.06514
v -0.00189 -0.15007 0.05809
v -0.00499 -0.14526 0.06471
v -0.00250 -0.15016 0.05787
v -0.00616 -0.14548 0.06417
v -0.00309 -0.15027 0.05760
v -0.00729 -0.14576 0.06352
v -0.00365 -0.15041 0.05728
v -0.00837 -0.14608 0.06277
v -0.00419 -0.15057 0.05690
v -0.00938 -0.14644 0.06191
v -0.00470 -0.15075 0.05647
v -0.01031 -0.14684 0.06096
v -0.00517 -0.15095 0.05599
v -0.01670 -0.14228 0.06385
v -0.01117 -0.14728 0.05993
v -0.00560 -0.15117 0.05548
v -0.01786 -0.14299 0.06219
v -0.01195 -0.14775 0.05881
v -0.00599 -0.15141 0.05492
v -0.01888 -0.14374 0.06041
v -0.01263 -0.14825 0.05762
v -0.00633 -0.15166 0.05432
v -0.02621 -0.13917 0.06021
v -0.01976 -0.14453 0.05855
v -0.01322 -0.14878 0.05638
v -0.00662 -0.15192 0.05370
v -0.03375 -0.13410 0.05814
v -0.02718 -0.14026 0.05763
v -0.02049 -0.14535 0.05661
v -0.01371 -0.14933 0.05508
v -0.00687 -0.15220 0.05305
v -0.04774 -0.12057 0.05308
v -0.04131 -0.12855 0.05421
v -0.03470 -0.13550 0.05484
v -0.02794 -0.14139 0.05497
v -0.02106 -0.14620 0.05460
v -0.01409 -0.14990 0.05374
v -0.00706 -0.15248 0.05237
v -0.06114 -0.10414 0.04352
v -0.05503 -0.11382 0.04621
v -0.04868 -0.12254 0.04843
v -0.04212 -0.13025 0.05018
v -0.03538 -0.13693 0.05146
v -0.02848 -0.14254 0.05225
v -0.02147 -0.14706 0.05255
v -0.01436 -0.15048 0.05236
v -0.00720 -0.15277 0.05169
v -0.06185 -0.10665 0.03758
v -0.05566 -0.11608 0.04086
v -0.04924 -0.12454 0.04371
v -0.04260 -0.13198 0.04610
v -0.03578 -0.13838 0.04802
v -0.02881 -0.14371 0.04948
v -0.02172 -0.14794 0.05047
v -0.01453 -0.15107 0.05097
v -0.00728 -0.15307 0.05099
v -0.06209 -0.10918 0.03160
v -0.05588 -0.11836 0.03548
v -0.04943 -0.12655 0.03894
v -0.04277 -0.13372 0.04198
v -0.03592 -0.13984 0.04456
v -0.02892 -0.14489 0.04670
v -0.02180 -0.14883 0.04837
v -0.01459 -0.15166 0.04956
v -0.00731 -0.15337 0.05028
v -0.06185 -0.11171 0.02562
v -0.05566 -0.12063 0.03010
v -0.04924 -0.12856 0.03418
v -0.04260 -0.13546 0.03786
v -0.03578 -0.14130 0.04110
v -0.02881 -0.14606 0.04391
v -0.02172 -0.14972 0.04627
v -0.01453 -0.15226 0.04816
v -0.00728 -0.15366 0.04958
v -0.06114 -0.11422 0.01969
v -0.05503 -0.12289 0.02476
v -0.04868 -0.13056 0.02946
v -0.04212 -0.13719 0.03377
v -0.03538 -0.14276 0.03767
v -0.02848 -0.14723 0.04115
v -0.02147 -0.15060 0.04418
v -0.01436 -0.15285 0.04676
v -0.00720 -0.15396 0.04888
v -0.05997 -0.11669 0.01384
v -0.05397 -0.12511 0.01950
v -0.04774 -0.13253 0.02481
v -0.04131 -0.13889 0.02974
v -0.03470 -0.14419 0.03429
v -0.02794 -0.14838 0.03842
v -0.02106 -0.15147 0.04213
v -0.01409 -0.15343 0.04539
v -0.00706 -0.15425 0.04819
v -0.06393 -0.10993 0.00160
v -0.05834 -0.11910 0.00813
v -0.05251 -0.12729 0.01436
v -0.04645 -0.13445 0.02026
v -0.04019 -0.14056 0.02581
v -0.03375 -0.14558 0.03099
v -0.02718 -0.14951 0.03576
v -0.02049 -0.15232 0.04012
v -0.01371 -0.15399 0.04405
v -0.00687 -0.15453 0.04752
v -0.06166 -0.11249 -0.00446
v -0.05627 -0.12144 0.00260
v -0.05064 -0.12939 0.00938
v -0.04480 -0.13631 0.01586
v -0.03876 -0.14217 0.02200
v -0.03256 -0.14694 0.02779
v -0.02621 -0.15060 0.03319
v -0.01976 -0.15314 0.03818
v -0.01322 -0.15454 0.04275
v -0.00662 -0.15481 0.04687
v -0.06381 -0.10525 -0.01806
v -0.05892 -0.11495 -0.01027
v -0.05377 -0.12369 -0.00271
v -0.04839 -0.13141 0.00460
v -0.04280 -0.13810 0.01163
v -0.03704 -0.14371 0.01834
v -0.03111 -0.14823 0.02471
v -0.02505 -0.15164 0.03071
v -0.01888 -0.15393 0.03632
v -0.01263 -0.15507 0.04150
v -0.00633 -0.15507 0.04624
v -0.06473 -0.09733 -0.03246
v -0.06036 -0.10778 -0.02405
v -0.05573 -0.11729 -0.01581
v -0.05086 -0.12582 -0.00776
v -0.04577 -0.13333 0.00006
v -0.04049 -0.13980 0.00761
v -0.03503 -0.14518 0.01487
v -0.02942 -0.14947 0.02179
v -0.02369 -0.15264 0.02836
v -0.01786 -0.15468 0.03454
v -0.01195 -0.15557 0.04032
v -0.00599 -0.15532 0.04565
v -0.06436 -0.08871 -0.04742
v -0.06053 -0.09989 -0.03850
v -0.05644 -0.11017 -0.02969
v -0.05211 -0.11949 -0.02101
v -0.04756 -0.12783 -0.01251
v -0.04280 -0.13514 -0.00422
v -0.03786 -0.14139 0.00383
v -0.03276 -0.14657 0.01159
v -0.02752 -0.15063 0.01904
v -0.02216 -0.15357 0.02615
v -0.01670 -0.15538 0.03288
v -0.01117 -0.15604 0.03920
v -0.00560 -0.15556 0.04509
v -0.06570 -0.06662 -0.07200
v -0.06269 -0.07933 -0.06269
v -0.05941 -0.09123 -0.05339
v -0.05588 -0.10227 -0.04412
v -0.05210 -0.11238 -0.03493
v -0.04810 -0.12154 -0.02585
v -0.04390 -0.12969 -0.01692
v -0.03951 -0.13682 -0.00819
v -0.03495 -0.14288 0.00032
v -0.03024 -0.14785 0.00855
v -0.02540 -0.15171 0.01649
v -0.02045 -0.15444 0.02409
v -0.01542 -0.15604 0.03133
v -0.01031 -0.15648 0.03816
v -0.00517 -0.15578 0.04457
v -0.06243 -0.03697 -0.09587
v -0.06178 -0.05465 -0.08738
v -0.05973 -0.06917 -0.07805
v -0.05699 -0.08178 -0.06847
v -0.05401 -0.09355 -0.05886
v -0.05079 -0.10444 -0.04927
v -0.04736 -0.11441 -0.03973
v -0.04373 -0.12341 -0.03028
v -0.03991 -0.13141 -0.02097
v -0.03592 -0.13836 -0.01183
v -0.03177 -0.14424 -0.00290
v -0.02749 -0.14903 0.00577
v -0.02309 -0.15270 0.01415
v -0.01859 -0.15524 0.02221
v -0.01401 -0.15664 0.02991
v -0.00938 -0.15688 0.03721
v -0.00470 -0.15598 0.04409
v -0.05682 -0.04239 -0.10236
v -0.05549 -0.05813 -0.09322
v -0.05330 -0.07148 -0.08350
v -0.05085 -0.08398 -0.07367
v -0.04819 -0.09563 -0.06379
v -0.04532 -0.10640 -0.05391
v -0.04226 -0.11624 -0.04405
v -0.03902 -0.12510 -0.03427
v -0.03561 -0.13295 -0.02461
v -0.03205 -0.13975 -0.01511
v -0.02835 -0.14547 -0.00581
v -0.02453 -0.15009 0.00326
v -0.02060 -0.15359 0.01204
v -0.01659 -0.15596 0.02051
v -0.01250 -0.15718 0.02863
v -0.00837 -0.15725 0.03636
v -0.00419 -0.15616 0.04367
v -0.05011 -0.04638 -0.10803
v -0.04839 -0.06032 -0.09825
v -0.04646 -0.07352 -0.08832
v -0.04433 -0.08592 -0.07827
v -0.04201 -0.09747 -0.06815
v -0.03951 -0.10813 -0.05800
v -0.03684 -0.11785 -0.04787
v -0.03401 -0.12659 -0.03780
v -0.03104 -0.13431 -0.02783
v -0.02794 -0.14097 -0.01800
v -0.02471 -0.14655 -0.00837
v -0.02138 -0.15103 0.00104
v -0.01796 -0.15438 0.01018
v -0.01446 -0.15659 0.01901
v -0.01090 -0.15765 0.02750
v -0.00729 -0.15757 0.03560
v -0.00365 -0.15632 0.04329
v -0.03987 -0.03889 -0.10952
v -0.03092 -0.01975 -0.09261
v -0.02699 -0.01682 -0.08285
v -0.02449 -0.01858 -0.07513
v -0.02280 -0.02367 -0.06826
v -0.02164 -0.03174 -0.06160
v -0.02082 -0.04276 -0.05466
v -0.02024 -0.05696 -0.04702
v -0.01982 -0.07505 -0.03821
v -0.01964 -0.09936 -0.02743
v -0.02089 -0.14748 -0.01057
v -0.01807 -0.15183 -0.00086
v -0.01518 -0.15505 0.00858
v -0.01222 -0.15714 0.01772
v -0.00921 -0.15807 0.02653
v -0.00616 -0.15784 0.03495
v -0.00309 -0.15646 0.04296
v -0.01509 0.04053 -0.08572
v -0.01356 0.03980 -0.07994
v -0.01260 0.03693 -0.07529
v -0.01207 0.03179 -0.07120
v -0.01184 0.02429 -0.06721
v -0.01182 0.01431 -0.06293
v -0.01193 0.00176 -0.05802
v -0.01210 -0.01347 -0.05218
v -0.01226 -0.03158 -0.04509
v -0.01237 -0.05306 -0.03639
v -0.01242 -0.07926 -0.02550
v -0.01263 -0.11646 -0.01053
v -0.01229 -0.15562 0.00726
v -0.00989 -0.15759 0.01666
v -0.00746 -0.15841 0.02572
v -0.00499 -0.15807 0.03441
v -0.00250 -0.15658 0.04269
v -0.00645 0.07118 -0.07601
v -0.00593 0.06987 -0.07292
v -0.00573 0.06646 -0.07053
v -0.00579 0.06074 -0.06839
v -0.00603 0.05257 -0.06610
v -0.00639 0.04181 -0.06331
v -0.00681 0.02839 -0.05970
v -0.00725 0.01226 -0.05498
v -0.00764 -0.00669 -0.04888
v -0.00795 -0.02868 -0.04109
v -0.00815 -0.05436 -0.03121
v -0.00826 -0.08588 -0.01841
v -0.00876 -0.14066 0.00231
v -0.00749 -0.15794 0.01582
v -0.00564 -0.15867 0.02509
v -0.00378 -0.15825 0.03399
v -0.00189 -0.15666 0.04248
v -0.00233 0.08670 -0.06846
v -0.00220 0.08597 -0.06716
v -0.00226 0.08360 -0.06662
v -0.00248 0.07904 -0.06628
v -0.00280 0.07053 -0.06510
v -0.00320 0.05933 -0.06330
v -0.00363 0.04536 -0.06056
v -0.00405 0.02859 -0.05660
v -0.00444 0.00897 -0.05114
v -0.00475 -0.01363 -0.04392
v -0.00498 -0.03964 -0.03457
v -0.00510 -0.07040 -0.02248
v -0.00521 -0.11226 -0.00560
v -0.00502 -0.15820 0.01521
v -0.00379 -0.15887 0.02464
v -0.00253 -0.15838 0.03369
v -0.00127 -0.15673 0.04233
v -0.00062 0.09453 -0.06375
v -0.00061 0.09377 -0.06325
v -0.00069 0.09131 -0.06345
v -0.00085 0.08705 -0.06398
v -0.00106 0.08071 -0.06442
v -0.00130 0.06926 -0.06319
v -0.00155 0.05498 -0.06096
v -0.00181 0.03783 -0.05744
v -0.00203 0.01780 -0.05236
v -0.00222 -0.00521 -0.04545
v -0.00236 -0.03153 -0.03639
v -0.00244 -0.06223 -0.02463
v -0.00249 -0.10182 -0.00861
v -0.00252 -0.15835 0.01485
v -0.00190 -0.15898 0.02436
v -0.00127 -0.15845 0.03350
v -0.00064 -0.15677 0.04224
v -0.00000 0.09706 -0.06220
v -0.00000 0.09629 -0.06196
v -0.00000 0.09382 -0.06240
v -0.00000 0.08951 -0.06315
v -0.00000 0.08330 -0.06387
v -0.00000 0.07250 -0.06314
v -0.00000 0.05811 -0.06107
v -0.00000 0.04083 -0.05770
v -0.00000 0.02066 -0.05275
v -0.00000 -0.00249 -0.04595
v -0.00000 -0.02892 -0.03697
v -0.00000 -0.05964 -0.02531
v -0.00000 -0.09874 -0.00951
v -0.00000 -0.15840 0.01473
v -0.00000 -0.15902 0.02427
v -0.00000 -0.15848 0.03344
v -0.00000 -0.15678 0.04220
v 0.00062 0.09453 -0.06375
v 0.00061 0.09377 -0.06325
v 0.00069 0.09131 -0.06345
v 0.00085 0.08705 -0.06398
v 0.00106 0.08071 -0.06442
v 0.00130 0.06926 -0.06319
v 0.00155 0.05498 -0.06096
v 0.00181 0.03783 -0.05744
v 0.00203 0.01780 -0.05236
v 0.00222 -0.00521 -0.04545
v 0.00236 -0.03153 -0.03639
v 0.00244 -0.06223 -0.02463
v 0.00249 -0.10182 -0.00861
v 0.00252 -0.15835 0.01485
v 0.00190 -0.15898 0.02436
v 0.00127 -0.15845 0.03350
v 0.00064 -0.15677 0.04224
v 0.00233 0.08670 -0.06846
v 0.00220 0.08597 -0.06716
v 0.00226 0.08360 -0.06662
v 0.00248 0.07904 -0.06628
v 0.00280 0.07053 -0.06510
v 0.00320 0.05933 -0.06330
v 0.00363 0.04536 -0.06056
v 0.00405 0.02859 -0.05660
v 0.00444 0.00897 -0.05114
v 0.00475 -0.01363 -0.04392
v 0.00498 -0.03964 -0.03457
v 0.00510 -0.07040 -0.02248
v 0.00521 -0.11226 -0.00560
v 0.00502 -0.15820 0.01521
v 0.00379 -0.15887 0.02464
v 0.00253 -0.15838 0.03369
v 0.00127 -0.15673 0.04233
v 0.00645 0.07118 -0.07601
v 0.00593 0.06987 -0.07292
v 0.00573 0.06646 -0.07053
v 0.00579 0.06074 -0.06839
v 0.00603 0.05257 -0.06610
v 0.00639 0.04181 -0.06331
v 0.00681 0.02840 -0.05970
v 0.00725 0.01226 -0.05498
v 0.00764 -0.00669 -0.04888
v 0.00795 -0.02868 -0.04109
v 0.00815 -0.05436 -0.03121
v 0.00826 -0.08588 -0.01841
v 0.00876 -0.14066 0.00231
v 0.00749 -0.15794 0.01582
v 0.00564 -0.15867 0.02509
v 0.00378 -0.15825 0.03399
v 0.00189 -0.15666 0.04248
v 0.01509 0.04053 -0.08572
v 0.01356 0.03980 -0.07994
v 0.01260 0.03693 -0.07529
v 0.01207 0.03179 -0.07120
v 0.01184 0.02429 -0.06721
v 0.01182 0.01431 -0.06293
v 0.01193 0.00176 -0.05802
v 0.01210 -0.01347 -0.05218
v 0.01226 -0.03158 -0.04509
v 0.01237 -0.05306 -0.03639
v 0.01242 -0.07926 -0.02550
v 0.01263 -0.11646 -0.01053
v 0.01229 -0.15562 0.00726
v 0.00989 -0.15759 0.01666
v 0.00746 -0.15841 0.02572
v 0.00499 -0.15807 0.03441
v 0.00250 -0.15658 0.04269
v 0.03987 -0.03889 -0.10951
v 0.03092 -0.01975 -0.09261
v 0.02699 -0.01682 -0.08285
v 0.02449 -0.01858 -0.07513
v 0.02280 -0.02367 -0.06826
v 0.02164 -0.03174 -0.06160
v 0.02082 -0.04276 -0.05466
v 0.02024 -0.05696 -0.04702
v 0.01982 -0.07505 -0.03821
v 0.01964 -0.09935 -0.02743
v 0.02089 -0.14748 -0.01057
v 0.01807 -0.15183 -0.00086
v 0.01518 -0.15505 0.00858
v 0.01222 -0.15714 0.01772
v 0.00921 -0.15807 0.02653
v 0.00616 -0.15784 0.03495
v 0.00309 -0.15646 0.04296
v 0.05011 -0.04638 -0.10803
v 0.04839 -0.06032 -0.09825
v 0.04646 -0.07352 -0.08832
v 0.04433 -0.08592 -0.07827
v 0.04201 -0.09747 -0.06815
v 0.03951 -0.10813 -0.05800
v 0.03684 -0.11785 -0.04787
v 0.03401 -0.12659 -0.03780
v 0.03104 -0.13431 -0.02783
v 0.02794 -0.14097 -0.01800
v 0.02471 -0.14655 -0.00837
v 0.02138 -0.15103 0.00104
v 0.01796 -0.15438 0.01018
v 0.01446 -0.15659 0.01901
v 0.01090 -0.15765 0.02750
v 0.00729 -0.15757 0.03560
v 0.00365 -0.15632 0.04329
v 0.05682 -0.04239 -0.10236
v 0.05549 -0.05813 -0.09322
v 0.05330 -0.07148 -0.08350
v 0.05085 -0.08398 -0.07367
v 0.04819 -0.09563 -0.06379
v 0.04532 -0.10640 -0.05391
v 0.04226 -0.11624 -0.04405
v 0.03902 -0.12510 -0.03427
v 0.03561 -0.13295 -0.02461
v 0.03205 -0.13975 -0.01511
v 0.02835 -0.14547 -0.00581
v 0.02453 -0.15009 0.00326
v 0.02060 -0.15359 0.01204
v 0.01659 -0.15596 0.02051
v 0.01250 -0.15718 0.02863
v 0.00837 -0.15725 0.03636
v 0.00419 -0.15616 0.04367
v 0.06243 -0.03697 -0.09587
v 0.06178 -0.05465 -0.08738
v 0.05973 -0.06917 -0.07805
v 0.05699 -0.08178 -0.06847
v 0.05401 -0.09355 -0.05886
v 0.05079 -0.10444 -0.04927
v 0.04736 -0.11441 -0.03973
v 0.04373 -0.12341 -0.03028
v 0.03991 -0.13141 -0.02097
v 0.03592 -0.13836 -0.01183
v 0.03177 -0.14424 -0.00290
v 0.02749 -0.14903 0.00577
v 0.02309 -0.15270 0.01415
v 0.01859 -0.15524 0.02221
v 0.01401 -0.15664 0.02991
v 0.00938 -0.15688 0.03721
v 0.00470 -0.15598 0.04409
v 0.06570 -0.06662 -0.07200
v 0.06269 -0.07933 -0.06269
v 0.05941 -0.09123 -0.05339
v 0.05588 -0.10227 -0.04412
v 0.05210 -0.11238 -0.03493
v 0.04810 -0.12154 -0.02585
v 0.04390 -0.12969 -0.01692
v 0.03951 -0.13682 -0.00819
v 0.03495 -0.14288 0.00032
v 0.03024 -0.14785 0.00855
v 0.02540 -0.15171 0.01649
v 0.02045 -0.15444 0.02409
v 0.01542 -0.15604 0.03133
v 0.01031 -0.15648 0.03816
v 0.00517 -0.15578 0.04457
v 0.06436 -0.08871 -0.04742
v 0.06053 -0.09989 -0.03850
v 0.05644 -0.11017 -0.02969
v 0.05211 -0.11949 -0.02101
v 0.04756 -0.12783 -0.01251
v 0.04280 -0.13514 -0.00422
v 0.03786 -0.14139 0.00383
v 0.03276 -0.14657 0.01159
v 0.02752 -0.15063 0.01904
v 0.02216 -0.15357 0.02615
v 0.01670 -0.15538 0.03288
v 0.01117 -0.15604 0.03920
v 0.00560 -0.15556 0.04509
v 0.06473 -0.09733 -0.03246
v 0.06036 -0.10778 -0.02405
v 0.05573 -0.11729 -0.01581
v 0.05086 -0.12582 -0.00776
v 0.04577 -0.13333 0.00006
v 0.04049 -0.13980 0.00761
v 0.03503 -0.14518 0.01487
v 0.02942 -0.14947 0.02179
v 0.02369 -0.15264 0.02836
v 0.01786 -0.15468 0.03454
v 0.01195 -0.15557 0.04032
v 0.00599 -0.15532 0.04565
v 0.06381 -0.10525 -0.01806
v 0.05892 -0.11495 -0.01027
v 0.05377 -0.12369 -0.00271
v 0.04839 -0.13141 0.00460
v 0.04280 -0.13810 0.01163
v 0.03704 -0.14371 0.01834
v 0.03111 -0.14823 0.02471
v 0.02505 -0.15164 0.03071
v 0.01888 -0.15393 0.03632
v 0.01263 -0.15507 0.04150
v 0.00633 -0.15507 0.04624
v 0.06166 -0.11249 -0.00446
v 0.05627 -0.12144 0.00260
v 0.05064 -0.12939 0.00938
v 0.04480 -0.13631 0.01586
v 0.03876 -0.14217 0.02200
v 0.03256 -0.14694 0.02779
v 0.02621 -0.15060 0.03319
v 0.01976 -0.15314 0.03818
v 0.01322 -0.15454 0.04275
v 0.00662 -0.15481 0.04687
v 0.06393 -0.10993 0.00160
v 0.05834 -0.11910 0.00813
v 0.05251 -0.12729 0.01436
v 0.04645 -0.13445 0.02026
v 0.04019 -0.14056 0.02581
v 0.03375 -0.14558 0.03099
v 0.02718 -0.14951 0.03576
v 0.02049 -0.15232 0.04012
v 0.01371 -0.15399 0.04405
v 0.00687 -0.15453 0.04752
v 0.05997 -0.11669 0.01384
v 0.05397 -0.12511 0.01950
v 0.04774 -0.13253 0.02481
v 0.04131 -0.13889 0.02974
v 0.03470 -0.14419 0.03429
v 0.02794 -0.14838 0.03842
v 0.02106 -0.15147 0.04213
v 0.01409 -0.15343 0.04539
v 0.00706 -0.15425 0.04819
v 0.06114 -0.11422 0.01969
v 0.05503 -0.12289 0.02476
v 0.04868 -0.13056 0.02946
v 0.04212 -0.13719 0.03377
v 0.03538 -0.14276 0.03767
v 0.02848 -0.14723 0.04115
v 0.02147 -0.15060 0.04418
v 0.01436 -0.15285 0.04676
v 0.00720 -0.15396 0.04888
v 0.06185 -0.11171 0.02562
v 0.05566 -0.12063 0.03010
v 0.04924 -0.12856 0.03418
v 0.04260 -0.13546 0.03786
v 0.03578 -0.14130 0.04110
v 0.02881 -0.14606 0.04391
v 0.02172 -0.14972 0.04627
v 0.01453 -0.15226 0.04816
v 0.00728 -0.15366 0.04958
v 0.06209 -0.10918 0.03160
v 0.05588 -0.11836 0.03548
v 0.04943 -0.12655 0.03894
v 0.04277 -0.13372 0.04198
v 0.03592 -0.13984 0.04456
v 0.02892 -0.14489 0.04670
v 0.02180 -0.14883 0.04837
v 0.01459 -0.15166 0.04956
v 0.00731 -0.15337 0.05028
v 0.06185 -0.10665 0.03758
v 0.05566 -0.11608 0.04086
v 0.04924 -0.12454 0.04371
v 0.04260 -0.13198 0.04610
v 0.03578 -0.13838 0.04802
v 0.02881 -0.14371 0.04948
v 0.02172 -0.14794 0.05047
v 0.01453 -0.15107 0.05097
v 0.00728 -0.15307 0.05099
v 0.06114 -0.10414 0.04352
v 0.05503 -0.11382 0.04620
v 0.04868 -0.12254 0.04843
v 0.04212 -0.13025 0.05018
v 0.03538 -0.13693 0.05146
v 0.02848 -0.14254 0.05225
v 0.02147 -0.14706 0.05255
v 0.01436 -0.15048 0.05236
v 0.00720 -0.15277 0.05169
v 0.04774 -0.12057 0.05308
v 0.04131 -0.12855 0.05421
v 0.03470 -0.13550 0.05484
v 0.02794 -0.14139 0.05497
v 0.02106 -0.14620 0.05460
v 0.01409 -0.14990 0.05374
v 0.00706 -0.15248 0.05237
v 0.00061 -0.14022 0.05385
v 0.00122 -0.13527 0.06083
v 0.00122 -0.14026 0.05376
v 0.03375 -0.13410 0.05814
v 0.02718 -0.14026 0.05763
v 0.02049 -0.14535 0.05661
v 0.01371 -0.14933 0.05508
v 0.00687 -0.15220 0.05305
v 0.00243 -0.13535 0.06066
v 0.00182 -0.14032 0.05361
v 0.00363 -0.13547 0.06036
v 0.00240 -0.14040 0.05341
v 0.00480 -0.13564 0.05996
v 0.00297 -0.14051 0.05315
v 0.00593 -0.13586 0.05944
v 0.00351 -0.14065 0.05283
v 0.00701 -0.13612 0.05881
v 0.00403 -0.14080 0.05247
v 0.00804 -0.13643 0.05809
v 0.00901 -0.13678 0.05726
v 0.00452 -0.14097 0.05206
v 0.00497 -0.14117 0.05160
v 0.00992 -0.13716 0.05635
v 0.00538 -0.14138 0.05110
v 0.01074 -0.13759 0.05535
v 0.01605 -0.13269 0.05909
v 0.00576 -0.14161 0.05056
v 0.01149 -0.13804 0.05428
v 0.01716 -0.13337 0.05748
v 0.01814 -0.13409 0.05578
v 0.00609 -0.14185 0.04999
v 0.01214 -0.13852 0.05314
v 0.00637 -0.14210 0.04939
v 0.01271 -0.13903 0.05194
v 0.01899 -0.13485 0.05399
v 0.02518 -0.12958 0.05552
v 0.00660 -0.14237 0.04876
v 0.01318 -0.13955 0.05069
v 0.01969 -0.13563 0.05212
v 0.02610 -0.13062 0.05305
v 0.03240 -0.12454 0.05346
v 0.03961 -0.11902 0.04959
v 0.04573 -0.11113 0.04839
v 0.00679 -0.14264 0.04812
v 0.01354 -0.14010 0.04940
v 0.02024 -0.13645 0.05019
v 0.02683 -0.13170 0.05049
v 0.03330 -0.12588 0.05029
v 0.02063 -0.13728 0.04822
v 0.02736 -0.13281 0.04788
v 0.03395 -0.12725 0.04704
v 0.02621 -0.13917 0.06021
v 0.01976 -0.14453 0.05855
v 0.01322 -0.14878 0.05638
v 0.00662 -0.15192 0.05370
v 0.04038 -0.12065 0.04573
v 0.04662 -0.11302 0.04393
v 0.05264 -0.10440 0.04167
v 0.05840 -0.09483 0.03895
v 0.00692 -0.14292 0.04746
v 0.01381 -0.14066 0.04808
v 0.00700 -0.14320 0.04678
v 0.01397 -0.14122 0.04674
v 0.02087 -0.13813 0.04622
v 0.02767 -0.13393 0.04522
v 0.03434 -0.12865 0.04375
v 0.04085 -0.12230 0.04181
v 0.04716 -0.11493 0.03941
v 0.05325 -0.10655 0.03656
v 0.05907 -0.09722 0.03328
v 0.00703 -0.14349 0.04611
v 0.01402 -0.14180 0.04539
v 0.02095 -0.13898 0.04420
v 0.02778 -0.13506 0.04254
v 0.03448 -0.13005 0.04042
v 0.04101 -0.12397 0.03786
v 0.04734 -0.11686 0.03485
v 0.05345 -0.10873 0.03141
v 0.05930 -0.09964 0.02757
v 0.04716 -0.11878 0.03029
v 0.05325 -0.11091 0.02626
v 0.05907 -0.10205 0.02185
v 0.00700 -0.14377 0.04543
v 0.01397 -0.14237 0.04404
v 0.02087 -0.13984 0.04218
v 0.02767 -0.13619 0.03987
v 0.03434 -0.13145 0.03710
v 0.04085 -0.12564 0.03391
v 0.02736 -0.13732 0.03721
v 0.03395 -0.13285 0.03381
v 0.04038 -0.12730 0.02999
v 0.04662 -0.12070 0.02576
v 0.05264 -0.11307 0.02115
v 0.05840 -0.10445 0.01619
v 0.00692 -0.14406 0.04476
v 0.01381 -0.14293 0.04270
v 0.02063 -0.14068 0.04018
v 0.02683 -0.13842 0.03460
v 0.03330 -0.13422 0.03056
v 0.01888 -0.14374 0.06041
v 0.01263 -0.14825 0.05762
v 0.00633 -0.15166 0.05432
v 0.03961 -0.12894 0.02613
v 0.04573 -0.12259 0.02130
v 0.05163 -0.11520 0.01612
v 0.05728 -0.10682 0.01061
v 0.00679 -0.14434 0.04410
v 0.01354 -0.14349 0.04138
v 0.02024 -0.14152 0.03821
v 0.00660 -0.14461 0.04345
v 0.01318 -0.14404 0.04009
v 0.01969 -0.14233 0.03628
v 0.02610 -0.13950 0.03204
v 0.03240 -0.13557 0.02739
v 0.03854 -0.13053 0.02236
v 0.04449 -0.12443 0.01695
v 0.05023 -0.11729 0.01121
v 0.05573 -0.10913 0.00516
v 0.06095 -0.10001 -0.00118
v 0.00637 -0.14488 0.04282
v 0.01271 -0.14457 0.03884
v 0.01899 -0.14312 0.03442
v 0.02518 -0.14055 0.02957
v 0.03125 -0.13687 0.02432
v 0.03717 -0.13208 0.01870
v 0.04291 -0.12622 0.01274
v 0.04845 -0.11931 0.00645
v 0.05375 -0.11138 -0.00012
v 0.05879 -0.10246 -0.00696
v 0.04630 -0.12125 0.00188
v 0.05136 -0.11353 -0.00519
v 0.05618 -0.10482 -0.01250
v 0.06073 -0.09516 -0.02000
v 0.00609 -0.14513 0.04222
v 0.01214 -0.14507 0.03764
v 0.01814 -0.14388 0.03262
v 0.02406 -0.14156 0.02719
v 0.02986 -0.13812 0.02138
v 0.03552 -0.13357 0.01520
v 0.04100 -0.12794 0.00869
v 0.02824 -0.13930 0.01857
v 0.03359 -0.13498 0.01186
v 0.03879 -0.12957 0.00484
v 0.04379 -0.12310 -0.00246
v 0.04859 -0.11558 -0.01001
v 0.05314 -0.10707 -0.01777
v 0.01786 -0.14299 0.06219
v 0.01195 -0.14775 0.05881
v 0.00599 -0.15141 0.05492
v 0.05744 -0.09759 -0.02570
v 0.06146 -0.08720 -0.03376
v 0.00576 -0.14537 0.04165
v 0.01149 -0.14556 0.03650
v 0.01716 -0.14460 0.03092
v 0.02276 -0.14251 0.02494
v 0.01074 -0.14601 0.03543
v 0.01605 -0.14528 0.02932
v 0.02128 -0.14342 0.02281
v 0.02641 -0.14042 0.01594
v 0.03142 -0.13632 0.00873
v 0.03627 -0.13111 0.00122
v 0.04095 -0.12483 -0.00655
v 0.04544 -0.11751 -0.01455
v 0.04970 -0.10918 -0.02273
v 0.05373 -0.09988 -0.03106
v 0.05748 -0.08965 -0.03950
v 0.06096 -0.07855 -0.04799
v 0.00538 -0.14560 0.04111
v 0.05307 -0.09194 -0.04483
v 0.05628 -0.08098 -0.05365
v 0.05921 -0.06919 -0.06245
v 0.06185 -0.05664 -0.07119
v 0.00497 -0.14581 0.04061
v 0.00992 -0.14643 0.03443
v 0.01481 -0.14591 0.02783
v 0.01964 -0.14425 0.02084
v 0.02438 -0.14146 0.01349
v 0.02900 -0.13755 0.00581
v 0.03348 -0.13254 -0.00214
v 0.03780 -0.12645 -0.01035
v 0.04194 -0.11931 -0.01876
v 0.04588 -0.11115 -0.02734
v 0.04960 -0.10201 -0.03605
v 0.03813 -0.12096 -0.02263
v 0.04171 -0.11295 -0.03157
v 0.04509 -0.10396 -0.04062
v 0.04825 -0.09403 -0.04972
v 0.05117 -0.08320 -0.05883
v 0.05384 -0.07154 -0.06791
v 0.00452 -0.14600 0.04016
v 0.05624 -0.05910 -0.07689
v 0.00901 -0.14682 0.03352
v 0.05793 -0.04480 -0.08557
v 0.01670 -0.14228 0.06385
v 0.01117 -0.14728 0.05993
v 0.00560 -0.15117 0.05548
v 0.05820 -0.02745 -0.09332
v 0.01347 -0.14649 0.02647
v 0.01786 -0.14502 0.01903
v 0.02216 -0.14242 0.01124
v 0.02636 -0.13869 0.00314
v 0.03044 -0.13385 -0.00523
v 0.03437 -0.12793 -0.01383
v 0.01978 -0.14327 0.00922
v 0.02352 -0.13971 0.00074
v 0.02716 -0.13504 -0.00801
v 0.03067 -0.12927 -0.01697
v 0.03403 -0.12244 -0.02611
v 0.03722 -0.11458 -0.03538
v 0.04024 -0.10573 -0.04473
v 0.04306 -0.09592 -0.05412
v 0.04567 -0.08521 -0.06350
v 0.04805 -0.07365 -0.07283
v 0.00403 -0.14618 0.03974
v 0.05020 -0.06132 -0.08204
v 0.00804 -0.14717 0.03270
v 0.05207 -0.04819 -0.09107
v 0.05307 -0.03277 -0.09945
v 0.01202 -0.14701 0.02524
v 0.01593 -0.14571 0.01740
v 0.00701 -0.14747 0.03197
v 0.04543 -0.05030 -0.09581
v 0.04686 -0.03668 -0.10480
v 0.01048 -0.14747 0.02415
v 0.01389 -0.14632 0.01596
v 0.01724 -0.14403 0.00743
v 0.02051 -0.14061 -0.00139
v 0.02368 -0.13608 -0.01046
v 0.02674 -0.13045 -0.01974
v 0.02966 -0.12375 -0.02918
v 0.03245 -0.11602 -0.03874
v 0.03508 -0.10728 -0.04837
v 0.03754 -0.09759 -0.05801
v 0.03982 -0.08698 -0.06763
v 0.00351 -0.14633 0.03938
v 0.04190 -0.07553 -0.07717
v 0.04377 -0.06328 -0.08658
v 0.01994 -0.02115 -0.06134
v 0.02091 -0.01314 -0.06743
v 0.02240 -0.00815 -0.07369
v 0.00297 -0.14647 0.03907
v 0.01031 -0.14684 0.06096
v 0.00517 -0.15095 0.05599
v 0.02468 -0.00656 -0.08075
v 0.00593 -0.14774 0.03135
v 0.02840 -0.00971 -0.08981
v 0.03714 -0.02913 -0.10600
v 0.00885 -0.14787 0.02322
v 0.01174 -0.14685 0.01472
v 0.01457 -0.14469 0.00590
v 0.01733 -0.14139 -0.00321
v 0.02001 -0.13698 -0.01256
v 0.01862 -0.08880 -0.02904
v 0.01864 -0.06445 -0.03940
v 0.01890 -0.04635 -0.04777
v 0.01931 -0.03214 -0.05492
v 0.01129 -0.02095 -0.04613
v 0.01100 -0.00281 -0.05273
v 0.01068 0.01242 -0.05805
v 0.01041 0.02493 -0.06237
v 0.01026 0.03483 -0.06601
v 0.01031 0.04221 -0.06932
v 0.00240 -0.14658 0.03881
v 0.01067 0.04715 -0.07267
v 0.00480 -0.14796 0.03083
v 0.01144 0.04976 -0.07655
v 0.01279 0.05013 -0.08153
v 0.00717 -0.14819 0.02245
v 0.00950 -0.14728 0.01370
v 0.01179 -0.14523 0.00463
v 0.01203 -0.10599 -0.01281
v 0.01170 -0.06872 -0.02739
v 0.01153 -0.04246 -0.03787
v 0.00780 -0.07539 -0.02062
v 0.00761 -0.04380 -0.03302
v 0.00731 -0.01806 -0.04247
v 0.00690 0.00398 -0.04979
v 0.00640 0.02295 -0.05537
v 0.00584 0.03908 -0.05950
v 0.00529 0.05244 -0.06244
v 0.00478 0.06310 -0.06448
v 0.00438 0.07109 -0.06593
v 0.00182 -0.14666 0.03860
v 0.00417 0.07653 -0.06719
v 0.00363 -0.14813 0.03042
v 0.00421 0.07957 -0.06868
v 0.00460 0.08043 -0.07091
v 0.00542 -0.14845 0.02184
v 0.00938 -0.14644 0.06191
v 0.00470 -0.15075 0.05647
v 0.00719 -0.14762 0.01289
v 0.00839 -0.13026 -0.00028
v 0.00100 0.09547 -0.06231
v 0.00106 0.09579 -0.06291
v 0.00364 -0.14864 0.02140
v 0.00482 -0.14787 0.01231
v 0.00496 -0.10184 -0.00814
v 0.00479 -0.05990 -0.02464
v 0.00461 -0.02906 -0.03632
v 0.00432 -0.00299 -0.04522
v 0.00394 0.01966 -0.05195
v 0.00347 0.03930 -0.05684
v 0.00296 0.05606 -0.06014
v 0.00243 0.06996 -0.06208
v 0.00191 0.08100 -0.06293
v 0.00145 0.08918 -0.06295
v 0.00114 0.09343 -0.06247
v 0.00122 -0.14672 0.03846
v 0.00243 -0.14825 0.03013
v 0.00057 0.09105 -0.06162
v 0.00032 0.09716 -0.06045
v 0.00061 -0.14676 0.03837
v 0.00013 0.10116 -0.05923
v 0.00122 -0.14833 0.02995
v 0.00001 0.10328 -0.05833
v -0.00002 0.10364 -0.05812
v 0.00183 -0.14875 0.02114
v 0.00242 -0.14802 0.01196
v 0.00237 -0.09140 -0.01114
v 0.00229 -0.05172 -0.02676
v 0.00218 -0.02094 -0.03811
v 0.00200 0.00544 -0.04671
v 0.00178 0.02850 -0.05310
v 0.00151 0.04856 -0.05757
v 0.00121 0.06569 -0.06036
v 0.00090 0.07988 -0.06166
v -0.00000 0.05156 -0.05780
v -0.00000 0.06881 -0.06041
v -0.00000 0.08309 -0.06147
v -0.00000 0.09364 -0.06099
v -0.00000 0.09963 -0.05959
v -0.00000 -0.14677 0.03834
v 0.00000 0.10367 -0.05815
v -0.00000 -0.14835 0.02989
v 0.00000 0.10581 -0.05701
v 0.00837 -0.14608 0.06277
v 0.00419 -0.15057 0.05690
v 0.00000 0.10617 -0.05654
v -0.00000 -0.14879 0.02105
v -0.00000 -0.14807 0.01185
v -0.00000 -0.08831 -0.01203
v -0.00000 -0.04913 -0.02743
v -0.00000 -0.01833 -0.03868
v -0.00000 0.00817 -0.04719
v -0.00000 0.03137 -0.05346
v -0.00218 -0.02094 -0.03811
v -0.00200 0.00544 -0.04671
v -0.00178 0.02850 -0.05310
v -0.00151 0.04856 -0.05757
v -0.00121 0.06569 -0.06036
v -0.00090 0.07988 -0.06166
v -0.00057 0.09105 -0.06162
v -0.00032 0.09716 -0.06045
v -0.00061 -0.14676 0.03837
v -0.00013 0.10116 -0.05923
v -0.00122 -0.14833 0.02995
v -0.00001 0.10328 -0.05833
v 0.00002 0.10364 -0.05812
v -0.00183 -0.14875 0.02114
v -0.00242 -0.14802 0.01196
v -0.00237 -0.09140 -0.01114
v -0.00229 -0.05172 -0.02676
v -0.00482 -0.14787 0.01231
v -0.00496 -0.10184 -0.00814
v -0.00479 -0.05990 -0.02464
v -0.00461 -0.02906 -0.03632
v -0.00432 -0.00299 -0.04522
v -0.00394 0.01966 -0.05195
v -0.00347 0.03930 -0.05684
v -0.00296 0.05606 -0.06014
v -0.00243 0.06996 -0.06208
v -0.00191 0.08100 -0.06293
v -0.00145 0.08918 -0.06295
v -0.00122 -0.14672 0.03846
v -0.00114 0.09343 -0.06247
v -0.00243 -0.14825 0.03013
v -0.00364 -0.14864 0.02140
v -0.00100 0.09547 -0.06231
v -0.00106 0.09579 -0.06291
v -0.00438 0.07109 -0.06593
v -0.00182 -0.14666 0.03860
v -0.00417 0.07653 -0.06719
v 0.00729 -0.14576 0.06352
v 0.00365 -0.15041 0.05728
v -0.00363 -0.14813 0.03042
v -0.00421 0.07957 -0.06868
v -0.00460 0.08043 -0.07091
v -0.00542 -0.14845 0.02184
v -0.00719 -0.14762 0.01289
v -0.00839 -0.13026 -0.00028
v -0.00780 -0.07539 -0.02062
v -0.00761 -0.04380 -0.03302
v -0.00731 -0.01806 -0.04247
v -0.00690 0.00398 -0.04979
v -0.00640 0.02295 -0.05537
v -0.00584 0.03908 -0.05950
v -0.00529 0.05244 -0.06244
v -0.00478 0.06310 -0.06448
v -0.01068 0.01242 -0.05805
v -0.01041 0.02493 -0.06237
v -0.01026 0.03483 -0.06601
v -0.01031 0.04221 -0.06932
v -0.00240 -0.14658 0.03881
v -0.01067 0.04715 -0.07267
v -0.00480 -0.14796 0.03083
v -0.01144 0.04976 -0.07655
v -0.01279 0.05013 -0.08153
v -0.00717 -0.14819 0.02245
v -0.00950 -0.14728 0.01370
v -0.01179 -0.14523 0.00463
v -0.01203 -0.10599 -0.01281
v -0.01170 -0.06872 -0.02739
v -0.01153 -0.04246 -0.03787
v -0.01129 -0.02095 -0.04613
v -0.01100 -0.00281 -0.05273
v -0.01862 -0.08880 -0.02904
v -0.01864 -0.06445 -0.03940
v -0.01890 -0.04635 -0.04777
v -0.01931 -0.03214 -0.05492
v -0.01994 -0.02115 -0.06134
v -0.02091 -0.01314 -0.06743
v -0.02240 -0.00815 -0.07369
v -0.00297 -0.14647 0.03907
v -0.02468 -0.00656 -0.08075
v -0.00593 -0.14774 0.03135
v -0.02840 -0.00971 -0.08981
v -0.03714 -0.02913 -0.10600
v -0.00885 -0.14787 0.02322
v -0.01174 -0.14685 0.01472
v 0.00616 -0.14548 0.06417
v 0.00309 -0.15027 0.05760
v -0.01457 -0.14469 0.00590
v -0.01733 -0.14139 -0.00321
v -0.02001 -0.13698 -0.01256
v -0.01724 -0.14403 0.00743
v -0.02051 -0.14061 -0.00139
v -0.02368 -0.13608 -0.01046
v -0.02674 -0.13045 -0.01974
v -0.02966 -0.12375 -0.02918
v -0.03245 -0.11602 -0.03874
v -0.03508 -0.10728 -0.04837
v -0.03754 -0.09759 -0.05801
v -0.03982 -0.08698 -0.06763
v -0.04190 -0.07553 -0.07717
v -0.00351 -0.14633 0.03938
v -0.04377 -0.06328 -0.08658
v -0.00701 -0.14747 0.03197
v -0.04543 -0.05030 -0.09581
v -0.04686 -0.03668 -0.10480
v -0.01048 -0.14747 0.02415
v -0.01389 -0.14632 0.01596
v -0.05020 -0.06132 -0.08204
v -0.00804 -0.14717 0.03270
v -0.05207 -0.04819 -0.09107
v -0.05307 -0.03277 -0.09945
v -0.05820 -0.02745 -0.09332
v -0.05793 -0.04480 -0.08557
v -0.01202 -0.14701 0.02524
v -0.01593 -0.14571 0.01740
v -0.01978 -0.14327 0.00922
v -0.02352 -0.13971 0.00074
v -0.02716 -0.13504 -0.00800
v -0.03067 -0.12927 -0.01697
v -0.03403 -0.12244 -0.02611
v -0.03722 -0.11458 -0.03538
v -0.04024 -0.10573 -0.04473
v -0.04306 -0.09592 -0.05412
v -0.04567 -0.08521 -0.06350
v -0.04805 -0.07365 -0.07282
v -0.00403 -0.14618 0.03974
v -0.04825 -0.09403 -0.04972
v -0.05117 -0.08320 -0.05883
v -0.05384 -0.07154 -0.06791
v -0.05624 -0.05910 -0.07689
v -0.06185 -0.05664 -0.07119
v -0.05921 -0.06919 -0.06245
v 0.00499 -0.14526 0.06471
v 0.00250 -0.15016 0.05787
v -0.00452 -0.14600 0.04016
v -0.00901 -0.14682 0.03352
v -0.01347 -0.14649 0.02647
v -0.01786 -0.14502 0.01903
v -0.02216 -0.14242 0.01124
v -0.02636 -0.13869 0.00314
v -0.03044 -0.13385 -0.00523
v -0.03437 -0.12793 -0.01383
v -0.03813 -0.12096 -0.02263
v -0.04171 -0.11295 -0.03157
v -0.04509 -0.10396 -0.04062
v -0.04194 -0.11931 -0.01876
v -0.04588 -0.11115 -0.02734
v -0.04960 -0.10201 -0.03605
v -0.05307 -0.09194 -0.04483
v -0.05628 -0.08098 -0.05365
v -0.06096 -0.07855 -0.04799
v -0.00497 -0.14581 0.04061
v -0.00992 -0.14643 0.03443
v -0.01481 -0.14591 0.02783
v -0.01964 -0.14425 0.02084
v -0.02438 -0.14146 0.01349
v -0.02900 -0.13755 0.00581
v -0.03348 -0.13254 -0.00214
v -0.03780 -0.12645 -0.01035
v -0.02641 -0.14042 0.01594
v -0.03142 -0.13632 0.00873
v -0.03627 -0.13111 0.00122
v -0.04095 -0.12483 -0.00655
v -0.04544 -0.11751 -0.01455
v -0.04970 -0.10918 -0.02273
v -0.05373 -0.09988 -0.03106
v -0.05748 -0.08965 -0.03950
v -0.06146 -0.08720 -0.03376
v -0.00538 -0.14560 0.04111
v -0.01074 -0.14601 0.03543
v -0.01605 -0.14528 0.02932
v -0.02128 -0.14342 0.02281
v -0.01149 -0.14556 0.03650
v -0.01716 -0.14460 0.03092
v -0.02276 -0.14251 0.02494
v -0.02824 -0.13930 0.01857
v -0.03359 -0.13498 0.01186
v -0.03879 -0.12957 0.00484
v -0.04379 -0.12310 -0.00246
v 0.00378 -0.14508 0.06514
v 0.00189 -0.15007 0.05809
v -0.04859 -0.11558 -0.01001
v -0.05314 -0.10707 -0.01777
v -0.05744 -0.09759 -0.02570
v -0.06073 -0.09516 -0.02000
v -0.00576 -0.14537 0.04165
v -0.00609 -0.14513 0.04222
v -0.01214 -0.14507 0.03764
v -0.01814 -0.14388 0.03262
v -0.02406 -0.14156 0.02719
v -0.02986 -0.13812 0.02138
v -0.03552 -0.13357 0.01520
v -0.04100 -0.12794 0.00869
v -0.04629 -0.12125 0.00188
v -0.05136 -0.11353 -0.00519
v -0.05618 -0.10482 -0.01250
v -0.05375 -0.11138 -0.00012
v -0.05879 -0.10246 -0.00696
v -0.06095 -0.10001 -0.00118
v -0.00637 -0.14488 0.04282
v -0.01271 -0.14457 0.03884
v -0.01899 -0.14312 0.03442
v -0.02518 -0.14055 0.02957
v -0.03125 -0.13687 0.02432
v -0.03717 -0.13208 0.01870
v -0.04291 -0.12622 0.01274
v -0.04845 -0.11931 0.00645
v -0.03854 -0.13053 0.02236
v -0.04449 -0.12443 0.01695
v -0.05023 -0.11729 0.01121
v -0.05573 -0.10913 0.00516
v -0.00660 -0.14461 0.04345
v -0.01318 -0.14404 0.04009
v -0.01969 -0.14233 0.03628
v -0.02610 -0.13950 0.03204
v -0.03240 -0.13557 0.02739
v -0.02024 -0.14152 0.03821
v -0.02683 -0.13842 0.03460
v -0.03330 -0.13422 0.03056
v -0.03961 -0.12894 0.02613
v -0.04573 -0.12259 0.02131
v -0.05163 -0.11520 0.01612
v -0.05728 -0.10682 0.01061
v -0.00679 -0.14434 0.04410
v -0.01354 -0.14349 0.04138
v -0.00692 -0.14406 0.04476
v 0.00253 -0.14495 0.06544
v 0.00127 -0.15000 0.05824
v -0.01381 -0.14293 0.04270
v -0.02063 -0.14068 0.04018
v -0.02736 -0.13732 0.03721
v -0.03395 -0.13285 0.03381
v -0.04038 -0.12730 0.02999
v -0.04662 -0.12070 0.02576
v -0.05264 -0.11307 0.02115
v -0.05840 -0.10445 0.01619
v -0.00700 -0.14377 0.04543
v -0.01397 -0.14237 0.04404
v -0.02087 -0.13984 0.04218
v -0.02767 -0.13619 0.03987
v -0.03434 -0.13145 0.03710
v -0.04085 -0.12564 0.03391
v -0.04716 -0.11878 0.03029
v -0.05325 -0.11091 0.02626
v -0.05907 -0.10205 0.02185
v -0.04734 -0.11686 0.03485
v -0.05345 -0.10873 0.03141
v -0.05930 -0.09964 0.02757
v -0.00703 -0.14349 0.04611
v -0.01402 -0.14180 0.04539
v -0.02095 -0.13898 0.04420
v -0.02778 -0.13506 0.04254
v -0.03448 -0.13005 0.04042
v -0.04101 -0.12397 0.03786
v -0.02767 -0.13393 0.04522
v -0.03434 -0.12865 0.04375
v -0.04085 -0.12230 0.04181
v -0.04716 -0.11493 0.03941
v -0.05325 -0.10655 0.03656
v -0.05907 -0.09722 0.03328
v -0.05840 -0.09483 0.03895
v -0.05264 -0.10440 0.04167
v -0.00700 -0.14320 0.04678
v -0.01397 -0.14122 0.04674
v -0.02087 -0.13813 0.04622
v -0.00692 -0.14292 0.04746
v -0.01381 -0.14066 0.04808
v -0.02063 -0.13728 0.04822
v -0.02736 -0.13281 0.04788
v -0.03395 -0.12725 0.04704
v -0.04038 -0.12065 0.04573
v -0.04662 -0.11302 0.04393
v -0.04573 -0.11113 0.04839
v 0.00127 -0.14487 0.06562
v 0.00064 -0.14996 0.05833
v -0.03961 -0.11902 0.04959
v -0.00679 -0.14264 0.04812
v -0.01354 -0.14010 0.04940
v -0.02024 -0.13645 0.05019
v -0.02683 -0.13170 0.05049
v -0.03330 -0.12588 0.05029
v -0.03240 -0.12454 0.05346
v -0.00660 -0.14237 0.04876
v -0.01318 -0.13955 0.05069
v -0.01969 -0.13563 0.05212
v -0.02610 -0.13062 0.05305
v -0.02518 -0.12958 0.05552
v -0.00637 -0.14210 0.04939
v -0.01271 -0.13903 0.05194
v -0.01899 -0.13485 0.05399
v -0.00609 -0.14185 0.04999
v -0.01214 -0.13852 0.05314
v -0.01814 -0.13409 0.05578
v -0.00576 -0.14161 0.05056
v -0.01149 -0.13804 0.05428
v -0.01716 -0.13337 0.05748
v -0.01605 -0.13269 0.05909
v -0.00538 -0.14138 0.05110
v -0.01074 -0.13759 0.05535
v -0.00497 -0.14117 0.05160
v -0.00992 -0.13716 0.05635
v -0.00901 -0.13678 0.05726
v -0.00452 -0.14097 0.05206
v -0.00403 -0.14080 0.05247
v -0.00804 -0.13643 0.05809
v -0.00351 -0.14065 0.05283
v -0.00701 -0.13612 0.05881
v -0.00297 -0.14051 0.05315
v -0.00593 -0.13586 0.05944
v -0.00480 -0.13564 0.05996
v -0.00240 -0.14040 0.05341
v -0.00182 -0.14032 0.05361
v -0.00363 -0.13547 0.06036
v -0.00122 -0.14026 0.05376
v -0.00243 -0.13535 0.06066
v -0.00122 -0.13527 0.06083
v 0.00000 -0.13525 0.06089
v -0.00061 -0.14022 0.05384
v 0.00000 -0.14021 0.05387
v -0.00000 -0.14405 0.04635
v 0.00000 -0.14485 0.06568
v 0.00000 -0.14995 0.05836
vt 0.0300 0.5000
vt 0.0300 0.5000
vt 0.0300 0.5000
vt 0.0300 0.5000
vt 0.0300 0.5000
vt 0.0300 0.5000
vt 0.0300 0.5000
vt 0.0300 0.5000
vt 0.0300 0.5000
vt 0.0300 0.5000
vt 0.0300 0.5000
vt 0.0300 0.5000
vt 0.0300 0.5000
vt 0.0300 0.5000
vt 0.0300 0.5000
vt 0.0300 0.5000
vt 0.0300 0.5000
vt 0.0300 0.5000
vt 0.0300 0.5000
vt 0.0300 0.5000
vt 0.0300 0.5000
vt 0.0300 0.5000
vt 0.0300 0.5000
vt 0.0300 0.5000
vt 0.0300 0.5000
vt 0.0300 0.5000
vt 0.0300 0.5000
vt 0.0300 0.5000
vt 0.0300 0.5000
vt 0.0300 0.5000
vt 0.0300 0.5000
vt 0.0300 0.5000
vt 0.0300 0.5000
vt 0.0300 0.5000
vt 0.0300 0.5000
vt 0.0300 0.5000
vt 0.0300 0.5000
vt 0.0300 0.5000
vt 0.0300 0.5000
vt 0.0300 0.5000
vt 0.0300 0.5000
vt 0.0300 0.5000
vt 0.0300 0.5000
vt 0.0300 0.5000
vt 0.0300 0.5000
vt 0.0300 0.5000
vt 0.0300 0.5000
vt 0.0300 0.5000
vt 0.0300 0.5000
vt 0.0300 0.5000
vt 0.0300 0.5000
vt 0.0300 0.5000
vt 0.0300 0.5000
vt 0.0300 0.5000
vt 0.0300 0.5000
vt 0.0300 0.5000
vt 0.0300 0.5000
vt 0.0300 0.5000
vt 0.0300 0.5000
vt 0.0300 0.5000
vt 0.0300 0.5000
vt 0.0300 0.5000
vt 0.0300 0.5000
vt 0.0300 0.5000
vt 0.0300 0.5000
vt 0.0300 0.5000
vt 0.0300 0.5000
vt 0.0300 0.5000
vt 0.0300 0.5000
vt 0.0300 0.5000
vt 0.0300 0.5000
vt 0.0300 0.5000
vt 0.0300 0.5000
vt 0.0300 0.5000
vt 0.0300 0.5000
vt 0.0300 0.5000
vt 0.0300 0.5000
vt 0.0300 0.5000
vt 0.0300 0.5000
vt 0.0300 0.5000
vt 0.0300 0.5000
vt 0.0300 0.5000
vt 0.0300 0.5000
vt 0.0300 0.5000
vt 0.0300 0.5000
vt 0.0300 0.5000
vt 0.0300 0.5000
vt 0.0300 0.5000
vt 0.0300 0.5000
vt 0.0300 0.5000
vt 0.0300 0.5000
vt 0.0300 0.5000
vt 0.0300 0.5000
vt 0.0300 0.5000
vt 0.0300 0.5000
vt 0.0300 0.5000
vt 0.0300 0.5000
vt 0.0300 0.5000
vt 0.0300 0.5000
vt 0.0300 0.5000
vt 0.0300 0.5000
vt 0.0300 0.5000
vt 0.0300 0.5000
vt 0.0300 0.5000
vt 0.0300 0.5000
vt 0.0300 0.5000
vt 0.0300 0.5000
vt 0.0300 0.5000
vt 0.0300 0.5000
vt 0.0300 0.5000
vt 0.0300 0.5000
vt 0.0300 0.5000
vt 0.0300 0.5000
vt 0.0300 0.5000
vt 0.0300 0.5000
vt 0.0300 0.5000
vt 0.0300 0.5000
vt 0.0300 0.5000
vt 0.0300 0.5000
vt 0.0300 0.5000
vt 0.0300 0.5000
vt 0.0300 0.5000
vt 0.0300 0.5000
vt 0.0300 0.5000
vt 0.0300 0.5000
vt 0.0300 0.5000
vt 0.0300 0.5000
vt 0.0300 0.5000
vt 0.0300 0.5000
vt 0.0300 0.5000
vt 0.0300 0.5000
vt 0.0300 0.5000
vt 0.0300 0.5000
vt 0.0300 0.5000
vt 0.0300 0.5000
vt 0.0300 0.5000
vt 0.0300 0.5000
vt 0.0300 0.5000
vt 0.0300 0.5000
vt 0.0300 0.5000
vt 0.0300 0.5000
vt 0.0300 0.5000
vt 0.0300 0.5000
vt 0.0300 0.5000
vt 0.0300 0.5000
vt 0.0300 0.5000
vt 0.0300 0.5000
vt 0.0300 0.5000
vt 0.0300 0.5000
vt 0.0300 0.5000
vt 0.0300 0.5000
vt 0.0300 0.5000
vt 0.0300 0.5000
vt 0.0300 0.5000
vt 0.0300 0.5000
vt 0.0300 0.5000
vt 0.0300 0.5000
vt 0.0300 0.5000
vt 0.0300 0.5000
vt 0.0300 0.5000
vt 0.0300 0.5000
vt 0.0300 0.5000
vt 0.0300 0.5000
vt 0.0300 0.5000
vt 0.0300 0.5000
vt 0.0300 0.5000
vt 0.0300 0.5000
vt 0.0300 0.5000
vt 0.0300 0.5000
vt 0.0300 0.5000
vt 0.0300 0.5000
vt 0.0300 0.5000
vt 0.0300 0.5000
vt 0.0300 0.5000
vt 0.0300 0.5000
vt 0.0300 0.5000
vt 0.0300 0.5000
vt 0.0300 0.5000
vt 0.0300 0.5000
vt 0.0300 0.5000
vt 0.0300 0.5000
vt 0.0300 0.5000
vt 0.0300 0.5000
vt 0.0300 0.5000
vt 0.0300 0.5000
vt 0.0300 0.5000
vt 0.0300 0.5000
vt 0.0300 0.5000
vt 0.0300 0.5000
vt 0.0300 0.5000
vt 0.0300 0.5000
vt 0.0300 0.5000
vt 0.0300 0.5000
vt 0.0300 0.5000
vt 0.0300 0.5000
vt 0.0300 0.5000
vt 0.0300 0.5000
vt 0.0300 0.5000
vt 0.0300 0.5000
vt 0.0300 0.5000
vt 0.0300 0.5000
vt 0.0300 0.5000
vt 0.0300 0.5000
vt 0.0300 0.5000
vt 0.0300 0.5000
vt 0.0300 0.5000
vt 0.0300 0.5000
vt 0.0300 0.5000
vt 0.0300 0.5000
vt 0.0300 0.5000
vt 0.0300 0.5000
vt 0.0300 0.5000
vt 0.0300 0.5000
vt 0.0300 0.5000
vt 0.0300 0.5000
vt 0.0300 0.5000
vt 0.0300 0.5000
vt 0.0300 0.5000
vt 0.0300 0.5000
vt 0.0300 0.5000
vt 0.0300 0.5000
vt 0.0300 0.5000
vt 0.0300 0.5000
vt 0.0300 0.5000
vt 0.0300 0.5000
vt 0.0300 0.5000
vt 0.0300 0.5000
vt 0.0300 0.5000
vt 0.0300 0.5000
vt 0.0300 0.5000
vt 0.0300 0.5000
vt 0.0300 0.5000
vt 0.0300 0.5000
vt 0.0300 0.5000
vt 0.0300 0.5000
vt 0.0300 0.5000
vt 0.0300 0.5000
vt 0.0300 0.5000
vt 0.0300 0.5000
vt 0.0300 0.5000
vt 0.0300 0.5000
vt 0.0300 0.5000
vt 0.0300 0.5000
vt 0.0300 0.5000
vt 0.0300 0.5000
vt 0.0300 0.5000
vt 0.0300 0.5000
vt 0.0300 0.5000
vt 0.0300 0.5000
vt 0.0300 0.5000
vt 0.0300 0.5000
vt 0.0300 0.5000
vt 0.0300 0.5000
vt 0.0300 0.5000
vt 0.0300 0.5000
vt 0.0300 0.5000
vt 0.0300 0.5000
vt 0.0300 0.5000
vt 0.0300 0.5000
vt 0.0300 0.5000
vt 0.0300 0.5000
vt 0.0300 0.5000
vt 0.0300 0.5000
vt 0.0300 0.5000
vt 0.0300 0.5000
vt 0.0300 0.5000
vt 0.0300 0.5000
vt 0.0300 0.5000
vt 0.0300 0.5000
vt 0.0300 0.5000
vt 0.0300 0.5000
vt 0.0300 0.5000
vt 0.0300 0.5000
vt 0.0300 0.5000
vt 0.0300 0.5000
vt 0.0300 0.5000
vt 0.0300 0.5000
vt 0.0300 0.5000
vt 0.0300 0.5000
vt 0.0300 0.5000
vt 0.0300 0.5000
vt 0.0300 0.5000
vt 0.0300 0.5000
vt 0.0300 0.5000
vt 0.0300 0.5000
vt 0.0300 0.5000
vt 0.0300 0.5000
vt 0.0300 0.5000
vt 0.0300 0.5000
vt 0.0300 0.5000
vt 0.0300 0.5000
vt 0.0300 0.5000
vt 0.0300 0.5000
vt 0.0300 0.5000
vt 0.0300 0.5000
vt 0.0300 0.5000
vt 0.0300 0.5000
vt 0.0300 0.5000
vt 0.0300 0.5000
vt 0.0300 0.5000
vt 0.0300 0.5000
vt 0.0300 0.5000
vt 0.0300 0.5000
vt 0.0300 0.5000
vt 0.0300 0.5000
vt 0.0300 0.5000
vt 0.0300 0.5000
vt 0.0300 0.5000
vt 0.0300 0.5000
vt 0.0300 0.5000
vt 0.0300 0.5000
vt 0.0300 0.5000
vt 0.0300 0.5000
vt 0.0300 0.5000
vt 0.0300 0.5000
vt 0.0300 0.5000
vt 0.0300 0.5000
vt 0.0300 0.5000
vt 0.0300 0.5000
vt 0.0300 0.5000
vt 0.0300 0.5000
vt 0.0300 0.5000
vt 0.0300 0.5000
vt 0.0300 0.5000
vt 0.0300 0.5000
vt 0.0300 0.5000
vt 0.0300 0.5000
vt 0.0300 0.5000
vt 0.0300 0.5000
vt 0.0300 0.5000
vt 0.0300 0.5000
vt 0.0300 0.5000
vt 0.0300 0.5000
vt 0.0300 0.5000
vt 0.0300 0.5000
vt 0.0300 0.5000
vt 0.0300 0.5000
vt 0.0300 0.5000
vt 0.0300 0.5000
vt 0.0300 0.5000
vt 0.0300 0.5000
vt 0.0300 0.5000
vt 0.0300 0.5000
vt 0.0300 0.5000
vt 0.0300 0.5000
vt 0.0300 0.5000
vt 0.0300 0.5000
vt 0.0300 0.5000
vt 0.0300 0.5000
vt 0.0300 0.5000
vt 0.0300 0.5000
vt 0.0300 0.5000
vt 0.0300 0.5000
vt 0.0300 0.5000
vt 0.0300 0.5000
vt 0.0300 0.5000
vt 0.0300 0.5000
vt 0.0300 0.5000
vt 0.0300 0.5000
vt 0.0300 0.5000
vt 0.0300 0.5000
vt 0.0300 0.5000
vt 0.0300 0.5000
vt 0.0300 0.5000
vt 0.0300 0.5000
vt 0.0300 0.5000
vt 0.0300 0.5000
vt 0.0300 0.5000
vt 0.0300 0.5000
vt 0.0300 0.5000
vt 0.0300 0.5000
vt 0.0300 0.5000
vt 0.0300 0.5000
vt 0.0300 0.5000
vt 0.0300 0.5000
vt 0.0300 0.5000
vt 0.0300 0.5000
vt 0.0300 0.5000
vt 0.0300 0.5000
vt 0.0300 0.5000
vt 0.0300 0.5000
vt 0.0300 0.5000
vt 0.0300 0.5000
vt 0.0300 0.5000
vt 0.0300 0.5000
vt 0.0300 0.5000
vt 0.0300 0.5000
vt 0.0300 0.5000
vt 0.0300 0.5000
vt 0.0300 0.5000
vt 0.0300 0.5000
vt 0.0300 0.5000
vt 0.0300 0.5000
vt 0.0300 0.5000
vt 0.0300 0.5000
vt 0.0300 0.5000
vt 0.0300 0.5000
vt 0.0300 0.5000
vt 0.0300 0.5000
vt 0.0300 0.5000
vt 0.0300 0.5000
vt 0.0300 0.5000
vt 0.0300 0.5000
vt 0.0300 0.5000
vt 0.0300 0.5000
vt 0.0300 0.5000
vt 0.0300 0.5000
vt 0.0300 0.5000
vt 0.0300 0.5000
vt 0.0300 0.5000
vt 0.0300 0.5000
vt 0.0300 0.5000
vt 0.0300 0.5000
vt 0.0300 0.5000
vt 0.0300 0.5000
vt 0.0300 0.5000
vt 0.0300 0.5000
vt 0.0300 0.5000
vt 0.0300 0.5000
vt 0.0300 0.5000
vt 0.0300 0.5000
vt 0.0300 0.5000
vt 0.0300 0.5000
vt 0.0300 0.5000
vt 0.0300 0.5000
vt 0.0300 0.5000
vt 0.0300 0.5000
vt 0.0300 0.5000
vt 0.0300 0.5000
vt 0.0300 0.5000
vt 0.0300 0.5000
vt 0.0300 0.5000
vt 0.0300 0.5000
vt 0.0300 0.5000
vt 0.0300 0.5000
vt 0.0300 0.5000
vt 0.0300 0.5000
vt 0.0300 0.5000
vt 0.0300 0.5000
vt 0.0300 0.5000
vt 0.0300 0.5000
vt 0.0300 0.5000
vt 0.0300 0.5000
vt 0.0300 0.5000
vt 0.0300 0.5000
vt 0.0300 0.5000
vt 0.0300 0.5000
vt 0.0300 0.5000
vt 0.0300 0.5000
vt 0.0300 0.5000
vt 0.0300 0.5000
vt 0.0300 0.5000
vt 0.0300 0.5000
vt 0.0300 0.5000
vt 0.0300 0.5000
vt 0.0300 0.5000
vt 0.0300 0.5000
vt 0.0300 0.5000
vt 0.0300 0.5000
vt 0.0300 0.5000
vt 0.0300 0.5000
vt 0.0300 0.5000
vt 0.0300 0.5000
vt 0.0300 0.5000
vt 0.0300 0.5000
vt 0.0300 0.5000
vt 0.0300 0.5000
vt 0.0300 0.5000
vt 0.0300 0.5000
vt 0.0300 0.5000
vt 0.0300 0.5000
vt 0.0300 0.5000
vt 0.0300 0.5000
vt 0.0300 0.5000
vt 0.0300 0.5000
vt 0.0300 0.5000
vt 0.0300 0.5000
vt 0.0300 0.5000
vt 0.0300 0.5000
vt 0.0300 0.5000
vt 0.0300 0.5000
vt 0.0300 0.5000
vt 0.0300 0.5000
vt 0.0300 0.5000
vt 0.0300 0.5000
vt 0.0300 0.5000
vt 0.0300 0.5000
vt 0.0300 0.5000
vt 0.0300 0.5000
vt 0.0300 0.5000
vt 0.0300 0.5000
vt 0.0300 0.5000
vt 0.0300 0.5000
vt 0.0300 0.5000
vt 0.0300 0.5000
vt 0.0300 0.5000
vt 0.0300 0.5000
vt 0.0300 0.5000
vt 0.0300 0.5000
vt 0.0300 0.5000
vt 0.0300 0.5000
vt 0.0300 0.5000
vt 0.0300 0.5000
vt 0.0300 0.5000
vt 0.0300 0.5000
vt 0.0300 0.5000
vt 0.0300 0.5000
vt 0.0300 0.5000
vt 0.0300 0.5000
vt 0.0300 0.5000
vt 0.0300 0.5000
vt 0.0300 0.5000
vt 0.0300 0.5000
vt 0.0300 0.5000
vt 0.0300 0.5000
vt 0.0300 0.5000
vt 0.0300 0.5000
vt 0.0300 0.5000
vt 0.0300 0.5000
vt 0.0300 0.5000
vt 0.0300 0.5000
vt 0.0300 0.5000
vt 0.0300 0.5000
vt 0.0300 0.5000
vt 0.0300 0.5000
vt 0.0300 0.5000
vt 0.0300 0.5000
vt 0.0300 0.5000
vt 0.0300 0.5000
vt 0.0300 0.5000
vt 0.0300 0.5000
vt 0.0300 0.5000
vt 0.0300 0.5000
vt 0.0300 0.5000
vt 0.0300 0.5000
vt 0.0300 0.5000
vt 0.0300 0.5000
vt 0.0300 0.5000
vt 0.0300 0.5000
vt 0.0300 0.5000
vt 0.0300 0.5000
vt 0.0300 0.5000
vt 0.0300 0.5000
vt 0.0300 0.5000
vt 0.0300 0.5000
vt 0.0300 0.5000
vt 0.0300 0.5000
vt 0.0300 0.5000
vt 0.0300 0.5000
vt 0.0300 0.5000
vt 0.0300 0.5000
vt 0.0300 0.5000
vt 0.0300 0.5000
vt 0.0300 0.5000
vt 0.0300 0.5000
vt 0.0300 0.5000
vt 0.0300 0.5000
vt 0.0300 0.5000
vt 0.0300 0.5000
vt 0.0300 0.5000
vt 0.0300 0.5000
vt 0.0300 0.5000
vt 0.0300 0.5000
vt 0.0300 0.5000
vt 0.0300 0.5000
vt 0.0300 0.5000
vt 0.0300 0.5000
vt 0.0300 0.5000
vt 0.0300 0.5000
vt 0.0300 0.5000
vt 0.0300 0.5000
vt 0.0300 0.5000
vt 0.0300 0.5000
vt 0.0300 0.5000
vt 0.0300 0.5000
vt 0.0300 0.5000
vt 0.0300 0.5000
vt 0.0300 0.5000
vt 0.0300 0.5000
vt 0.0300 0.5000
vt 0.0300 0.5000
vt 0.0300 0.5000
vt 0.0300 0.5000
vt 0.0300 0.5000
vt 0.0300 0.5000
vt 0.0300 0.5000
vt 0.0300 0.5000
vt 0.0300 0.5000
vt 0.0300 0.5000
vt 0.0300 0.5000
vt 0.0300 0.5000
vt 0.0300 0.5000
vt 0.0300 0.5000
vt 0.0300 0.5000
vt 0.0300 0.5000
vt 0.0300 0.5000
vt 0.0300 0.5000
vt 0.0300 0.5000
vt 0.0300 0.5000
vt 0.0300 0.5000
vt 0.0300 0.5000
vt 0.0300 0.5000
vt 0.0300 0.5000
vt 0.0300 0.5000
vt 0.0300 0.5000
vt 0.0300 0.5000
vt 0.0300 0.5000
vt 0.0300 0.5000
vt 0.0300 0.5000
vt 0.0300 0.5000
vt 0.0300 0.5000
vt 0.0300 0.5000
vt 0.0300 0.5000
vt 0.0300 0.5000
vt 0.0300 0.5000
vt 0.0300 0.5000
vt 0.0300 0.5000
vt 0.0300 0.5000
vt 0.0300 0.5000
vt 0.0300 0.5000
vt 0.0300 0.5000
vt 0.0300 0.5000
vt 0.0300 0.5000
vt 0.0300 0.5000
vt 0.0300 0.5000
vt 0.0300 0.5000
vt 0.0300 0.5000
vt 0.0300 0.5000
vt 0.0300 0.5000
vt 0.0300 0.5000
vt 0.0300 0.5000
vt 0.0300 0.5000
vt 0.0300 0.5000
vt 0.0300 0.5000
vt 0.0300 0.5000
vt 0.0300 0.5000
vt 0.0300 0.5000
vt 0.0300 0.5000
vt 0.0300 0.5000
vt 0.0300 0.5000
vt 0.0300 0.5000
vt 0.0300 0.5000
vt 0.0300 0.5000
vt 0.0300 0.5000
vt 0.0300 0.5000
vt 0.0300 0.5000
vt 0.0300 0.5000
vt 0.0300 0.5000
vt 0.0300 0.5000
vt 0.0300 0.5000
vt 0.0300 0.5000
vt 0.0300 0.5000
vt 0.0300 0.5000
vt 0.0300 0.5000
vt 0.0300 0.5000
vt 0.0300 0.5000
vt 0.0300 0.5000
vt 0.0300 0.5000
vt 0.0300 0.5000
vt 0.0300 0.5000
vt 0.0300 0.5000
vt 0.0300 0.5000
vt 0.0300 0.5000
vt 0.0300 0.5000
vt 0.0300 0.5000
vt 0.0300 0.5000
vt 0.0300 0.5000
vt 0.0300 0.5000
vt 0.0300 0.5000
vt 0.0300 0.5000
vt 0.0300 0.5000
vt 0.0300 0.5000
vt 0.0300 0.5000
vt 0.0300 0.5000
vt 0.0300 0.5000
vt 0.0300 0.5000
vt 0.0300 0.5000
vt 0.0300 0.5000
vt 0.0300 0.5000
vt 0.0300 0.5000
vt 0.0300 0.5000
vt 0.0300 0.5000
vt 0.0300 0.5000
vt 0.0300 0.5000
vt 0.0300 0.5000
vt 0.0300 0.5000
vt 0.0300 0.5000
vt 0.0300 0.5000
vt 0.0300 0.5000
vt 0.0300 0.5000
vt 0.0300 0.5000
vt 0.0300 0.5000
vt 0.0300 0.5000
vt 0.0300 0.5000
vt 0.0300 0.5000
vt 0.0300 0.5000
vt 0.0300 0.5000
vt 0.0300 0.5000
vt 0.0300 0.5000
vt 0.0300 0.5000
vt 0.0300 0.5000
vt 0.0300 0.5000
vt 0.0300 0.5000
vt 0.0300 0.5000
vt 0.0300 0.5000
vt 0.0300 0.5000
vt 0.0300 0.5000
vt 0.0300 0.5000
vt 0.0300 0.5000
vt 0.0300 0.5000
vt 0.0300 0.5000
vt 0.0300 0.5000
vt 0.0300 0.5000
vt 0.0300 0.5000
vt 0.0300 0.5000
vt 0.0300 0.5000
vt 0.0300 0.5000
vt 0.0300 0.5000
vt 0.0300 0.5000
vt 0.0300 0.5000
vt 0.0300 0.5000
vt 0.0300 0.5000
vt 0.0300 0.5000
vt 0.0300 0.5000
vt 0.0300 0.5000
vt 0.0300 0.5000
vt 0.0300 0.5000
vt 0.0300 0.5000
vt 0.0300 0.5000
vt 0.0300 0.5000
vt 0.0300 0.5000
vt 0.0300 0.5000
vt 0.0300 0.5000
vt 0.0300 0.5000
vt 0.0300 0.5000
vt 0.0300 0.5000
vt 0.0300 0.5000
vt 0.0300 0.5000
vt 0.0300 0.5000
vt 0.0300 0.5000
vt 0.0300 0.5000
vt 0.0300 0.5000
vt 0.0300 0.5000
vt 0.0300 0.5000
vt 0.0300 0.5000
vt 0.0300 0.5000
vt 0.0300 0.5000
vt 0.0300 0.5000
vt 0.0300 0.5000
vt 0.0300 0.5000
vt 0.0300 0.5000
vt 0.0300 0.5000
vt 0.0300 0.5000
vt 0.0300 0.5000
vt 0.0300 0.5000
vt 0.0300 0.5000
vt 0.0300 0.5000
vt 0.0300 0.5000
vt 0.0300 0.5000
vt 0.0300 0.5000
vt 0.0300 0.5000
vt 0.0300 0.5000
vt 0.0300 0.5000
vt 0.0300 0.5000
vt 0.0300 0.5000
vt 0.0300 0.5000
vt 0.0300 0.5000
vt 0.0300 0.5000
vt 0.0300 0.5000
vt 0.0300 0.5000
vt 0.0300 0.5000
vt 0.0300 0.5000
vt 0.0300 0.5000
vt 0.0300 0.5000
vt 0.0300 0.5000
vt 0.0300 0.5000
vt 0.0300 0.5000
vt 0.0300 0.5000
vt 0.0300 0.5000
vt 0.0300 0.5000
vt 0.0300 0.5000
vt 0.0300 0.5000
vt 0.0300 0.5000
vt 0.0300 0.5000
vt 0.0300 0.5000
vt 0.0300 0.5000
vt 0.0300 0.5000
vt 0.0300 0.5000
vt 0.0300 0.5000
vt 0.0300 0.5000
vt 0.0300 0.5000
vt 0.0300 0.5000
vt 0.0300 0.5000
vt 0.0300 0.5000
vt 0.0300 0.5000
vt 0.0300 0.5000
vt 0.0300 0.5000
vt 0.0300 0.5000
vt 0.0300 0.5000
vt 0.0300 0.5000
vt 0.0300 0.5000
vt 0.0300 0.5000
vt 0.0300 0.5000
vt 0.0300 0.5000
vt 0.1508 0.5000
vt 0.5321 0.5000
vt 0.0300 0.5000
vt 0.0300 0.5000
vt 0.0300 0.5000
vt 0.0300 0.5000
vt 0.0300 0.5000
vt 0.0300 0.5000
vt 0.5321 0.5000
vt 0.6736 0.5000
vt 0.0300 0.5000
vt 0.0300 0.5000
vt 0.0300 0.5000
vt 0.0300 0.5000
vt 0.0300 0.5000
vt 0.0300 0.5000
vt 0.6736 0.5000
vt 0.7430 0.5000
vt 0.0300 0.5000
vt 0.0300 0.5000
vt 0.0300 0.5000
vt 0.0300 0.5000
vt 0.0300 0.5000
vt 0.7430 0.5000
vt 0.7665 0.5000
vt 0.0300 0.5000
vt 0.0300 0.5000
vt 0.7665 0.5000
vt 0.7545 0.5000
vt 0.0300 0.5000
vt 0.0300 0.5000
vt 0.7545 0.5000
vt 0.7118 0.5000
vt 0.0300 0.5000
vt 0.0300 0.5000
vt 0.7118 0.5000
vt 0.6393 0.5000
vt 0.0300 0.5000
vt 0.0300 0.5000
vt 0.6393 0.5000
vt 0.5333 0.5000
vt 0.0300 0.5000
vt 0.0300 0.5000
vt 0.5333 0.5000
vt 0.3762 0.5000
vt 0.0300 0.5000
vt 0.0300 0.5000
vt 0.3762 0.5000
vt 0.0300 0.5000
vt 0.5333 0.5000
vt 0.6393 0.5000
vt 0.9700 0.5000
vt 0.9000 0.5000
vt 0.3762 0.5000
vt 0.5333 0.5000
vt 0.9000 0.5000
vt 0.7565 0.5000
vt 0.0300 0.5000
vt 0.3762 0.5000
vt 0.7565 0.5000
vt 0.5764 0.5000
vt 0.0300 0.5000
vt 0.0300 0.5000
vt 0.5764 0.5000
vt 0.3108 0.5000
vt 0.0300 0.5000
vt 0.0300 0.5000
vt 0.3108 0.5000
vt 0.0300 0.5000
vt 0.0300 0.5000
vt 0.0300 0.5000
vt 0.0300 0.5000
vt 0.0300 0.5000
vt 0.0300 0.5000
vt 0.0300 0.5000
vt 0.0300 0.5000
vt 0.0300 0.5000
vt 0.5321 0.5000
vt 0.1508 0.5000
vt 0.9700 0.5000
vt 0.9700 0.5000
vt 0.0300 0.5000
vt 0.0300 0.5000
vt 0.0300 0.5000
vt 0.0300 0.5000
vt 0.6736 0.5000
vt 0.5321 0.5000
vt 0.9700 0.5000
vt 0.9700 0.5000
vt 0.0300 0.5000
vt 0.0300 0.5000
vt 0.0300 0.5000
vt 0.0300 0.5000
vt 0.7430 0.5000
vt 0.6736 0.5000
vt 0.9700 0.5000
vt 0.9700 0.5000
vt 0.0300 0.5000
vt 0.0300 0.5000
vt 0.0300 0.5000
vt 0.7665 0.5000
vt 0.7430 0.5000
vt 0.9700 0.5000
vt 0.9700 0.5000
vt 0.7545 0.5000
vt 0.7665 0.5000
vt 0.9700 0.5000
vt 0.9700 0.5000
vt 0.7118 0.5000
vt 0.7545 0.5000
vt 0.9700 0.5000
vt 0.9700 0.5000
vt 0.6393 0.5000
vt 0.7118 0.5000
vt 0.9700 0.5000
vt 0.9700 0.5000
vt 0.9700 0.5000
vt 0.9700 0.5000
vt 0.9700 0.5000
vt 0.9700 0.5000
vt 0.9700 0.5000
vt 0.9700 0.5000
vt 0.9700 0.5000
vt 0.9700 0.5000
vt 0.9700 0.5000
vt 0.9700 0.5000
vt 0.9700 0.5000
vt 0.9700 0.5000
vt 0.9000 0.5000
vt 0.9700 0.5000
vt 0.9700 0.5000
vt 0.9700 0.5000
vt 0.7565 0.5000
vt 0.9000 0.5000
vt 0.9700 0.5000
vt 0.9566 0.5000
vt 0.5764 0.5000
vt 0.7565 0.5000
vt 0.9566 0.5000
vt 0.7766 0.5000
vt 0.3108 0.5000
vt 0.5764 0.5000
vt 0.7766 0.5000
vt 0.5522 0.5000
vt 0.0300 0.5000
vt 0.3108 0.5000
vt 0.5522 0.5000
vt 0.1484 0.5000
vt 0.0300 0.5000
vt 0.0300 0.5000
vt 0.1484 0.5000
vt 0.0300 0.5000
vt 0.0300 0.5000
vt 0.0300 0.5000
vt 0.0300 0.5000
vt 0.0300 0.5000
vt 0.9700 0.5000
vt 0.9700 0.5000
vt 0.9700 0.5000
vt 0.9700 0.5000
vt 0.0300 0.5000
vt 0.0300 0.5000
vt 0.0300 0.5000
vt 0.0300 0.5000
vt 0.9700 0.5000
vt 0.9700 0.5000
vt 0.9700 0.5000
vt 0.9700 0.5000
vt 0.0300 0.5000
vt 0.0300 0.5000
vt 0.0300 0.5000
vt 0.0300 0.5000
vt 0.9700 0.5000
vt 0.9700 0.5000
vt 0.9700 0.5000
vt 0.9700 0.5000
vt 0.0300 0.5000
vt 0.0300 0.5000
vt 0.0300 0.5000
vt 0.9700 0.5000
vt 0.9700 0.5000
vt 0.9700 0.5000
vt 0.9700 0.5000
vt 0.9700 0.5000
vt 0.9700 0.5000
vt 0.9700 0.5000
vt 0.9700 0.5000
vt 0.0300 0.5000
vt 0.0300 0.5000
vt 0.0300 0.5000
vt 0.0300 0.5000
vt 0.9700 0.5000
vt 0.9700 0.5000
vt 0.9700 0.5000
vt 0.9700 0.5000
vt 0.0300 0.5000
vt 0.0300 0.5000
vt 0.0300 0.5000
vt 0.0300 0.5000
vt 0.9700 0.5000
vt 0.9700 0.5000
vt 0.9700 0.5000
vt 0.9700 0.5000
vt 0.0300 0.5000
vt 0.0300 0.5000
vt 0.0300 0.5000
vt 0.9700 0.5000
vt 0.9700 0.5000
vt 0.9700 0.5000
vt 0.9700 0.5000
vt 0.9700 0.5000
vt 0.9700 0.5000
vt 0.9700 0.5000
vt 0.9700 0.5000
vt 0.9700 0.5000
vt 0.9700 0.5000
vt 0.9700 0.5000
vt 0.9700 0.5000
vt 0.9700 0.5000
vt 0.9700 0.5000
vt 0.9700 0.5000
vt 0.9700 0.5000
vt 0.9700 0.5000
vt 0.9700 0.5000
vt 0.9700 0.5000
vt 0.9700 0.5000
vt 0.9566 0.5000
vt 0.9700 0.5000
vt 0.9700 0.5000
vt 0.9700 0.5000
vt 0.7766 0.5000
vt 0.9566 0.5000
vt 0.9700 0.5000
vt 0.8950 0.5000
vt 0.5522 0.5000
vt 0.7766 0.5000
vt 0.8950 0.5000
vt 0.6746 0.5000
vt 0.1484 0.5000
vt 0.5522 0.5000
vt 0.6746 0.5000
vt 0.3688 0.5000
vt 0.0300 0.5000
vt 0.1484 0.5000
vt 0.3688 0.5000
vt 0.0300 0.5000
vt 0.0300 0.5000
vt 0.0300 0.5000
vt 0.0300 0.5000
vt 0.0300 0.5000
vt 0.3688 0.5000
vt 0.6746 0.5000
vt 0.7392 0.5000
vt 0.4501 0.5000
vt 0.0300 0.5000
vt 0.3688 0.5000
vt 0.4501 0.5000
vt 0.0300 0.5000
vt 0.0300 0.5000
vt 0.0300 0.5000
vt 0.0300 0.5000
vt 0.0300 0.5000
vt 0.9700 0.5000
vt 0.9700 0.5000
vt 0.9700 0.5000
vt 0.9700 0.5000
vt 0.0300 0.5000
vt 0.0300 0.5000
vt 0.0300 0.5000
vt 0.0300 0.5000
vt 0.9700 0.5000
vt 0.9700 0.5000
vt 0.9700 0.5000
vt 0.9700 0.5000
vt 0.0300 0.5000
vt 0.0300 0.5000
vt 0.0300 0.5000
vt 0.0300 0.5000
vt 0.9700 0.5000
vt 0.9700 0.5000
vt 0.9700 0.5000
vt 0.9700 0.5000
vt 0.0300 0.5000
vt 0.0300 0.5000
vt 0.0300 0.5000
vt 0.9700 0.5000
vt 0.9700 0.5000
vt 0.9700 0.5000
vt 0.9700 0.5000
vt 0.9700 0.5000
vt 0.9700 0.5000
vt 0.9700 0.5000
vt 0.9700 0.5000
vt 0.9700 0.5000
vt 0.9700 0.5000
vt 0.9700 0.5000
vt 0.9700 0.5000
vt 0.9700 0.5000
vt 0.9700 0.5000
vt 0.9700 0.5000
vt 0.9700 0.5000
vt 0.9700 0.5000
vt 0.9700 0.5000
vt 0.9700 0.5000
vt 0.9700 0.5000
vt 0.9700 0.5000
vt 0.9700 0.5000
vt 0.9700 0.5000
vt 0.9700 0.5000
vt 0.8950 0.5000
vt 0.9700 0.5000
vt 0.9700 0.5000
vt 0.9601 0.5000
vt 0.6746 0.5000
vt 0.8950 0.5000
vt 0.9601 0.5000
vt 0.7392 0.5000
vt 0.9700 0.5000
vt 0.9700 0.5000
vt 0.9700 0.5000
vt 0.9700 0.5000
vt 0.9601 0.5000
vt 0.9700 0.5000
vt 0.9700 0.5000
vt 0.9700 0.5000
vt 0.7392 0.5000
vt 0.9601 0.5000
vt 0.9700 0.5000
vt 0.7596 0.5000
vt 0.4501 0.5000
vt 0.7392 0.5000
vt 0.7596 0.5000
vt 0.4741 0.5000
vt 0.0300 0.5000
vt 0.4501 0.5000
vt 0.4741 0.5000
vt 0.0300 0.5000
vt 0.0300 0.5000
vt 0.0300 0.5000
vt 0.0300 0.5000
vt 0.0300 0.5000
vt 0.9700 0.5000
vt 0.9700 0.5000
vt 0.9700 0.5000
vt 0.9700 0.5000
vt 0.0300 0.5000
vt 0.0300 0.5000
vt 0.0300 0.5000
vt 0.0300 0.5000
vt 0.9700 0.5000
vt 0.9700 0.5000
vt 0.9700 0.5000
vt 0.9700 0.5000
vt 0.0300 0.5000
vt 0.0300 0.5000
vt 0.0300 0.5000
vt 0.0300 0.5000
vt 0.9700 0.5000
vt 0.9700 0.5000
vt 0.9700 0.5000
vt 0.9700 0.5000
vt 0.0300 0.5000
vt 0.0300 0.5000
vt 0.0300 0.5000
vt 0.9700 0.5000
vt 0.9700 0.5000
vt 0.9700 0.5000
vt 0.9700 0.5000
vt 0.9700 0.5000
vt 0.9700 0.5000
vt 0.9700 0.5000
vt 0.9700 0.5000
vt 0.9700 0.5000
vt 0.9700 0.5000
vt 0.9700 0.5000
vt 0.9700 0.5000
vt 0.9700 0.5000
vt 0.9700 0.5000
vt 0.9700 0.5000
vt 0.9700 0.5000
vt 0.9700 0.5000
vt 0.9700 0.5000
vt 0.9700 0.5000
vt 0.9700 0.5000
vt 0.9700 0.5000
vt 0.9700 0.5000
vt 0.9700 0.5000
vt 0.9700 0.5000
vt 0.9700 0.5000
vt 0.9700 0.5000
vt 0.9700 0.5000
vt 0.9700 0.5000
vt 0.9700 0.5000
vt 0.9700 0.5000
vt 0.9700 0.5000
vt 0.9700 0.5000
vt 0.9700 0.5000
vt 0.9700 0.5000
vt 0.9700 0.5000
vt 0.9700 0.5000
vt 0.9700 0.5000
vt 0.9700 0.5000
vt 0.9700 0.5000
vt 0.9601 0.5000
vt 0.7596 0.5000
vt 0.9700 0.5000
vt 0.9601 0.5000
vt 0.7392 0.5000
vt 0.4741 0.5000
vt 0.7596 0.5000
vt 0.7392 0.5000
vt 0.4501 0.5000
vt 0.0300 0.5000
vt 0.4741 0.5000
vt 0.4501 0.5000
vt 0.0300 0.5000
vt 0.0300 0.5000
vt 0.0300 0.5000
vt 0.0300 0.5000
vt 0.0300 0.5000
vt 0.9700 0.5000
vt 0.9700 0.5000
vt 0.9700 0.5000
vt 0.9700 0.5000
vt 0.0300 0.5000
vt 0.0300 0.5000
vt 0.0300 0.5000
vt 0.0300 0.5000
vt 0.9700 0.5000
vt 0.9700 0.5000
vt 0.9700 0.5000
vt 0.9700 0.5000
vt 0.0300 0.5000
vt 0.0300 0.5000
vt 0.0300 0.5000
vt 0.0300 0.5000
vt 0.9700 0.5000
vt 0.9700 0.5000
vt 0.9700 0.5000
vt 0.9700 0.5000
vt 0.0300 0.5000
vt 0.0300 0.5000
vt 0.0300 0.5000
vt 0.9700 0.5000
vt 0.9700 0.5000
vt 0.9700 0.5000
vt 0.9700 0.5000
vt 0.9700 0.5000
vt 0.9700 0.5000
vt 0.9700 0.5000
vt 0.9700 0.5000
vt 0.0300 0.5000
vt 0.0300 0.5000
vt 0.0300 0.5000
vt 0.0300 0.5000
vt 0.9700 0.5000
vt 0.9700 0.5000
vt 0.9700 0.5000
vt 0.9700 0.5000
vt 0.0300 0.5000
vt 0.0300 0.5000
vt 0.0300 0.5000
vt 0.9700 0.5000
vt 0.9700 0.5000
vt 0.9700 0.5000
vt 0.9700 0.5000
vt 0.9700 0.5000
vt 0.9700 0.5000
vt 0.9700 0.5000
vt 0.9700 0.5000
vt 0.9700 0.5000
vt 0.9700 0.5000
vt 0.9700 0.5000
vt 0.9700 0.5000
vt 0.9700 0.5000
vt 0.9700 0.5000
vt 0.9700 0.5000
vt 0.9700 0.5000
vt 0.9700 0.5000
vt 0.9700 0.5000
vt 0.9700 0.5000
vt 0.9700 0.5000
vt 0.9700 0.5000
vt 0.9700 0.5000
vt 0.9700 0.5000
vt 0.9700 0.5000
vt 0.9601 0.5000
vt 0.9700 0.5000
vt 0.9700 0.5000
vt 0.8950 0.5000
vt 0.7392 0.5000
vt 0.9601 0.5000
vt 0.8950 0.5000
vt 0.6746 0.5000
vt 0.4501 0.5000
vt 0.7392 0.5000
vt 0.6746 0.5000
vt 0.3688 0.5000
vt 0.0300 0.5000
vt 0.4501 0.5000
vt 0.3688 0.5000
vt 0.0300 0.5000
vt 0.0300 0.5000
vt 0.0300 0.5000
vt 0.0300 0.5000
vt 0.0300 0.5000
vt 0.9700 0.5000
vt 0.9700 0.5000
vt 0.9700 0.5000
vt 0.9700 0.5000
vt 0.0300 0.5000
vt 0.0300 0.5000
vt 0.0300 0.5000
vt 0.0300 0.5000
vt 0.9700 0.5000
vt 0.9700 0.5000
vt 0.9700 0.5000
vt 0.9700 0.5000
vt 0.0300 0.5000
vt 0.3688 0.5000
vt 0.1484 0.5000
vt 0.0300 0.5000
vt 0.0300 0.5000
vt 0.0300 0.5000
vt 0.0300 0.5000
vt 0.0300 0.5000
vt 0.9700 0.5000
vt 0.9700 0.5000
vt 0.9700 0.5000
vt 0.9700 0.5000
vt 0.0300 0.5000
vt 0.0300 0.5000
vt 0.0300 0.5000
vt 0.0300 0.5000
vt 0.9700 0.5000
vt 0.9700 0.5000
vt 0.9700 0.5000
vt 0.9700 0.5000
vt 0.0300 0.5000
vt 0.0300 0.5000
vt 0.0300 0.5000
vt 0.0300 0.5000
vt 0.9700 0.5000
vt 0.9700 0.5000
vt 0.9700 0.5000
vt 0.9700 0.5000
vt 0.0300 0.5000
vt 0.0300 0.5000
vt 0.0300 0.5000
vt 0.9700 0.5000
vt 0.9700 0.5000
vt 0.9700 0.5000
vt 0.9700 0.5000
vt 0.9700 0.5000
vt 0.9700 0.5000
vt 0.9700 0.5000
vt 0.9700 0.5000
vt 0.9700 0.5000
vt 0.9700 0.5000
vt 0.9700 0.5000
vt 0.9700 0.5000
vt 0.9700 0.5000
vt 0.9700 0.5000
vt 0.9700 0.5000
vt 0.9700 0.5000
vt 0.9700 0.5000
vt 0.9700 0.5000
vt 0.9700 0.5000
vt 0.9700 0.5000
vt 0.9700 0.5000
vt 0.9700 0.5000
vt 0.9700 0.5000
vt 0.9566 0.5000
vt 0.8950 0.5000
vt 0.9700 0.5000
vt 0.9566 0.5000
vt 0.7766 0.5000
vt 0.6746 0.5000
vt 0.8950 0.5000
vt 0.7766 0.5000
vt 0.5522 0.5000
vt 0.3688 0.5000
vt 0.6746 0.5000
vt 0.5522 0.5000
vt 0.1484 0.5000
vt 0.7766 0.5000
vt 0.9566 0.5000
vt 0.7565 0.5000
vt 0.5764 0.5000
vt 0.5522 0.5000
vt 0.7766 0.5000
vt 0.5764 0.5000
vt 0.3108 0.5000
vt 0.1484 0.5000
vt 0.5522 0.5000
vt 0.3108 0.5000
vt 0.0300 0.5000
vt 0.0300 0.5000
vt 0.1484 0.5000
vt 0.0300 0.5000
vt 0.0300 0.5000
vt 0.0300 0.5000
vt 0.0300 0.5000
vt 0.0300 0.5000
vt 0.0300 0.5000
vt 0.9700 0.5000
vt 0.9700 0.5000
vt 0.9700 0.5000
vt 0.9700 0.5000
vt 0.0300 0.5000
vt 0.0300 0.5000
vt 0.0300 0.5000
vt 0.0300 0.5000
vt 0.9700 0.5000
vt 0.9700 0.5000
vt 0.9700 0.5000
vt 0.9700 0.5000
vt 0.0300 0.5000
vt 0.0300 0.5000
vt 0.0300 0.5000
vt 0.0300 0.5000
vt 0.9700 0.5000
vt 0.9700 0.5000
vt 0.9700 0.5000
vt 0.9700 0.5000
vt 0.0300 0.5000
vt 0.0300 0.5000
vt 0.0300 0.5000
vt 0.9700 0.5000
vt 0.9700 0.5000
vt 0.9700 0.5000
vt 0.9700 0.5000
vt 0.9700 0.5000
vt 0.9700 0.5000
vt 0.9700 0.5000
vt 0.9700 0.5000
vt 0.9700 0.5000
vt 0.9700 0.5000
vt 0.9700 0.5000
vt 0.9700 0.5000
vt 0.9700 0.5000
vt 0.9700 0.5000
vt 0.9700 0.5000
vt 0.9700 0.5000
vt 0.9700 0.5000
vt 0.9700 0.5000
vt 0.9700 0.5000
vt 0.9000 0.5000
vt 0.9566 0.5000
vt 0.9700 0.5000
vt 0.9000 0.5000
vt 0.7565 0.5000
vt 0.9700 0.5000
vt 0.9700 0.5000
vt 0.7118 0.5000
vt 0.6393 0.5000
vt 0.9000 0.5000
vt 0.9700 0.5000
vt 0.6393 0.5000
vt 0.5333 0.5000
vt 0.7565 0.5000
vt 0.9000 0.5000
vt 0.5333 0.5000
vt 0.3762 0.5000
vt 0.5764 0.5000
vt 0.7565 0.5000
vt 0.3762 0.5000
vt 0.0300 0.5000
vt 0.3108 0.5000
vt 0.5764 0.5000
vt 0.0300 0.5000
vt 0.0300 0.5000
vt 0.0300 0.5000
vt 0.3108 0.5000
vt 0.0300 0.5000
vt 0.0300 0.5000
vt 0.0300 0.5000
vt 0.0300 0.5000
vt 0.0300 0.5000
vt 0.0300 0.5000
vt 0.0300 0.5000
vt 0.0300 0.5000
vt 0.0300 0.5000
vt 0.0300 0.5000
vt 0.9700 0.5000
vt 0.9700 0.5000
vt 0.1508 0.5000
vt 0.5321 0.5000
vt 0.0300 0.5000
vt 0.0300 0.5000
vt 0.0300 0.5000
vt 0.0300 0.5000
vt 0.9700 0.5000
vt 0.9700 0.5000
vt 0.5321 0.5000
vt 0.6736 0.5000
vt 0.0300 0.5000
vt 0.0300 0.5000
vt 0.0300 0.5000
vt 0.0300 0.5000
vt 0.9700 0.5000
vt 0.9700 0.5000
vt 0.6736 0.5000
vt 0.7430 0.5000
vt 0.0300 0.5000
vt 0.0300 0.5000
vt 0.0300 0.5000
vt 0.9700 0.5000
vt 0.9700 0.5000
vt 0.7430 0.5000
vt 0.7665 0.5000
vt 0.9700 0.5000
vt 0.9700 0.5000
vt 0.7665 0.5000
vt 0.7545 0.5000
vt 0.9700 0.5000
vt 0.9700 0.5000
vt 0.7545 0.5000
vt 0.7118 0.5000
vt 0.7430 0.5000
vt 0.6736 0.5000
vt 0.0300 0.5000
vt 0.0300 0.5000
vt 0.0300 0.5000
vt 0.0300 0.5000
vt 0.0300 0.5000
vt 0.7665 0.5000
vt 0.7430 0.5000
vt 0.0300 0.5000
vt 0.0300 0.5000
vt 0.7545 0.5000
vt 0.7665 0.5000
vt 0.0300 0.5000
vt 0.0300 0.5000
vt 0.7118 0.5000
vt 0.7545 0.5000
vt 0.0300 0.5000
vt 0.0300 0.5000
vt 0.6393 0.5000
vt 0.7118 0.5000
vt 0.0300 0.5000
vt 0.0300 0.5000
vt 0.5333 0.5000
vt 0.6393 0.5000
vt 0.0300 0.5000
vt 0.0300 0.5000
vt 0.3762 0.5000
vt 0.5333 0.5000
vt 0.0300 0.5000
vt 0.0300 0.5000
vt 0.0300 0.5000
vt 0.3762 0.5000
vt 0.0300 0.5000
vt 0.0300 0.5000
vt 0.0300 0.5000
vt 0.0300 0.5000
vt 0.0300 0.5000
vt 0.0300 0.5000
vt 0.0300 0.5000
vt 0.0300 0.5000
vt 0.0300 0.5000
vt 0.0300 0.5000
vt 0.0300 0.5000
vt 0.0300 0.5000
vt 0.0300 0.5000
vt 0.0300 0.5000
vt 0.0300 0.5000
vt 0.0300 0.5000
vt 0.0300 0.5000
vt 0.0300 0.5000
vt 0.5321 0.5000
vt 0.1508 0.5000
vt 0.0300 0.5000
vt 0.0300 0.5000
vt 0.0300 0.5000
vt 0.0300 0.5000
vt 0.0300 0.5000
vt 0.0300 0.5000
vt 0.6736 0.5000
vt 0.5321 0.5000
vt 0.0300 0.5000
vt 0.0300 0.5000
vt 0.0300 0.5000
vt 0.0300 0.5000
vt 0.0300 0.5000
vt 0.0300 0.5000
vt 0.0300 0.5000
vt 0.0300 0.5000
vt 0.0300 0.5000
vt 0.0300 0.5000
vt 0.0300 0.5000
vt 0.0300 0.5000
vt 0.0300 0.5000
vt 0.0300 0.5000
vt 0.0300 0.5000
vt 0.0300 0.5000
vt 0.0300 0.5000
vt 0.0300 0.5000
vt 0.0300 0.5000
vt 0.0300 0.5000
vt 0.0300 0.5000
vt 0.0300 0.5000
vt 0.0300 0.5000
vt 0.0300 0.5000
vt 0.0300 0.5000
vt 0.0300 0.5000
vt 0.0300 0.5000
vt 0.0300 0.5000
vt 0.0300 0.5000
vt 0.0300 0.5000
vt 0.0300 0.5000
vt 0.0300 0.5000
vt 0.0300 0.5000
vt 0.0300 0.5000
vt 0.0300 0.5000
vt 0.0300 0.5000
vt 0.0300 0.5000
vt 0.0300 0.5000
vt 0.0300 0.5000
vt 0.0300 0.5000
vt 0.0300 0.5000
vt 0.0300 0.5000
vt 0.0300 0.5000
vt 0.0300 0.5000
vt 0.0300 0.5000
vt 0.0300 0.5000
vt 0.0300 0.5000
vt 0.0300 0.5000
vt 0.0300 0.5000
vt 0.0300 0.5000
vt 0.0300 0.5000
vt 0.0300 0.5000
vt 0.0300 0.5000
vt 0.0300 0.5000
vt 0.0300 0.5000
vt 0.0300 0.5000
vt 0.0300 0.5000
vt 0.0300 0.5000
vt 0.0300 0.5000
vt 0.0300 0.5000
vt 0.0300 0.5000
vt 0.0300 0.5000
vt 0.0300 0.5000
vt 0.0300 0.5000
vt 0.0300 0.5000
vt 0.0300 0.5000
vt 0.0300 0.5000
vt 0.0300 0.5000
vt 0.0300 0.5000
vt 0.0300 0.5000
vt 0.0300 0.5000
vt 0.0300 0.5000
vt 0.0300 0.5000
vt 0.0300 0.5000
vt 0.0300 0.5000
vt 0.0300 0.5000
vt 0.0300 0.5000
vt 0.0300 0.5000
vt 0.0300 0.5000
vt 0.0300 0.5000
vt 0.0300 0.5000
vt 0.0300 0.5000
vt 0.0300 0.5000
vt 0.0300 0.5000
vt 0.0300 0.5000
vt 0.0300 0.5000
vt 0.0300 0.5000
vt 0.0300 0.5000
vt 0.0300 0.5000
vt 0.0300 0.5000
vt 0.0300 0.5000
vt 0.0300 0.5000
vt 0.0300 0.5000
vt 0.0300 0.5000
vt 0.0300 0.5000
vt 0.0300 0.5000
vt 0.0300 0.5000
vt 0.0300 0.5000
vt 0.0300 0.5000
vt 0.0300 0.5000
vt 0.0300 0.5000
vt 0.0300 0.5000
vt 0.0300 0.5000
vt 0.0300 0.5000
vt 0.0300 0.5000
vt 0.0300 0.5000
vt 0.0300 0.5000
vt 0.0300 0.5000
vt 0.0300 0.5000
vt 0.0300 0.5000
vt 0.0300 0.5000
vt 0.0300 0.5000
vt 0.0300 0.5000
vt 0.0300 0.5000
vt 0.0300 0.5000
vt 0.0300 0.5000
vt 0.0300 0.5000
vt 0.0300 0.5000
vt 0.0300 0.5000
vt 0.0300 0.5000
vt 0.0300 0.5000
vt 0.0300 0.5000
vt 0.0300 0.5000
vt 0.0300 0.5000
vt 0.0300 0.5000
vt 0.0300 0.5000
vt 0.0300 0.5000
vt 0.0300 0.5000
vt 0.0300 0.5000
vt 0.0300 0.5000
vt 0.0300 0.5000
vt 0.0300 0.5000
vt 0.0300 0.5000
vt 0.0300 0.5000
vt 0.0300 0.5000
vt 0.0300 0.5000
vt 0.0300 0.5000
vt 0.0300 0.5000
vt 0.0300 0.5000
vt 0.0300 0.5000
vt 0.0300 0.5000
vt 0.0300 0.5000
vt 0.0300 0.5000
vt 0.0300 0.5000
vt 0.0300 0.5000
vt 0.0300 0.5000
vt 0.0300 0.5000
vt 0.0300 0.5000
vt 0.0300 0.5000
vt 0.0300 0.5000
vt 0.0300 0.5000
vt 0.0300 0.5000
vt 0.0300 0.5000
vt 0.0300 0.5000
vt 0.0300 0.5000
vt 0.0300 0.5000
vt 0.0300 0.5000
vt 0.0300 0.5000
vt 0.0300 0.5000
vt 0.0300 0.5000
vt 0.0300 0.5000
vt 0.0300 0.5000
vt 0.0300 0.5000
vt 0.0300 0.5000
vt 0.0300 0.5000
vt 0.0300 0.5000
vt 0.0300 0.5000
vt 0.0300 0.5000
vt 0.0300 0.5000
vt 0.0300 0.5000
vt 0.0300 0.5000
vt 0.0300 0.5000
vt 0.0300 0.5000
vt 0.0300 0.5000
vt 0.0300 0.5000
vt 0.0300 0.5000
vt 0.0300 0.5000
vt 0.0300 0.5000
vt 0.0300 0.5000
vt 0.0300 0.5000
vt 0.0300 0.5000
vt 0.0300 0.5000
vt 0.0300 0.5000
vt 0.0300 0.5000
vt 0.0300 0.5000
vt 0.0300 0.5000
vt 0.0300 0.5000
vt 0.0300 0.5000
vt 0.0300 0.5000
vt 0.0300 0.5000
vt 0.0300 0.5000
vt 0.0300 0.5000
vt 0.0300 0.5000
vt 0.0300 0.5000
vt 0.0300 0.5000
vt 0.0300 0.5000
vt 0.0300 0.5000
vt 0.0300 0.5000
vt 0.0300 0.5000
vt 0.0300 0.5000
vt 0.0300 0.5000
vt 0.0300 0.5000
vt 0.0300 0.5000
vt 0.0300 0.5000
vt 0.0300 0.5000
vt 0.0300 0.5000
vt 0.0300 0.5000
vt 0.0300 0.5000
vt 0.0300 0.5000
vt 0.0300 0.5000
vt 0.0300 0.5000
vt 0.0300 0.5000
vt 0.0300 0.5000
vt 0.0300 0.5000
vt 0.0300 0.5000
vt 0.0300 0.5000
vt 0.0300 0.5000
vt 0.0300 0.5000
vt 0.0300 0.5000
vt 0.0300 0.5000
vt 0.0300 0.5000
vt 0.0300 0.5000
vt 0.0300 0.5000
vt 0.0300 0.5000
vt 0.0300 0.5000
vt 0.0300 0.5000
vt 0.0300 0.5000
vt 0.0300 0.5000
vt 0.0300 0.5000
vt 0.0300 0.5000
vt 0.0300 0.5000
vt 0.0300 0.5000
vt 0.0300 0.5000
vt 0.0300 0.5000
vt 0.0300 0.5000
vt 0.0300 0.5000
vt 0.0300 0.5000
vt 0.0300 0.5000
vt 0.0300 0.5000
vt 0.0300 0.5000
vt 0.0300 0.5000
vt 0.0300 0.5000
vt 0.0300 0.5000
vt 0.0300 0.5000
vt 0.0300 0.5000
vt 0.0300 0.5000
vt 0.0300 0.5000
vt 0.0300 0.5000
vt 0.0300 0.5000
vt 0.0300 0.5000
vt 0.0300 0.5000
vt 0.0300 0.5000
vt 0.0300 0.5000
vt 0.0300 0.5000
vt 0.0300 0.5000
vt 0.0300 0.5000
vt 0.0300 0.5000
vt 0.0300 0.5000
vt 0.0300 0.5000
vt 0.0300 0.5000
vt 0.0300 0.5000
vt 0.0300 0.5000
vt 0.0300 0.5000
vt 0.0300 0.5000
vt 0.0300 0.5000
vt 0.0300 0.5000
vt 0.0300 0.5000
vt 0.0300 0.5000
vt 0.0300 0.5000
vt 0.0300 0.5000
vt 0.0300 0.5000
vt 0.0300 0.5000
vt 0.0300 0.5000
vt 0.0300 0.5000
vt 0.0300 0.5000
vt 0.0300 0.5000
vt 0.0300 0.5000
vt 0.0300 0.5000
vt 0.0300 0.5000
vt 0.0300 0.5000
vt 0.0300 0.5000
vt 0.0300 0.5000
vt 0.0300 0.5000
vt 0.0300 0.5000
vt 0.0300 0.5000
vt 0.0300 0.5000
vt 0.0300 0.5000
vt 0.0300 0.5000
vt 0.0300 0.5000
vt 0.0300 0.5000
vt 0.0300 0.5000
vt 0.0300 0.5000
vt 0.0300 0.5000
vt 0.0300 0.5000
vt 0.0300 0.5000
vt 0.0300 0.5000
vt 0.0300 0.5000
vt 0.0300 0.5000
vt 0.0300 0.5000
vt 0.0300 0.5000
vt 0.0300 0.5000
vt 0.0300 0.5000
vt 0.0300 0.5000
vt 0.0300 0.5000
vt 0.0300 0.5000
vt 0.0300 0.5000
vt 0.0300 0.5000
vt 0.0300 0.5000
vt 0.0300 0.5000
vt 0.0300 0.5000
vt 0.0300 0.5000
vt 0.0300 0.5000
vt 0.0300 0.5000
vt 0.0300 0.5000
vt 0.0300 0.5000
vt 0.0300 0.5000
vt 0.0300 0.5000
vt 0.0300 0.5000
vt 0.0300 0.5000
vt 0.0300 0.5000
vt 0.0300 0.5000
vt 0.0300 0.5000
vt 0.0300 0.5000
vt 0.0300 0.5000
vt 0.0300 0.5000
vt 0.0300 0.5000
vt 0.0300 0.5000
vt 0.0300 0.5000
vt 0.0300 0.5000
vt 0.0300 0.5000
vt 0.0300 0.5000
vt 0.0300 0.5000
vt 0.0300 0.5000
vt 0.0300 0.5000
vt 0.0300 0.5000
vt 0.0300 0.5000
vt 0.0300 0.5000
vt 0.0300 0.5000
vt 0.0300 0.5000
vt 0.0300 0.5000
vt 0.0300 0.5000
vt 0.0300 0.5000
vt 0.0300 0.5000
vt 0.0300 0.5000
vt 0.0300 0.5000
vt 0.0300 0.5000
vt 0.0300 0.5000
vt 0.0300 0.5000
vt 0.0300 0.5000
vt 0.0300 0.5000
vt 0.0300 0.5000
vt 0.0300 0.5000
vt 0.0300 0.5000
vt 0.0300 0.5000
vt 0.0300 0.5000
vt 0.0300 0.5000
vt 0.0300 0.5000
vt 0.0300 0.5000
vt 0.0300 0.5000
vt 0.0300 0.5000
vt 0.0300 0.5000
vt 0.0300 0.5000
vt 0.0300 0.5000
vt 0.0300 0.5000
vt 0.0300 0.5000
vt 0.0300 0.5000
vt 0.0300 0.5000
vt 0.0300 0.5000
vt 0.0300 0.5000
vt 0.0300 0.5000
vt 0.0300 0.5000
vt 0.0300 0.5000
vt 0.0300 0.5000
vt 0.0300 0.5000
vt 0.0300 0.5000
vt 0.0300 0.5000
vt 0.0300 0.5000
vt 0.0300 0.5000
vt 0.0300 0.5000
vt 0.0300 0.5000
vt 0.0300 0.5000
vt 0.0300 0.5000
vt 0.0300 0.5000
vt 0.0300 0.5000
vt 0.0300 0.5000
vt 0.0300 0.5000
vt 0.0300 0.5000
vt 0.0300 0.5000
vt 0.0300 0.5000
vt 0.0300 0.5000
vt 0.0300 0.5000
vt 0.0300 0.5000
vt 0.0300 0.5000
vt 0.0300 0.5000
vt 0.0300 0.5000
vt 0.0300 0.5000
vt 0.0300 0.5000
vt 0.0300 0.5000
vt 0.0300 0.5000
vt 0.0300 0.5000
vt 0.0300 0.5000
vt 0.0300 0.5000
vt 0.0300 0.5000
vt 0.0300 0.5000
vt 0.0300 0.5000
vt 0.0300 0.5000
vt 0.0300 0.5000
vt 0.0300 0.5000
vt 0.0300 0.5000
vt 0.0300 0.5000
vt 0.0300 0.5000
vt 0.0300 0.5000
vt 0.0300 0.5000
vt 0.0300 0.5000
vt 0.0300 0.5000
vt 0.0300 0.5000
vt 0.0300 0.5000
vt 0.0300 0.5000
vt 0.0300 0.5000
vt 0.0300 0.5000
vt 0.0300 0.5000
vt 0.0300 0.5000
vt 0.0300 0.5000
vt 0.0300 0.5000
vt 0.0300 0.5000
vt 0.0300 0.5000
vt 0.0300 0.5000
vt 0.0300 0.5000
vt 0.0300 0.5000
vt 0.0300 0.5000
vt 0.0300 0.5000
vt 0.0300 0.5000
vt 0.0300 0.5000
vt 0.0300 0.5000
vt 0.0300 0.5000
vt 0.0300 0.5000
vt 0.0300 0.5000
vt 0.0300 0.5000
vt 0.0300 0.5000
vt 0.0300 0.5000
vt 0.0300 0.5000
vt 0.0300 0.5000
vt 0.0300 0.5000
vt 0.0300 0.5000
vt 0.0300 0.5000
vt 0.0300 0.5000
vt 0.0300 0.5000
vt 0.0300 0.5000
vt 0.0300 0.5000
vt 0.0300 0.5000
vt 0.0300 0.5000
vt 0.0300 0.5000
vt 0.0300 0.5000
vt 0.0300 0.5000
vt 0.0300 0.5000
vt 0.0300 0.5000
vt 0.0300 0.5000
vt 0.0300 0.5000
vt 0.0300 0.5000
vt 0.0300 0.5000
vt 0.0300 0.5000
vt 0.0300 0.5000
vt 0.0300 0.5000
vt 0.0300 0.5000
vt 0.0300 0.5000
vt 0.0300 0.5000
vt 0.0300 0.5000
vt 0.0300 0.5000
vt 0.0300 0.5000
vt 0.0300 0.5000
vt 0.0300 0.5000
vt 0.0300 0.5000
vt 0.0300 0.5000
vt 0.0300 0.5000
vt 0.0300 0.5000
vt 0.0300 0.5000
vt 0.0300 0.5000
vt 0.0300 0.5000
vt 0.0300 0.5000
vt 0.0300 0.5000
vt 0.0300 0.5000
vt 0.0300 0.5000
vt 0.0300 0.5000
vt 0.0300 0.5000
vt 0.0300 0.5000
vt 0.0300 0.5000
vt 0.0300 0.5000
vt 0.0300 0.5000
vt 0.0300 0.5000
vt 0.0300 0.5000
vt 0.0300 0.5000
vt 0.0300 0.5000
vt 0.0300 0.5000
vt 0.0300 0.5000
vt 0.0300 0.5000
vt 0.0300 0.5000
vt 0.0300 0.5000
vt 0.0300 0.5000
vt 0.0300 0.5000
vt 0.0300 0.5000
vt 0.0300 0.5000
vt 0.0300 0.5000
vt 0.0300 0.5000
vt 0.0300 0.5000
vt 0.0300 0.5000
vt 0.0300 0.5000
vt 0.0300 0.5000
vt 0.0300 0.5000
vt 0.0300 0.5000
vt 0.0300 0.5000
vt 0.0300 0.5000
vt 0.0300 0.5000
vt 0.0300 0.5000
vt 0.0300 0.5000
vt 0.0300 0.5000
vt 0.0300 0.5000
vt 0.0300 0.5000
vt 0.0300 0.5000
vt 0.0300 0.5000
vt 0.0300 0.5000
vt 0.0300 0.5000
vt 0.0300 0.5000
vt 0.0300 0.5000
vt 0.0300 0.5000
vt 0.0300 0.5000
vt 0.0300 0.5000
vt 0.0300 0.5000
vt 0.0300 0.5000
vt 0.0300 0.5000
vt 0.0300 0.5000
vt 0.0300 0.5000
vt 0.0300 0.5000
vt 0.0300 0.5000
vt 0.0300 0.5000
vt 0.0300 0.5000
vt 0.0300 0.5000
vt 0.0300 0.5000
vt 0.0300 0.5000
vt 0.0300 0.5000
vt 0.0300 0.5000
vt 0.0300 0.5000
vt 0.0300 0.5000
vt 0.0300 0.5000
vt 0.0300 0.5000
vt 0.0300 0.5000
vt 0.0300 0.5000
vt 0.0300 0.5000
vt 0.0300 0.5000
vt 0.0300 0.5000
vt 0.0300 0.5000
vt 0.0300 0.5000
vt 0.0300 0.5000
vt 0.0300 0.5000
vt 0.0300 0.5000
vt 0.0300 0.5000
vt 0.0300 0.5000
vt 0.0300 0.5000
vt 0.0300 0.5000
vt 0.0300 0.5000
vt 0.0300 0.5000
vt 0.0300 0.5000
vt 0.0300 0.5000
vt 0.0300 0.5000
vt 0.0300 0.5000
vt 0.0300 0.5000
vt 0.0300 0.5000
vt 0.0300 0.5000
vt 0.0300 0.5000
vt 0.0300 0.5000
vt 0.0300 0.5000
vt 0.0300 0.5000
vt 0.0300 0.5000
vt 0.0300 0.5000
vt 0.0300 0.5000
vt 0.0300 0.5000
vt 0.0300 0.5000
vt 0.0300 0.5000
vt 0.0300 0.5000
vt 0.0300 0.5000
vt 0.0300 0.5000
vt 0.0300 0.5000
vt 0.0300 0.5000
vt 0.0300 0.5000
vt 0.0300 0.5000
vt 0.0300 0.5000
vt 0.0300 0.5000
vt 0.0300 0.5000
vt 0.0300 0.5000
vt 0.0300 0.5000
vt 0.0300 0.5000
vt 0.0300 0.5000
vt 0.0300 0.5000
vt 0.0300 0.5000
vt 0.0300 0.5000
vt 0.0300 0.5000
vt 0.0300 0.5000
vt 0.0300 0.5000
vt 0.0300 0.5000
vt 0.0300 0.5000
vt 0.0300 0.5000
vt 0.0300 0.5000
vt 0.0300 0.5000
vt 0.0300 0.5000
vt 0.0300 0.5000
vt 0.0300 0.5000
vt 0.0300 0.5000
vt 0.0300 0.5000
vt 0.0300 0.5000
vt 0.0300 0.5000
vt 0.0300 0.5000
vt 0.0300 0.5000
vt 0.0300 0.5000
vt 0.0300 0.5000
vt 0.0300 0.5000
vt 0.0300 0.5000
vt 0.0300 0.5000
vt 0.0300 0.5000
vt 0.0300 0.5000
vt 0.0300 0.5000
vt 0.0300 0.5000
vt 0.0300 0.5000
vt 0.0300 0.5000
vt 0.0300 0.5000
vt 0.0300 0.5000
vt 0.0300 0.5000
vt 0.0300 0.5000
vt 0.0300 0.5000
vt 0.0300 0.5000
vt 0.0300 0.5000
vt 0.0300 0.5000
vt 0.0300 0.5000
vt 0.0300 0.5000
vt 0.0300 0.5000
vt 0.0300 0.5000
vt 0.0300 0.5000
vt 0.0300 0.5000
vt 0.0300 0.5000
vt 0.0300 0.5000
vt 0.0300 0.5000
vt 0.0300 0.5000
vt 0.0300 0.5000
vt 0.0300 0.5000
vt 0.0300 0.5000
vt 0.0300 0.5000
vt 0.0300 0.5000
vt 0.0300 0.5000
vt 0.0300 0.5000
vt 0.0300 0.5000
vt 0.0300 0.5000
vt 0.0300 0.5000
vt 0.0300 0.5000
vt 0.0300 0.5000
vt 0.0300 0.5000
vt 0.0300 0.5000
vt 0.0300 0.5000
vt 0.0300 0.5000
vt 0.0300 0.5000
vt 0.0300 0.5000
vt 0.0300 0.5000
vt 0.0300 0.5000
vt 0.0300 0.5000
vt 0.0300 0.5000
vt 0.0300 0.5000
vt 0.0300 0.5000
vt 0.0300 0.5000
vt 0.0300 0.5000
vt 0.0300 0.5000
vt 0.0300 0.5000
vt 0.0300 0.5000
vt 0.0300 0.5000
vt 0.0300 0.5000
vt 0.0300 0.5000
vt 0.0300 0.5000
vt 0.0300 0.5000
vt 0.9700 0.5000
vt 0.9700 0.5000
vt 0.9700 0.5000
vt 0.9700 0.5000
vt 0.9700 0.5000
vt 0.9700 0.5000
vt 0.9700 0.5000
vt 0.0300 0.5000
vt 0.0300 0.5000
vt 0.0300 0.5000
vt 0.0300 0.5000
vt 0.9700 0.5000
vt 0.9700 0.5000
vt 0.9700 0.5000
vt 0.9700 0.5000
vt 0.9700 0.5000
vt 0.9700 0.5000
vt 0.9700 0.5000
vt 0.9700 0.5000
vt 0.9700 0.5000
vt 0.9700 0.5000
vt 0.0300 0.5000
vt 0.0300 0.5000
vt 0.0300 0.5000
vt 0.0300 0.5000
vt 0.9700 0.5000
vt 0.9700 0.5000
vt 0.9700 0.5000
vt 0.9700 0.5000
vt 0.9700 0.5000
vt 0.9700 0.5000
vt 0.9700 0.5000
vt 0.9700 0.5000
vt 0.9700 0.5000
vt 0.9700 0.5000
vt 0.9700 0.5000
vt 0.0300 0.5000
vt 0.0300 0.5000
vt 0.0300 0.5000
vt 0.0300 0.5000
vt 0.9700 0.5000
vt 0.9700 0.5000
vt 0.9700 0.5000
vt 0.9700 0.5000
vt 0.9700 0.5000
vt 0.9700 0.5000
vt 0.9700 0.5000
vt 0.9700 0.5000
vt 0.9700 0.5000
vt 0.9700 0.5000
vt 0.0300 0.5000
vt 0.0300 0.5000
vt 0.0300 0.5000
vt 0.9700 0.5000
vt 0.9700 0.5000
vt 0.9700 0.5000
vt 0.9700 0.5000
vt 0.9700 0.5000
vt 0.9700 0.5000
vt 0.9700 0.5000
vt 0.9700 0.5000
vt 0.9700 0.5000
vt 0.9700 0.5000
vt 0.9700 0.5000
vt 0.9700 0.5000
vt 0.9700 0.5000
vt 0.9700 0.5000
vt 0.9700 0.5000
vt 0.9700 0.5000
vt 0.9700 0.5000
vt 0.9700 0.5000
vt 0.9700 0.5000
vt 0.9700 0.5000
vt 0.9700 0.5000
vt 0.9700 0.5000
vt 0.0300 0.5000
vt 0.0300 0.5000
vt 0.0300 0.5000
vt 0.0300 0.5000
vt 0.9700 0.5000
vt 0.9700 0.5000
vt 0.9700 0.5000
vt 0.9700 0.5000
vt 0.9700 0.5000
vt 0.9700 0.5000
vt 0.9700 0.5000
vt 0.9700 0.5000
vt 0.9700 0.5000
vt 0.9700 0.5000
vt 0.0300 0.5000
vt 0.0300 0.5000
vt 0.0300 0.5000
vt 0.9700 0.5000
vt 0.9700 0.5000
vt 0.9700 0.5000
vt 0.9700 0.5000
vt 0.9700 0.5000
vt 0.9700 0.5000
vt 0.9700 0.5000
vt 0.9700 0.5000
vt 0.9700 0.5000
vt 0.9700 0.5000
vt 0.9700 0.5000
vt 0.9700 0.5000
vt 0.9700 0.5000
vt 0.9700 0.5000
vt 0.9700 0.5000
vt 0.9700 0.5000
vt 0.9700 0.5000
vt 0.9700 0.5000
vt 0.9700 0.5000
vt 0.9700 0.5000
vt 0.9700 0.5000
vt 0.9700 0.5000
vt 0.9700 0.5000
vt 0.9700 0.5000
vt 0.9700 0.5000
vt 0.9700 0.5000
vt 0.9700 0.5000
vt 0.9700 0.5000
vt 0.9700 0.5000
vt 0.9700 0.5000
vt 0.9700 0.5000
vt 0.9700 0.5000
vt 0.9700 0.5000
vt 0.9700 0.5000
vt 0.9700 0.5000
vt 0.9700 0.5000
vt 0.9700 0.5000
vt 0.9700 0.5000
vt 0.9700 0.5000
vt 0.9700 0.5000
vt 0.9700 0.5000
vt 0.9700 0.5000
vt 0.9700 0.5000
vt 0.9700 0.5000
vt 0.9700 0.5000
vt 0.9700 0.5000
vt 0.9700 0.5000
vt 0.9700 0.5000
vt 0.9700 0.5000
vt 0.9700 0.5000
vt 0.9700 0.5000
vt 0.9700 0.5000
vt 0.9700 0.5000
vt 0.9700 0.5000
vt 0.9700 0.5000
vt 0.9700 0.5000
vt 0.9700 0.5000
vt 0.9700 0.5000
vt 0.9700 0.5000
vt 0.9700 0.5000
vt 0.9700 0.5000
vt 0.9700 0.5000
vt 0.9700 0.5000
vt 0.9700 0.5000
vt 0.9700 0.5000
vt 0.9700 0.5000
vt 0.9700 0.5000
vt 0.9700 0.5000
vt 0.9700 0.5000
vt 0.9700 0.5000
vt 0.9700 0.5000
vt 0.9700 0.5000
vt 0.9700 0.5000
vt 0.9700 0.5000
vt 0.9700 0.5000
vt 0.9700 0.5000
vt 0.9700 0.5000
vt 0.9700 0.5000
vt 0.9700 0.5000
vt 0.9700 0.5000
vt 0.9700 0.5000
vt 0.9700 0.5000
vt 0.9700 0.5000
vt 0.9700 0.5000
vt 0.9700 0.5000
vt 0.9700 0.5000
vt 0.9700 0.5000
vt 0.9700 0.5000
vt 0.9700 0.5000
vt 0.9700 0.5000
vt 0.9700 0.5000
vt 0.9700 0.5000
vt 0.9700 0.5000
vt 0.9700 0.5000
vt 0.9700 0.5000
vt 0.9700 0.5000
vt 0.9700 0.5000
vt 0.9700 0.5000
vt 0.9700 0.5000
vt 0.9700 0.5000
vt 0.9700 0.5000
vt 0.9700 0.5000
vt 0.9700 0.5000
vt 0.9700 0.5000
vt 0.9700 0.5000
vt 0.9700 0.5000
vt 0.9700 0.5000
vt 0.9700 0.5000
vt 0.9700 0.5000
vt 0.9700 0.5000
vt 0.9700 0.5000
vt 0.9700 0.5000
vt 0.9700 0.5000
vt 0.9700 0.5000
vt 0.9700 0.5000
vt 0.9700 0.5000
vt 0.9700 0.5000
vt 0.9700 0.5000
vt 0.9700 0.5000
vt 0.9700 0.5000
vt 0.9700 0.5000
vt 0.9700 0.5000
vt 0.9700 0.5000
vt 0.9700 0.5000
vt 0.9700 0.5000
vt 0.9700 0.5000
vt 0.9700 0.5000
vt 0.9700 0.5000
vt 0.9700 0.5000
vt 0.9700 0.5000
vt 0.9700 0.5000
vt 0.9700 0.5000
vt 0.9700 0.5000
vt 0.9700 0.5000
vt 0.9700 0.5000
vt 0.9700 0.5000
vt 0.9700 0.5000
vt 0.9700 0.5000
vt 0.9700 0.5000
vt 0.9700 0.5000
vt 0.9700 0.5000
vt 0.9700 0.5000
vt 0.9700 0.5000
vt 0.9700 0.5000
vt 0.9700 0.5000
vt 0.9700 0.5000
vt 0.9700 0.5000
vt 0.9700 0.5000
vt 0.0300 0.5000
vt 0.0300 0.5000
vt 0.0300 0.5000
vt 0.0300 0.5000
vt 0.9700 0.5000
vt 0.9700 0.5000
vt 0.9700 0.5000
vt 0.9700 0.5000
vt 0.9700 0.5000
vt 0.9700 0.5000
vt 0.9700 0.5000
vt 0.9700 0.5000
vt 0.9700 0.5000
vt 0.9700 0.5000
vt 0.9700 0.5000
vt 0.9700 0.5000
vt 0.9700 0.5000
vt 0.9700 0.5000
vt 0.9700 0.5000
vt 0.9700 0.5000
vt 0.9700 0.5000
vt 0.9700 0.5000
vt 0.9700 0.5000
vt 0.9700 0.5000
vt 0.9700 0.5000
vt 0.9700 0.5000
vt 0.9700 0.5000
vt 0.9700 0.5000
vt 0.9700 0.5000
vt 0.9700 0.5000
vt 0.9700 0.5000
vt 0.9700 0.5000
vt 0.9700 0.5000
vt 0.9700 0.5000
vt 0.9700 0.5000
vt 0.9700 0.5000
vt 0.9700 0.5000
vt 0.9700 0.5000
vt 0.9700 0.5000
vt 0.9700 0.5000
vt 0.9700 0.5000
vt 0.9700 0.5000
vt 0.9700 0.5000
vt 0.9700 0.5000
vt 0.9700 0.5000
vt 0.9700 0.5000
vt 0.9700 0.5000
vt 0.9700 0.5000
vt 0.9700 0.5000
vt 0.9700 0.5000
vt 0.9700 0.5000
vt 0.0300 0.5000
vt 0.0300 0.5000
vt 0.0300 0.5000
vt 0.0300 0.5000
vt 0.9700 0.5000
vt 0.9700 0.5000
vt 0.9700 0.5000
vt 0.9700 0.5000
vt 0.9700 0.5000
vt 0.9700 0.5000
vt 0.9700 0.5000
vt 0.9700 0.5000
vt 0.9700 0.5000
vt 0.9700 0.5000
vt 0.9700 0.5000
vt 0.9700 0.5000
vt 0.0300 0.5000
vt 0.0300 0.5000
vt 0.0300 0.5000
vt 0.0300 0.5000
vt 0.9700 0.5000
vt 0.9700 0.5000
vt 0.9700 0.5000
vt 0.9700 0.5000
vt 0.9700 0.5000
vt 0.9700 0.5000
vt 0.9700 0.5000
vt 0.9700 0.5000
vt 0.9700 0.5000
vt 0.9700 0.5000
vt 0.9700 0.5000
vt 0.0300 0.5000
vt 0.0300 0.5000
vt 0.0300 0.5000
vt 0.9700 0.5000
vt 0.9700 0.5000
vt 0.9700 0.5000
vt 0.9700 0.5000
vt 0.9700 0.5000
vt 0.9700 0.5000
vt 0.9700 0.5000
vt 0.9700 0.5000
vt 0.9700 0.5000
vt 0.9700 0.5000
vt 0.9700 0.5000
vt 0.9700 0.5000
vt 0.9700 0.5000
vt 0.9700 0.5000
vt 0.9700 0.5000
vt 0.9700 0.5000
vt 0.9700 0.5000
vt 0.9700 0.5000
vt 0.9700 0.5000
vt 0.9700 0.5000
vt 0.9700 0.5000
vt 0.9700 0.5000
vt 0.9700 0.5000
vt 0.9700 0.5000
vt 0.9700 0.5000
vt 0.9700 0.5000
vt 0.9700 0.5000
vt 0.9700 0.5000
vt 0.9700 0.5000
vt 0.9700 0.5000
vt 0.9700 0.5000
vt 0.9700 0.5000
vt 0.9700 0.5000
vt 0.9700 0.5000
vt 0.9700 0.5000
vt 0.9700 0.5000
vt 0.9700 0.5000
vt 0.9700 0.5000
vt 0.9700 0.5000
vt 0.9700 0.5000
vt 0.9700 0.5000
vt 0.9700 0.5000
vt 0.9700 0.5000
vt 0.9700 0.5000
vt 0.9700 0.5000
vt 0.9700 0.5000
vt 0.9700 0.5000
vt 0.9700 0.5000
vt 0.9700 0.5000
vt 0.9700 0.5000
vt 0.9700 0.5000
vt 0.9700 0.5000
vt 0.9700 0.5000
vt 0.9700 0.5000
vt 0.9700 0.5000
vt 0.9700 0.5000
vt 0.9700 0.5000
vt 0.9700 0.5000
vt 0.9700 0.5000
vt 0.9700 0.5000
vt 0.9700 0.5000
vt 0.9700 0.5000
vt 0.9700 0.5000
vt 0.9700 0.5000
vt 0.9700 0.5000
vt 0.9700 0.5000
vt 0.9700 0.5000
vt 0.9700 0.5000
vt 0.9700 0.5000
vt 0.9700 0.5000
vt 0.9700 0.5000
vt 0.9700 0.5000
vt 0.9700 0.5000
vt 0.9700 0.5000
vt 0.9700 0.5000
vt 0.9700 0.5000
vt 0.9700 0.5000
vt 0.9700 0.5000
vt 0.9700 0.5000
vt 0.9700 0.5000
vt 0.9700 0.5000
vt 0.9700 0.5000
vt 0.9700 0.5000
vt 0.9700 0.5000
vt 0.9700 0.5000
vt 0.9700 0.5000
vt 0.9700 0.5000
vt 0.9700 0.5000
vt 0.9700 0.5000
vt 0.9700 0.5000
vt 0.9700 0.5000
vt 0.9700 0.5000
vt 0.9700 0.5000
vt 0.9700 0.5000
vt 0.9700 0.5000
vt 0.9700 0.5000
vt 0.9700 0.5000
vt 0.9700 0.5000
vt 0.9700 0.5000
vt 0.9700 0.5000
vt 0.9700 0.5000
vt 0.9700 0.5000
vt 0.9700 0.5000
vt 0.9700 0.5000
vt 0.9700 0.5000
vt 0.9700 0.5000
vt 0.9700 0.5000
vt 0.9700 0.5000
vt 0.9700 0.5000
vt 0.9700 0.5000
vt 0.9700 0.5000
vt 0.9700 0.5000
vt 0.9700 0.5000
vt 0.9700 0.5000
vt 0.9700 0.5000
vt 0.9700 0.5000
vt 0.9700 0.5000
vt 0.9700 0.5000
vt 0.9700 0.5000
vt 0.9700 0.5000
vt 0.9700 0.5000
vt 0.9700 0.5000
vt 0.9700 0.5000
vt 0.9700 0.5000
vt 0.9700 0.5000
vt 0.9700 0.5000
vt 0.9700 0.5000
vt 0.9700 0.5000
vt 0.9700 0.5000
vt 0.9700 0.5000
vt 0.9700 0.5000
vt 0.9700 0.5000
vt 0.9700 0.5000
vt 0.9700 0.5000
vt 0.9700 0.5000
vt 0.9700 0.5000
vt 0.9700 0.5000
vt 0.9700 0.5000
vt 0.9700 0.5000
vt 0.9700 0.5000
vt 0.9700 0.5000
vt 0.9700 0.5000
vt 0.9700 0.5000
vt 0.9700 0.5000
vt 0.9700 0.5000
vt 0.9700 0.5000
vt 0.9700 0.5000
vt 0.9700 0.5000
vt 0.9700 0.5000
vt 0.9700 0.5000
vt 0.9700 0.5000
vt 0.9700 0.5000
vt 0.9700 0.5000
vt 0.9700 0.5000
vt 0.9700 0.5000
vt 0.9700 0.5000
vt 0.9700 0.5000
vt 0.9700 0.5000
vt 0.9700 0.5000
vt 0.9700 0.5000
vt 0.9700 0.5000
vt 0.9700 0.5000
vt 0.9700 0.5000
vt 0.9700 0.5000
vt 0.9700 0.5000
vt 0.9700 0.5000
vt 0.9700 0.5000
vt 0.9700 0.5000
vt 0.9700 0.5000
vt 0.9700 0.5000
vt 0.9700 0.5000
vt 0.9700 0.5000
vt 0.9700 0.5000
vt 0.9700 0.5000
vt 0.9700 0.5000
vt 0.9700 0.5000
vt 0.9700 0.5000
vt 0.9700 0.5000
vt 0.9700 0.5000
vt 0.9700 0.5000
vt 0.9700 0.5000
vt 0.9700 0.5000
vt 0.9700 0.5000
vt 0.9700 0.5000
vt 0.9700 0.5000
vt 0.9700 0.5000
vt 0.9700 0.5000
vt 0.9700 0.5000
vt 0.9700 0.5000
vt 0.9700 0.5000
vt 0.9700 0.5000
vt 0.9700 0.5000
vt 0.9700 0.5000
vt 0.9700 0.5000
vt 0.9700 0.5000
vt 0.9700 0.5000
vt 0.9700 0.5000
vt 0.9700 0.5000
vt 0.9700 0.5000
vt 0.0300 0.5000
vt 0.0300 0.5000
vt 0.0300 0.5000
vt 0.0300 0.5000
vt 0.9700 0.5000
vt 0.9700 0.5000
vt 0.9700 0.5000
vt 0.9700 0.5000
vt 0.9700 0.5000
vt 0.9700 0.5000
vt 0.9700 0.5000
vt 0.9700 0.5000
vt 0.9700 0.5000
vt 0.9700 0.5000
vt 0.9700 0.5000
vt 0.9700 0.5000
vt 0.0300 0.5000
vt 0.0300 0.5000
vt 0.0300 0.5000
vt 0.0300 0.5000
vt 0.9700 0.5000
vt 0.9700 0.5000
vt 0.9700 0.5000
vt 0.9700 0.5000
vt 0.9700 0.5000
vt 0.9700 0.5000
vt 0.9700 0.5000
vt 0.9700 0.5000
vt 0.9700 0.5000
vt 0.9700 0.5000
vt 0.9700 0.5000
vt 0.9700 0.5000
vt 0.0300 0.5000
vt 0.0300 0.5000
vt 0.0300 0.5000
vt 0.9700 0.5000
vt 0.9700 0.5000
vt 0.9700 0.5000
vt 0.9700 0.5000
vt 0.9700 0.5000
vt 0.9700 0.5000
vt 0.9700 0.5000
vt 0.9700 0.5000
vt 0.9700 0.5000
vt 0.9700 0.5000
vt 0.9700 0.5000
vt 0.9700 0.5000
vt 0.9700 0.5000
vt 0.9700 0.5000
vt 0.9700 0.5000
vt 0.9700 0.5000
vt 0.9700 0.5000
vt 0.9700 0.5000
vt 0.9700 0.5000
vt 0.9700 0.5000
vt 0.9700 0.5000
vt 0.9700 0.5000
vt 0.9700 0.5000
vt 0.9700 0.5000
vt 0.9700 0.5000
vt 0.9700 0.5000
vt 0.9700 0.5000
vt 0.9700 0.5000
vt 0.9700 0.5000
vt 0.9700 0.5000
vt 0.9700 0.5000
vt 0.9700 0.5000
vt 0.9700 0.5000
vt 0.9700 0.5000
vt 0.9700 0.5000
vt 0.9700 0.5000
vt 0.9700 0.5000
vt 0.9700 0.5000
vt 0.9700 0.5000
vt 0.9700 0.5000
vt 0.9700 0.5000
vt 0.9700 0.5000
vt 0.9700 0.5000
vt 0.9700 0.5000
vt 0.9700 0.5000
vt 0.9700 0.5000
vt 0.9700 0.5000
vt 0.9700 0.5000
vt 0.9700 0.5000
vt 0.9700 0.5000
vt 0.9700 0.5000
vt 0.9700 0.5000
vt 0.9700 0.5000
vt 0.9700 0.5000
vt 0.9700 0.5000
vt 0.9700 0.5000
vt 0.9700 0.5000
vt 0.9700 0.5000
vt 0.9700 0.5000
vt 0.9700 0.5000
vt 0.9700 0.5000
vt 0.9700 0.5000
vt 0.9700 0.5000
vt 0.9700 0.5000
vt 0.9700 0.5000
vt 0.9700 0.5000
vt 0.9700 0.5000
vt 0.9700 0.5000
vt 0.9700 0.5000
vt 0.9700 0.5000
vt 0.9700 0.5000
vt 0.9700 0.5000
vt 0.9700 0.5000
vt 0.9700 0.5000
vt 0.9700 0.5000
vt 0.9700 0.5000
vt 0.9700 0.5000
vt 0.9700 0.5000
vt 0.9700 0.5000
vt 0.9700 0.5000
vt 0.9700 0.5000
vt 0.9700 0.5000
vt 0.9700 0.5000
vt 0.9700 0.5000
vt 0.9700 0.5000
vt 0.9700 0.5000
vt 0.9700 0.5000
vt 0.9700 0.5000
vt 0.9700 0.5000
vt 0.9700 0.5000
vt 0.9700 0.5000
vt 0.9700 0.5000
vt 0.9700 0.5000
vt 0.9700 0.5000
vt 0.9700 0.5000
vt 0.9700 0.5000
vt 0.9700 0.5000
vt 0.9700 0.5000
vt 0.9700 0.5000
vt 0.9700 0.5000
vt 0.9700 0.5000
vt 0.9700 0.5000
vt 0.9700 0.5000
vt 0.9700 0.5000
vt 0.9700 0.5000
vt 0.9700 0.5000
vt 0.9700 0.5000
vt 0.9700 0.5000
vt 0.9700 0.5000
vt 0.9700 0.5000
vt 0.9700 0.5000
vt 0.9700 0.5000
vt 0.9700 0.5000
vt 0.9700 0.5000
vt 0.9700 0.5000
vt 0.9700 0.5000
vt 0.9700 0.5000
vt 0.9700 0.5000
vt 0.9700 0.5000
vt 0.9700 0.5000
vt 0.9700 0.5000
vt 0.9700 0.5000
vt 0.9700 0.5000
vt 0.9700 0.5000
vt 0.9700 0.5000
vt 0.9700 0.5000
vt 0.9700 0.5000
vt 0.9700 0.5000
vt 0.9700 0.5000
vt 0.9700 0.5000
vt 0.9700 0.5000
vt 0.9700 0.5000
vt 0.9700 0.5000
vt 0.9700 0.5000
vt 0.9700 0.5000
vt 0.9700 0.5000
vt 0.9700 0.5000
vt 0.9700 0.5000
vt 0.9700 0.5000
vt 0.9700 0.5000
vt 0.9700 0.5000
vt 0.9700 0.5000
vt 0.9700 0.5000
vt 0.9700 0.5000
vt 0.9700 0.5000
vt 0.9700 0.5000
vt 0.9700 0.5000
vt 0.9700 0.5000
vt 0.9700 0.5000
vt 0.9700 0.5000
vt 0.9700 0.5000
vt 0.9700 0.5000
vt 0.9700 0.5000
vt 0.9700 0.5000
vt 0.9700 0.5000
vt 0.9700 0.5000
vt 0.9700 0.5000
vt 0.9700 0.5000
vt 0.9700 0.5000
vt 0.9700 0.5000
vt 0.9700 0.5000
vt 0.9700 0.5000
vt 0.9700 0.5000
vt 0.9700 0.5000
vt 0.9700 0.5000
vt 0.9700 0.5000
vt 0.9700 0.5000
vt 0.9700 0.5000
vt 0.9700 0.5000
vt 0.9700 0.5000
vt 0.9700 0.5000
vt 0.9700 0.5000
vt 0.9700 0.5000
vt 0.9700 0.5000
vt 0.9700 0.5000
vt 0.9700 0.5000
vt 0.9700 0.5000
vt 0.9700 0.5000
vt 0.9700 0.5000
vt 0.9700 0.5000
vt 0.9700 0.5000
vt 0.9700 0.5000
vt 0.9700 0.5000
vt 0.9700 0.5000
vt 0.9700 0.5000
vt 0.9700 0.5000
vt 0.9700 0.5000
vt 0.9700 0.5000
vt 0.9700 0.5000
vt 0.9700 0.5000
vt 0.9700 0.5000
vt 0.9700 0.5000
vt 0.9700 0.5000
vt 0.9700 0.5000
vt 0.9700 0.5000
vt 0.9700 0.5000
vt 0.9700 0.5000
vt 0.9700 0.5000
vt 0.9700 0.5000
vt 0.9700 0.5000
vt 0.9700 0.5000
vt 0.9700 0.5000
vt 0.9700 0.5000
vt 0.9700 0.5000
vt 0.9700 0.5000
vt 0.9700 0.5000
vt 0.9700 0.5000
vt 0.9700 0.5000
vt 0.0300 0.5000
vt 0.0300 0.5000
vt 0.0300 0.5000
vt 0.0300 0.5000
vt 0.9700 0.5000
vt 0.9700 0.5000
vt 0.9700 0.5000
vt 0.9700 0.5000
vt 0.9700 0.5000
vt 0.9700 0.5000
vt 0.9700 0.5000
vt 0.9700 0.5000
vt 0.9700 0.5000
vt 0.9700 0.5000
vt 0.9700 0.5000
vt 0.9700 0.5000
vt 0.0300 0.5000
vt 0.0300 0.5000
vt 0.0300 0.5000
vt 0.9700 0.5000
vt 0.9700 0.5000
vt 0.9700 0.5000
vt 0.9700 0.5000
vt 0.9700 0.5000
vt 0.9700 0.5000
vt 0.9700 0.5000
vt 0.9700 0.5000
vt 0.9700 0.5000
vt 0.9700 0.5000
vt 0.9700 0.5000
vt 0.9700 0.5000
vt 0.9700 0.5000
vt 0.9700 0.5000
vt 0.9700 0.5000
vt 0.9700 0.5000
vt 0.9700 0.5000
vt 0.9700 0.5000
vt 0.9700 0.5000
vt 0.9700 0.5000
vt 0.9700 0.5000
vt 0.9700 0.5000
vt 0.9700 0.5000
vt 0.9700 0.5000
vt 0.9700 0.5000
vt 0.9700 0.5000
vt 0.9700 0.5000
vt 0.9700 0.5000
vt 0.9700 0.5000
vt 0.9700 0.5000
vt 0.9700 0.5000
vt 0.9700 0.5000
vt 0.9700 0.5000
vt 0.9700 0.5000
vt 0.9700 0.5000
vt 0.0300 0.5000
vt 0.0300 0.5000
vt 0.0300 0.5000
vt 0.9700 0.5000
vt 0.9700 0.5000
vt 0.9700 0.5000
vt 0.9700 0.5000
vt 0.9700 0.5000
vt 0.9700 0.5000
vt 0.9700 0.5000
vt 0.9700 0.5000
vt 0.9700 0.5000
vt 0.9700 0.5000
vt 0.9700 0.5000
vt 0.9700 0.5000
vt 0.9700 0.5000
vt 0.9700 0.5000
vt 0.9700 0.5000
vt 0.9700 0.5000
vt 0.9700 0.5000
vt 0.9700 0.5000
vt 0.9700 0.5000
vt 0.9700 0.5000
vt 0.9700 0.5000
vt 0.9700 0.5000
vt 0.9700 0.5000
vt 0.9700 0.5000
vt 0.9700 0.5000
vt 0.9700 0.5000
vt 0.9700 0.5000
vt 0.9700 0.5000
vt 0.9700 0.5000
vt 0.9700 0.5000
vt 0.9700 0.5000
vt 0.9700 0.5000
vt 0.9700 0.5000
vt 0.9700 0.5000
vt 0.9700 0.5000
vt 0.9700 0.5000
vt 0.9700 0.5000
vt 0.9700 0.5000
vt 0.9700 0.5000
vt 0.9700 0.5000
vt 0.9700 0.5000
vt 0.9700 0.5000
vt 0.9700 0.5000
vt 0.9700 0.5000
vt 0.9700 0.5000
vt 0.9700 0.5000
vt 0.9700 0.5000
vt 0.9700 0.5000
vt 0.9700 0.5000
vt 0.9700 0.5000
vt 0.9700 0.5000
vt 0.9700 0.5000
vt 0.9700 0.5000
vt 0.9700 0.5000
vt 0.9700 0.5000
vt 0.9700 0.5000
vt 0.9700 0.5000
vt 0.9700 0.5000
vt 0.9700 0.5000
vt 0.9700 0.5000
vt 0.9700 0.5000
vt 0.9700 0.5000
vt 0.9700 0.5000
vt 0.9700 0.5000
vt 0.9700 0.5000
vt 0.9700 0.5000
vt 0.9700 0.5000
vt 0.9700 0.5000
vt 0.9700 0.5000
vt 0.9700 0.5000
vt 0.9700 0.5000
vt 0.9700 0.5000
vt 0.9700 0.5000
vt 0.9700 0.5000
vt 0.9700 0.5000
vt 0.9700 0.5000
vt 0.9700 0.5000
vt 0.9700 0.5000
vt 0.9700 0.5000
vt 0.9700 0.5000
vt 0.9700 0.5000
vt 0.9700 0.5000
vt 0.9700 0.5000
vt 0.9700 0.5000
vt 0.9700 0.5000
vt 0.9700 0.5000
vt 0.9700 0.5000
vt 0.9700 0.5000
vt 0.9700 0.5000
vt 0.9700 0.5000
vt 0.9700 0.5000
vt 0.9700 0.5000
vt 0.9700 0.5000
vt 0.9700 0.5000
vt 0.9700 0.5000
vt 0.9700 0.5000
vt 0.9700 0.5000
vt 0.9700 0.5000
vt 0.9700 0.5000
vt 0.9700 0.5000
vt 0.9700 0.5000
vt 0.9700 0.5000
vt 0.9700 0.5000
vt 0.9700 0.5000
vt 0.9700 0.5000
vt 0.9700 0.5000
vt 0.9700 0.5000
vt 0.9700 0.5000
vt 0.9700 0.5000
vt 0.9700 0.5000
vt 0.9700 0.5000
vt 0.9700 0.5000
vt 0.9700 0.5000
vt 0.9700 0.5000
vt 0.9700 0.5000
vt 0.9700 0.5000
vt 0.9700 0.5000
vt 0.9700 0.5000
vt 0.9700 0.5000
vt 0.9700 0.5000
vt 0.9700 0.5000
vt 0.9700 0.5000
vt 0.9700 0.5000
vt 0.9700 0.5000
vt 0.9700 0.5000
vt 0.9700 0.5000
vt 0.9700 0.5000
vt 0.9700 0.5000
vt 0.9700 0.5000
vt 0.9700 0.5000
vt 0.9700 0.5000
vt 0.9700 0.5000
vt 0.9700 0.5000
vt 0.9700 0.5000
vt 0.9700 0.5000
vt 0.9700 0.5000
vt 0.9700 0.5000
vt 0.9700 0.5000
vt 0.9700 0.5000
vt 0.9700 0.5000
vt 0.9700 0.5000
vt 0.9700 0.5000
vt 0.9700 0.5000
vt 0.9700 0.5000
vt 0.9700 0.5000
vt 0.9700 0.5000
vt 0.9700 0.5000
vt 0.9700 0.5000
vt 0.9700 0.5000
vt 0.9700 0.5000
vt 0.9700 0.5000
vt 0.9700 0.5000
vt 0.9700 0.5000
vt 0.9700 0.5000
vt 0.9700 0.5000
vt 0.9700 0.5000
vt 0.9700 0.5000
vt 0.9700 0.5000
vt 0.9700 0.5000
vt 0.9700 0.5000
vt 0.9700 0.5000
vt 0.9700 0.5000
vt 0.9700 0.5000
vt 0.9700 0.5000
vt 0.9700 0.5000
vt 0.9700 0.5000
vt 0.9700 0.5000
vt 0.9700 0.5000
vt 0.9700 0.5000
vt 0.9700 0.5000
vt 0.0300 0.5000
vt 0.0300 0.5000
vt 0.0300 0.5000
vt 0.0300 0.5000
vt 0.9700 0.5000
vt 0.9700 0.5000
vt 0.9700 0.5000
vt 0.9700 0.5000
vt 0.9700 0.5000
vt 0.9700 0.5000
vt 0.9700 0.5000
vt 0.9700 0.5000
vt 0.9700 0.5000
vt 0.9700 0.5000
vt 0.9700 0.5000
vt 0.9700 0.5000
vt 0.9700 0.5000
vt 0.9700 0.5000
vt 0.9700 0.5000
vt 0.9700 0.5000
vt 0.9700 0.5000
vt 0.9700 0.5000
vt 0.9700 0.5000
vt 0.9700 0.5000
vt 0.9700 0.5000
vt 0.9700 0.5000
vt 0.9700 0.5000
vt 0.9700 0.5000
vt 0.9700 0.5000
vt 0.9700 0.5000
vt 0.9700 0.5000
vt 0.9700 0.5000
vt 0.9700 0.5000
vt 0.9700 0.5000
vt 0.9700 0.5000
vt 0.9700 0.5000
vt 0.9700 0.5000
vt 0.9700 0.5000
vt 0.9700 0.5000
vt 0.9700 0.5000
vt 0.9700 0.5000
vt 0.9700 0.5000
vt 0.9700 0.5000
vt 0.9700 0.5000
vt 0.9700 0.5000
vt 0.9700 0.5000
vt 0.9700 0.5000
vt 0.9700 0.5000
vt 0.9700 0.5000
vt 0.9700 0.5000
vt 0.9700 0.5000
vt 0.0300 0.5000
vt 0.0300 0.5000
vt 0.0300 0.5000
vt 0.0300 0.5000
vt 0.9700 0.5000
vt 0.9700 0.5000
vt 0.9700 0.5000
vt 0.9700 0.5000
vt 0.9700 0.5000
vt 0.9700 0.5000
vt 0.9700 0.5000
vt 0.9700 0.5000
vt 0.9700 0.5000
vt 0.9700 0.5000
vt 0.9700 0.5000
vt 0.9700 0.5000
vt 0.0300 0.5000
vt 0.0300 0.5000
vt 0.0300 0.5000
vt 0.9700 0.5000
vt 0.9700 0.5000
vt 0.9700 0.5000
vt 0.9700 0.5000
vt 0.9700 0.5000
vt 0.9700 0.5000
vt 0.9700 0.5000
vt 0.9700 0.5000
vt 0.9700 0.5000
vt 0.9700 0.5000
vt 0.9700 0.5000
vt 0.9700 0.5000
vt 0.9700 0.5000
vt 0.9700 0.5000
vt 0.9700 0.5000
vt 0.9700 0.5000
vt 0.9700 0.5000
vt 0.9700 0.5000
vt 0.9700 0.5000
vt 0.9700 0.5000
vt 0.9700 0.5000
vt 0.9700 0.5000
vt 0.9700 0.5000
vt 0.9700 0.5000
vt 0.9700 0.5000
vt 0.9700 0.5000
vt 0.9700 0.5000
vt 0.9700 0.5000
vt 0.9700 0.5000
vt 0.9700 0.5000
vt 0.9700 0.5000
vt 0.9700 0.5000
vt 0.9700 0.5000
vt 0.9700 0.5000
vt 0.9700 0.5000
vt 0.9700 0.5000
vt 0.9700 0.5000
vt 0.9700 0.5000
vt 0.9700 0.5000
vt 0.9700 0.5000
vt 0.9700 0.5000
vt 0.9700 0.5000
vt 0.9700 0.5000
vt 0.9700 0.5000
vt 0.9700 0.5000
vt 0.9700 0.5000
vt 0.9700 0.5000
vt 0.9700 0.5000
vt 0.9700 0.5000
vt 0.9700 0.5000
vt 0.9700 0.5000
vt 0.9700 0.5000
vt 0.9700 0.5000
vt 0.9700 0.5000
vt 0.9700 0.5000
vt 0.9700 0.5000
vt 0.9700 0.5000
vt 0.9700 0.5000
vt 0.9700 0.5000
vt 0.9700 0.5000
vt 0.9700 0.5000
vt 0.9700 0.5000
vt 0.9700 0.5000
vt 0.9700 0.5000
vt 0.9700 0.5000
vt 0.9700 0.5000
vt 0.9700 0.5000
vt 0.9700 0.5000
vt 0.9700 0.5000
vt 0.9700 0.5000
vt 0.9700 0.5000
vt 0.9700 0.5000
vt 0.9700 0.5000
vt 0.9700 0.5000
vt 0.9700 0.5000
vt 0.9700 0.5000
vt 0.9700 0.5000
vt 0.9700 0.5000
vt 0.9700 0.5000
vt 0.9700 0.5000
vt 0.9700 0.5000
vt 0.9700 0.5000
vt 0.9700 0.5000
vt 0.9700 0.5000
vt 0.9700 0.5000
vt 0.9700 0.5000
vt 0.9700 0.5000
vt 0.9700 0.5000
vt 0.9700 0.5000
vt 0.9700 0.5000
vt 0.9700 0.5000
vt 0.9700 0.5000
vt 0.9700 0.5000
vt 0.9700 0.5000
vt 0.9700 0.5000
vt 0.9700 0.5000
vt 0.9700 0.5000
vt 0.9700 0.5000
vt 0.9700 0.5000
vt 0.9700 0.5000
vt 0.9700 0.5000
vt 0.9700 0.5000
vt 0.9700 0.5000
vt 0.9700 0.5000
vt 0.9700 0.5000
vt 0.9700 0.5000
vt 0.9700 0.5000
vt 0.9700 0.5000
vt 0.9700 0.5000
vt 0.9700 0.5000
vt 0.9700 0.5000
vt 0.9700 0.5000
vt 0.9700 0.5000
vt 0.9700 0.5000
vt 0.9700 0.5000
vt 0.9700 0.5000
vt 0.9700 0.5000
vt 0.9700 0.5000
vt 0.9700 0.5000
vt 0.9700 0.5000
vt 0.9700 0.5000
vt 0.9700 0.5000
vt 0.9700 0.5000
vt 0.9700 0.5000
vt 0.9700 0.5000
vt 0.9700 0.5000
vt 0.9700 0.5000
vt 0.9700 0.5000
vt 0.9700 0.5000
vt 0.9700 0.5000
vt 0.9700 0.5000
vt 0.9700 0.5000
vt 0.9700 0.5000
vt 0.9700 0.5000
vt 0.9700 0.5000
vt 0.9700 0.5000
vt 0.9700 0.5000
vt 0.9700 0.5000
vt 0.9700 0.5000
vt 0.9700 0.5000
vt 0.9700 0.5000
vt 0.9700 0.5000
vt 0.9700 0.5000
vt 0.9700 0.5000
vt 0.9700 0.5000
vt 0.9700 0.5000
vt 0.9700 0.5000
vt 0.9700 0.5000
vt 0.9700 0.5000
vt 0.9700 0.5000
vt 0.9700 0.5000
vt 0.9700 0.5000
vt 0.9700 0.5000
vt 0.9700 0.5000
vt 0.9700 0.5000
vt 0.9700 0.5000
vt 0.9700 0.5000
vt 0.9700 0.5000
vt 0.9700 0.5000
vt 0.9700 0.5000
vt 0.9700 0.5000
vt 0.9700 0.5000
vt 0.9700 0.5000
vt 0.9700 0.5000
vt 0.9700 0.5000
vt 0.9700 0.5000
vt 0.9700 0.5000
vt 0.9700 0.5000
vt 0.9700 0.5000
vt 0.9700 0.5000
vt 0.9700 0.5000
vt 0.9700 0.5000
vt 0.9700 0.5000
vt 0.9700 0.5000
vt 0.9700 0.5000
vt 0.9700 0.5000
vt 0.9700 0.5000
vt 0.9700 0.5000
vt 0.9700 0.5000
vt 0.9700 0.5000
vt 0.9700 0.5000
vt 0.9700 0.5000
vt 0.9700 0.5000
vt 0.9700 0.5000
vt 0.9700 0.5000
vt 0.9700 0.5000
vt 0.9700 0.5000
vt 0.9700 0.5000
vt 0.9700 0.5000
vt 0.9700 0.5000
vt 0.9700 0.5000
vt 0.9700 0.5000
vt 0.9700 0.5000
vt 0.9700 0.5000
vt 0.9700 0.5000
vt 0.9700 0.5000
vt 0.9700 0.5000
vt 0.9700 0.5000
vt 0.9700 0.5000
vt 0.9700 0.5000
vt 0.9700 0.5000
vt 0.9700 0.5000
vt 0.9700 0.5000
vt 0.9700 0.5000
vt 0.9700 0.5000
vt 0.9700 0.5000
vt 0.9700 0.5000
vt 0.9700 0.5000
vt 0.9700 0.5000
vt 0.9700 0.5000
vt 0.9700 0.5000
vt 0.9700 0.5000
vt 0.9700 0.5000
vt 0.9700 0.5000
vt 0.9700 0.5000
vt 0.9700 0.5000
vt 0.9700 0.5000
vt 0.9700 0.5000
vt 0.9700 0.5000
vt 0.9700 0.5000
vt 0.0300 0.5000
vt 0.0300 0.5000
vt 0.0300 0.5000
vt 0.0300 0.5000
vt 0.9700 0.5000
vt 0.9700 0.5000
vt 0.9700 0.5000
vt 0.9700 0.5000
vt 0.9700 0.5000
vt 0.9700 0.5000
vt 0.9700 0.5000
vt 0.9700 0.5000
vt 0.9700 0.5000
vt 0.9700 0.5000
vt 0.9700 0.5000
vt 0.9700 0.5000
vt 0.0300 0.5000
vt 0.0300 0.5000
vt 0.0300 0.5000
vt 0.9700 0.5000
vt 0.9700 0.5000
vt 0.9700 0.5000
vt 0.9700 0.5000
vt 0.9700 0.5000
vt 0.9700 0.5000
vt 0.9700 0.5000
vt 0.9700 0.5000
vt 0.9700 0.5000
vt 0.9700 0.5000
vt 0.9700 0.5000
vt 0.9700 0.5000
vt 0.9700 0.5000
vt 0.9700 0.5000
vt 0.9700 0.5000
vt 0.9700 0.5000
vt 0.9700 0.5000
vt 0.9700 0.5000
vt 0.9700 0.5000
vt 0.9700 0.5000
vt 0.9700 0.5000
vt 0.9700 0.5000
vt 0.9700 0.5000
vt 0.9700 0.5000
vt 0.9700 0.5000
vt 0.9700 0.5000
vt 0.9700 0.5000
vt 0.9700 0.5000
vt 0.9700 0.5000
vt 0.9700 0.5000
vt 0.9700 0.5000
vt 0.9700 0.5000
vt 0.9700 0.5000
vt 0.9700 0.5000
vt 0.9700 0.5000
vt 0.9700 0.5000
vt 0.9700 0.5000
vt 0.9700 0.5000
vt 0.9700 0.5000
vt 0.9700 0.5000
vt 0.9700 0.5000
vt 0.9700 0.5000
vt 0.9700 0.5000
vt 0.9700 0.5000
vt 0.9700 0.5000
vt 0.9700 0.5000
vt 0.9700 0.5000
vt 0.9700 0.5000
vt 0.9700 0.5000
vt 0.9700 0.5000
vt 0.9700 0.5000
vt 0.9700 0.5000
vt 0.9700 0.5000
vt 0.9700 0.5000
vt 0.9700 0.5000
vt 0.9700 0.5000
vt 0.9700 0.5000
vt 0.9700 0.5000
vt 0.9700 0.5000
vt 0.9700 0.5000
vt 0.9700 0.5000
vt 0.9700 0.5000
vt 0.9700 0.5000
vt 0.9700 0.5000
vt 0.9700 0.5000
vt 0.9700 0.5000
vt 0.9700 0.5000
vt 0.9700 0.5000
vt 0.9700 0.5000
vt 0.9700 0.5000
vt 0.9700 0.5000
vt 0.9700 0.5000
vt 0.9700 0.5000
vt 0.9700 0.5000
vt 0.9700 0.5000
vt 0.9700 0.5000
vt 0.9700 0.5000
vt 0.9700 0.5000
vt 0.9700 0.5000
vt 0.9700 0.5000
vt 0.9700 0.5000
vt 0.9700 0.5000
vt 0.9700 0.5000
vt 0.9700 0.5000
vt 0.9700 0.5000
vt 0.9700 0.5000
vt 0.9700 0.5000
vt 0.9700 0.5000
vt 0.9700 0.5000
vt 0.9700 0.5000
vt 0.9700 0.5000
vt 0.9700 0.5000
vt 0.9700 0.5000
vt 0.9700 0.5000
vt 0.9700 0.5000
vt 0.9700 0.5000
vt 0.9700 0.5000
vt 0.9700 0.5000
vt 0.9700 0.5000
vt 0.9700 0.5000
vt 0.9700 0.5000
vt 0.9700 0.5000
vt 0.9700 0.5000
vt 0.9700 0.5000
vt 0.9700 0.5000
vt 0.9700 0.5000
vt 0.9700 0.5000
vt 0.9700 0.5000
vt 0.9700 0.5000
vt 0.9700 0.5000
vt 0.9700 0.5000
vt 0.9700 0.5000
vt 0.9700 0.5000
vt 0.9700 0.5000
vt 0.9700 0.5000
vt 0.9700 0.5000
vt 0.9700 0.5000
vt 0.9700 0.5000
vt 0.9700 0.5000
vt 0.9700 0.5000
vt 0.9700 0.5000
vt 0.9700 0.5000
vt 0.9700 0.5000
vt 0.9700 0.5000
vt 0.9700 0.5000
vt 0.9700 0.5000
vt 0.9700 0.5000
vt 0.9700 0.5000
vt 0.9700 0.5000
vt 0.9700 0.5000
vt 0.9700 0.5000
vt 0.9700 0.5000
vt 0.9700 0.5000
vt 0.9700 0.5000
vt 0.9700 0.5000
vt 0.9700 0.5000
vt 0.9700 0.5000
vt 0.9700 0.5000
vt 0.9700 0.5000
vt 0.9700 0.5000
vt 0.9700 0.5000
vt 0.9700 0.5000
vt 0.9700 0.5000
vt 0.9700 0.5000
vt 0.9700 0.5000
vt 0.9700 0.5000
vt 0.9700 0.5000
vt 0.9700 0.5000
vt 0.9700 0.5000
vt 0.9700 0.5000
vt 0.9700 0.5000
vt 0.9700 0.5000
vt 0.9700 0.5000
vt 0.9700 0.5000
vt 0.9700 0.5000
vt 0.9700 0.5000
vt 0.9700 0.5000
vt 0.9700 0.5000
vt 0.9700 0.5000
vt 0.9700 0.5000
vt 0.9700 0.5000
vt 0.9700 0.5000
vt 0.9700 0.5000
vt 0.9700 0.5000
vt 0.9700 0.5000
vt 0.9700 0.5000
vt 0.9700 0.5000
vt 0.9700 0.5000
vt 0.9700 0.5000
vt 0.9700 0.5000
vt 0.9700 0.5000
vt 0.9700 0.5000
vt 0.9700 0.5000
vt 0.9700 0.5000
vt 0.9700 0.5000
vt 0.9700 0.5000
vt 0.9700 0.5000
vt 0.9700 0.5000
vt 0.9700 0.5000
vt 0.9700 0.5000
vt 0.9700 0.5000
vt 0.9700 0.5000
vt 0.9700 0.5000
vt 0.9700 0.5000
vt 0.9700 0.5000
vt 0.9700 0.5000
vt 0.9700 0.5000
vt 0.9700 0.5000
vt 0.9700 0.5000
vt 0.9700 0.5000
vt 0.9700 0.5000
vt 0.9700 0.5000
vt 0.9700 0.5000
vt 0.9700 0.5000
vt 0.9700 0.5000
vt 0.9700 0.5000
vt 0.9700 0.5000
vt 0.9700 0.5000
vt 0.9700 0.5000
vt 0.9700 0.5000
vt 0.9700 0.5000
vt 0.9700 0.5000
vt 0.9700 0.5000
vt 0.9700 0.5000
vt 0.9700 0.5000
vt 0.9700 0.5000
vt 0.9700 0.5000
vt 0.9700 0.5000
vt 0.9700 0.5000
vt 0.0300 0.5000
vt 0.0300 0.5000
vt 0.0300 0.5000
vt 0.0300 0.5000
vt 0.9700 0.5000
vt 0.9700 0.5000
vt 0.9700 0.5000
vt 0.9700 0.5000
vt 0.9700 0.5000
vt 0.9700 0.5000
vt 0.9700 0.5000
vt 0.9700 0.5000
vt 0.9700 0.5000
vt 0.9700 0.5000
vt 0.9700 0.5000
vt 0.9700 0.5000
vt 0.0300 0.5000
vt 0.0300 0.5000
vt 0.0300 0.5000
vt 0.9700 0.5000
vt 0.9700 0.5000
vt 0.9700 0.5000
vt 0.9700 0.5000
vt 0.9700 0.5000
vt 0.9700 0.5000
vt 0.9700 0.5000
vt 0.9700 0.5000
vt 0.9700 0.5000
vt 0.9700 0.5000
vt 0.9700 0.5000
vt 0.9700 0.5000
vt 0.9700 0.5000
vt 0.9700 0.5000
vt 0.9700 0.5000
vt 0.9700 0.5000
vt 0.9700 0.5000
vt 0.9700 0.5000
vt 0.9700 0.5000
vt 0.9700 0.5000
vt 0.9700 0.5000
vt 0.9700 0.5000
vt 0.9700 0.5000
vt 0.9700 0.5000
vt 0.9700 0.5000
vt 0.9700 0.5000
vt 0.9700 0.5000
vt 0.9700 0.5000
vt 0.9700 0.5000
vt 0.9700 0.5000
vt 0.9700 0.5000
vt 0.9700 0.5000
vt 0.9700 0.5000
vt 0.9700 0.5000
vt 0.9700 0.5000
vt 0.9700 0.5000
vt 0.9700 0.5000
vt 0.9700 0.5000
vt 0.9700 0.5000
vt 0.9700 0.5000
vt 0.9700 0.5000
vt 0.9700 0.5000
vt 0.9700 0.5000
vt 0.9700 0.5000
vt 0.9700 0.5000
vt 0.9700 0.5000
vt 0.9700 0.5000
vt 0.9700 0.5000
vt 0.9700 0.5000
vt 0.9700 0.5000
vt 0.9700 0.5000
vt 0.9700 0.5000
vt 0.9700 0.5000
vt 0.9700 0.5000
vt 0.9700 0.5000
vt 0.9700 0.5000
vt 0.9700 0.5000
vt 0.9700 0.5000
vt 0.9700 0.5000
vt 0.9700 0.5000
vt 0.9700 0.5000
vt 0.9700 0.5000
vt 0.9700 0.5000
vt 0.9700 0.5000
vt 0.9700 0.5000
vt 0.9700 0.5000
vt 0.9700 0.5000
vt 0.9700 0.5000
vt 0.9700 0.5000
vt 0.9700 0.5000
vt 0.9700 0.5000
vt 0.9700 0.5000
vt 0.9700 0.5000
vt 0.9700 0.5000
vt 0.9700 0.5000
vt 0.9700 0.5000
vt 0.9700 0.5000
vt 0.9700 0.5000
vt 0.9700 0.5000
vt 0.9700 0.5000
vt 0.9700 0.5000
vt 0.9700 0.5000
vt 0.9700 0.5000
vt 0.9700 0.5000
vt 0.9700 0.5000
vt 0.9700 0.5000
vt 0.9700 0.5000
vt 0.9700 0.5000
vt 0.9700 0.5000
vt 0.9700 0.5000
vt 0.9700 0.5000
vt 0.9700 0.5000
vt 0.9700 0.5000
vt 0.9700 0.5000
vt 0.9700 0.5000
vt 0.9700 0.5000
vt 0.9700 0.5000
vt 0.9700 0.5000
vt 0.9700 0.5000
vt 0.9700 0.5000
vt 0.9700 0.5000
vt 0.9700 0.5000
vt 0.9700 0.5000
vt 0.9700 0.5000
vt 0.9700 0.5000
vt 0.9700 0.5000
vt 0.9700 0.5000
vt 0.9700 0.5000
vt 0.9700 0.5000
vt 0.9700 0.5000
vt 0.9700 0.5000
vt 0.9700 0.5000
vt 0.9700 0.5000
vt 0.9700 0.5000
vt 0.9700 0.5000
vt 0.9700 0.5000
vt 0.9700 0.5000
vt 0.9700 0.5000
vt 0.9700 0.5000
vt 0.9700 0.5000
vt 0.9700 0.5000
vt 0.9700 0.5000
vt 0.9700 0.5000
vt 0.9700 0.5000
vt 0.9700 0.5000
vt 0.9700 0.5000
vt 0.9700 0.5000
vt 0.9700 0.5000
vt 0.9700 0.5000
vt 0.9700 0.5000
vt 0.9700 0.5000
vt 0.9700 0.5000
vt 0.9700 0.5000
vt 0.9700 0.5000
vt 0.9700 0.5000
vt 0.9700 0.5000
vt 0.9700 0.5000
vt 0.9700 0.5000
vt 0.9700 0.5000
vt 0.9700 0.5000
vt 0.9700 0.5000
vt 0.9700 0.5000
vt 0.9700 0.5000
vt 0.9700 0.5000
vt 0.9700 0.5000
vt 0.9700 0.5000
vt 0.9700 0.5000
vt 0.9700 0.5000
vt 0.9700 0.5000
vt 0.9700 0.5000
vt 0.9700 0.5000
vt 0.9700 0.5000
vt 0.9700 0.5000
vt 0.9700 0.5000
vt 0.9700 0.5000
vt 0.9700 0.5000
vt 0.9700 0.5000
vt 0.9700 0.5000
vt 0.9700 0.5000
vt 0.9700 0.5000
vt 0.9700 0.5000
vt 0.9700 0.5000
vt 0.9700 0.5000
vt 0.9700 0.5000
vt 0.9700 0.5000
vt 0.9700 0.5000
vt 0.9700 0.5000
vt 0.9700 0.5000
vt 0.9700 0.5000
vt 0.9700 0.5000
vt 0.9700 0.5000
vt 0.9700 0.5000
vt 0.9700 0.5000
vt 0.9700 0.5000
vt 0.9700 0.5000
vt 0.9700 0.5000
vt 0.9700 0.5000
vt 0.9700 0.5000
vt 0.9700 0.5000
vt 0.9700 0.5000
vt 0.9700 0.5000
vt 0.9700 0.5000
vt 0.9700 0.5000
vt 0.9700 0.5000
vt 0.9700 0.5000
vt 0.9700 0.5000
vt 0.9700 0.5000
vt 0.9700 0.5000
vt 0.9700 0.5000
vt 0.9700 0.5000
vt 0.9700 0.5000
vt 0.9700 0.5000
vt 0.9700 0.5000
vt 0.9700 0.5000
vt 0.9700 0.5000
vt 0.9700 0.5000
vt 0.9700 0.5000
vt 0.9700 0.5000
vt 0.9700 0.5000
vt 0.9700 0.5000
vt 0.9700 0.5000
vt 0.9700 0.5000
vt 0.9700 0.5000
vt 0.9700 0.5000
vt 0.9700 0.5000
vt 0.9700 0.5000
vt 0.9700 0.5000
vt 0.9700 0.5000
vt 0.9700 0.5000
vt 0.0300 0.5000
vt 0.0300 0.5000
vt 0.0300 0.5000
vt 0.0300 0.5000
vt 0.9700 0.5000
vt 0.9700 0.5000
vt 0.9700 0.5000
vt 0.9700 0.5000
vt 0.9700 0.5000
vt 0.9700 0.5000
vt 0.9700 0.5000
vt 0.9700 0.5000
vt 0.9700 0.5000
vt 0.9700 0.5000
vt 0.9700 0.5000
vt 0.9700 0.5000
vt 0.0300 0.5000
vt 0.0300 0.5000
vt 0.0300 0.5000
vt 0.9700 0.5000
vt 0.9700 0.5000
vt 0.9700 0.5000
vt 0.9700 0.5000
vt 0.9700 0.5000
vt 0.9700 0.5000
vt 0.9700 0.5000
vt 0.9700 0.5000
vt 0.9700 0.5000
vt 0.9700 0.5000
vt 0.9700 0.5000
vt 0.9700 0.5000
vt 0.9700 0.5000
vt 0.9700 0.5000
vt 0.9700 0.5000
vt 0.9700 0.5000
vt 0.9700 0.5000
vt 0.9700 0.5000
vt 0.9700 0.5000
vt 0.9700 0.5000
vt 0.9700 0.5000
vt 0.9700 0.5000
vt 0.9700 0.5000
vt 0.9700 0.5000
vt 0.9700 0.5000
vt 0.9700 0.5000
vt 0.9700 0.5000
vt 0.9700 0.5000
vt 0.9700 0.5000
vt 0.9700 0.5000
vt 0.9700 0.5000
vt 0.9700 0.5000
vt 0.9700 0.5000
vt 0.9700 0.5000
vt 0.9700 0.5000
vt 0.9700 0.5000
vt 0.9700 0.5000
vt 0.9700 0.5000
vt 0.9700 0.5000
vt 0.9700 0.5000
vt 0.9700 0.5000
vt 0.9700 0.5000
vt 0.9700 0.5000
vt 0.9700 0.5000
vt 0.9700 0.5000
vt 0.9700 0.5000
vt 0.9700 0.5000
vt 0.9700 0.5000
vt 0.9700 0.5000
vt 0.9700 0.5000
vt 0.9700 0.5000
vt 0.9700 0.5000
vt 0.9700 0.5000
vt 0.9700 0.5000
vt 0.9700 0.5000
vt 0.9700 0.5000
vt 0.9700 0.5000
vt 0.9700 0.5000
vt 0.9700 0.5000
vt 0.9700 0.5000
vt 0.9700 0.5000
vt 0.9700 0.5000
vt 0.9700 0.5000
vt 0.9700 0.5000
vt 0.9700 0.5000
vt 0.9700 0.5000
vt 0.9700 0.5000
vt 0.9700 0.5000
vt 0.9700 0.5000
vt 0.9700 0.5000
vt 0.9700 0.5000
vt 0.9700 0.5000
vt 0.9700 0.5000
vt 0.9700 0.5000
vt 0.9700 0.5000
vt 0.9700 0.5000
vt 0.9700 0.5000
vt 0.9700 0.5000
vt 0.9700 0.5000
vt 0.9700 0.5000
vt 0.9700 0.5000
vt 0.9700 0.5000
vt 0.9700 0.5000
vt 0.9700 0.5000
vt 0.9700 0.5000
vt 0.9700 0.5000
vt 0.9700 0.5000
vt 0.9700 0.5000
vt 0.9700 0.5000
vt 0.9700 0.5000
vt 0.9700 0.5000
vt 0.9700 0.5000
vt 0.9700 0.5000
vt 0.9700 0.5000
vt 0.9700 0.5000
vt 0.9700 0.5000
vt 0.9700 0.5000
vt 0.9700 0.5000
vt 0.9700 0.5000
vt 0.9700 0.5000
vt 0.9700 0.5000
vt 0.9700 0.5000
vt 0.9700 0.5000
vt 0.9700 0.5000
vt 0.9700 0.5000
vt 0.9700 0.5000
vt 0.9700 0.5000
vt 0.9700 0.5000
vt 0.9700 0.5000
vt 0.9700 0.5000
vt 0.9700 0.5000
vt 0.9700 0.5000
vt 0.9700 0.5000
vt 0.9700 0.5000
vt 0.0300 0.5000
vt 0.0300 0.5000
vt 0.0300 0.5000
vt 0.0300 0.5000
vt 0.9700 0.5000
vt 0.9700 0.5000
vt 0.9700 0.5000
vt 0.9700 0.5000
vt 0.9700 0.5000
vt 0.9700 0.5000
vt 0.9700 0.5000
vt 0.9700 0.5000
vt 0.9700 0.5000
vt 0.9700 0.5000
vt 0.9700 0.5000
vt 0.9700 0.5000
vt 0.9700 0.5000
vt 0.9700 0.5000
vt 0.9700 0.5000
vt 0.9700 0.5000
vt 0.0300 0.5000
vt 0.0300 0.5000
vt 0.0300 0.5000
vt 0.9700 0.5000
vt 0.9700 0.5000
vt 0.9700 0.5000
vt 0.9700 0.5000
vt 0.9700 0.5000
vt 0.9700 0.5000
vt 0.9700 0.5000
vt 0.9700 0.5000
vt 0.9700 0.5000
vt 0.9700 0.5000
vt 0.9700 0.5000
vt 0.9700 0.5000
vt 0.9700 0.5000
vt 0.9700 0.5000
vt 0.9700 0.5000
vt 0.9700 0.5000
vt 0.9700 0.5000
vt 0.9700 0.5000
vt 0.9700 0.5000
vt 0.9700 0.5000
vt 0.9700 0.5000
vt 0.9700 0.5000
vt 0.9700 0.5000
vt 0.9700 0.5000
vt 0.9700 0.5000
vt 0.9700 0.5000
vt 0.9700 0.5000
vt 0.9700 0.5000
vt 0.9700 0.5000
vt 0.9700 0.5000
vt 0.9700 0.5000
vt 0.9700 0.5000
vt 0.9700 0.5000
vt 0.9700 0.5000
vt 0.9700 0.5000
vt 0.9700 0.5000
vt 0.9700 0.5000
vt 0.9700 0.5000
vt 0.9700 0.5000
vt 0.9700 0.5000
vt 0.9700 0.5000
vt 0.9700 0.5000
vt 0.9700 0.5000
vt 0.9700 0.5000
vt 0.9700 0.5000
vt 0.9700 0.5000
vt 0.9700 0.5000
vt 0.9700 0.5000
vt 0.9700 0.5000
vt 0.9700 0.5000
vt 0.9700 0.5000
vt 0.9700 0.5000
vt 0.9700 0.5000
vt 0.9700 0.5000
vt 0.9700 0.5000
vt 0.9700 0.5000
vt 0.9700 0.5000
vt 0.9700 0.5000
vt 0.9700 0.5000
vt 0.9700 0.5000
vt 0.9700 0.5000
vt 0.9700 0.5000
vt 0.9700 0.5000
vt 0.9700 0.5000
vt 0.9700 0.5000
vt 0.9700 0.5000
vt 0.9700 0.5000
vt 0.9700 0.5000
vt 0.9700 0.5000
vt 0.9700 0.5000
vt 0.9700 0.5000
vt 0.9700 0.5000
vt 0.9700 0.5000
vt 0.9700 0.5000
vt 0.9700 0.5000
vt 0.9700 0.5000
vt 0.9700 0.5000
vt 0.9700 0.5000
vt 0.9700 0.5000
vt 0.9700 0.5000
vt 0.9700 0.5000
vt 0.9700 0.5000
vt 0.9700 0.5000
vt 0.9700 0.5000
vt 0.9700 0.5000
vt 0.9700 0.5000
vt 0.9700 0.5000
vt 0.9700 0.5000
vt 0.9700 0.5000
vt 0.9700 0.5000
vt 0.9700 0.5000
vt 0.9700 0.5000
vt 0.9700 0.5000
vt 0.9700 0.5000
vt 0.9700 0.5000
vt 0.9700 0.5000
vt 0.9700 0.5000
vt 0.9700 0.5000
vt 0.9700 0.5000
vt 0.9700 0.5000
vt 0.9700 0.5000
vt 0.9700 0.5000
vt 0.9700 0.5000
vt 0.9700 0.5000
vt 0.9700 0.5000
vt 0.9700 0.5000
vt 0.9700 0.5000
vt 0.9700 0.5000
vt 0.9700 0.5000
vt 0.9700 0.5000
vt 0.9700 0.5000
vt 0.9700 0.5000
vt 0.9700 0.5000
vt 0.9700 0.5000
vt 0.9700 0.5000
vt 0.9700 0.5000
vt 0.9700 0.5000
vt 0.9700 0.5000
vt 0.9700 0.5000
vt 0.9700 0.5000
vt 0.9700 0.5000
vt 0.9700 0.5000
vt 0.9700 0.5000
vt 0.9700 0.5000
vt 0.9700 0.5000
vt 0.9700 0.5000
vt 0.9700 0.5000
vt 0.9700 0.5000
vt 0.9700 0.5000
vt 0.9700 0.5000
vt 0.9700 0.5000
vt 0.9700 0.5000
vt 0.9700 0.5000
vt 0.9700 0.5000
vt 0.9700 0.5000
vt 0.9700 0.5000
vt 0.9700 0.5000
vt 0.9700 0.5000
vt 0.9700 0.5000
vt 0.9700 0.5000
vt 0.9700 0.5000
vt 0.9700 0.5000
vt 0.9700 0.5000
vt 0.9700 0.5000
vt 0.9700 0.5000
vt 0.9700 0.5000
vt 0.9700 0.5000
vt 0.9700 0.5000
vt 0.9700 0.5000
vt 0.9700 0.5000
vt 0.9700 0.5000
vt 0.9700 0.5000
vt 0.9700 0.5000
vt 0.9700 0.5000
vt 0.9700 0.5000
vt 0.9700 0.5000
vt 0.9700 0.5000
vt 0.9700 0.5000
vt 0.9700 0.5000
vt 0.9700 0.5000
vt 0.9700 0.5000
vt 0.9700 0.5000
vt 0.9700 0.5000
vt 0.9700 0.5000
vt 0.9700 0.5000
vt 0.9700 0.5000
vt 0.9700 0.5000
vt 0.9700 0.5000
vt 0.9700 0.5000
vt 0.9700 0.5000
vt 0.9700 0.5000
vt 0.9700 0.5000
vt 0.9700 0.5000
vt 0.9700 0.5000
vt 0.9700 0.5000
vt 0.9700 0.5000
vt 0.9700 0.5000
vt 0.9700 0.5000
vt 0.9700 0.5000
vt 0.9700 0.5000
vt 0.9700 0.5000
vt 0.9700 0.5000
vt 0.9700 0.5000
vt 0.9700 0.5000
vt 0.9700 0.5000
vt 0.9700 0.5000
vt 0.9700 0.5000
vt 0.9700 0.5000
vt 0.9700 0.5000
vt 0.9700 0.5000
vt 0.9700 0.5000
vt 0.9700 0.5000
vt 0.9700 0.5000
vt 0.9700 0.5000
vt 0.9700 0.5000
vt 0.9700 0.5000
vt 0.9700 0.5000
vt 0.9700 0.5000
vt 0.9700 0.5000
vt 0.9700 0.5000
vt 0.9700 0.5000
vt 0.9700 0.5000
vt 0.9700 0.5000
vt 0.9700 0.5000
vt 0.9700 0.5000
vt 0.9700 0.5000
vt 0.9700 0.5000
vt 0.9700 0.5000
vt 0.9700 0.5000
vt 0.9700 0.5000
vt 0.9700 0.5000
vt 0.9700 0.5000
vt 0.9700 0.5000
vt 0.9700 0.5000
vt 0.9700 0.5000
vt 0.9700 0.5000
vt 0.9700 0.5000
vt 0.9700 0.5000
vt 0.9700 0.5000
vt 0.0300 0.5000
vt 0.0300 0.5000
vt 0.0300 0.5000
vt 0.0300 0.5000
vt 0.9700 0.5000
vt 0.9700 0.5000
vt 0.9700 0.5000
vt 0.9700 0.5000
vt 0.9700 0.5000
vt 0.9700 0.5000
vt 0.9700 0.5000
vt 0.9700 0.5000
vt 0.9700 0.5000
vt 0.9700 0.5000
vt 0.9700 0.5000
vt 0.0300 0.5000
vt 0.0300 0.5000
vt 0.0300 0.5000
vt 0.9700 0.5000
vt 0.9700 0.5000
vt 0.9700 0.5000
vt 0.9700 0.5000
vt 0.9700 0.5000
vt 0.9700 0.5000
vt 0.9700 0.5000
vt 0.9700 0.5000
vt 0.9700 0.5000
vt 0.9700 0.5000
vt 0.9700 0.5000
vt 0.9700 0.5000
vt 0.9700 0.5000
vt 0.9700 0.5000
vt 0.9700 0.5000
vt 0.9700 0.5000
vt 0.9700 0.5000
vt 0.9700 0.5000
vt 0.9700 0.5000
vt 0.9700 0.5000
vt 0.9700 0.5000
vt 0.9700 0.5000
vt 0.9700 0.5000
vt 0.9700 0.5000
vt 0.9700 0.5000
vt 0.9700 0.5000
vt 0.9700 0.5000
vt 0.9700 0.5000
vt 0.9700 0.5000
vt 0.9700 0.5000
vt 0.9700 0.5000
vt 0.9700 0.5000
vt 0.0300 0.5000
vt 0.0300 0.5000
vt 0.0300 0.5000
vt 0.0300 0.5000
vt 0.9700 0.5000
vt 0.9700 0.5000
vt 0.9700 0.5000
vt 0.9700 0.5000
vt 0.9700 0.5000
vt 0.9700 0.5000
vt 0.9700 0.5000
vt 0.9700 0.5000
vt 0.9700 0.5000
vt 0.9700 0.5000
vt 0.9700 0.5000
vt 0.0300 0.5000
vt 0.0300 0.5000
vt 0.0300 0.5000
vt 0.9700 0.5000
vt 0.9700 0.5000
vt 0.9700 0.5000
vt 0.9700 0.5000
vt 0.9700 0.5000
vt 0.9700 0.5000
vt 0.9700 0.5000
vt 0.9700 0.5000
vt 0.9700 0.5000
vt 0.9700 0.5000
vt 0.9700 0.5000
vt 0.9700 0.5000
vt 0.9700 0.5000
vt 0.9700 0.5000
vt 0.9700 0.5000
vt 0.9700 0.5000
vt 0.9700 0.5000
vt 0.9700 0.5000
vt 0.9700 0.5000
vt 0.9700 0.5000
vt 0.9700 0.5000
vt 0.9700 0.5000
vt 0.9700 0.5000
vt 0.9700 0.5000
vt 0.9700 0.5000
vt 0.9700 0.5000
vt 0.9700 0.5000
vt 0.9700 0.5000
vt 0.9700 0.5000
vt 0.9700 0.5000
vt 0.9700 0.5000
vt 0.9700 0.5000
vt 0.9700 0.5000
vt 0.9700 0.5000
vt 0.9700 0.5000
vt 0.9700 0.5000
vt 0.9700 0.5000
vt 0.9700 0.5000
vt 0.9700 0.5000
vt 0.9700 0.5000
vt 0.9700 0.5000
vt 0.9700 0.5000
vt 0.9700 0.5000
vt 0.9700 0.5000
vt 0.9700 0.5000
vt 0.9700 0.5000
vt 0.9700 0.5000
vt 0.9700 0.5000
vt 0.9700 0.5000
vt 0.9700 0.5000
vt 0.9700 0.5000
vt 0.9700 0.5000
vt 0.9700 0.5000
vt 0.9700 0.5000
vt 0.9700 0.5000
vt 0.9700 0.5000
vt 0.9700 0.5000
vt 0.9700 0.5000
vt 0.9700 0.5000
vt 0.9700 0.5000
vt 0.9700 0.5000
vt 0.9700 0.5000
vt 0.9700 0.5000
vt 0.9700 0.5000
vt 0.9700 0.5000
vt 0.9700 0.5000
vt 0.9700 0.5000
vt 0.9700 0.5000
vt 0.9700 0.5000
vt 0.9700 0.5000
vt 0.9700 0.5000
vt 0.9700 0.5000
vt 0.9700 0.5000
vt 0.9700 0.5000
vt 0.9700 0.5000
vt 0.9700 0.5000
vt 0.9700 0.5000
vt 0.9700 0.5000
vt 0.9700 0.5000
vt 0.9700 0.5000
vt 0.9700 0.5000
vt 0.9700 0.5000
vt 0.9700 0.5000
vt 0.9700 0.5000
vt 0.9700 0.5000
vt 0.9700 0.5000
vt 0.9700 0.5000
vt 0.9700 0.5000
vt 0.9700 0.5000
vt 0.9700 0.5000
vt 0.9700 0.5000
vt 0.9700 0.5000
vt 0.9700 0.5000
vt 0.9700 0.5000
vt 0.9700 0.5000
vt 0.9700 0.5000
vt 0.9700 0.5000
vt 0.9700 0.5000
vt 0.9700 0.5000
vt 0.9700 0.5000
vt 0.9700 0.5000
vt 0.9700 0.5000
vt 0.9700 0.5000
vt 0.9700 0.5000
vt 0.9700 0.5000
vt 0.9700 0.5000
vt 0.9700 0.5000
vt 0.9700 0.5000
vt 0.9700 0.5000
vt 0.9700 0.5000
vt 0.9700 0.5000
vt 0.9700 0.5000
vt 0.9700 0.5000
vt 0.9700 0.5000
vt 0.9700 0.5000
vt 0.9700 0.5000
vt 0.9700 0.5000
vt 0.9700 0.5000
vt 0.9700 0.5000
vt 0.9700 0.5000
vt 0.9700 0.5000
vt 0.9700 0.5000
vt 0.9700 0.5000
vt 0.9700 0.5000
vt 0.9700 0.5000
vt 0.9700 0.5000
vt 0.9700 0.5000
vt 0.9700 0.5000
vt 0.9700 0.5000
vt 0.9700 0.5000
vt 0.9700 0.5000
vt 0.9700 0.5000
vt 0.9700 0.5000
vt 0.9700 0.5000
vt 0.9700 0.5000
vt 0.9700 0.5000
vt 0.9700 0.5000
vt 0.9700 0.5000
vt 0.9700 0.5000
vt 0.9700 0.5000
vt 0.9700 0.5000
vt 0.9700 0.5000
vt 0.9700 0.5000
vt 0.9700 0.5000
vt 0.9700 0.5000
vt 0.9700 0.5000
vt 0.9700 0.5000
vt 0.9700 0.5000
vt 0.9700 0.5000
vt 0.9700 0.5000
vt 0.9700 0.5000
vt 0.9700 0.5000
vt 0.9700 0.5000
vt 0.9700 0.5000
vt 0.9700 0.5000
vt 0.9700 0.5000
vt 0.9700 0.5000
vt 0.9700 0.5000
vt 0.9700 0.5000
vt 0.9700 0.5000
vt 0.9700 0.5000
vt 0.9700 0.5000
vt 0.9700 0.5000
vt 0.9700 0.5000
vt 0.9700 0.5000
vt 0.9700 0.5000
vt 0.9700 0.5000
vt 0.9700 0.5000
vt 0.9700 0.5000
vt 0.9700 0.5000
vt 0.9700 0.5000
vt 0.9700 0.5000
vt 0.9700 0.5000
vt 0.9700 0.5000
vt 0.9700 0.5000
vt 0.9700 0.5000
vt 0.9700 0.5000
vt 0.9700 0.5000
vt 0.9700 0.5000
vt 0.9700 0.5000
vt 0.9700 0.5000
vt 0.9700 0.5000
vt 0.9700 0.5000
vt 0.9700 0.5000
vt 0.9700 0.5000
vt 0.9700 0.5000
vt 0.9700 0.5000
vt 0.9700 0.5000
vt 0.9700 0.5000
vt 0.9700 0.5000
vt 0.9700 0.5000
vt 0.9700 0.5000
vt 0.9700 0.5000
vt 0.9700 0.5000
vt 0.9700 0.5000
vt 0.9700 0.5000
vt 0.9700 0.5000
vt 0.9700 0.5000
vt 0.9700 0.5000
vt 0.9700 0.5000
vt 0.9700 0.5000
vt 0.9700 0.5000
vt 0.9700 0.5000
vt 0.9700 0.5000
vt 0.9700 0.5000
vt 0.9700 0.5000
vt 0.9700 0.5000
vt 0.9700 0.5000
vt 0.9700 0.5000
vt 0.9700 0.5000
vt 0.9700 0.5000
vt 0.9700 0.5000
vt 0.9700 0.5000
vt 0.9700 0.5000
vt 0.9700 0.5000
vt 0.0300 0.5000
vt 0.0300 0.5000
vt 0.0300 0.5000
vt 0.0300 0.5000
vt 0.9700 0.5000
vt 0.9700 0.5000
vt 0.9700 0.5000
vt 0.9700 0.5000
vt 0.9700 0.5000
vt 0.9700 0.5000
vt 0.9700 0.5000
vt 0.9700 0.5000
vt 0.9700 0.5000
vt 0.9700 0.5000
vt 0.9700 0.5000
vt 0.0300 0.5000
vt 0.0300 0.5000
vt 0.0300 0.5000
vt 0.9700 0.5000
vt 0.9700 0.5000
vt 0.9700 0.5000
vt 0.9700 0.5000
vt 0.9700 0.5000
vt 0.9700 0.5000
vt 0.9700 0.5000
vt 0.9700 0.5000
vt 0.9700 0.5000
vt 0.9700 0.5000
vt 0.9700 0.5000
vt 0.9700 0.5000
vt 0.9700 0.5000
vt 0.9700 0.5000
vt 0.9700 0.5000
vt 0.9700 0.5000
vt 0.9700 0.5000
vt 0.9700 0.5000
vt 0.9700 0.5000
vt 0.9700 0.5000
vt 0.9700 0.5000
vt 0.9700 0.5000
vt 0.9700 0.5000
vt 0.9700 0.5000
vt 0.9700 0.5000
vt 0.9700 0.5000
vt 0.9700 0.5000
vt 0.9700 0.5000
vt 0.9700 0.5000
vt 0.9700 0.5000
vt 0.9700 0.5000
vt 0.9700 0.5000
vt 0.9700 0.5000
vt 0.9700 0.5000
vt 0.9700 0.5000
vt 0.9700 0.5000
vt 0.9700 0.5000
vt 0.9700 0.5000
vt 0.9700 0.5000
vt 0.9700 0.5000
vt 0.9700 0.5000
vt 0.9700 0.5000
vt 0.9700 0.5000
vt 0.9700 0.5000
vt 0.9700 0.5000
vt 0.9700 0.5000
vt 0.9700 0.5000
vt 0.9700 0.5000
vt 0.9700 0.5000
vt 0.9700 0.5000
vt 0.9700 0.5000
vt 0.9700 0.5000
vt 0.9700 0.5000
vt 0.9700 0.5000
vt 0.9700 0.5000
vt 0.9700 0.5000
vt 0.9700 0.5000
vt 0.9700 0.5000
vt 0.9700 0.5000
vt 0.9700 0.5000
vt 0.9700 0.5000
vt 0.9700 0.5000
vt 0.9700 0.5000
vt 0.9700 0.5000
vt 0.9700 0.5000
vt 0.9700 0.5000
vt 0.9700 0.5000
vt 0.9700 0.5000
vt 0.9700 0.5000
vt 0.9700 0.5000
vt 0.9700 0.5000
vt 0.9700 0.5000
vt 0.9700 0.5000
vt 0.9700 0.5000
vt 0.9700 0.5000
vt 0.9700 0.5000
vt 0.9700 0.5000
vt 0.9700 0.5000
vn -0.0000 -0.9211 0.3894
vn -0.0000 -0.8568 0.5156
vn -0.0149 -0.8570 0.5151
vn -0.0000 -0.8568 0.5156
vn -0.0000 -0.8204 0.5718
vn -0.0215 -0.8206 0.5710
vn -0.0149 -0.8570 0.5151
vn -0.0149 -0.8570 0.5151
vn -0.0215 -0.8206 0.5710
vn -0.0427 -0.8214 0.5688
vn -0.0296 -0.8576 0.5135
vn -0.0000 -0.9211 0.3894
vn -0.0149 -0.8570 0.5151
vn -0.0296 -0.8576 0.5135
vn -0.0296 -0.8576 0.5135
vn -0.0427 -0.8214 0.5688
vn -0.0637 -0.8226 0.5651
vn -0.0440 -0.8585 0.5109
vn -0.0000 -0.9211 0.3894
vn -0.0296 -0.8576 0.5135
vn -0.0440 -0.8585 0.5109
vn -0.0000 -0.9211 0.3894
vn -0.0440 -0.8585 0.5109
vn -0.0582 -0.8598 0.5073
vn -0.0440 -0.8585 0.5109
vn -0.0637 -0.8226 0.5651
vn -0.0842 -0.8243 0.5599
vn -0.0582 -0.8598 0.5073
vn -0.0582 -0.8598 0.5073
vn -0.0842 -0.8243 0.5599
vn -0.1040 -0.8265 0.5533
vn -0.0717 -0.8614 0.5028
vn -0.0000 -0.9211 0.3894
vn -0.0582 -0.8598 0.5073
vn -0.0717 -0.8614 0.5028
vn -0.0717 -0.8614 0.5028
vn -0.1040 -0.8265 0.5533
vn -0.1230 -0.8291 0.5454
vn -0.0848 -0.8634 0.4973
vn -0.0000 -0.9211 0.3894
vn -0.0717 -0.8614 0.5028
vn -0.0848 -0.8634 0.4973
vn -0.0848 -0.8634 0.4973
vn -0.1230 -0.8291 0.5454
vn -0.1412 -0.8322 0.5361
vn -0.0972 -0.8657 0.4910
vn -0.0000 -0.9211 0.3894
vn -0.0848 -0.8634 0.4973
vn -0.0972 -0.8657 0.4910
vn -0.0000 -0.9211 0.3894
vn -0.0972 -0.8657 0.4910
vn -0.1086 -0.8684 0.4838
vn -0.0972 -0.8657 0.4910
vn -0.1412 -0.8322 0.5361
vn -0.1582 -0.8358 0.5257
vn -0.1086 -0.8684 0.4838
vn -0.1086 -0.8684 0.4838
vn -0.1582 -0.8358 0.5257
vn -0.1741 -0.8398 0.5142
vn -0.1194 -0.8713 0.4759
vn -0.0000 -0.9211 0.3894
vn -0.1086 -0.8684 0.4838
vn -0.1194 -0.8713 0.4759
vn -0.1194 -0.8713 0.4759
vn -0.1741 -0.8398 0.5142
vn -0.2352 -0.8216 0.5193
vn -0.1292 -0.8746 0.4674
vn -0.0000 -0.9211 0.3894
vn -0.1194 -0.8713 0.4759
vn -0.1292 -0.8746 0.4674
vn -0.2352 -0.8216 0.5193
vn -0.3139 -0.7766 0.5462
vn -0.3225 -0.7801 0.5361
vn -0.2653 -0.8164 0.5129
vn -0.1292 -0.8746 0.4674
vn -0.2352 -0.8216 0.5193
vn -0.2653 -0.8164 0.5129
vn -0.1380 -0.8781 0.4582
vn -0.0000 -0.9211 0.3894
vn -0.1292 -0.8746 0.4674
vn -0.1380 -0.8781 0.4582
vn -0.2653 -0.8164 0.5129
vn -0.3225 -0.7801 0.5361
vn -0.3406 -0.7880 0.5128
vn -0.2800 -0.8231 0.4940
vn -0.1380 -0.8781 0.4582
vn -0.2653 -0.8164 0.5129
vn -0.2800 -0.8231 0.4940
vn -0.1457 -0.8818 0.4485
vn -0.0000 -0.9211 0.3894
vn -0.1380 -0.8781 0.4582
vn -0.1457 -0.8818 0.4485
vn -0.2800 -0.8231 0.4940
vn -0.3406 -0.7880 0.5128
vn -0.4014 -0.7742 0.4894
vn -0.2926 -0.8303 0.4743
vn -0.1457 -0.8818 0.4485
vn -0.2800 -0.8231 0.4940
vn -0.2926 -0.8303 0.4743
vn -0.1524 -0.8858 0.4384
vn -0.0000 -0.9211 0.3894
vn -0.1457 -0.8818 0.4485
vn -0.1524 -0.8858 0.4384
vn -0.4014 -0.7742 0.4894
vn -0.4794 -0.7294 0.4880
vn -0.5245 -0.7127 0.4657
vn -0.4303 -0.7719 0.4679
vn -0.2926 -0.8303 0.4743
vn -0.4014 -0.7742 0.4894
vn -0.4303 -0.7719 0.4679
vn -0.3030 -0.8380 0.4539
vn -0.1524 -0.8858 0.4384
vn -0.2926 -0.8303 0.4743
vn -0.3030 -0.8380 0.4539
vn -0.1578 -0.8899 0.4280
vn -0.0000 -0.9211 0.3894
vn -0.1524 -0.8858 0.4384
vn -0.1578 -0.8899 0.4280
vn -0.5245 -0.7127 0.4657
vn -0.5913 -0.6684 0.4513
vn -0.6282 -0.6550 0.4200
vn -0.5505 -0.7127 0.4348
vn -0.4303 -0.7719 0.4679
vn -0.5245 -0.7127 0.4657
vn -0.5505 -0.7127 0.4348
vn -0.4415 -0.7831 0.4380
vn -0.3030 -0.8380 0.4539
vn -0.4303 -0.7719 0.4679
vn -0.4415 -0.7831 0.4380
vn -0.3111 -0.8460 0.4330
vn -0.1578 -0.8899 0.4280
vn -0.3030 -0.8380 0.4539
vn -0.3111 -0.8460 0.4330
vn -0.1621 -0.8942 0.4172
vn -0.0000 -0.9211 0.3894
vn -0.1578 -0.8899 0.4280
vn -0.1621 -0.8942 0.4172
vn -0.7166 -0.5792 0.3886
vn -0.7453 -0.5473 0.3809
vn -0.7695 -0.5403 0.3405
vn -0.7202 -0.5903 0.3645
vn -0.6282 -0.6550 0.4200
vn -0.7166 -0.5792 0.3886
vn -0.7202 -0.5903 0.3645
vn -0.6494 -0.6577 0.3817
vn -0.5505 -0.7127 0.4348
vn -0.6282 -0.6550 0.4200
vn -0.6494 -0.6577 0.3817
vn -0.5602 -0.7272 0.3968
vn -0.4415 -0.7831 0.4380
vn -0.5505 -0.7127 0.4348
vn -0.5602 -0.7272 0.3968
vn -0.4496 -0.7948 0.4077
vn -0.3111 -0.8460 0.4330
vn -0.4415 -0.7831 0.4380
vn -0.4496 -0.7948 0.4077
vn -0.3169 -0.8544 0.4117
vn -0.1621 -0.8942 0.4172
vn -0.3111 -0.8460 0.4330
vn -0.3169 -0.8544 0.4117
vn -0.1652 -0.8987 0.4062
vn -0.0000 -0.9211 0.3894
vn -0.1621 -0.8942 0.4172
vn -0.1652 -0.8987 0.4062
vn -0.3169 -0.8544 0.4117
vn -0.4496 -0.7948 0.4077
vn -0.4544 -0.8070 0.3771
vn -0.3204 -0.8631 0.3902
vn -0.1652 -0.8987 0.4062
vn -0.3169 -0.8544 0.4117
vn -0.3204 -0.8631 0.3902
vn -0.1670 -0.9034 0.3950
vn -0.0000 -0.9211 0.3894
vn -0.1652 -0.8987 0.4062
vn -0.1670 -0.9034 0.3950
vn -0.8249 -0.4787 0.3006
vn -0.8432 -0.4518 0.2914
vn -0.8461 -0.4635 0.2633
vn -0.8274 -0.4908 0.2730
vn -0.7695 -0.5403 0.3405
vn -0.8249 -0.4787 0.3006
vn -0.8274 -0.4908 0.2730
vn -0.7833 -0.5479 0.2937
vn -0.7202 -0.5903 0.3645
vn -0.7695 -0.5403 0.3405
vn -0.7833 -0.5479 0.2937
vn -0.7272 -0.6097 0.3153
vn -0.6494 -0.6577 0.3817
vn -0.7202 -0.5903 0.3645
vn -0.7272 -0.6097 0.3153
vn -0.6559 -0.6752 0.3374
vn -0.5602 -0.7272 0.3968
vn -0.6494 -0.6577 0.3817
vn -0.6559 -0.6752 0.3374
vn -0.5660 -0.7423 0.3586
vn -0.4496 -0.7948 0.4077
vn -0.5602 -0.7272 0.3968
vn -0.5660 -0.7423 0.3586
vn -0.4544 -0.8070 0.3771
vn -0.6559 -0.6752 0.3374
vn -0.7272 -0.6097 0.3153
vn -0.7295 -0.6299 0.2663
vn -0.6581 -0.6935 0.2932
vn -0.5660 -0.7423 0.3586
vn -0.6559 -0.6752 0.3374
vn -0.6581 -0.6935 0.2932
vn -0.5679 -0.7581 0.3205
vn -0.4544 -0.8070 0.3771
vn -0.5660 -0.7423 0.3586
vn -0.5679 -0.7581 0.3205
vn -0.4560 -0.8197 0.3465
vn -0.3204 -0.8631 0.3902
vn -0.4544 -0.8070 0.3771
vn -0.4560 -0.8197 0.3465
vn -0.3216 -0.8721 0.3687
vn -0.1670 -0.9034 0.3950
vn -0.3204 -0.8631 0.3902
vn -0.3216 -0.8721 0.3687
vn -0.1676 -0.9080 0.3839
vn -0.0000 -0.9211 0.3894
vn -0.1670 -0.9034 0.3950
vn -0.1676 -0.9080 0.3839
vn -0.8274 -0.4908 0.2730
vn -0.8461 -0.4635 0.2633
vn -0.8486 -0.4872 0.2060
vn -0.8299 -0.5139 0.2173
vn -0.7833 -0.5479 0.2937
vn -0.8274 -0.4908 0.2730
vn -0.8299 -0.5139 0.2173
vn -0.7857 -0.5698 0.2409
vn -0.7272 -0.6097 0.3153
vn -0.7833 -0.5479 0.2937
vn -0.7857 -0.5698 0.2409
vn -0.7295 -0.6299 0.2663
vn -0.8299 -0.5139 0.2173
vn -0.8486 -0.4872 0.2060
vn -0.8461 -0.5118 0.1490
vn -0.8274 -0.5378 0.1619
vn -0.7857 -0.5698 0.2409
vn -0.8299 -0.5139 0.2173
vn -0.8274 -0.5378 0.1619
vn -0.7833 -0.5924 0.1884
vn -0.7295 -0.6299 0.2663
vn -0.7857 -0.5698 0.2409
vn -0.7833 -0.5924 0.1884
vn -0.7272 -0.6510 0.2176
vn -0.6581 -0.6935 0.2932
vn -0.7295 -0.6299 0.2663
vn -0.7272 -0.6510 0.2176
vn -0.6559 -0.7125 0.2493
vn -0.5679 -0.7581 0.3205
vn -0.6581 -0.6935 0.2932
vn -0.6559 -0.7125 0.2493
vn -0.5660 -0.7745 0.2826
vn -0.4560 -0.8197 0.3465
vn -0.5679 -0.7581 0.3205
vn -0.5660 -0.7745 0.2826
vn -0.4544 -0.8328 0.3162
vn -0.3216 -0.8721 0.3687
vn -0.4560 -0.8197 0.3465
vn -0.4544 -0.8328 0.3162
vn -0.3205 -0.8813 0.3473
vn -0.1676 -0.9080 0.3839
vn -0.3216 -0.8721 0.3687
vn -0.3205 -0.8813 0.3473
vn -0.1670 -0.9128 0.3728
vn -0.0000 -0.9211 0.3894
vn -0.1676 -0.9080 0.3839
vn -0.1670 -0.9128 0.3728
vn -0.8274 -0.5378 0.1619
vn -0.8461 -0.5118 0.1490
vn -0.8384 -0.5371 0.0925
vn -0.8199 -0.5625 0.1069
vn -0.7833 -0.5924 0.1884
vn -0.8274 -0.5378 0.1619
vn -0.8199 -0.5625 0.1069
vn -0.7760 -0.6158 0.1365
vn -0.7272 -0.6510 0.2176
vn -0.7833 -0.5924 0.1884
vn -0.7760 -0.6158 0.1365
vn -0.7202 -0.6727 0.1695
vn -0.6559 -0.7125 0.2493
vn -0.7272 -0.6510 0.2176
vn -0.7202 -0.6727 0.1695
vn -0.6494 -0.7320 0.2059
vn -0.5660 -0.7745 0.2826
vn -0.6559 -0.7125 0.2493
vn -0.6494 -0.7320 0.2059
vn -0.5602 -0.7913 0.2452
vn -0.4544 -0.8328 0.3162
vn -0.5660 -0.7745 0.2826
vn -0.5602 -0.7913 0.2452
vn -0.4496 -0.8462 0.2861
vn -0.3205 -0.8813 0.3473
vn -0.4544 -0.8328 0.3162
vn -0.4496 -0.8462 0.2861
vn -0.3169 -0.8906 0.3261
vn -0.1670 -0.9128 0.3728
vn -0.3205 -0.8813 0.3473
vn -0.3169 -0.8906 0.3261
vn -0.1652 -0.9175 0.3617
vn -0.0000 -0.9211 0.3894
vn -0.1670 -0.9128 0.3728
vn -0.1652 -0.9175 0.3617
vn -0.1652 -0.9175 0.3617
vn -0.3169 -0.8906 0.3261
vn -0.3111 -0.9000 0.3053
vn -0.1621 -0.9223 0.3509
vn -0.0000 -0.9211 0.3894
vn -0.1652 -0.9175 0.3617
vn -0.1621 -0.9223 0.3509
vn -0.8199 -0.5625 0.1069
vn -0.8384 -0.5371 0.0925
vn -0.8256 -0.5631 0.0367
vn -0.8073 -0.5878 0.0527
vn -0.7760 -0.6158 0.1365
vn -0.8199 -0.5625 0.1069
vn -0.8073 -0.5878 0.0527
vn -0.7638 -0.6398 0.0853
vn -0.7202 -0.6727 0.1695
vn -0.7760 -0.6158 0.1365
vn -0.7638 -0.6398 0.0853
vn -0.7086 -0.6950 0.1220
vn -0.6494 -0.7320 0.2059
vn -0.7202 -0.6727 0.1695
vn -0.7086 -0.6950 0.1220
vn -0.6386 -0.7521 0.1631
vn -0.5602 -0.7913 0.2452
vn -0.6494 -0.7320 0.2059
vn -0.6386 -0.7521 0.1631
vn -0.5504 -0.8084 0.2084
vn -0.4496 -0.8462 0.2861
vn -0.5602 -0.7913 0.2452
vn -0.5504 -0.8084 0.2084
vn -0.4415 -0.8598 0.2565
vn -0.3169 -0.8906 0.3261
vn -0.4496 -0.8462 0.2861
vn -0.4415 -0.8598 0.2565
vn -0.3111 -0.9000 0.3053
vn -0.5504 -0.8084 0.2084
vn -0.6386 -0.7521 0.1631
vn -0.6233 -0.7725 0.1213
vn -0.5369 -0.8259 0.1724
vn -0.4415 -0.8598 0.2565
vn -0.5504 -0.8084 0.2084
vn -0.5369 -0.8259 0.1724
vn -0.4303 -0.8735 0.2277
vn -0.3111 -0.9000 0.3053
vn -0.4415 -0.8598 0.2565
vn -0.4303 -0.8735 0.2277
vn -0.3030 -0.9094 0.2849
vn -0.1621 -0.9223 0.3509
vn -0.3111 -0.9000 0.3053
vn -0.3030 -0.9094 0.2849
vn -0.1578 -0.9270 0.3402
vn -0.0000 -0.9211 0.3894
vn -0.1621 -0.9223 0.3509
vn -0.1578 -0.9270 0.3402
vn -0.8073 -0.5878 0.0527
vn -0.8256 -0.5631 0.0367
vn -0.8144 -0.5791 -0.0369
vn -0.7896 -0.6137 -0.0007
vn -0.7638 -0.6398 0.0853
vn -0.8073 -0.5878 0.0527
vn -0.7896 -0.6137 -0.0007
vn -0.7466 -0.6643 0.0349
vn -0.7086 -0.6950 0.1220
vn -0.7638 -0.6398 0.0853
vn -0.7466 -0.6643 0.0349
vn -0.6922 -0.7178 0.0754
vn -0.6386 -0.7521 0.1631
vn -0.7086 -0.6950 0.1220
vn -0.6922 -0.7178 0.0754
vn -0.6233 -0.7725 0.1213
vn -0.7466 -0.6643 0.0349
vn -0.7896 -0.6137 -0.0007
vn -0.7666 -0.6399 -0.0531
vn -0.7244 -0.6892 -0.0144
vn -0.6922 -0.7178 0.0754
vn -0.7466 -0.6643 0.0349
vn -0.7244 -0.6892 -0.0144
vn -0.6710 -0.7408 0.0300
vn -0.6233 -0.7725 0.1213
vn -0.6922 -0.7178 0.0754
vn -0.6710 -0.7408 0.0300
vn -0.6037 -0.7931 0.0806
vn -0.5369 -0.8259 0.1724
vn -0.6233 -0.7725 0.1213
vn -0.6037 -0.7931 0.0806
vn -0.5195 -0.8434 0.1375
vn -0.4303 -0.8735 0.2277
vn -0.5369 -0.8259 0.1724
vn -0.5195 -0.8434 0.1375
vn -0.4159 -0.8872 0.1998
vn -0.3030 -0.9094 0.2849
vn -0.4303 -0.8735 0.2277
vn -0.4159 -0.8872 0.1998
vn -0.2926 -0.9187 0.2652
vn -0.1578 -0.9270 0.3402
vn -0.3030 -0.9094 0.2849
vn -0.2926 -0.9187 0.2652
vn -0.1523 -0.9317 0.3299
vn -0.0000 -0.9211 0.3894
vn -0.1578 -0.9270 0.3402
vn -0.1523 -0.9317 0.3299
vn -0.8144 -0.5791 -0.0369
vn -0.8272 -0.5569 -0.0746
vn -0.8139 -0.5717 -0.1036
vn -0.8001 -0.5935 -0.0869
vn -0.7896 -0.6137 -0.0007
vn -0.8144 -0.5791 -0.0369
vn -0.8001 -0.5935 -0.0869
vn -0.7666 -0.6399 -0.0531
vn -0.8001 -0.5935 -0.0869
vn -0.8139 -0.5717 -0.1036
vn -0.7872 -0.5907 -0.1770
vn -0.7711 -0.6210 -0.1405
vn -0.7666 -0.6399 -0.0531
vn -0.8001 -0.5935 -0.0869
vn -0.7711 -0.6210 -0.1405
vn -0.7383 -0.6664 -0.1042
vn -0.7244 -0.6892 -0.0144
vn -0.7666 -0.6399 -0.0531
vn -0.7383 -0.6664 -0.1042
vn -0.6971 -0.7143 -0.0623
vn -0.6710 -0.7408 0.0300
vn -0.7244 -0.6892 -0.0144
vn -0.6971 -0.7143 -0.0623
vn -0.6451 -0.7640 -0.0141
vn -0.6037 -0.7931 0.0806
vn -0.6710 -0.7408 0.0300
vn -0.6451 -0.7640 -0.0141
vn -0.5797 -0.8138 0.0412
vn -0.5195 -0.8434 0.1375
vn -0.6037 -0.7931 0.0806
vn -0.5797 -0.8138 0.0412
vn -0.4982 -0.8608 0.1038
vn -0.4159 -0.8872 0.1998
vn -0.5195 -0.8434 0.1375
vn -0.4982 -0.8608 0.1038
vn -0.3984 -0.9008 0.1729
vn -0.2926 -0.9187 0.2652
vn -0.4159 -0.8872 0.1998
vn -0.3984 -0.9008 0.1729
vn -0.2800 -0.9279 0.2463
vn -0.1523 -0.9317 0.3299
vn -0.2926 -0.9187 0.2652
vn -0.2800 -0.9279 0.2463
vn -0.1457 -0.9361 0.3201
vn -0.0000 -0.9211 0.3894
vn -0.1523 -0.9317 0.3299
vn -0.1457 -0.9361 0.3201
vn -0.0000 -0.9211 0.3894
vn -0.1457 -0.9361 0.3201
vn -0.1380 -0.9405 0.3106
vn -0.7872 -0.5907 -0.1770
vn -0.7918 -0.5717 -0.2147
vn -0.7722 -0.5792 -0.2614
vn -0.7620 -0.6066 -0.2266
vn -0.7711 -0.6210 -0.1405
vn -0.7872 -0.5907 -0.1770
vn -0.7620 -0.6066 -0.2266
vn -0.7365 -0.6485 -0.1927
vn -0.7383 -0.6664 -0.1042
vn -0.7711 -0.6210 -0.1405
vn -0.7365 -0.6485 -0.1927
vn -0.7046 -0.6928 -0.1537
vn -0.6971 -0.7143 -0.0623
vn -0.7383 -0.6664 -0.1042
vn -0.7046 -0.6928 -0.1537
vn -0.6646 -0.7393 -0.1086
vn -0.6451 -0.7640 -0.0141
vn -0.6971 -0.7143 -0.0623
vn -0.6646 -0.7393 -0.1086
vn -0.6143 -0.7870 -0.0566
vn -0.5797 -0.8138 0.0412
vn -0.6451 -0.7640 -0.0141
vn -0.6143 -0.7870 -0.0566
vn -0.5514 -0.8343 0.0034
vn -0.4982 -0.8608 0.1038
vn -0.5797 -0.8138 0.0412
vn -0.5514 -0.8343 0.0034
vn -0.4732 -0.8780 0.0715
vn -0.3984 -0.9008 0.1729
vn -0.4982 -0.8608 0.1038
vn -0.4732 -0.8780 0.0715
vn -0.3779 -0.9141 0.1472
vn -0.2800 -0.9279 0.2463
vn -0.3984 -0.9008 0.1729
vn -0.3779 -0.9141 0.1472
vn -0.2653 -0.9367 0.2283
vn -0.1457 -0.9361 0.3201
vn -0.2800 -0.9279 0.2463
vn -0.2653 -0.9367 0.2283
vn -0.1380 -0.9405 0.3106
vn -0.3779 -0.9141 0.1472
vn -0.4732 -0.8780 0.0715
vn -0.4445 -0.8948 0.0410
vn -0.3545 -0.9269 0.1230
vn -0.2653 -0.9367 0.2283
vn -0.3779 -0.9141 0.1472
vn -0.3545 -0.9269 0.1230
vn -0.2486 -0.9453 0.2113
vn -0.1380 -0.9405 0.3106
vn -0.2653 -0.9367 0.2283
vn -0.2486 -0.9453 0.2113
vn -0.1292 -0.9446 0.3018
vn -0.0000 -0.9211 0.3894
vn -0.1380 -0.9405 0.3106
vn -0.1292 -0.9446 0.3018
vn -0.7722 -0.5792 -0.2614
vn -0.7714 -0.5624 -0.2978
vn -0.7458 -0.5706 -0.3438
vn -0.7406 -0.5958 -0.3107
vn -0.7620 -0.6066 -0.2266
vn -0.7722 -0.5792 -0.2614
vn -0.7406 -0.5958 -0.3107
vn -0.7206 -0.6346 -0.2792
vn -0.7365 -0.6485 -0.1927
vn -0.7620 -0.6066 -0.2266
vn -0.7206 -0.6346 -0.2792
vn -0.6960 -0.6757 -0.2430
vn -0.7046 -0.6928 -0.1537
vn -0.7365 -0.6485 -0.1927
vn -0.6960 -0.6757 -0.2430
vn -0.6652 -0.7190 -0.2013
vn -0.6646 -0.7393 -0.1086
vn -0.7046 -0.6928 -0.1537
vn -0.6652 -0.7190 -0.2013
vn -0.6268 -0.7640 -0.1531
vn -0.6143 -0.7870 -0.0566
vn -0.6646 -0.7393 -0.1086
vn -0.6268 -0.7640 -0.1531
vn -0.5787 -0.8097 -0.0972
vn -0.5514 -0.8343 0.0034
vn -0.6143 -0.7870 -0.0566
vn -0.5787 -0.8097 -0.0972
vn -0.5187 -0.8543 -0.0326
vn -0.4732 -0.8780 0.0715
vn -0.5514 -0.8343 0.0034
vn -0.5187 -0.8543 -0.0326
vn -0.4445 -0.8948 0.0410
vn -0.6268 -0.7640 -0.1531
vn -0.6652 -0.7190 -0.2013
vn -0.6203 -0.7446 -0.2467
vn -0.5838 -0.7881 -0.1953
vn -0.5787 -0.8097 -0.0972
vn -0.6268 -0.7640 -0.1531
vn -0.5838 -0.7881 -0.1953
vn -0.5383 -0.8318 -0.1355
vn -0.5187 -0.8543 -0.0326
vn -0.5787 -0.8097 -0.0972
vn -0.5383 -0.8318 -0.1355
vn -0.4818 -0.8738 -0.0665
vn -0.4445 -0.8948 0.0410
vn -0.5187 -0.8543 -0.0326
vn -0.4818 -0.8738 -0.0665
vn -0.4122 -0.9110 0.0123
vn -0.3545 -0.9269 0.1230
vn -0.4445 -0.8948 0.0410
vn -0.4122 -0.9110 0.0123
vn -0.3283 -0.9392 0.1004
vn -0.2486 -0.9453 0.2113
vn -0.3545 -0.9269 0.1230
vn -0.3283 -0.9392 0.1004
vn -0.2299 -0.9534 0.1955
vn -0.1292 -0.9446 0.3018
vn -0.2486 -0.9453 0.2113
vn -0.2299 -0.9534 0.1955
vn -0.1195 -0.9485 0.2935
vn -0.0000 -0.9211 0.3894
vn -0.1292 -0.9446 0.3018
vn -0.1195 -0.9485 0.2935
vn -0.7458 -0.5706 -0.3438
vn -0.7402 -0.5555 -0.3788
vn -0.7088 -0.5640 -0.4237
vn -0.7077 -0.5876 -0.3924
vn -0.7406 -0.5958 -0.3107
vn -0.7458 -0.5706 -0.3438
vn -0.7077 -0.5876 -0.3924
vn -0.6922 -0.6238 -0.3630
vn -0.7206 -0.6346 -0.2792
vn -0.7406 -0.5958 -0.3107
vn -0.6922 -0.6238 -0.3630
vn -0.6731 -0.6621 -0.3295
vn -0.6960 -0.6757 -0.2430
vn -0.7206 -0.6346 -0.2792
vn -0.6731 -0.6621 -0.3295
vn -0.6495 -0.7024 -0.2911
vn -0.6652 -0.7190 -0.2013
vn -0.6960 -0.6757 -0.2430
vn -0.6495 -0.7024 -0.2911
vn -0.6203 -0.7446 -0.2467
vn -0.6731 -0.6621 -0.3295
vn -0.6922 -0.6238 -0.3630
vn -0.6373 -0.6508 -0.4126
vn -0.6194 -0.6886 -0.3772
vn -0.6495 -0.7024 -0.2911
vn -0.6731 -0.6621 -0.3295
vn -0.6194 -0.6886 -0.3772
vn -0.5972 -0.7281 -0.3365
vn -0.6203 -0.7446 -0.2467
vn -0.6495 -0.7024 -0.2911
vn -0.5972 -0.7281 -0.3365
vn -0.5697 -0.7692 -0.2894
vn -0.5838 -0.7881 -0.1953
vn -0.6203 -0.7446 -0.2467
vn -0.5697 -0.7692 -0.2894
vn -0.5356 -0.8112 -0.2348
vn -0.5383 -0.8318 -0.1355
vn -0.5838 -0.7881 -0.1953
vn -0.5356 -0.8112 -0.2348
vn -0.4932 -0.8529 -0.1713
vn -0.4818 -0.8738 -0.0665
vn -0.5383 -0.8318 -0.1355
vn -0.4932 -0.8529 -0.1713
vn -0.4407 -0.8923 -0.0980
vn -0.4122 -0.9110 0.0123
vn -0.4818 -0.8738 -0.0665
vn -0.4407 -0.8923 -0.0980
vn -0.3765 -0.9263 -0.0142
vn -0.3283 -0.9392 0.1004
vn -0.4122 -0.9110 0.0123
vn -0.3765 -0.9263 -0.0142
vn -0.2993 -0.9508 0.0795
vn -0.2299 -0.9534 0.1955
vn -0.3283 -0.9392 0.1004
vn -0.2993 -0.9508 0.0795
vn -0.2093 -0.9610 0.1810
vn -0.1195 -0.9485 0.2935
vn -0.2299 -0.9534 0.1955
vn -0.2093 -0.9610 0.1810
vn -0.1087 -0.9521 0.2858
vn -0.7033 -0.5349 -0.4683
vn -0.7079 -0.5185 -0.4797
vn -0.6835 -0.5139 -0.5184
vn -0.6738 -0.5483 -0.4953
vn -0.0000 -0.9211 0.3894
vn -0.1195 -0.9485 0.2935
vn -0.1087 -0.9521 0.2858
vn -0.7088 -0.5640 -0.4237
vn -0.7033 -0.5349 -0.4683
vn -0.6738 -0.5483 -0.4953
vn -0.6640 -0.5808 -0.4710
vn -0.7077 -0.5876 -0.3924
vn -0.7088 -0.5640 -0.4237
vn -0.6640 -0.5808 -0.4710
vn -0.6520 -0.6149 -0.4436
vn -0.6922 -0.6238 -0.3630
vn -0.7077 -0.5876 -0.3924
vn -0.6520 -0.6149 -0.4436
vn -0.6373 -0.6508 -0.4126
vn -0.0000 -0.9211 0.3894
vn -0.1087 -0.9521 0.2858
vn -0.0971 -0.9554 0.2790
vn -0.6640 -0.5808 -0.4710
vn -0.6738 -0.5483 -0.4953
vn -0.6099 -0.5745 -0.5458
vn -0.6008 -0.6070 -0.5203
vn -0.6520 -0.6149 -0.4436
vn -0.6640 -0.5808 -0.4710
vn -0.6008 -0.6070 -0.5203
vn -0.5896 -0.6409 -0.4915
vn -0.6373 -0.6508 -0.4126
vn -0.6520 -0.6149 -0.4436
vn -0.5896 -0.6409 -0.4915
vn -0.5760 -0.6765 -0.4588
vn -0.6194 -0.6886 -0.3772
vn -0.6373 -0.6508 -0.4126
vn -0.5760 -0.6765 -0.4588
vn -0.5594 -0.7137 -0.4215
vn -0.5972 -0.7281 -0.3365
vn -0.6194 -0.6886 -0.3772
vn -0.5594 -0.7137 -0.4215
vn -0.5389 -0.7525 -0.3786
vn -0.5697 -0.7692 -0.2894
vn -0.5972 -0.7281 -0.3365
vn -0.5389 -0.7525 -0.3786
vn -0.5136 -0.7925 -0.3289
vn -0.5356 -0.8112 -0.2348
vn -0.5697 -0.7692 -0.2894
vn -0.5136 -0.7925 -0.3289
vn -0.4822 -0.8330 -0.2712
vn -0.4932 -0.8529 -0.1713
vn -0.5356 -0.8112 -0.2348
vn -0.4822 -0.8330 -0.2712
vn -0.4435 -0.8727 -0.2042
vn -0.4407 -0.8923 -0.0980
vn -0.4932 -0.8529 -0.1713
vn -0.4435 -0.8727 -0.2042
vn -0.3957 -0.9096 -0.1268
vn -0.3765 -0.9263 -0.0142
vn -0.4407 -0.8923 -0.0980
vn -0.3957 -0.9096 -0.1268
vn -0.3375 -0.9405 -0.0383
vn -0.2993 -0.9508 0.0795
vn -0.3765 -0.9263 -0.0142
vn -0.3375 -0.9405 -0.0383
vn -0.2679 -0.9615 0.0606
vn -0.7459 -0.3975 -0.5344
vn -0.7867 -0.3239 -0.5255
vn -0.7342 -0.3825 -0.5609
vn -0.6866 -0.4509 -0.5704
vn -0.2093 -0.9610 0.1810
vn -0.2993 -0.9508 0.0795
vn -0.2679 -0.9615 0.0606
vn -0.1872 -0.9679 0.1678
vn -0.6835 -0.5139 -0.5184
vn -0.7459 -0.3975 -0.5344
vn -0.6866 -0.4509 -0.5704
vn -0.6294 -0.5330 -0.5655
vn -0.1087 -0.9521 0.2858
vn -0.2093 -0.9610 0.1810
vn -0.1872 -0.9679 0.1678
vn -0.0971 -0.9554 0.2790
vn -0.6738 -0.5483 -0.4953
vn -0.6835 -0.5139 -0.5184
vn -0.6294 -0.5330 -0.5655
vn -0.6099 -0.5745 -0.5458
vn -0.2679 -0.9615 0.0606
vn -0.3375 -0.9405 -0.0383
vn -0.2955 -0.9535 -0.0599
vn -0.2343 -0.9712 0.0438
vn -0.6866 -0.4509 -0.5704
vn -0.7342 -0.3825 -0.5609
vn 0.2770 -0.7220 -0.6341
vn 0.1769 -0.6424 -0.7457
vn -0.1872 -0.9679 0.1678
vn -0.2679 -0.9615 0.0606
vn -0.2343 -0.9712 0.0438
vn -0.1635 -0.9741 0.1562
vn -0.6294 -0.5330 -0.5655
vn -0.6866 -0.4509 -0.5704
vn 0.1769 -0.6424 -0.7457
vn 0.2102 -0.6118 -0.7626
vn -0.0971 -0.9554 0.2790
vn -0.1872 -0.9679 0.1678
vn -0.1635 -0.9741 0.1562
vn -0.0848 -0.9583 0.2729
vn -0.6099 -0.5745 -0.5458
vn -0.6294 -0.5330 -0.5655
vn 0.2102 -0.6118 -0.7626
vn 0.2168 -0.6204 -0.7537
vn -0.0000 -0.9211 0.3894
vn -0.0971 -0.9554 0.2790
vn -0.0848 -0.9583 0.2729
vn -0.6008 -0.6070 -0.5203
vn -0.6099 -0.5745 -0.5458
vn 0.2168 -0.6204 -0.7537
vn 0.2211 -0.6369 -0.7385
vn -0.5896 -0.6409 -0.4915
vn -0.6008 -0.6070 -0.5203
vn 0.2211 -0.6369 -0.7385
vn 0.2247 -0.6575 -0.7192
vn -0.5760 -0.6765 -0.4588
vn -0.5896 -0.6409 -0.4915
vn 0.2247 -0.6575 -0.7192
vn 0.2275 -0.6806 -0.6964
vn -0.5594 -0.7137 -0.4215
vn -0.5760 -0.6765 -0.4588
vn 0.2275 -0.6806 -0.6964
vn 0.2278 -0.7052 -0.6715
vn -0.5389 -0.7525 -0.3786
vn -0.5594 -0.7137 -0.4215
vn 0.2278 -0.7052 -0.6715
vn 0.2165 -0.7295 -0.6488
vn -0.5136 -0.7925 -0.3289
vn -0.5389 -0.7525 -0.3786
vn 0.2165 -0.7295 -0.6488
vn 0.0554 -0.7334 -0.6775
vn -0.4822 -0.8330 -0.2712
vn -0.5136 -0.7925 -0.3289
vn 0.0554 -0.7334 -0.6775
vn -0.2403 -0.8497 -0.4692
vn -0.4435 -0.8727 -0.2042
vn -0.4822 -0.8330 -0.2712
vn -0.2403 -0.8497 -0.4692
vn -0.3894 -0.8909 -0.2338
vn -0.3957 -0.9096 -0.1268
vn -0.4435 -0.8727 -0.2042
vn -0.3894 -0.8909 -0.2338
vn -0.3470 -0.9254 -0.1526
vn -0.3375 -0.9405 -0.0383
vn -0.3957 -0.9096 -0.1268
vn -0.3470 -0.9254 -0.1526
vn -0.2955 -0.9535 -0.0599
vn -0.3894 -0.8909 -0.2338
vn -0.2403 -0.8497 -0.4692
vn 0.5135 -0.5610 -0.6492
vn 0.2303 -0.8036 -0.5489
vn -0.3470 -0.9254 -0.1526
vn -0.3894 -0.8909 -0.2338
vn 0.2303 -0.8036 -0.5489
vn -0.0776 -0.9433 -0.3227
vn -0.2955 -0.9535 -0.0599
vn -0.3470 -0.9254 -0.1526
vn -0.0776 -0.9433 -0.3227
vn -0.2508 -0.9648 -0.0785
vn -0.2343 -0.9712 0.0438
vn -0.2955 -0.9535 -0.0599
vn -0.2508 -0.9648 -0.0785
vn -0.1986 -0.9796 0.0293
vn 0.1769 -0.6424 -0.7457
vn 0.2770 -0.7220 -0.6341
vn 0.8671 -0.4305 -0.2508
vn 0.9119 -0.2605 -0.3173
vn -0.1635 -0.9741 0.1562
vn -0.2343 -0.9712 0.0438
vn -0.1986 -0.9796 0.0293
vn -0.1384 -0.9795 0.1462
vn 0.2102 -0.6118 -0.7626
vn 0.1769 -0.6424 -0.7457
vn 0.9119 -0.2605 -0.3173
vn 0.9020 -0.2271 -0.3671
vn -0.0848 -0.9583 0.2729
vn -0.1635 -0.9741 0.1562
vn -0.1384 -0.9795 0.1462
vn -0.0717 -0.9608 0.2676
vn 0.2168 -0.6204 -0.7537
vn 0.2102 -0.6118 -0.7626
vn 0.9020 -0.2271 -0.3671
vn 0.8928 -0.2156 -0.3954
vn -0.0000 -0.9211 0.3894
vn -0.0848 -0.9583 0.2729
vn -0.0717 -0.9608 0.2676
vn 0.2211 -0.6369 -0.7385
vn 0.2168 -0.6204 -0.7537
vn 0.8928 -0.2156 -0.3954
vn 0.8818 -0.2119 -0.4214
vn 0.2247 -0.6575 -0.7192
vn 0.2211 -0.6369 -0.7385
vn 0.8818 -0.2119 -0.4214
vn 0.8700 -0.2128 -0.4448
vn 0.2275 -0.6806 -0.6964
vn 0.2247 -0.6575 -0.7192
vn 0.8700 -0.2128 -0.4448
vn 0.8574 -0.2171 -0.4666
vn 0.2278 -0.7052 -0.6715
vn 0.2275 -0.6806 -0.6964
vn 0.8574 -0.2171 -0.4666
vn 0.8437 -0.2242 -0.4878
vn 0.2165 -0.7295 -0.6488
vn 0.2278 -0.7052 -0.6715
vn 0.8437 -0.2242 -0.4878
vn 0.8270 -0.2338 -0.5113
vn 0.0554 -0.7334 -0.6775
vn 0.2165 -0.7295 -0.6488
vn 0.8270 -0.2338 -0.5113
vn 0.7932 -0.2477 -0.5563
vn -0.2403 -0.8497 -0.4692
vn 0.0554 -0.7334 -0.6775
vn 0.7932 -0.2477 -0.5563
vn 0.5135 -0.5610 -0.6492
vn 0.8270 -0.2338 -0.5113
vn 0.8437 -0.2242 -0.4878
vn 0.8135 -0.2165 -0.5398
vn 0.7876 -0.2322 -0.5708
vn 0.7932 -0.2477 -0.5563
vn 0.8270 -0.2338 -0.5113
vn 0.7876 -0.2322 -0.5708
vn 0.7640 -0.2458 -0.5966
vn 0.5135 -0.5610 -0.6492
vn 0.7932 -0.2477 -0.5563
vn 0.7640 -0.2458 -0.5966
vn 0.7470 -0.2498 -0.6160
vn 0.2303 -0.8036 -0.5489
vn 0.5135 -0.5610 -0.6492
vn 0.7470 -0.2498 -0.6160
vn 0.7244 -0.2785 -0.6306
vn -0.0776 -0.9433 -0.3227
vn 0.2303 -0.8036 -0.5489
vn 0.7244 -0.2785 -0.6306
vn 0.4991 -0.6711 -0.5482
vn -0.2508 -0.9648 -0.0785
vn -0.0776 -0.9433 -0.3227
vn 0.4991 -0.6711 -0.5482
vn 0.0138 -0.9778 -0.2091
vn -0.1986 -0.9796 0.0293
vn -0.2508 -0.9648 -0.0785
vn 0.0138 -0.9778 -0.2091
vn -0.1611 -0.9868 0.0172
vn 0.9119 -0.2605 -0.3173
vn 0.8671 -0.4305 -0.2508
vn 0.9443 -0.2026 -0.2593
vn 0.9397 -0.1907 -0.2840
vn -0.1384 -0.9795 0.1462
vn -0.1986 -0.9796 0.0293
vn -0.1611 -0.9868 0.0172
vn -0.1122 -0.9841 0.1378
vn 0.9020 -0.2271 -0.3671
vn 0.9119 -0.2605 -0.3173
vn 0.9397 -0.1907 -0.2840
vn 0.9261 -0.1808 -0.3311
vn -0.0717 -0.9608 0.2676
vn -0.1384 -0.9795 0.1462
vn -0.1122 -0.9841 0.1378
vn -0.0581 -0.9630 0.2633
vn 0.8928 -0.2156 -0.3954
vn 0.9020 -0.2271 -0.3671
vn 0.9261 -0.1808 -0.3311
vn 0.9094 -0.1785 -0.3757
vn -0.0000 -0.9211 0.3894
vn -0.0717 -0.9608 0.2676
vn -0.0581 -0.9630 0.2633
vn 0.8818 -0.2119 -0.4214
vn 0.8928 -0.2156 -0.3954
vn 0.9094 -0.1785 -0.3757
vn 0.8891 -0.1818 -0.4200
vn 0.8700 -0.2128 -0.4448
vn 0.8818 -0.2119 -0.4214
vn 0.8891 -0.1818 -0.4200
vn 0.8657 -0.1898 -0.4631
vn 0.8574 -0.2171 -0.4666
vn 0.8700 -0.2128 -0.4448
vn 0.8657 -0.1898 -0.4631
vn 0.8401 -0.2017 -0.5035
vn 0.8437 -0.2242 -0.4878
vn 0.8574 -0.2171 -0.4666
vn 0.8401 -0.2017 -0.5035
vn 0.8135 -0.2165 -0.5398
vn 0.8657 -0.1898 -0.4631
vn 0.8891 -0.1818 -0.4200
vn 0.8745 -0.1499 -0.4612
vn 0.8364 -0.1656 -0.5225
vn 0.8401 -0.2017 -0.5035
vn 0.8657 -0.1898 -0.4631
vn 0.8364 -0.1656 -0.5225
vn 0.7948 -0.1868 -0.5774
vn 0.8135 -0.2165 -0.5398
vn 0.8401 -0.2017 -0.5035
vn 0.7948 -0.1868 -0.5774
vn 0.7522 -0.2117 -0.6240
vn 0.7876 -0.2322 -0.5708
vn 0.8135 -0.2165 -0.5398
vn 0.7522 -0.2117 -0.6240
vn 0.7114 -0.2383 -0.6612
vn 0.7640 -0.2458 -0.5966
vn 0.7876 -0.2322 -0.5708
vn 0.7114 -0.2383 -0.6612
vn 0.6748 -0.2643 -0.6891
vn 0.7470 -0.2498 -0.6160
vn 0.7640 -0.2458 -0.5966
vn 0.6748 -0.2643 -0.6891
vn 0.6458 -0.2854 -0.7081
vn 0.7244 -0.2785 -0.6306
vn 0.7470 -0.2498 -0.6160
vn 0.6458 -0.2854 -0.7081
vn 0.6427 -0.2854 -0.7110
vn 0.4991 -0.6711 -0.5482
vn 0.7244 -0.2785 -0.6306
vn 0.6427 -0.2854 -0.7110
vn 0.6251 -0.3395 -0.7029
vn 0.0138 -0.9778 -0.2091
vn 0.4991 -0.6711 -0.5482
vn 0.6251 -0.3395 -0.7029
vn 0.3424 -0.8514 -0.3973
vn -0.1611 -0.9868 0.0172
vn 0.0138 -0.9778 -0.2091
vn 0.3424 -0.8514 -0.3973
vn -0.1221 -0.9925 0.0077
vn 0.9397 -0.1907 -0.2840
vn 0.9443 -0.2026 -0.2593
vn 0.9570 -0.1661 -0.2377
vn 0.9525 -0.1519 -0.2640
vn -0.1122 -0.9841 0.1378
vn -0.1611 -0.9868 0.0172
vn -0.1221 -0.9925 0.0077
vn -0.0849 -0.9877 0.1313
vn 0.9261 -0.1808 -0.3311
vn 0.9397 -0.1907 -0.2840
vn 0.9525 -0.1519 -0.2640
vn 0.9327 -0.1395 -0.3327
vn -0.0581 -0.9630 0.2633
vn -0.1122 -0.9841 0.1378
vn -0.0849 -0.9877 0.1313
vn -0.0440 -0.9646 0.2599
vn 0.9094 -0.1785 -0.3757
vn 0.9261 -0.1808 -0.3311
vn 0.9327 -0.1395 -0.3327
vn 0.9070 -0.1410 -0.3968
vn -0.0000 -0.9211 0.3894
vn -0.0581 -0.9630 0.2633
vn -0.0440 -0.9646 0.2599
vn 0.8891 -0.1818 -0.4200
vn 0.9094 -0.1785 -0.3757
vn 0.9070 -0.1410 -0.3968
vn 0.8745 -0.1499 -0.4612
vn 0.9525 -0.1519 -0.2640
vn 0.9570 -0.1661 -0.2377
vn 0.9724 -0.1310 -0.1931
vn 0.9633 -0.0997 -0.2494
vn -0.0849 -0.9877 0.1313
vn -0.1221 -0.9925 0.0077
vn -0.0820 -0.9966 0.0008
vn -0.0570 -0.9903 0.1265
vn 0.9327 -0.1395 -0.3327
vn 0.9525 -0.1519 -0.2640
vn 0.9633 -0.0997 -0.2494
vn 0.9296 -0.0754 -0.3608
vn -0.0440 -0.9646 0.2599
vn -0.0849 -0.9877 0.1313
vn -0.0570 -0.9903 0.1265
vn -0.0295 -0.9659 0.2574
vn 0.9070 -0.1410 -0.3968
vn 0.9327 -0.1395 -0.3327
vn 0.9296 -0.0754 -0.3608
vn 0.8799 -0.0855 -0.4674
vn -0.0000 -0.9211 0.3894
vn -0.0440 -0.9646 0.2599
vn -0.0295 -0.9659 0.2574
vn 0.8745 -0.1499 -0.4612
vn 0.9070 -0.1410 -0.3968
vn 0.8799 -0.0855 -0.4674
vn 0.8245 -0.1154 -0.5540
vn 0.8364 -0.1656 -0.5225
vn 0.8745 -0.1499 -0.4612
vn 0.8245 -0.1154 -0.5540
vn 0.7615 -0.1425 -0.6323
vn 0.7948 -0.1868 -0.5774
vn 0.8364 -0.1656 -0.5225
vn 0.7615 -0.1425 -0.6323
vn 0.6972 -0.1746 -0.6953
vn 0.7522 -0.2117 -0.6240
vn 0.7948 -0.1868 -0.5774
vn 0.6972 -0.1746 -0.6953
vn 0.6360 -0.2099 -0.7426
vn 0.7114 -0.2383 -0.6612
vn 0.7522 -0.2117 -0.6240
vn 0.6360 -0.2099 -0.7426
vn 0.5809 -0.2458 -0.7760
vn 0.6748 -0.2643 -0.6891
vn 0.7114 -0.2383 -0.6612
vn 0.5809 -0.2458 -0.7760
vn 0.5340 -0.2804 -0.7976
vn 0.6458 -0.2854 -0.7081
vn 0.6748 -0.2643 -0.6891
vn 0.5340 -0.2804 -0.7976
vn 0.4971 -0.3106 -0.8102
vn 0.6427 -0.2854 -0.7110
vn 0.6458 -0.2854 -0.7081
vn 0.4971 -0.3106 -0.8102
vn 0.4780 -0.3279 -0.8148
vn 0.6251 -0.3395 -0.7029
vn 0.6427 -0.2854 -0.7110
vn 0.4780 -0.3279 -0.8148
vn 0.4113 -0.3505 -0.8414
vn 0.3424 -0.8514 -0.3973
vn 0.6251 -0.3395 -0.7029
vn 0.4113 -0.3505 -0.8414
vn 0.2098 -0.8274 -0.5210
vn -0.1221 -0.9925 0.0077
vn 0.3424 -0.8514 -0.3973
vn 0.2098 -0.8274 -0.5210
vn -0.0820 -0.9966 0.0008
vn 0.4113 -0.3505 -0.8414
vn 0.4780 -0.3279 -0.8148
vn 0.2623 -0.3546 -0.8975
vn 0.2140 -0.3692 -0.9044
vn 0.2098 -0.8274 -0.5210
vn 0.4113 -0.3505 -0.8414
vn 0.2140 -0.3692 -0.9044
vn 0.0404 -0.8105 -0.5843
vn -0.0820 -0.9966 0.0008
vn 0.2098 -0.8274 -0.5210
vn 0.0404 -0.8105 -0.5843
vn -0.0412 -0.9991 -0.0034
vn 0.9633 -0.0997 -0.2494
vn 0.9724 -0.1310 -0.1931
vn 0.9718 -0.1075 -0.2099
vn 0.9254 -0.0327 -0.3776
vn -0.0570 -0.9903 0.1265
vn -0.0820 -0.9966 0.0008
vn -0.0412 -0.9991 -0.0034
vn -0.0286 -0.9919 0.1236
vn 0.9296 -0.0754 -0.3608
vn 0.9633 -0.0997 -0.2494
vn 0.9254 -0.0327 -0.3776
vn 0.8233 0.0278 -0.5670
vn -0.0295 -0.9659 0.2574
vn -0.0570 -0.9903 0.1265
vn -0.0286 -0.9919 0.1236
vn -0.0148 -0.9666 0.2559
vn 0.8799 -0.0855 -0.4674
vn 0.9296 -0.0754 -0.3608
vn 0.8233 0.0278 -0.5670
vn 0.7146 0.0247 -0.6991
vn -0.0000 -0.9211 0.3894
vn -0.0295 -0.9659 0.2574
vn -0.0148 -0.9666 0.2559
vn 0.8245 -0.1154 -0.5540
vn 0.8799 -0.0855 -0.4674
vn 0.7146 0.0247 -0.6991
vn 0.6513 -0.0652 -0.7561
vn 0.7615 -0.1425 -0.6323
vn 0.8245 -0.1154 -0.5540
vn 0.6513 -0.0652 -0.7561
vn 0.5473 -0.1284 -0.8270
vn 0.6972 -0.1746 -0.6953
vn 0.7615 -0.1425 -0.6323
vn 0.5473 -0.1284 -0.8270
vn 0.4676 -0.1713 -0.8672
vn 0.6360 -0.2099 -0.7426
vn 0.6972 -0.1746 -0.6953
vn 0.4676 -0.1713 -0.8672
vn 0.4039 -0.2141 -0.8894
vn 0.5809 -0.2458 -0.7760
vn 0.6360 -0.2099 -0.7426
vn 0.4039 -0.2141 -0.8894
vn 0.3524 -0.2558 -0.9002
vn 0.5340 -0.2804 -0.7976
vn 0.5809 -0.2458 -0.7760
vn 0.3524 -0.2558 -0.9002
vn 0.3119 -0.2950 -0.9032
vn 0.4971 -0.3106 -0.8102
vn 0.5340 -0.2804 -0.7976
vn 0.3119 -0.2950 -0.9032
vn 0.2815 -0.3297 -0.9011
vn 0.4780 -0.3279 -0.8148
vn 0.4971 -0.3106 -0.8102
vn 0.2815 -0.3297 -0.9011
vn 0.2623 -0.3546 -0.8975
vn 0.3119 -0.2950 -0.9032
vn 0.3524 -0.2558 -0.9002
vn -0.0000 -0.2517 -0.9678
vn -0.0000 -0.2939 -0.9558
vn 0.2815 -0.3297 -0.9011
vn 0.3119 -0.2950 -0.9032
vn -0.0000 -0.2939 -0.9558
vn -0.0000 -0.3316 -0.9434
vn 0.2623 -0.3546 -0.8975
vn 0.2815 -0.3297 -0.9011
vn -0.0000 -0.3316 -0.9434
vn -0.0000 -0.3609 -0.9326
vn 0.2140 -0.3692 -0.9044
vn 0.2623 -0.3546 -0.8975
vn -0.0000 -0.3609 -0.9326
vn 0.0000 -0.3759 -0.9267
vn 0.0404 -0.8105 -0.5843
vn 0.2140 -0.3692 -0.9044
vn 0.0000 -0.3759 -0.9267
vn -0.0000 -0.8068 -0.5908
vn -0.0412 -0.9991 -0.0034
vn 0.0404 -0.8105 -0.5843
vn -0.0000 -0.8068 -0.5908
vn 0.0000 -1.0000 -0.0048
vn 0.9254 -0.0327 -0.3776
vn 0.9718 -0.1075 -0.2099
vn 0.0000 -0.4129 -0.9108
vn -0.0000 -0.2844 -0.9587
vn -0.0286 -0.9919 0.1236
vn -0.0412 -0.9991 -0.0034
vn 0.0000 -1.0000 -0.0048
vn 0.0000 -0.9924 0.1227
vn 0.8233 0.0278 -0.5670
vn 0.9254 -0.0327 -0.3776
vn -0.0000 -0.2844 -0.9587
vn 0.0000 0.1088 -0.9941
vn -0.0148 -0.9666 0.2559
vn -0.0286 -0.9919 0.1236
vn 0.0000 -0.9924 0.1227
vn -0.0000 -0.9668 0.2554
vn 0.7146 0.0247 -0.6991
vn 0.8233 0.0278 -0.5670
vn 0.0000 0.1088 -0.9941
vn 0.0000 0.1271 -0.9919
vn -0.0000 -0.9211 0.3894
vn -0.0148 -0.9666 0.2559
vn -0.0000 -0.9668 0.2554
vn 0.6513 -0.0652 -0.7561
vn 0.7146 0.0247 -0.6991
vn 0.0000 0.1271 -0.9919
vn 0.0000 0.0587 -0.9983
vn 0.5473 -0.1284 -0.8270
vn 0.6513 -0.0652 -0.7561
vn 0.0000 0.0587 -0.9983
vn -0.0000 -0.1012 -0.9949
vn 0.4676 -0.1713 -0.8672
vn 0.5473 -0.1284 -0.8270
vn -0.0000 -0.1012 -0.9949
vn -0.0000 -0.1583 -0.9874
vn 0.4039 -0.2141 -0.8894
vn 0.4676 -0.1713 -0.8672
vn -0.0000 -0.1583 -0.9874
vn -0.0000 -0.2062 -0.9785
vn 0.3524 -0.2558 -0.9002
vn 0.4039 -0.2141 -0.8894
vn -0.0000 -0.2062 -0.9785
vn -0.0000 -0.2517 -0.9678
vn -0.0000 -0.1583 -0.9874
vn -0.0000 -0.1012 -0.9949
vn -0.5473 -0.1284 -0.8270
vn -0.4676 -0.1713 -0.8672
vn -0.0000 -0.2062 -0.9785
vn -0.0000 -0.1583 -0.9874
vn -0.4676 -0.1713 -0.8672
vn -0.4039 -0.2141 -0.8894
vn -0.0000 -0.2517 -0.9678
vn -0.0000 -0.2062 -0.9785
vn -0.4039 -0.2141 -0.8894
vn -0.3524 -0.2558 -0.9002
vn -0.0000 -0.2939 -0.9558
vn -0.0000 -0.2517 -0.9678
vn -0.3524 -0.2558 -0.9002
vn -0.3119 -0.2950 -0.9032
vn -0.0000 -0.3316 -0.9434
vn -0.0000 -0.2939 -0.9558
vn -0.3119 -0.2950 -0.9032
vn -0.2815 -0.3297 -0.9011
vn -0.0000 -0.3609 -0.9326
vn -0.0000 -0.3316 -0.9434
vn -0.2815 -0.3297 -0.9011
vn -0.2623 -0.3546 -0.8975
vn 0.0000 -0.3759 -0.9267
vn -0.0000 -0.3609 -0.9326
vn -0.2623 -0.3546 -0.8975
vn -0.2140 -0.3692 -0.9044
vn -0.0000 -0.8068 -0.5908
vn 0.0000 -0.3759 -0.9267
vn -0.2140 -0.3692 -0.9044
vn -0.0404 -0.8105 -0.5843
vn 0.0000 -1.0000 -0.0048
vn -0.0000 -0.8068 -0.5908
vn -0.0404 -0.8105 -0.5843
vn 0.0412 -0.9991 -0.0034
vn -0.0000 -0.2844 -0.9587
vn 0.0000 -0.4129 -0.9108
vn -0.9718 -0.1075 -0.2099
vn -0.9254 -0.0327 -0.3776
vn 0.0000 -0.9924 0.1227
vn 0.0000 -1.0000 -0.0048
vn 0.0412 -0.9991 -0.0034
vn 0.0286 -0.9919 0.1236
vn 0.0000 0.1088 -0.9941
vn -0.0000 -0.2844 -0.9587
vn -0.9254 -0.0327 -0.3776
vn -0.8233 0.0278 -0.5670
vn -0.0000 -0.9668 0.2554
vn 0.0000 -0.9924 0.1227
vn 0.0286 -0.9919 0.1236
vn 0.0148 -0.9666 0.2559
vn 0.0000 0.1271 -0.9919
vn 0.0000 0.1088 -0.9941
vn -0.8233 0.0278 -0.5670
vn -0.7146 0.0247 -0.6991
vn -0.0000 -0.9211 0.3894
vn -0.0000 -0.9668 0.2554
vn 0.0148 -0.9666 0.2559
vn 0.0000 0.0587 -0.9983
vn 0.0000 0.1271 -0.9919
vn -0.7146 0.0247 -0.6991
vn -0.6513 -0.0651 -0.7561
vn -0.0000 -0.1012 -0.9949
vn 0.0000 0.0587 -0.9983
vn -0.6513 -0.0651 -0.7561
vn -0.5473 -0.1284 -0.8270
vn 0.0148 -0.9666 0.2559
vn 0.0286 -0.9919 0.1236
vn 0.0570 -0.9903 0.1265
vn 0.0295 -0.9659 0.2574
vn -0.7146 0.0247 -0.6991
vn -0.8233 0.0278 -0.5670
vn -0.9296 -0.0754 -0.3608
vn -0.8799 -0.0855 -0.4674
vn -0.0000 -0.9211 0.3894
vn 0.0148 -0.9666 0.2559
vn 0.0295 -0.9659 0.2574
vn -0.6513 -0.0651 -0.7561
vn -0.7146 0.0247 -0.6991
vn -0.8799 -0.0855 -0.4674
vn -0.8245 -0.1154 -0.5540
vn -0.5473 -0.1284 -0.8270
vn -0.6513 -0.0651 -0.7561
vn -0.8245 -0.1154 -0.5540
vn -0.7615 -0.1425 -0.6323
vn -0.4676 -0.1713 -0.8672
vn -0.5473 -0.1284 -0.8270
vn -0.7615 -0.1425 -0.6323
vn -0.6972 -0.1746 -0.6953
vn -0.4039 -0.2141 -0.8894
vn -0.4676 -0.1713 -0.8672
vn -0.6972 -0.1746 -0.6953
vn -0.6360 -0.2099 -0.7426
vn -0.3524 -0.2558 -0.9002
vn -0.4039 -0.2141 -0.8894
vn -0.6360 -0.2099 -0.7426
vn -0.5809 -0.2458 -0.7760
vn -0.3119 -0.2950 -0.9032
vn -0.3524 -0.2558 -0.9002
vn -0.5809 -0.2458 -0.7760
vn -0.5340 -0.2804 -0.7976
vn -0.2815 -0.3297 -0.9011
vn -0.3119 -0.2950 -0.9032
vn -0.5340 -0.2804 -0.7976
vn -0.4971 -0.3106 -0.8102
vn -0.2623 -0.3546 -0.8975
vn -0.2815 -0.3297 -0.9011
vn -0.4971 -0.3106 -0.8102
vn -0.4780 -0.3280 -0.8148
vn -0.2140 -0.3692 -0.9044
vn -0.2623 -0.3546 -0.8975
vn -0.4780 -0.3280 -0.8148
vn -0.4113 -0.3505 -0.8414
vn -0.0404 -0.8105 -0.5843
vn -0.2140 -0.3692 -0.9044
vn -0.4113 -0.3505 -0.8414
vn -0.2098 -0.8274 -0.5210
vn 0.0412 -0.9991 -0.0034
vn -0.0404 -0.8105 -0.5843
vn -0.2098 -0.8274 -0.5210
vn 0.0820 -0.9966 0.0008
vn -0.9254 -0.0327 -0.3776
vn -0.9718 -0.1075 -0.2099
vn -0.9724 -0.1310 -0.1931
vn -0.9633 -0.0997 -0.2494
vn 0.0286 -0.9919 0.1236
vn 0.0412 -0.9991 -0.0034
vn 0.0820 -0.9966 0.0008
vn 0.0570 -0.9903 0.1265
vn -0.8233 0.0278 -0.5670
vn -0.9254 -0.0327 -0.3776
vn -0.9633 -0.0997 -0.2494
vn -0.9296 -0.0754 -0.3608
vn -0.2098 -0.8274 -0.5210
vn -0.4113 -0.3505 -0.8414
vn -0.6251 -0.3395 -0.7028
vn -0.3424 -0.8514 -0.3973
vn 0.0820 -0.9966 0.0008
vn -0.2098 -0.8274 -0.5210
vn -0.3424 -0.8514 -0.3973
vn 0.1221 -0.9925 0.0077
vn -0.9633 -0.0997 -0.2494
vn -0.9724 -0.1310 -0.1931
vn -0.9570 -0.1661 -0.2377
vn -0.9525 -0.1519 -0.2640
vn 0.0570 -0.9903 0.1265
vn 0.0820 -0.9966 0.0008
vn 0.1221 -0.9925 0.0077
vn 0.0849 -0.9877 0.1313
vn -0.9296 -0.0754 -0.3608
vn -0.9633 -0.0997 -0.2494
vn -0.9525 -0.1519 -0.2640
vn -0.9327 -0.1395 -0.3327
vn 0.0295 -0.9659 0.2574
vn 0.0570 -0.9903 0.1265
vn 0.0849 -0.9877 0.1313
vn 0.0440 -0.9646 0.2599
vn -0.8799 -0.0855 -0.4674
vn -0.9296 -0.0754 -0.3608
vn -0.9327 -0.1395 -0.3327
vn -0.9070 -0.1410 -0.3968
vn -0.0000 -0.9211 0.3894
vn 0.0295 -0.9659 0.2574
vn 0.0440 -0.9646 0.2599
vn -0.8245 -0.1154 -0.5540
vn -0.8799 -0.0855 -0.4674
vn -0.9070 -0.1410 -0.3968
vn -0.8745 -0.1499 -0.4612
vn -0.7615 -0.1425 -0.6323
vn -0.8245 -0.1154 -0.5540
vn -0.8745 -0.1499 -0.4612
vn -0.8364 -0.1656 -0.5225
vn -0.6972 -0.1746 -0.6953
vn -0.7615 -0.1425 -0.6323
vn -0.8364 -0.1656 -0.5225
vn -0.7948 -0.1868 -0.5774
vn -0.6360 -0.2099 -0.7426
vn -0.6972 -0.1746 -0.6953
vn -0.7948 -0.1868 -0.5774
vn -0.7522 -0.2117 -0.6240
vn -0.5809 -0.2458 -0.7760
vn -0.6360 -0.2099 -0.7426
vn -0.7522 -0.2117 -0.6240
vn -0.7114 -0.2383 -0.6612
vn -0.5340 -0.2804 -0.7976
vn -0.5809 -0.2458 -0.7760
vn -0.7114 -0.2383 -0.6612
vn -0.6748 -0.2643 -0.6891
vn -0.4971 -0.3106 -0.8102
vn -0.5340 -0.2804 -0.7976
vn -0.6748 -0.2643 -0.6891
vn -0.6458 -0.2854 -0.7081
vn -0.4780 -0.3280 -0.8148
vn -0.4971 -0.3106 -0.8102
vn -0.6458 -0.2854 -0.7081
vn -0.6427 -0.2854 -0.7110
vn -0.4113 -0.3505 -0.8414
vn -0.4780 -0.3280 -0.8148
vn -0.6427 -0.2854 -0.7110
vn -0.6251 -0.3395 -0.7028
vn -0.6458 -0.2854 -0.7081
vn -0.6748 -0.2643 -0.6891
vn -0.7640 -0.2458 -0.5966
vn -0.7470 -0.2498 -0.6160
vn -0.6427 -0.2854 -0.7110
vn -0.6458 -0.2854 -0.7081
vn -0.7470 -0.2498 -0.6160
vn -0.7244 -0.2785 -0.6306
vn -0.6251 -0.3395 -0.7028
vn -0.6427 -0.2854 -0.7110
vn -0.7244 -0.2785 -0.6306
vn -0.4991 -0.6711 -0.5482
vn -0.3424 -0.8514 -0.3973
vn -0.6251 -0.3395 -0.7028
vn -0.4991 -0.6711 -0.5482
vn -0.0138 -0.9778 -0.2091
vn 0.1221 -0.9925 0.0077
vn -0.3424 -0.8514 -0.3973
vn -0.0138 -0.9778 -0.2091
vn 0.1611 -0.9868 0.0172
vn -0.9525 -0.1519 -0.2640
vn -0.9570 -0.1661 -0.2377
vn -0.9443 -0.2026 -0.2593
vn -0.9397 -0.1907 -0.2840
vn 0.0849 -0.9877 0.1313
vn 0.1221 -0.9925 0.0077
vn 0.1611 -0.9868 0.0172
vn 0.1122 -0.9841 0.1378
vn -0.9327 -0.1395 -0.3327
vn -0.9525 -0.1519 -0.2640
vn -0.9397 -0.1907 -0.2840
vn -0.9261 -0.1808 -0.3311
vn 0.0440 -0.9646 0.2599
vn 0.0849 -0.9877 0.1313
vn 0.1122 -0.9841 0.1378
vn 0.0581 -0.9630 0.2633
vn -0.9070 -0.1410 -0.3968
vn -0.9327 -0.1395 -0.3327
vn -0.9261 -0.1808 -0.3311
vn -0.9094 -0.1785 -0.3757
vn -0.0000 -0.9211 0.3894
vn 0.0440 -0.9646 0.2599
vn 0.0581 -0.9630 0.2633
vn -0.8745 -0.1499 -0.4612
vn -0.9070 -0.1410 -0.3968
vn -0.9094 -0.1785 -0.3757
vn -0.8891 -0.1818 -0.4200
vn -0.8364 -0.1656 -0.5225
vn -0.8745 -0.1499 -0.4612
vn -0.8891 -0.1818 -0.4200
vn -0.8657 -0.1898 -0.4631
vn -0.7948 -0.1868 -0.5774
vn -0.8364 -0.1656 -0.5225
vn -0.8657 -0.1898 -0.4631
vn -0.8401 -0.2017 -0.5035
vn -0.7522 -0.2117 -0.6240
vn -0.7948 -0.1868 -0.5774
vn -0.8401 -0.2017 -0.5035
vn -0.8135 -0.2165 -0.5398
vn -0.7114 -0.2383 -0.6612
vn -0.7522 -0.2117 -0.6240
vn -0.8135 -0.2165 -0.5398
vn -0.7876 -0.2322 -0.5708
vn -0.6748 -0.2643 -0.6891
vn -0.7114 -0.2383 -0.6612
vn -0.7876 -0.2322 -0.5708
vn -0.7640 -0.2458 -0.5966
vn -0.8135 -0.2165 -0.5398
vn -0.8401 -0.2017 -0.5035
vn -0.8574 -0.2171 -0.4666
vn -0.8437 -0.2242 -0.4878
vn -0.7876 -0.2322 -0.5708
vn -0.8135 -0.2165 -0.5398
vn -0.8437 -0.2242 -0.4878
vn -0.8270 -0.2338 -0.5113
vn -0.7640 -0.2458 -0.5966
vn -0.7876 -0.2322 -0.5708
vn -0.8270 -0.2338 -0.5113
vn -0.7932 -0.2477 -0.5563
vn -0.7470 -0.2498 -0.6160
vn -0.7640 -0.2458 -0.5966
vn -0.7932 -0.2477 -0.5563
vn -0.5135 -0.5610 -0.6492
vn -0.7244 -0.2785 -0.6306
vn -0.7470 -0.2498 -0.6160
vn -0.5135 -0.5610 -0.6492
vn -0.2303 -0.8036 -0.5489
vn -0.4991 -0.6711 -0.5482
vn -0.7244 -0.2785 -0.6306
vn -0.2303 -0.8036 -0.5489
vn 0.0776 -0.9433 -0.3227
vn -0.0138 -0.9778 -0.2091
vn -0.4991 -0.6711 -0.5482
vn 0.0776 -0.9433 -0.3227
vn 0.2508 -0.9648 -0.0785
vn 0.1611 -0.9868 0.0172
vn -0.0138 -0.9778 -0.2091
vn 0.2508 -0.9648 -0.0785
vn 0.1986 -0.9796 0.0293
vn -0.9397 -0.1907 -0.2840
vn -0.9443 -0.2026 -0.2593
vn -0.8671 -0.4305 -0.2509
vn -0.9119 -0.2605 -0.3173
vn 0.1122 -0.9841 0.1378
vn 0.1611 -0.9868 0.0172
vn 0.1986 -0.9796 0.0293
vn 0.1384 -0.9795 0.1462
vn -0.9261 -0.1808 -0.3311
vn -0.9397 -0.1907 -0.2840
vn -0.9119 -0.2605 -0.3173
vn -0.9020 -0.2271 -0.3671
vn 0.0581 -0.9630 0.2633
vn 0.1122 -0.9841 0.1378
vn 0.1384 -0.9795 0.1462
vn 0.0717 -0.9608 0.2676
vn -0.9094 -0.1785 -0.3757
vn -0.9261 -0.1808 -0.3311
vn -0.9020 -0.2271 -0.3671
vn -0.8928 -0.2156 -0.3954
vn -0.0000 -0.9211 0.3894
vn 0.0581 -0.9630 0.2633
vn 0.0717 -0.9608 0.2676
vn -0.8891 -0.1818 -0.4200
vn -0.9094 -0.1785 -0.3757
vn -0.8928 -0.2156 -0.3954
vn -0.8818 -0.2119 -0.4214
vn -0.8657 -0.1898 -0.4631
vn -0.8891 -0.1818 -0.4200
vn -0.8818 -0.2119 -0.4214
vn -0.8700 -0.2128 -0.4448
vn -0.8401 -0.2017 -0.5035
vn -0.8657 -0.1898 -0.4631
vn -0.8700 -0.2128 -0.4448
vn -0.8574 -0.2171 -0.4666
vn -0.8928 -0.2156 -0.3954
vn -0.9020 -0.2271 -0.3671
vn -0.2102 -0.6118 -0.7626
vn -0.2168 -0.6204 -0.7537
vn -0.0000 -0.9211 0.3894
vn 0.0717 -0.9608 0.2676
vn 0.0848 -0.9583 0.2729
vn -0.8818 -0.2119 -0.4214
vn -0.8928 -0.2156 -0.3954
vn -0.2168 -0.6204 -0.7537
vn -0.2211 -0.6369 -0.7385
vn -0.8700 -0.2128 -0.4448
vn -0.8818 -0.2119 -0.4214
vn -0.2211 -0.6369 -0.7385
vn -0.2247 -0.6575 -0.7192
vn -0.8574 -0.2171 -0.4666
vn -0.8700 -0.2128 -0.4448
vn -0.2247 -0.6575 -0.7192
vn -0.2275 -0.6806 -0.6964
vn -0.8437 -0.2242 -0.4878
vn -0.8574 -0.2171 -0.4666
vn -0.2275 -0.6806 -0.6964
vn -0.2278 -0.7052 -0.6715
vn -0.8270 -0.2338 -0.5113
vn -0.8437 -0.2242 -0.4878
vn -0.2278 -0.7052 -0.6715
vn -0.2165 -0.7295 -0.6488
vn -0.7932 -0.2477 -0.5563
vn -0.8270 -0.2338 -0.5113
vn -0.2165 -0.7295 -0.6488
vn -0.0554 -0.7334 -0.6775
vn -0.5135 -0.5610 -0.6492
vn -0.7932 -0.2477 -0.5563
vn -0.0554 -0.7334 -0.6775
vn 0.2403 -0.8497 -0.4692
vn -0.2303 -0.8036 -0.5489
vn -0.5135 -0.5610 -0.6492
vn 0.2403 -0.8497 -0.4692
vn 0.3894 -0.8909 -0.2338
vn 0.0776 -0.9433 -0.3227
vn -0.2303 -0.8036 -0.5489
vn 0.3894 -0.8909 -0.2338
vn 0.3470 -0.9254 -0.1526
vn 0.2508 -0.9648 -0.0785
vn 0.0776 -0.9433 -0.3227
vn 0.3470 -0.9254 -0.1526
vn 0.2955 -0.9535 -0.0599
vn 0.1986 -0.9796 0.0293
vn 0.2508 -0.9648 -0.0785
vn 0.2955 -0.9535 -0.0599
vn 0.2343 -0.9712 0.0438
vn -0.9119 -0.2605 -0.3173
vn -0.8671 -0.4305 -0.2509
vn -0.2770 -0.7219 -0.6341
vn -0.1769 -0.6424 -0.7457
vn 0.1384 -0.9795 0.1462
vn 0.1986 -0.9796 0.0293
vn 0.2343 -0.9712 0.0438
vn 0.1635 -0.9741 0.1562
vn -0.9020 -0.2271 -0.3671
vn -0.9119 -0.2605 -0.3173
vn -0.1769 -0.6424 -0.7457
vn -0.2102 -0.6118 -0.7626
vn 0.0717 -0.9608 0.2676
vn 0.1384 -0.9795 0.1462
vn 0.1635 -0.9741 0.1562
vn 0.0848 -0.9583 0.2729
vn 0.2343 -0.9712 0.0438
vn 0.2955 -0.9535 -0.0599
vn 0.3375 -0.9405 -0.0384
vn 0.2679 -0.9615 0.0606
vn -0.1769 -0.6424 -0.7457
vn -0.2770 -0.7219 -0.6341
vn 0.7342 -0.3825 -0.5609
vn 0.6866 -0.4509 -0.5704
vn 0.1635 -0.9741 0.1562
vn 0.2343 -0.9712 0.0438
vn 0.2679 -0.9615 0.0606
vn 0.1872 -0.9679 0.1678
vn -0.2102 -0.6118 -0.7626
vn -0.1769 -0.6424 -0.7457
vn 0.6866 -0.4509 -0.5704
vn 0.6294 -0.5330 -0.5655
vn 0.0848 -0.9583 0.2729
vn 0.1635 -0.9741 0.1562
vn 0.1872 -0.9679 0.1678
vn 0.0971 -0.9554 0.2790
vn -0.2168 -0.6204 -0.7537
vn -0.2102 -0.6118 -0.7626
vn 0.6294 -0.5330 -0.5655
vn 0.6099 -0.5745 -0.5458
vn -0.0000 -0.9211 0.3894
vn 0.0848 -0.9583 0.2729
vn 0.0971 -0.9554 0.2790
vn -0.2211 -0.6369 -0.7385
vn -0.2168 -0.6204 -0.7537
vn 0.6099 -0.5745 -0.5458
vn 0.6008 -0.6070 -0.5203
vn -0.2247 -0.6575 -0.7192
vn -0.2211 -0.6369 -0.7385
vn 0.6008 -0.6070 -0.5203
vn 0.5896 -0.6409 -0.4915
vn -0.2275 -0.6806 -0.6964
vn -0.2247 -0.6575 -0.7192
vn 0.5896 -0.6409 -0.4915
vn 0.5760 -0.6765 -0.4588
vn -0.2278 -0.7052 -0.6715
vn -0.2275 -0.6806 -0.6964
vn 0.5760 -0.6765 -0.4588
vn 0.5594 -0.7137 -0.4215
vn -0.2165 -0.7295 -0.6488
vn -0.2278 -0.7052 -0.6715
vn 0.5594 -0.7137 -0.4215
vn 0.5389 -0.7525 -0.3786
vn -0.0554 -0.7334 -0.6775
vn -0.2165 -0.7295 -0.6488
vn 0.5389 -0.7525 -0.3786
vn 0.5136 -0.7925 -0.3289
vn 0.2403 -0.8497 -0.4692
vn -0.0554 -0.7334 -0.6775
vn 0.5136 -0.7925 -0.3289
vn 0.4822 -0.8330 -0.2712
vn 0.3894 -0.8909 -0.2338
vn 0.2403 -0.8497 -0.4692
vn 0.4822 -0.8330 -0.2712
vn 0.4435 -0.8727 -0.2042
vn 0.3470 -0.9254 -0.1526
vn 0.3894 -0.8909 -0.2338
vn 0.4435 -0.8727 -0.2042
vn 0.3957 -0.9096 -0.1268
vn 0.2955 -0.9535 -0.0599
vn 0.3470 -0.9254 -0.1526
vn 0.3957 -0.9096 -0.1268
vn 0.3375 -0.9405 -0.0384
vn 0.4822 -0.8330 -0.2712
vn 0.5136 -0.7925 -0.3289
vn 0.5697 -0.7692 -0.2894
vn 0.5356 -0.8112 -0.2348
vn 0.4435 -0.8727 -0.2042
vn 0.4822 -0.8330 -0.2712
vn 0.5356 -0.8112 -0.2348
vn 0.4932 -0.8529 -0.1714
vn 0.3957 -0.9096 -0.1268
vn 0.4435 -0.8727 -0.2042
vn 0.4932 -0.8529 -0.1714
vn 0.4407 -0.8923 -0.0980
vn 0.3375 -0.9405 -0.0384
vn 0.3957 -0.9096 -0.1268
vn 0.4407 -0.8923 -0.0980
vn 0.3765 -0.9263 -0.0142
vn 0.2679 -0.9615 0.0606
vn 0.3375 -0.9405 -0.0384
vn 0.3765 -0.9263 -0.0142
vn 0.2993 -0.9508 0.0795
vn 0.6866 -0.4509 -0.5704
vn 0.7342 -0.3825 -0.5609
vn 0.7867 -0.3239 -0.5256
vn 0.7459 -0.3975 -0.5344
vn 0.1872 -0.9679 0.1678
vn 0.2679 -0.9615 0.0606
vn 0.2993 -0.9508 0.0795
vn 0.2093 -0.9610 0.1810
vn 0.6294 -0.5330 -0.5655
vn 0.6866 -0.4509 -0.5704
vn 0.7459 -0.3975 -0.5344
vn 0.6835 -0.5139 -0.5184
vn 0.0971 -0.9554 0.2790
vn 0.1872 -0.9679 0.1678
vn 0.2093 -0.9610 0.1810
vn 0.1087 -0.9521 0.2858
vn 0.6099 -0.5745 -0.5458
vn 0.6294 -0.5330 -0.5655
vn 0.6835 -0.5139 -0.5184
vn 0.6738 -0.5483 -0.4953
vn -0.0000 -0.9211 0.3894
vn 0.0971 -0.9554 0.2790
vn 0.1087 -0.9521 0.2858
vn 0.6008 -0.6070 -0.5203
vn 0.6099 -0.5745 -0.5458
vn 0.6738 -0.5483 -0.4953
vn 0.6640 -0.5808 -0.4710
vn 0.5896 -0.6409 -0.4915
vn 0.6008 -0.6070 -0.5203
vn 0.6640 -0.5808 -0.4710
vn 0.6520 -0.6149 -0.4436
vn 0.5760 -0.6765 -0.4588
vn 0.5896 -0.6409 -0.4915
vn 0.6520 -0.6149 -0.4436
vn 0.6373 -0.6508 -0.4126
vn 0.5594 -0.7137 -0.4215
vn 0.5760 -0.6765 -0.4588
vn 0.6373 -0.6508 -0.4126
vn 0.6194 -0.6886 -0.3772
vn 0.5389 -0.7525 -0.3786
vn 0.5594 -0.7137 -0.4215
vn 0.6194 -0.6886 -0.3772
vn 0.5972 -0.7281 -0.3365
vn 0.5136 -0.7925 -0.3289
vn 0.5389 -0.7525 -0.3786
vn 0.5972 -0.7281 -0.3365
vn 0.5697 -0.7692 -0.2894
vn 0.6194 -0.6886 -0.3772
vn 0.6373 -0.6508 -0.4126
vn 0.6922 -0.6238 -0.3630
vn 0.6731 -0.6621 -0.3295
vn 0.5972 -0.7281 -0.3365
vn 0.6194 -0.6886 -0.3772
vn 0.6731 -0.6621 -0.3295
vn 0.6495 -0.7024 -0.2911
vn 0.5697 -0.7692 -0.2894
vn 0.5972 -0.7281 -0.3365
vn 0.6495 -0.7024 -0.2911
vn 0.6203 -0.7446 -0.2467
vn 0.5356 -0.8112 -0.2348
vn 0.5697 -0.7692 -0.2894
vn 0.6203 -0.7446 -0.2467
vn 0.5838 -0.7881 -0.1953
vn 0.4932 -0.8529 -0.1714
vn 0.5356 -0.8112 -0.2348
vn 0.5838 -0.7881 -0.1953
vn 0.5383 -0.8318 -0.1355
vn 0.4407 -0.8923 -0.0980
vn 0.4932 -0.8529 -0.1714
vn 0.5383 -0.8318 -0.1355
vn 0.4818 -0.8738 -0.0665
vn 0.3765 -0.9263 -0.0142
vn 0.4407 -0.8923 -0.0980
vn 0.4818 -0.8738 -0.0665
vn 0.4122 -0.9110 0.0123
vn 0.2993 -0.9508 0.0795
vn 0.3765 -0.9263 -0.0142
vn 0.4122 -0.9110 0.0123
vn 0.3283 -0.9392 0.1004
vn 0.2093 -0.9610 0.1810
vn 0.2993 -0.9508 0.0795
vn 0.3283 -0.9392 0.1004
vn 0.2299 -0.9534 0.1955
vn 0.1087 -0.9521 0.2858
vn 0.2093 -0.9610 0.1810
vn 0.2299 -0.9534 0.1955
vn 0.1195 -0.9485 0.2935
vn 0.6738 -0.5483 -0.4953
vn 0.6835 -0.5139 -0.5184
vn 0.7079 -0.5185 -0.4797
vn 0.7033 -0.5349 -0.4683
vn -0.0000 -0.9211 0.3894
vn 0.1087 -0.9521 0.2858
vn 0.1195 -0.9485 0.2935
vn 0.6640 -0.5808 -0.4710
vn 0.6738 -0.5483 -0.4953
vn 0.7033 -0.5349 -0.4683
vn 0.7088 -0.5640 -0.4237
vn 0.6520 -0.6149 -0.4436
vn 0.6640 -0.5808 -0.4710
vn 0.7088 -0.5640 -0.4237
vn 0.7077 -0.5876 -0.3924
vn 0.6373 -0.6508 -0.4126
vn 0.6520 -0.6149 -0.4436
vn 0.7077 -0.5876 -0.3924
vn 0.6922 -0.6238 -0.3630
vn -0.0000 -0.9211 0.3894
vn 0.1195 -0.9485 0.2935
vn 0.1292 -0.9446 0.3018
vn 0.7077 -0.5876 -0.3924
vn 0.7088 -0.5640 -0.4237
vn 0.7402 -0.5555 -0.3788
vn 0.7458 -0.5706 -0.3438
vn 0.6922 -0.6238 -0.3630
vn 0.7077 -0.5876 -0.3924
vn 0.7458 -0.5706 -0.3438
vn 0.7406 -0.5958 -0.3107
vn 0.6731 -0.6621 -0.3295
vn 0.6922 -0.6238 -0.3630
vn 0.7406 -0.5958 -0.3107
vn 0.7206 -0.6346 -0.2792
vn 0.6495 -0.7024 -0.2911
vn 0.6731 -0.6621 -0.3295
vn 0.7206 -0.6346 -0.2792
vn 0.6960 -0.6757 -0.2430
vn 0.6203 -0.7446 -0.2467
vn 0.6495 -0.7024 -0.2911
vn 0.6960 -0.6757 -0.2430
vn 0.6652 -0.7190 -0.2013
vn 0.5838 -0.7881 -0.1953
vn 0.6203 -0.7446 -0.2467
vn 0.6652 -0.7190 -0.2013
vn 0.6268 -0.7640 -0.1531
vn 0.5383 -0.8318 -0.1355
vn 0.5838 -0.7881 -0.1953
vn 0.6268 -0.7640 -0.1531
vn 0.5787 -0.8097 -0.0972
vn 0.4818 -0.8738 -0.0665
vn 0.5383 -0.8318 -0.1355
vn 0.5787 -0.8097 -0.0972
vn 0.5187 -0.8543 -0.0326
vn 0.4122 -0.9110 0.0123
vn 0.4818 -0.8738 -0.0665
vn 0.5187 -0.8543 -0.0326
vn 0.4445 -0.8948 0.0410
vn 0.3283 -0.9392 0.1004
vn 0.4122 -0.9110 0.0123
vn 0.4445 -0.8948 0.0410
vn 0.3545 -0.9269 0.1230
vn 0.2299 -0.9534 0.1955
vn 0.3283 -0.9392 0.1004
vn 0.3545 -0.9269 0.1230
vn 0.2486 -0.9453 0.2113
vn 0.1195 -0.9485 0.2935
vn 0.2299 -0.9534 0.1955
vn 0.2486 -0.9453 0.2113
vn 0.1292 -0.9446 0.3018
vn 0.3545 -0.9269 0.1230
vn 0.4445 -0.8948 0.0410
vn 0.4732 -0.8780 0.0715
vn 0.3779 -0.9141 0.1472
vn 0.2486 -0.9453 0.2113
vn 0.3545 -0.9269 0.1230
vn 0.3779 -0.9141 0.1472
vn 0.2653 -0.9368 0.2283
vn 0.1292 -0.9446 0.3018
vn 0.2486 -0.9453 0.2113
vn 0.2653 -0.9368 0.2283
vn 0.1380 -0.9405 0.3106
vn -0.0000 -0.9211 0.3894
vn 0.1292 -0.9446 0.3018
vn 0.1380 -0.9405 0.3106
vn 0.7406 -0.5958 -0.3107
vn 0.7458 -0.5706 -0.3438
vn 0.7714 -0.5624 -0.2978
vn 0.7722 -0.5792 -0.2614
vn 0.7206 -0.6346 -0.2792
vn 0.7406 -0.5958 -0.3107
vn 0.7722 -0.5792 -0.2614
vn 0.7620 -0.6066 -0.2266
vn 0.6960 -0.6757 -0.2430
vn 0.7206 -0.6346 -0.2792
vn 0.7620 -0.6066 -0.2266
vn 0.7365 -0.6485 -0.1927
vn 0.6652 -0.7190 -0.2013
vn 0.6960 -0.6757 -0.2430
vn 0.7365 -0.6485 -0.1927
vn 0.7046 -0.6928 -0.1537
vn 0.6268 -0.7640 -0.1531
vn 0.6652 -0.7190 -0.2013
vn 0.7046 -0.6928 -0.1537
vn 0.6646 -0.7393 -0.1086
vn 0.5787 -0.8097 -0.0972
vn 0.6268 -0.7640 -0.1531
vn 0.6646 -0.7393 -0.1086
vn 0.6143 -0.7870 -0.0566
vn 0.5187 -0.8543 -0.0326
vn 0.5787 -0.8097 -0.0972
vn 0.6143 -0.7870 -0.0566
vn 0.5514 -0.8342 0.0034
vn 0.4445 -0.8948 0.0410
vn 0.5187 -0.8543 -0.0326
vn 0.5514 -0.8342 0.0034
vn 0.4732 -0.8780 0.0715
vn 0.6143 -0.7870 -0.0566
vn 0.6646 -0.7393 -0.1086
vn 0.6971 -0.7143 -0.0623
vn 0.6451 -0.7640 -0.0141
vn 0.5514 -0.8342 0.0034
vn 0.6143 -0.7870 -0.0566
vn 0.6451 -0.7640 -0.0141
vn 0.5797 -0.8138 0.0412
vn 0.4732 -0.8780 0.0715
vn 0.5514 -0.8342 0.0034
vn 0.5797 -0.8138 0.0412
vn 0.4982 -0.8608 0.1038
vn 0.3779 -0.9141 0.1472
vn 0.4732 -0.8780 0.0715
vn 0.4982 -0.8608 0.1038
vn 0.3984 -0.9008 0.1729
vn 0.2653 -0.9368 0.2283
vn 0.3779 -0.9141 0.1472
vn 0.3984 -0.9008 0.1729
vn 0.2800 -0.9279 0.2463
vn 0.1380 -0.9405 0.3106
vn 0.2653 -0.9368 0.2283
vn 0.2800 -0.9279 0.2463
vn 0.1457 -0.9361 0.3201
vn -0.0000 -0.9211 0.3894
vn 0.1380 -0.9405 0.3106
vn 0.1457 -0.9361 0.3201
vn 0.7620 -0.6066 -0.2266
vn 0.7722 -0.5792 -0.2614
vn 0.7918 -0.5717 -0.2147
vn 0.7872 -0.5907 -0.1770
vn 0.7365 -0.6485 -0.1927
vn 0.7620 -0.6066 -0.2266
vn 0.7872 -0.5907 -0.1770
vn 0.7711 -0.6210 -0.1405
vn 0.7046 -0.6928 -0.1537
vn 0.7365 -0.6485 -0.1927
vn 0.7711 -0.6210 -0.1405
vn 0.7383 -0.6664 -0.1042
vn 0.6646 -0.7393 -0.1086
vn 0.7046 -0.6928 -0.1537
vn 0.7383 -0.6664 -0.1042
vn 0.6971 -0.7143 -0.0623
vn 0.7711 -0.6210 -0.1405
vn 0.7872 -0.5907 -0.1770
vn 0.8139 -0.5717 -0.1036
vn 0.8001 -0.5935 -0.0869
vn 0.7383 -0.6664 -0.1042
vn 0.7711 -0.6210 -0.1405
vn 0.8001 -0.5935 -0.0869
vn 0.7666 -0.6399 -0.0531
vn 0.6971 -0.7143 -0.0623
vn 0.7383 -0.6664 -0.1042
vn 0.7666 -0.6399 -0.0531
vn 0.7244 -0.6892 -0.0144
vn 0.6451 -0.7640 -0.0141
vn 0.6971 -0.7143 -0.0623
vn 0.7244 -0.6892 -0.0144
vn 0.6710 -0.7408 0.0300
vn 0.5797 -0.8138 0.0412
vn 0.6451 -0.7640 -0.0141
vn 0.6710 -0.7408 0.0300
vn 0.6037 -0.7931 0.0806
vn 0.4982 -0.8608 0.1038
vn 0.5797 -0.8138 0.0412
vn 0.6037 -0.7931 0.0806
vn 0.5195 -0.8434 0.1375
vn 0.3984 -0.9008 0.1729
vn 0.4982 -0.8608 0.1038
vn 0.5195 -0.8434 0.1375
vn 0.4159 -0.8872 0.1998
vn 0.2800 -0.9279 0.2463
vn 0.3984 -0.9008 0.1729
vn 0.4159 -0.8872 0.1998
vn 0.2926 -0.9187 0.2652
vn 0.1457 -0.9361 0.3201
vn 0.2800 -0.9279 0.2463
vn 0.2926 -0.9187 0.2652
vn 0.1523 -0.9317 0.3299
vn -0.0000 -0.9211 0.3894
vn 0.1457 -0.9361 0.3201
vn 0.1523 -0.9317 0.3299
vn 0.8001 -0.5935 -0.0869
vn 0.8139 -0.5717 -0.1036
vn 0.8272 -0.5569 -0.0746
vn 0.8144 -0.5791 -0.0369
vn 0.7666 -0.6399 -0.0531
vn 0.8001 -0.5935 -0.0869
vn 0.8144 -0.5791 -0.0369
vn 0.7896 -0.6137 -0.0007
vn 0.7244 -0.6892 -0.0144
vn 0.7666 -0.6399 -0.0531
vn 0.7896 -0.6137 -0.0007
vn 0.7466 -0.6644 0.0349
vn 0.6710 -0.7408 0.0300
vn 0.7244 -0.6892 -0.0144
vn 0.7466 -0.6644 0.0349
vn 0.6922 -0.7178 0.0754
vn 0.6037 -0.7931 0.0806
vn 0.6710 -0.7408 0.0300
vn 0.6922 -0.7178 0.0754
vn 0.6233 -0.7725 0.1213
vn 0.5195 -0.8434 0.1375
vn 0.6037 -0.7931 0.0806
vn 0.6233 -0.7725 0.1213
vn 0.5369 -0.8259 0.1724
vn 0.4159 -0.8872 0.1998
vn 0.5195 -0.8434 0.1375
vn 0.5369 -0.8259 0.1724
vn 0.4303 -0.8735 0.2277
vn 0.2926 -0.9187 0.2652
vn 0.4159 -0.8872 0.1998
vn 0.4303 -0.8735 0.2277
vn 0.3030 -0.9094 0.2849
vn 0.1523 -0.9317 0.3299
vn 0.2926 -0.9187 0.2652
vn 0.3030 -0.9094 0.2849
vn 0.1578 -0.9270 0.3402
vn -0.0000 -0.9211 0.3894
vn 0.1523 -0.9317 0.3299
vn 0.1578 -0.9270 0.3402
vn 0.3030 -0.9094 0.2849
vn 0.4303 -0.8735 0.2277
vn 0.4415 -0.8598 0.2565
vn 0.3111 -0.9000 0.3053
vn 0.1578 -0.9270 0.3402
vn 0.3030 -0.9094 0.2849
vn 0.3111 -0.9000 0.3053
vn 0.1621 -0.9223 0.3509
vn -0.0000 -0.9211 0.3894
vn 0.1578 -0.9270 0.3402
vn 0.1621 -0.9223 0.3509
vn 0.7896 -0.6137 -0.0007
vn 0.8144 -0.5791 -0.0369
vn 0.8256 -0.5631 0.0367
vn 0.8073 -0.5878 0.0527
vn 0.7466 -0.6644 0.0349
vn 0.7896 -0.6137 -0.0007
vn 0.8073 -0.5878 0.0527
vn 0.7638 -0.6398 0.0853
vn 0.6922 -0.7178 0.0754
vn 0.7466 -0.6644 0.0349
vn 0.7638 -0.6398 0.0853
vn 0.7086 -0.6950 0.1220
vn 0.6233 -0.7725 0.1213
vn 0.6922 -0.7178 0.0754
vn 0.7086 -0.6950 0.1220
vn 0.6386 -0.7521 0.1631
vn 0.5369 -0.8259 0.1724
vn 0.6233 -0.7725 0.1213
vn 0.6386 -0.7521 0.1631
vn 0.5504 -0.8084 0.2084
vn 0.4303 -0.8735 0.2277
vn 0.5369 -0.8259 0.1724
vn 0.5504 -0.8084 0.2084
vn 0.4415 -0.8598 0.2565
vn 0.3111 -0.9000 0.3053
vn 0.4415 -0.8598 0.2565
vn 0.4496 -0.8462 0.2861
vn 0.3169 -0.8906 0.3261
vn 0.1621 -0.9223 0.3509
vn 0.3111 -0.9000 0.3053
vn 0.3169 -0.8906 0.3261
vn 0.1652 -0.9175 0.3617
vn -0.0000 -0.9211 0.3894
vn 0.1621 -0.9223 0.3509
vn 0.1652 -0.9175 0.3617
vn 0.8073 -0.5878 0.0527
vn 0.8256 -0.5631 0.0367
vn 0.8384 -0.5371 0.0925
vn 0.8199 -0.5625 0.1070
vn 0.7638 -0.6398 0.0853
vn 0.8073 -0.5878 0.0527
vn 0.8199 -0.5625 0.1070
vn 0.7760 -0.6158 0.1365
vn 0.7086 -0.6950 0.1220
vn 0.7638 -0.6398 0.0853
vn 0.7760 -0.6158 0.1365
vn 0.7202 -0.6727 0.1695
vn 0.6386 -0.7521 0.1631
vn 0.7086 -0.6950 0.1220
vn 0.7202 -0.6727 0.1695
vn 0.6494 -0.7320 0.2059
vn 0.5504 -0.8084 0.2084
vn 0.6386 -0.7521 0.1631
vn 0.6494 -0.7320 0.2059
vn 0.5602 -0.7913 0.2452
vn 0.4415 -0.8598 0.2565
vn 0.5504 -0.8084 0.2084
vn 0.5602 -0.7913 0.2452
vn 0.4496 -0.8462 0.2861
vn 0.6494 -0.7320 0.2059
vn 0.7202 -0.6727 0.1695
vn 0.7272 -0.6510 0.2176
vn 0.6559 -0.7125 0.2493
vn 0.5602 -0.7913 0.2452
vn 0.6494 -0.7320 0.2059
vn 0.6559 -0.7125 0.2493
vn 0.5660 -0.7745 0.2826
vn 0.4496 -0.8462 0.2861
vn 0.5602 -0.7913 0.2452
vn 0.5660 -0.7745 0.2826
vn 0.4544 -0.8328 0.3162
vn 0.3169 -0.8906 0.3261
vn 0.4496 -0.8462 0.2861
vn 0.4544 -0.8328 0.3162
vn 0.3204 -0.8813 0.3473
vn 0.1652 -0.9175 0.3617
vn 0.3169 -0.8906 0.3261
vn 0.3204 -0.8813 0.3473
vn 0.1670 -0.9128 0.3728
vn -0.0000 -0.9211 0.3894
vn 0.1652 -0.9175 0.3617
vn 0.1670 -0.9128 0.3728
vn 0.8199 -0.5625 0.1070
vn 0.8384 -0.5371 0.0925
vn 0.8461 -0.5118 0.1490
vn 0.8274 -0.5378 0.1619
vn 0.7760 -0.6158 0.1365
vn 0.8199 -0.5625 0.1070
vn 0.8274 -0.5378 0.1619
vn 0.7833 -0.5924 0.1884
vn 0.7202 -0.6727 0.1695
vn 0.7760 -0.6158 0.1365
vn 0.7833 -0.5924 0.1884
vn 0.7272 -0.6510 0.2176
vn 0.8274 -0.5378 0.1619
vn 0.8461 -0.5118 0.1490
vn 0.8486 -0.4872 0.2060
vn 0.8299 -0.5139 0.2173
vn 0.7833 -0.5924 0.1884
vn 0.8274 -0.5378 0.1619
vn 0.8299 -0.5139 0.2173
vn 0.7857 -0.5698 0.2409
vn 0.7272 -0.6510 0.2176
vn 0.7833 -0.5924 0.1884
vn 0.7857 -0.5698 0.2409
vn 0.7295 -0.6299 0.2663
vn 0.6559 -0.7125 0.2493
vn 0.7272 -0.6510 0.2176
vn 0.7295 -0.6299 0.2663
vn 0.6581 -0.6935 0.2932
vn 0.5660 -0.7745 0.2826
vn 0.6559 -0.7125 0.2493
vn 0.6581 -0.6935 0.2932
vn 0.5679 -0.7581 0.3205
vn 0.4544 -0.8328 0.3162
vn 0.5660 -0.7745 0.2826
vn 0.5679 -0.7581 0.3205
vn 0.4560 -0.8197 0.3466
vn 0.3204 -0.8813 0.3473
vn 0.4544 -0.8328 0.3162
vn 0.4560 -0.8197 0.3466
vn 0.3216 -0.8721 0.3687
vn 0.1670 -0.9128 0.3728
vn 0.3204 -0.8813 0.3473
vn 0.3216 -0.8721 0.3687
vn 0.1676 -0.9080 0.3839
vn -0.0000 -0.9211 0.3894
vn 0.1670 -0.9128 0.3728
vn 0.1676 -0.9080 0.3839
vn 0.8299 -0.5139 0.2173
vn 0.8486 -0.4872 0.2060
vn 0.8461 -0.4635 0.2633
vn 0.8274 -0.4908 0.2730
vn 0.7857 -0.5698 0.2409
vn 0.8299 -0.5139 0.2173
vn 0.8274 -0.4908 0.2730
vn 0.7833 -0.5479 0.2937
vn 0.7295 -0.6299 0.2663
vn 0.7857 -0.5698 0.2409
vn 0.7833 -0.5479 0.2937
vn 0.7272 -0.6097 0.3154
vn 0.6581 -0.6935 0.2932
vn 0.7295 -0.6299 0.2663
vn 0.7272 -0.6097 0.3154
vn 0.6559 -0.6752 0.3374
vn 0.5679 -0.7581 0.3205
vn 0.6581 -0.6935 0.2932
vn 0.6559 -0.6752 0.3374
vn 0.5660 -0.7423 0.3586
vn 0.4560 -0.8197 0.3466
vn 0.5679 -0.7581 0.3205
vn 0.5660 -0.7423 0.3586
vn 0.4544 -0.8070 0.3771
vn 0.3216 -0.8721 0.3687
vn 0.4560 -0.8197 0.3466
vn 0.4544 -0.8070 0.3771
vn 0.3204 -0.8631 0.3902
vn 0.1676 -0.9080 0.3839
vn 0.3216 -0.8721 0.3687
vn 0.3204 -0.8631 0.3902
vn 0.1670 -0.9034 0.3950
vn -0.0000 -0.9211 0.3894
vn 0.1676 -0.9080 0.3839
vn 0.1670 -0.9034 0.3950
vn 0.1670 -0.9034 0.3950
vn 0.3204 -0.8631 0.3902
vn 0.3169 -0.8544 0.4117
vn 0.1652 -0.8987 0.4062
vn -0.0000 -0.9211 0.3894
vn 0.1670 -0.9034 0.3950
vn 0.1652 -0.8987 0.4062
vn 0.8274 -0.4908 0.2730
vn 0.8461 -0.4635 0.2633
vn 0.8432 -0.4518 0.2914
vn 0.8249 -0.4787 0.3006
vn 0.7833 -0.5479 0.2937
vn 0.8274 -0.4908 0.2730
vn 0.8249 -0.4787 0.3006
vn 0.7695 -0.5403 0.3405
vn 0.7272 -0.6097 0.3154
vn 0.7833 -0.5479 0.2937
vn 0.7695 -0.5403 0.3405
vn 0.7202 -0.5903 0.3645
vn 0.6559 -0.6752 0.3374
vn 0.7272 -0.6097 0.3154
vn 0.7202 -0.5903 0.3645
vn 0.6494 -0.6577 0.3817
vn 0.5660 -0.7423 0.3586
vn 0.6559 -0.6752 0.3374
vn 0.6494 -0.6577 0.3817
vn 0.5602 -0.7272 0.3968
vn 0.4544 -0.8070 0.3771
vn 0.5660 -0.7423 0.3586
vn 0.5602 -0.7272 0.3968
vn 0.4496 -0.7948 0.4077
vn 0.3204 -0.8631 0.3902
vn 0.4544 -0.8070 0.3771
vn 0.4496 -0.7948 0.4077
vn 0.3169 -0.8544 0.4117
vn 0.5602 -0.7272 0.3968
vn 0.6494 -0.6577 0.3817
vn 0.6282 -0.6550 0.4200
vn 0.5505 -0.7127 0.4348
vn 0.4496 -0.7948 0.4077
vn 0.5602 -0.7272 0.3968
vn 0.5505 -0.7127 0.4348
vn 0.4415 -0.7831 0.4380
vn 0.3169 -0.8544 0.4117
vn 0.4496 -0.7948 0.4077
vn 0.4415 -0.7831 0.4380
vn 0.3111 -0.8460 0.4330
vn 0.1652 -0.8987 0.4062
vn 0.3169 -0.8544 0.4117
vn 0.3111 -0.8460 0.4330
vn 0.1621 -0.8942 0.4172
vn -0.0000 -0.9211 0.3894
vn 0.1652 -0.8987 0.4062
vn 0.1621 -0.8942 0.4172
vn 0.7202 -0.5903 0.3645
vn 0.7695 -0.5403 0.3405
vn 0.7453 -0.5473 0.3809
vn 0.7166 -0.5792 0.3886
vn 0.6494 -0.6577 0.3817
vn 0.7202 -0.5903 0.3645
vn 0.7166 -0.5792 0.3886
vn 0.6282 -0.6550 0.4200
vn 0.5505 -0.7127 0.4348
vn 0.6282 -0.6550 0.4200
vn 0.5913 -0.6684 0.4513
vn 0.5245 -0.7127 0.4657
vn 0.4415 -0.7831 0.4380
vn 0.5505 -0.7127 0.4348
vn 0.5245 -0.7127 0.4657
vn 0.4303 -0.7719 0.4679
vn 0.3111 -0.8460 0.4330
vn 0.4415 -0.7831 0.4380
vn 0.4303 -0.7719 0.4679
vn 0.3030 -0.8380 0.4539
vn 0.1621 -0.8942 0.4172
vn 0.3111 -0.8460 0.4330
vn 0.3030 -0.8380 0.4539
vn 0.1578 -0.8899 0.4280
vn -0.0000 -0.9211 0.3894
vn 0.1621 -0.8942 0.4172
vn 0.1578 -0.8899 0.4280
vn -0.0000 0.9211 -0.3894
vn 0.0000 0.8546 -0.5193
vn -0.0154 0.8548 -0.5188
vn -0.0154 0.8548 -0.5188
vn 0.0000 0.8546 -0.5193
vn 0.0000 0.8168 -0.5770
vn -0.0222 0.8170 -0.5762
vn 0.4303 -0.7719 0.4679
vn 0.5245 -0.7127 0.4657
vn 0.4794 -0.7294 0.4880
vn 0.4014 -0.7742 0.4894
vn -0.0000 0.9211 -0.3894
vn -0.0154 0.8548 -0.5188
vn -0.0306 0.8553 -0.5172
vn -0.0306 0.8553 -0.5172
vn -0.0154 0.8548 -0.5188
vn -0.0222 0.8170 -0.5762
vn -0.0441 0.8177 -0.5739
vn -0.0000 0.9211 -0.3894
vn -0.0306 0.8553 -0.5172
vn -0.0455 0.8563 -0.5145
vn 0.3030 -0.8380 0.4539
vn 0.4303 -0.7719 0.4679
vn 0.4014 -0.7742 0.4894
vn 0.2926 -0.8303 0.4743
vn -0.0455 0.8563 -0.5145
vn -0.0306 0.8553 -0.5172
vn -0.0441 0.8177 -0.5739
vn -0.0658 0.8190 -0.5700
vn -0.0000 0.9211 -0.3894
vn -0.0455 0.8563 -0.5145
vn -0.0601 0.8576 -0.5108
vn -0.0601 0.8576 -0.5108
vn -0.0455 0.8563 -0.5145
vn -0.0658 0.8190 -0.5700
vn -0.0870 0.8207 -0.5647
vn 0.1578 -0.8899 0.4280
vn 0.3030 -0.8380 0.4539
vn 0.2926 -0.8303 0.4743
vn 0.1523 -0.8858 0.4384
vn -0.0000 0.9211 -0.3894
vn -0.0601 0.8576 -0.5108
vn -0.0741 0.8593 -0.5061
vn -0.0741 0.8593 -0.5061
vn -0.0601 0.8576 -0.5108
vn -0.0870 0.8207 -0.5647
vn -0.1074 0.8229 -0.5579
vn -0.0000 0.9211 -0.3894
vn -0.0741 0.8593 -0.5061
vn -0.0877 0.8614 -0.5004
vn -0.0000 -0.9211 0.3894
vn 0.1578 -0.8899 0.4280
vn 0.1523 -0.8858 0.4384
vn -0.0877 0.8614 -0.5004
vn -0.0741 0.8593 -0.5061
vn -0.1074 0.8229 -0.5579
vn -0.1271 0.8256 -0.5497
vn -0.0000 0.9211 -0.3894
vn -0.0877 0.8614 -0.5004
vn -0.1004 0.8637 -0.4939
vn -0.1004 0.8637 -0.4939
vn -0.0877 0.8614 -0.5004
vn -0.1271 0.8256 -0.5497
vn -0.1458 0.8288 -0.5402
vn -0.0000 0.9211 -0.3894
vn -0.1004 0.8637 -0.4939
vn -0.1123 0.8664 -0.4865
vn -0.1123 0.8664 -0.4865
vn -0.1004 0.8637 -0.4939
vn -0.1458 0.8288 -0.5402
vn -0.1634 0.8325 -0.5294
vn -0.1234 0.8695 -0.4783
vn -0.1123 0.8664 -0.4865
vn -0.1634 0.8325 -0.5294
vn -0.1797 0.8366 -0.5175
vn 0.1523 -0.8858 0.4384
vn 0.2926 -0.8303 0.4743
vn 0.2800 -0.8231 0.4940
vn 0.1457 -0.8818 0.4485
vn -0.0000 0.9211 -0.3894
vn -0.1123 0.8664 -0.4865
vn -0.1234 0.8695 -0.4783
vn -0.0000 0.9211 -0.3894
vn -0.1234 0.8695 -0.4783
vn -0.1335 0.8728 -0.4695
vn -0.1335 0.8728 -0.4695
vn -0.1234 0.8695 -0.4783
vn -0.1797 0.8366 -0.5175
vn -0.2426 0.8174 -0.5225
vn -0.0000 -0.9211 0.3894
vn 0.1523 -0.8858 0.4384
vn 0.1457 -0.8818 0.4485
vn -0.0000 0.9211 -0.3894
vn -0.1335 0.8728 -0.4695
vn -0.1425 0.8764 -0.4601
vn -0.1425 0.8764 -0.4601
vn -0.1335 0.8728 -0.4695
vn -0.2426 0.8174 -0.5225
vn -0.2735 0.8119 -0.5157
vn -0.2735 0.8119 -0.5157
vn -0.2426 0.8174 -0.5225
vn -0.3234 0.7704 -0.5495
vn -0.3322 0.7740 -0.5391
vn -0.0000 0.9211 -0.3894
vn -0.1425 0.8764 -0.4601
vn -0.1505 0.8802 -0.4500
vn -0.1505 0.8802 -0.4500
vn -0.1425 0.8764 -0.4601
vn -0.2735 0.8119 -0.5157
vn -0.2887 0.8188 -0.4962
vn -0.2887 0.8188 -0.4962
vn -0.2735 0.8119 -0.5157
vn -0.3322 0.7740 -0.5391
vn -0.3508 0.7821 -0.5151
vn -0.3016 0.8262 -0.4759
vn -0.2887 0.8188 -0.4962
vn -0.3508 0.7821 -0.5151
vn -0.4128 0.7674 -0.4907
vn -0.0000 0.9211 -0.3894
vn -0.1505 0.8802 -0.4500
vn -0.1574 0.8843 -0.4397
vn -0.1574 0.8843 -0.4397
vn -0.1505 0.8802 -0.4500
vn -0.2887 0.8188 -0.4962
vn -0.3016 0.8262 -0.4759
vn -0.0000 0.9211 -0.3894
vn -0.1574 0.8843 -0.4397
vn -0.1629 0.8885 -0.4289
vn -0.1629 0.8885 -0.4289
vn -0.1574 0.8843 -0.4397
vn -0.3016 0.8262 -0.4759
vn -0.3123 0.8340 -0.4549
vn -0.3123 0.8340 -0.4549
vn -0.3016 0.8262 -0.4759
vn -0.4128 0.7674 -0.4907
vn -0.4423 0.7648 -0.4685
vn -0.4423 0.7648 -0.4685
vn -0.4128 0.7674 -0.4907
vn -0.4922 0.7205 -0.4885
vn -0.5378 0.7031 -0.4653
vn -0.0000 0.9211 -0.3894
vn -0.1629 0.8885 -0.4289
vn -0.1674 0.8930 -0.4178
vn -0.1674 0.8930 -0.4178
vn -0.1629 0.8885 -0.4289
vn -0.3123 0.8340 -0.4549
vn -0.3206 0.8422 -0.4334
vn -0.3206 0.8422 -0.4334
vn -0.3123 0.8340 -0.4549
vn -0.4423 0.7648 -0.4685
vn -0.4538 0.7762 -0.4378
vn -0.4538 0.7762 -0.4378
vn -0.4423 0.7648 -0.4685
vn -0.5378 0.7031 -0.4653
vn -0.5641 0.7028 -0.4335
vn -0.5641 0.7028 -0.4335
vn -0.5378 0.7031 -0.4653
vn -0.6051 0.6569 -0.4498
vn -0.6421 0.6429 -0.4176
vn -0.6635 0.6454 -0.3784
vn -0.6421 0.6429 -0.4176
vn -0.7301 0.5647 -0.3847
vn -0.7339 0.5759 -0.3602
vn -0.7339 0.5759 -0.3602
vn -0.7301 0.5647 -0.3847
vn -0.7586 0.5318 -0.3765
vn -0.7826 0.5245 -0.3354
vn -0.0000 0.9211 -0.3894
vn -0.1674 0.8930 -0.4178
vn -0.1705 0.8976 -0.4065
vn -0.1705 0.8976 -0.4065
vn -0.1674 0.8930 -0.4178
vn -0.3206 0.8422 -0.4334
vn -0.3266 0.8508 -0.4116
vn -0.3266 0.8508 -0.4116
vn -0.3206 0.8422 -0.4334
vn -0.4538 0.7762 -0.4378
vn -0.4621 0.7881 -0.4067
vn -0.4621 0.7881 -0.4067
vn -0.4538 0.7762 -0.4378
vn -0.5641 0.7028 -0.4335
vn -0.5740 0.7175 -0.3946
vn -0.5740 0.7175 -0.3946
vn -0.5641 0.7028 -0.4335
vn -0.6421 0.6429 -0.4176
vn -0.6635 0.6454 -0.3784
vn -0.3302 0.8598 -0.3895
vn -0.3266 0.8508 -0.4116
vn -0.4621 0.7881 -0.4067
vn -0.4670 0.8006 -0.3753
vn -0.4670 0.8006 -0.3753
vn -0.4621 0.7881 -0.4067
vn -0.5740 0.7175 -0.3946
vn -0.5799 0.7330 -0.3557
vn -0.5799 0.7330 -0.3557
vn -0.5740 0.7175 -0.3946
vn -0.6635 0.6454 -0.3784
vn -0.6701 0.6632 -0.3333
vn -0.6701 0.6632 -0.3333
vn -0.6635 0.6454 -0.3784
vn -0.7339 0.5759 -0.3602
vn -0.7409 0.5956 -0.3103
vn -0.7409 0.5956 -0.3103
vn -0.7339 0.5759 -0.3602
vn -0.7826 0.5245 -0.3354
vn -0.7963 0.5321 -0.2878
vn -0.7963 0.5321 -0.2878
vn -0.7826 0.5245 -0.3354
vn -0.8370 0.4613 -0.2943
vn -0.8395 0.4735 -0.2664
vn -0.8395 0.4735 -0.2664
vn -0.8370 0.4613 -0.2943
vn -0.8549 0.4337 -0.2848
vn -0.8578 0.4455 -0.2564
vn -0.0000 0.9211 -0.3894
vn -0.1705 0.8976 -0.4065
vn -0.1725 0.9024 -0.3950
vn -0.1725 0.9024 -0.3950
vn -0.1705 0.8976 -0.4065
vn -0.3266 0.8508 -0.4116
vn -0.3302 0.8598 -0.3895
vn -0.0000 0.9211 -0.3894
vn -0.1725 0.9024 -0.3950
vn -0.1731 0.9072 -0.3835
vn -0.1731 0.9072 -0.3835
vn -0.1725 0.9024 -0.3950
vn -0.3302 0.8598 -0.3895
vn -0.3314 0.8690 -0.3674
vn -0.3314 0.8690 -0.3674
vn -0.3302 0.8598 -0.3895
vn -0.4670 0.8006 -0.3753
vn -0.4687 0.8136 -0.3440
vn -0.4687 0.8136 -0.3440
vn -0.4670 0.8006 -0.3753
vn -0.5799 0.7330 -0.3557
vn -0.5819 0.7491 -0.3167
vn -0.5819 0.7491 -0.3167
vn -0.5799 0.7330 -0.3557
vn -0.6701 0.6632 -0.3333
vn -0.6723 0.6819 -0.2883
vn 0.2926 -0.8303 0.4743
vn 0.4014 -0.7742 0.4894
vn 0.3406 -0.7880 0.5128
vn 0.2800 -0.8231 0.4940
vn -0.6723 0.6819 -0.2883
vn -0.6701 0.6632 -0.3333
vn -0.7409 0.5956 -0.3103
vn -0.7433 0.6162 -0.2605
vn -0.7433 0.6162 -0.2605
vn -0.7409 0.5956 -0.3103
vn -0.7963 0.5321 -0.2878
vn -0.7987 0.5542 -0.2343
vn -0.7987 0.5542 -0.2343
vn -0.7963 0.5321 -0.2878
vn -0.8395 0.4735 -0.2664
vn -0.8420 0.4969 -0.2101
vn -0.8420 0.4969 -0.2101
vn -0.8395 0.4735 -0.2664
vn -0.8578 0.4455 -0.2564
vn -0.8604 0.4694 -0.1985
vn -0.0000 0.9211 -0.3894
vn -0.1731 0.9072 -0.3835
vn -0.1725 0.9120 -0.3721
vn -0.1725 0.9120 -0.3721
vn -0.1731 0.9072 -0.3835
vn -0.3314 0.8690 -0.3674
vn -0.3302 0.8784 -0.3454
vn -0.3302 0.8784 -0.3454
vn -0.3314 0.8690 -0.3674
vn -0.4687 0.8136 -0.3440
vn -0.4670 0.8271 -0.3128
vn -0.4670 0.8271 -0.3128
vn -0.4687 0.8136 -0.3440
vn -0.5819 0.7491 -0.3167
vn -0.5799 0.7658 -0.2780
vn -0.5799 0.7658 -0.2780
vn -0.5819 0.7491 -0.3167
vn -0.6723 0.6819 -0.2883
vn -0.6701 0.7012 -0.2436
vn -0.6701 0.7012 -0.2436
vn -0.6723 0.6819 -0.2883
vn -0.7433 0.6162 -0.2605
vn -0.7409 0.6375 -0.2111
vn -0.7409 0.6375 -0.2111
vn -0.7433 0.6162 -0.2605
vn -0.7987 0.5542 -0.2343
vn -0.7963 0.5772 -0.1812
vn -0.7963 0.5772 -0.1812
vn -0.7987 0.5542 -0.2343
vn -0.8420 0.4969 -0.2101
vn -0.8395 0.5210 -0.1541
vn 0.2800 -0.8231 0.4940
vn 0.3406 -0.7880 0.5128
vn 0.3225 -0.7801 0.5361
vn 0.2653 -0.8164 0.5129
vn -0.8395 0.5210 -0.1541
vn -0.8420 0.4969 -0.2101
vn -0.8604 0.4694 -0.1985
vn -0.8578 0.4943 -0.1410
vn -0.7339 0.6596 -0.1621
vn -0.7409 0.6375 -0.2111
vn -0.7963 0.5772 -0.1812
vn -0.7889 0.6009 -0.1286
vn -0.7889 0.6009 -0.1286
vn -0.7963 0.5772 -0.1812
vn -0.8395 0.5210 -0.1541
vn -0.8320 0.5460 -0.0985
vn 0.1457 -0.8818 0.4485
vn 0.2800 -0.8231 0.4940
vn 0.2653 -0.8164 0.5129
vn 0.1380 -0.8781 0.4582
vn -0.8320 0.5460 -0.0985
vn -0.8395 0.5210 -0.1541
vn -0.8578 0.4943 -0.1410
vn -0.8501 0.5198 -0.0840
vn -0.0000 0.9211 -0.3894
vn -0.1725 0.9120 -0.3721
vn -0.1706 0.9169 -0.3607
vn -0.1706 0.9169 -0.3607
vn -0.1725 0.9120 -0.3721
vn -0.3302 0.8784 -0.3454
vn -0.3266 0.8880 -0.3236
vn -0.0000 -0.9211 0.3894
vn 0.1457 -0.8818 0.4485
vn 0.1380 -0.8781 0.4582
vn -0.3266 0.8880 -0.3236
vn -0.3302 0.8784 -0.3454
vn -0.4670 0.8271 -0.3128
vn -0.4621 0.8408 -0.2820
vn -0.4621 0.8408 -0.2820
vn -0.4670 0.8271 -0.3128
vn -0.5799 0.7658 -0.2780
vn -0.5740 0.7830 -0.2398
vn -0.5740 0.7830 -0.2398
vn -0.5799 0.7658 -0.2780
vn -0.6701 0.7012 -0.2436
vn -0.6635 0.7211 -0.1994
vn -0.6635 0.7211 -0.1994
vn -0.6701 0.7012 -0.2436
vn -0.7409 0.6375 -0.2111
vn -0.7339 0.6596 -0.1621
vn -0.4538 0.8548 -0.2518
vn -0.4621 0.8408 -0.2820
vn -0.5740 0.7830 -0.2398
vn -0.5641 0.8006 -0.2022
vn -0.5641 0.8006 -0.2022
vn -0.5740 0.7830 -0.2398
vn -0.6635 0.7211 -0.1994
vn -0.6525 0.7416 -0.1558
vn -0.6525 0.7416 -0.1558
vn -0.6635 0.7211 -0.1994
vn -0.7339 0.6596 -0.1621
vn -0.7221 0.6823 -0.1139
vn -0.7221 0.6823 -0.1139
vn -0.7339 0.6596 -0.1621
vn -0.7889 0.6009 -0.1286
vn -0.7767 0.6253 -0.0766
vn -0.7767 0.6253 -0.0766
vn -0.7889 0.6009 -0.1286
vn -0.8320 0.5460 -0.0985
vn -0.8194 0.5716 -0.0437
vn -0.8194 0.5716 -0.0437
vn -0.8320 0.5460 -0.0985
vn -0.8501 0.5198 -0.0840
vn -0.8373 0.5461 -0.0276
vn -0.0000 0.9211 -0.3894
vn -0.1706 0.9169 -0.3607
vn -0.1674 0.9219 -0.3495
vn -0.1674 0.9219 -0.3495
vn -0.1706 0.9169 -0.3607
vn -0.3266 0.8880 -0.3236
vn -0.3206 0.8977 -0.3022
vn -0.3206 0.8977 -0.3022
vn -0.3266 0.8880 -0.3236
vn -0.4621 0.8408 -0.2820
vn -0.4538 0.8548 -0.2518
vn -0.4423 0.8689 -0.2222
vn -0.4538 0.8548 -0.2518
vn -0.5641 0.8006 -0.2022
vn -0.5502 0.8185 -0.1654
vn -0.5502 0.8185 -0.1654
vn -0.5641 0.8006 -0.2022
vn -0.6525 0.7416 -0.1558
vn -0.6370 0.7625 -0.1132
vn -0.6370 0.7625 -0.1132
vn -0.6525 0.7416 -0.1558
vn -0.7221 0.6823 -0.1139
vn -0.7056 0.7055 -0.0666
vn -0.7056 0.7055 -0.0666
vn -0.7221 0.6823 -0.1139
vn -0.7767 0.6253 -0.0766
vn -0.7594 0.6502 -0.0256
vn -0.7594 0.6502 -0.0256
vn -0.7767 0.6253 -0.0766
vn -0.8194 0.5716 -0.0437
vn -0.8016 0.5978 0.0104
vn -0.8016 0.5978 0.0104
vn -0.8194 0.5716 -0.0437
vn -0.8373 0.5461 -0.0276
vn -0.8258 0.5620 0.0468
vn -0.0000 0.9211 -0.3894
vn -0.1674 0.9219 -0.3495
vn -0.1629 0.9267 -0.3385
vn -0.1629 0.9267 -0.3385
vn -0.1674 0.9219 -0.3495
vn -0.3206 0.8977 -0.3022
vn -0.3123 0.9074 -0.2813
vn -0.3123 0.9074 -0.2813
vn -0.3206 0.8977 -0.3022
vn -0.4538 0.8548 -0.2518
vn -0.4423 0.8689 -0.2222
vn -0.0000 0.9211 -0.3894
vn -0.1629 0.9267 -0.3385
vn -0.1573 0.9315 -0.3280
vn -0.1573 0.9315 -0.3280
vn -0.1629 0.9267 -0.3385
vn -0.3123 0.9074 -0.2813
vn -0.3016 0.9170 -0.2611
vn -0.3016 0.9170 -0.2611
vn -0.3123 0.9074 -0.2813
vn -0.4423 0.8689 -0.2222
vn -0.4276 0.8830 -0.1936
vn -0.4276 0.8830 -0.1936
vn -0.4423 0.8689 -0.2222
vn -0.5502 0.8185 -0.1654
vn -0.5325 0.8364 -0.1297
vn -0.5325 0.8364 -0.1297
vn -0.5502 0.8185 -0.1654
vn -0.6370 0.7625 -0.1132
vn -0.6171 0.7836 -0.0717
vn -0.6171 0.7836 -0.0717
vn -0.6370 0.7625 -0.1132
vn -0.7056 0.7055 -0.0666
vn -0.6842 0.7290 -0.0204
vn -0.6842 0.7290 -0.0204
vn -0.7056 0.7055 -0.0666
vn -0.7594 0.6502 -0.0256
vn -0.7370 0.6755 0.0244
vn -0.7370 0.6755 0.0244
vn -0.7594 0.6502 -0.0256
vn -0.8016 0.5978 0.0104
vn -0.7785 0.6244 0.0634
vn -0.7785 0.6244 0.0634
vn -0.8016 0.5978 0.0104
vn -0.8258 0.5620 0.0468
vn -0.8113 0.5765 0.0973
vn -0.8113 0.5765 0.0973
vn -0.8258 0.5620 0.0468
vn -0.8381 0.5389 0.0848
vn -0.8248 0.5539 0.1140
vn -0.0000 0.9211 -0.3894
vn -0.1573 0.9315 -0.3280
vn -0.1505 0.9361 -0.3178
vn -0.1505 0.9361 -0.3178
vn -0.1573 0.9315 -0.3280
vn -0.3016 0.9170 -0.2611
vn -0.2887 0.9264 -0.2416
vn -0.2887 0.9264 -0.2416
vn -0.3016 0.9170 -0.2611
vn -0.4276 0.8830 -0.1936
vn -0.4097 0.8970 -0.1660
vn -0.4097 0.8970 -0.1660
vn -0.4276 0.8830 -0.1936
vn -0.5325 0.8364 -0.1297
vn -0.5108 0.8544 -0.0952
vn -0.5108 0.8544 -0.0952
vn -0.5325 0.8364 -0.1297
vn -0.6171 0.7836 -0.0717
vn -0.5928 0.8048 -0.0315
vn -0.5928 0.8048 -0.0315
vn -0.6171 0.7836 -0.0717
vn -0.6842 0.7290 -0.0204
vn -0.6579 0.7527 0.0245
vn -0.6579 0.7527 0.0245
vn -0.6842 0.7290 -0.0204
vn -0.7370 0.6755 0.0244
vn -0.7094 0.7010 0.0731
vn -0.7094 0.7010 0.0731
vn -0.7370 0.6755 0.0244
vn -0.7785 0.6244 0.0634
vn -0.7500 0.6513 0.1152
vn -0.7500 0.6513 0.1152
vn -0.7785 0.6244 0.0634
vn -0.8113 0.5765 0.0973
vn -0.7822 0.6043 0.1516
vn -0.7822 0.6043 0.1516
vn -0.8113 0.5765 0.0973
vn -0.8248 0.5539 0.1140
vn -0.7978 0.5728 0.1883
vn -0.6766 0.7265 0.1202
vn -0.7094 0.7010 0.0731
vn -0.7500 0.6513 0.1152
vn -0.7160 0.6782 0.1654
vn -0.7160 0.6782 0.1654
vn -0.7500 0.6513 0.1152
vn -0.7822 0.6043 0.1516
vn -0.7473 0.6322 0.2045
vn -0.7473 0.6322 0.2045
vn -0.7822 0.6043 0.1516
vn -0.7978 0.5728 0.1883
vn -0.7723 0.5888 0.2384
vn -0.7723 0.5888 0.2384
vn -0.7978 0.5728 0.1883
vn -0.8019 0.5529 0.2261
vn -0.7821 0.5600 0.2732
vn -0.0000 0.9211 -0.3894
vn -0.1505 0.9361 -0.3178
vn -0.1425 0.9406 -0.3081
vn -0.1425 0.9406 -0.3081
vn -0.1505 0.9361 -0.3178
vn -0.2887 0.9264 -0.2416
vn -0.2735 0.9356 -0.2231
vn -0.2735 0.9356 -0.2231
vn -0.2887 0.9264 -0.2416
vn -0.4097 0.8970 -0.1660
vn -0.3886 0.9107 -0.1397
vn -0.3886 0.9107 -0.1397
vn -0.4097 0.8970 -0.1660
vn -0.5108 0.8544 -0.0952
vn -0.4853 0.8721 -0.0622
vn -0.4853 0.8721 -0.0622
vn -0.5108 0.8544 -0.0952
vn -0.5928 0.8048 -0.0315
vn -0.5639 0.8258 0.0071
vn 0.2653 -0.8164 0.5129
vn 0.3225 -0.7801 0.5361
vn 0.3139 -0.7766 0.5462
vn 0.2352 -0.8216 0.5193
vn -0.5639 0.8258 0.0071
vn -0.5928 0.8048 -0.0315
vn -0.6579 0.7527 0.0245
vn -0.6268 0.7762 0.0677
vn -0.6268 0.7762 0.0677
vn -0.6579 0.7527 0.0245
vn -0.7094 0.7010 0.0731
vn -0.6766 0.7265 0.1202
vn -0.4560 0.8894 -0.0310
vn -0.4853 0.8721 -0.0622
vn -0.5639 0.8258 0.0071
vn -0.5307 0.8464 0.0439
vn 0.1380 -0.8781 0.4582
vn 0.2653 -0.8164 0.5129
vn 0.2352 -0.8216 0.5193
vn 0.1292 -0.8746 0.4674
vn -0.5307 0.8464 0.0439
vn -0.5639 0.8258 0.0071
vn -0.6268 0.7762 0.0677
vn -0.5907 0.7995 0.1091
vn -0.5907 0.7995 0.1091
vn -0.6268 0.7762 0.0677
vn -0.6766 0.7265 0.1202
vn -0.6384 0.7517 0.1654
vn -0.6384 0.7517 0.1654
vn -0.6766 0.7265 0.1202
vn -0.7160 0.6782 0.1654
vn -0.6763 0.7049 0.2138
vn -0.0000 -0.9211 0.3894
vn 0.1380 -0.8781 0.4582
vn 0.1292 -0.8746 0.4674
vn -0.6763 0.7049 0.2138
vn -0.7160 0.6782 0.1654
vn -0.7473 0.6322 0.2045
vn -0.7066 0.6599 0.2555
vn -0.7066 0.6599 0.2555
vn -0.7473 0.6322 0.2045
vn -0.7723 0.5888 0.2384
vn -0.7308 0.6172 0.2916
vn -0.7308 0.6172 0.2916
vn -0.7723 0.5888 0.2384
vn -0.7821 0.5600 0.2732
vn -0.7503 0.5768 0.3231
vn -0.7503 0.5768 0.3231
vn -0.7821 0.5600 0.2732
vn -0.7810 0.5423 0.3098
vn -0.7553 0.5502 0.3562
vn -0.0000 0.9211 -0.3894
vn -0.1425 0.9406 -0.3081
vn -0.1335 0.9449 -0.2990
vn -0.1335 0.9449 -0.2990
vn -0.1425 0.9406 -0.3081
vn -0.2735 0.9356 -0.2231
vn -0.2563 0.9445 -0.2057
vn -0.2563 0.9445 -0.2057
vn -0.2735 0.9356 -0.2231
vn -0.3886 0.9107 -0.1397
vn -0.3647 0.9240 -0.1149
vn -0.3647 0.9240 -0.1149
vn -0.3886 0.9107 -0.1397
vn -0.4853 0.8721 -0.0622
vn -0.4560 0.8894 -0.0310
vn -0.1235 0.9489 -0.2905
vn -0.1335 0.9449 -0.2990
vn -0.2563 0.9445 -0.2057
vn -0.2371 0.9528 -0.1894
vn -0.2371 0.9528 -0.1894
vn -0.2563 0.9445 -0.2057
vn -0.3647 0.9240 -0.1149
vn -0.3377 0.9368 -0.0917
vn -0.3377 0.9368 -0.0917
vn -0.3647 0.9240 -0.1149
vn -0.4560 0.8894 -0.0310
vn -0.4230 0.9061 -0.0016
vn -0.4230 0.9061 -0.0016
vn -0.4560 0.8894 -0.0310
vn -0.5307 0.8464 0.0439
vn -0.4931 0.8664 0.0785
vn -0.4931 0.8664 0.0785
vn -0.5307 0.8464 0.0439
vn -0.5907 0.7995 0.1091
vn -0.5497 0.8221 0.1483
vn -0.5497 0.8221 0.1483
vn -0.5907 0.7995 0.1091
vn -0.6384 0.7517 0.1654
vn -0.5949 0.7763 0.2084
vn -0.5949 0.7763 0.2084
vn -0.6384 0.7517 0.1654
vn -0.6763 0.7049 0.2138
vn -0.6309 0.7310 0.2600
vn -0.6309 0.7310 0.2600
vn -0.6763 0.7049 0.2138
vn -0.7066 0.6599 0.2555
vn -0.6598 0.6871 0.3043
vn -0.6598 0.6871 0.3043
vn -0.7066 0.6599 0.2555
vn -0.7308 0.6172 0.2916
vn -0.6829 0.6451 0.3427
vn -0.6829 0.6451 0.3427
vn -0.7308 0.6172 0.2916
vn -0.7503 0.5768 0.3231
vn -0.7016 0.6052 0.3761
vn -0.7016 0.6052 0.3761
vn -0.7503 0.5768 0.3231
vn -0.7553 0.5502 0.3562
vn -0.7169 0.5673 0.4053
vn -0.7169 0.5673 0.4053
vn -0.7553 0.5502 0.3562
vn -0.7493 0.5341 0.3914
vn -0.7178 0.5423 0.4366
vn -0.0000 0.9211 -0.3894
vn -0.1335 0.9449 -0.2990
vn -0.1235 0.9489 -0.2905
vn -0.6464 0.6327 0.4264
vn -0.7016 0.6052 0.3761
vn -0.7169 0.5673 0.4053
vn -0.6609 0.5951 0.4573
vn -0.6609 0.5951 0.4573
vn -0.7169 0.5673 0.4053
vn -0.7178 0.5423 0.4366
vn -0.6727 0.5592 0.4845
vn -0.6727 0.5592 0.4845
vn -0.7178 0.5423 0.4366
vn -0.7121 0.5111 0.4813
vn -0.6825 0.5249 0.5086
vn -0.0000 0.9211 -0.3894
vn -0.1235 0.9489 -0.2905
vn -0.1123 0.9526 -0.2826
vn -0.6825 0.5249 0.5086
vn -0.7121 0.5111 0.4813
vn -0.7166 0.4938 0.4925
vn -0.6924 0.4885 0.5310
vn -0.1123 0.9526 -0.2826
vn -0.1235 0.9489 -0.2905
vn -0.2371 0.9528 -0.1894
vn -0.2159 0.9607 -0.1745
vn -0.2159 0.9607 -0.1745
vn -0.2371 0.9528 -0.1894
vn -0.3377 0.9368 -0.0917
vn -0.3080 0.9488 -0.0702
vn -0.3080 0.9488 -0.0702
vn -0.3377 0.9368 -0.0917
vn -0.4230 0.9061 -0.0016
vn -0.3865 0.9220 0.0256
vn -0.3865 0.9220 0.0256
vn -0.4230 0.9061 -0.0016
vn -0.4931 0.8664 0.0785
vn -0.4512 0.8855 0.1107
vn -0.4512 0.8855 0.1107
vn -0.4931 0.8664 0.0785
vn -0.5497 0.8221 0.1483
vn -0.5038 0.8438 0.1849
vn -0.5038 0.8438 0.1849
vn -0.5497 0.8221 0.1483
vn -0.5949 0.7763 0.2084
vn -0.5460 0.8000 0.2487
vn -0.5460 0.8000 0.2487
vn -0.5949 0.7763 0.2084
vn -0.6309 0.7310 0.2600
vn -0.5798 0.7562 0.3034
vn -0.5798 0.7562 0.3034
vn -0.6309 0.7310 0.2600
vn -0.6598 0.6871 0.3043
vn -0.6069 0.7133 0.3505
vn -0.6069 0.7133 0.3505
vn -0.6598 0.6871 0.3043
vn -0.6829 0.6451 0.3427
vn -0.6287 0.6721 0.3911
vn -0.6287 0.6721 0.3911
vn -0.6829 0.6451 0.3427
vn -0.7016 0.6052 0.3761
vn -0.6464 0.6327 0.4264
vn -0.5229 0.7800 0.3437
vn -0.5798 0.7562 0.3034
vn -0.6069 0.7133 0.3505
vn -0.5479 0.7382 0.3934
vn -0.5479 0.7382 0.3934
vn -0.6069 0.7133 0.3505
vn -0.6287 0.6721 0.3911
vn -0.5681 0.6978 0.4363
vn -0.5681 0.6978 0.4363
vn -0.6287 0.6721 0.3911
vn -0.6464 0.6327 0.4264
vn -0.5846 0.6589 0.4735
vn -0.5846 0.6589 0.4735
vn -0.6464 0.6327 0.4264
vn -0.6609 0.5951 0.4573
vn -0.5980 0.6216 0.5060
vn -0.5980 0.6216 0.5060
vn -0.6609 0.5951 0.4573
vn -0.6727 0.5592 0.4845
vn -0.6091 0.5859 0.5346
vn -0.6091 0.5859 0.5346
vn -0.6727 0.5592 0.4845
vn -0.6825 0.5249 0.5086
vn -0.6183 0.5516 0.5599
vn -0.0000 0.9211 -0.3894
vn -0.1123 0.9526 -0.2826
vn -0.1004 0.9560 -0.2755
vn -0.6183 0.5516 0.5599
vn -0.6825 0.5249 0.5086
vn -0.6924 0.4885 0.5310
vn -0.6379 0.5080 0.5788
vn -0.1004 0.9560 -0.2755
vn -0.1123 0.9526 -0.2826
vn -0.2159 0.9607 -0.1745
vn -0.1931 0.9679 -0.1609
vn -0.6379 0.5080 0.5788
vn -0.6924 0.4885 0.5310
vn -0.7552 0.3671 0.5430
vn -0.6954 0.4229 0.5810
vn -0.1931 0.9679 -0.1609
vn -0.2159 0.9607 -0.1745
vn -0.3080 0.9488 -0.0702
vn -0.2758 0.9599 -0.0508
vn -0.6954 0.4229 0.5810
vn -0.7552 0.3671 0.5430
vn -0.7950 0.2923 0.5316
vn -0.7443 0.3509 0.5682
vn -0.2758 0.9599 -0.0508
vn -0.3080 0.9488 -0.0702
vn -0.3865 0.9220 0.0256
vn -0.3465 0.9367 0.0503
vn -0.3465 0.9367 0.0503
vn -0.3865 0.9220 0.0256
vn -0.4512 0.8855 0.1107
vn -0.4053 0.9034 0.1402
vn -0.4053 0.9034 0.1402
vn -0.4512 0.8855 0.1107
vn -0.5038 0.8438 0.1849
vn -0.4532 0.8642 0.2185
vn -0.4532 0.8642 0.2185
vn -0.5038 0.8438 0.1849
vn -0.5460 0.8000 0.2487
vn -0.4918 0.8224 0.2859
vn -0.4918 0.8224 0.2859
vn -0.5460 0.8000 0.2487
vn -0.5798 0.7562 0.3034
vn -0.5229 0.7800 0.3437
vn 0.1292 -0.8746 0.4674
vn 0.2352 -0.8216 0.5193
vn 0.1741 -0.8398 0.5142
vn 0.1194 -0.8713 0.4759
vn -0.3035 0.9501 0.0724
vn -0.3465 0.9367 0.0503
vn -0.4053 0.9034 0.1402
vn -0.3555 0.9197 0.1667
vn -0.3555 0.9197 0.1667
vn -0.4053 0.9034 0.1402
vn -0.4532 0.8642 0.2185
vn -0.3981 0.8830 0.2488
vn -0.3981 0.8830 0.2488
vn -0.4532 0.8642 0.2185
vn -0.4918 0.8224 0.2859
vn -0.2472 0.8395 0.4839
vn -0.0000 -0.9211 0.3894
vn 0.1292 -0.8746 0.4674
vn 0.1194 -0.8713 0.4759
vn -0.2472 0.8395 0.4839
vn -0.4918 0.8224 0.2859
vn -0.5229 0.7800 0.3437
vn 0.0492 0.7221 0.6901
vn 0.0492 0.7221 0.6901
vn -0.5229 0.7800 0.3437
vn -0.5479 0.7382 0.3934
vn 0.2110 0.7185 0.6627
vn 0.2110 0.7185 0.6627
vn -0.5479 0.7382 0.3934
vn -0.5681 0.6978 0.4363
vn 0.2225 0.6930 0.6858
vn 0.2225 0.6930 0.6858
vn -0.5681 0.6978 0.4363
vn -0.5846 0.6589 0.4735
vn 0.2225 0.6671 0.7110
vn 0.2225 0.6671 0.7110
vn -0.5846 0.6589 0.4735
vn -0.5980 0.6216 0.5060
vn 0.2200 0.6426 0.7339
vn 0.2200 0.6426 0.7339
vn -0.5980 0.6216 0.5060
vn -0.6091 0.5859 0.5346
vn 0.2169 0.6205 0.7536
vn 0.2169 0.6205 0.7536
vn -0.6091 0.5859 0.5346
vn -0.6183 0.5516 0.5599
vn 0.2132 0.6025 0.7691
vn -0.0000 0.9211 -0.3894
vn -0.1004 0.9560 -0.2755
vn -0.0877 0.9591 -0.2693
vn 0.2132 0.6025 0.7691
vn -0.6183 0.5516 0.5599
vn -0.6379 0.5080 0.5788
vn 0.2076 0.5924 0.7784
vn -0.0000 -0.9211 0.3894
vn 0.1194 -0.8713 0.4759
vn 0.1086 -0.8684 0.4838
vn -0.0877 0.9591 -0.2693
vn -0.1004 0.9560 -0.2755
vn -0.1931 0.9679 -0.1609
vn -0.1686 0.9744 -0.1490
vn 0.2076 0.5924 0.7784
vn -0.6379 0.5080 0.5788
vn -0.6954 0.4229 0.5810
vn 0.1767 0.6205 0.7640
vn -0.1686 0.9744 -0.1490
vn -0.1931 0.9679 -0.1609
vn -0.2758 0.9599 -0.0508
vn -0.2412 0.9699 -0.0336
vn 0.1767 0.6205 0.7640
vn -0.6954 0.4229 0.5810
vn -0.7443 0.3509 0.5682
vn 0.2858 0.7040 0.6501
vn -0.2412 0.9699 -0.0336
vn -0.2758 0.9599 -0.0508
vn -0.3465 0.9367 0.0503
vn -0.3035 0.9501 0.0724
vn -0.0741 0.9617 -0.2638
vn -0.0877 0.9591 -0.2693
vn -0.1686 0.9744 -0.1490
vn -0.1428 0.9800 -0.1387
vn 0.9046 0.2183 0.3660
vn 0.2076 0.5924 0.7784
vn 0.1767 0.6205 0.7640
vn 0.9145 0.2508 0.3174
vn -0.1428 0.9800 -0.1387
vn -0.1686 0.9744 -0.1490
vn -0.2412 0.9699 -0.0336
vn -0.2045 0.9787 -0.0186
vn 0.9145 0.2508 0.3174
vn 0.1767 0.6205 0.7640
vn 0.2858 0.7040 0.6501
vn 0.8738 0.4196 0.2458
vn -0.2045 0.9787 -0.0186
vn -0.2412 0.9699 -0.0336
vn -0.3035 0.9501 0.0724
vn -0.2576 0.9619 0.0916
vn -0.2576 0.9619 0.0916
vn -0.3035 0.9501 0.0724
vn -0.3555 0.9197 0.1667
vn -0.0837 0.9379 0.3366
vn -0.0837 0.9379 0.3366
vn -0.3555 0.9197 0.1667
vn -0.3981 0.8830 0.2488
vn 0.2250 0.7963 0.5616
vn 0.2250 0.7963 0.5616
vn -0.3981 0.8830 0.2488
vn -0.2472 0.8395 0.4839
vn 0.5126 0.5539 0.6561
vn 0.5126 0.5539 0.6561
vn -0.2472 0.8395 0.4839
vn 0.0492 0.7221 0.6901
vn 0.7941 0.2435 0.5569
vn 0.7941 0.2435 0.5569
vn 0.0492 0.7221 0.6901
vn 0.2110 0.7185 0.6627
vn 0.8277 0.2291 0.5123
vn 0.8277 0.2291 0.5123
vn 0.2110 0.7185 0.6627
vn 0.2225 0.6930 0.6858
vn 0.8444 0.2190 0.4889
vn 0.8444 0.2190 0.4889
vn 0.2225 0.6930 0.6858
vn 0.2225 0.6671 0.7110
vn 0.8583 0.2114 0.4677
vn 0.8583 0.2114 0.4677
vn 0.2225 0.6671 0.7110
vn 0.2200 0.6426 0.7339
vn 0.8710 0.2065 0.4457
vn 0.8710 0.2065 0.4457
vn 0.2200 0.6426 0.7339
vn 0.2169 0.6205 0.7536
vn 0.8832 0.2049 0.4220
vn 0.8832 0.2049 0.4220
vn 0.2169 0.6205 0.7536
vn 0.2132 0.6025 0.7691
vn 0.8949 0.2076 0.3951
vn -0.0000 0.9211 -0.3894
vn -0.0877 0.9591 -0.2693
vn -0.0741 0.9617 -0.2638
vn 0.8949 0.2076 0.3951
vn 0.2132 0.6025 0.7691
vn 0.2076 0.5924 0.7784
vn 0.9046 0.2183 0.3660
vn 0.8417 0.1918 0.5048
vn 0.8583 0.2114 0.4677
vn 0.8710 0.2065 0.4457
vn 0.8675 0.1787 0.4642
vn 0.8675 0.1787 0.4642
vn 0.8710 0.2065 0.4457
vn 0.8832 0.2049 0.4220
vn 0.8911 0.1695 0.4209
vn 0.8911 0.1695 0.4209
vn 0.8832 0.2049 0.4220
vn 0.8949 0.2076 0.3951
vn 0.9117 0.1653 0.3760
vn -0.0000 0.9211 -0.3894
vn -0.0741 0.9617 -0.2638
vn -0.0601 0.9639 -0.2594
vn 0.9117 0.1653 0.3760
vn 0.8949 0.2076 0.3951
vn 0.9046 0.2183 0.3660
vn 0.9290 0.1667 0.3305
vn -0.0601 0.9639 -0.2594
vn -0.0741 0.9617 -0.2638
vn -0.1428 0.9800 -0.1387
vn -0.1157 0.9847 -0.1301
vn 0.9290 0.1667 0.3305
vn 0.9046 0.2183 0.3660
vn 0.9145 0.2508 0.3174
vn 0.9429 0.1766 0.2825
vn -0.1157 0.9847 -0.1301
vn -0.1428 0.9800 -0.1387
vn -0.2045 0.9787 -0.0186
vn -0.1659 0.9861 -0.0062
vn 0.9429 0.1766 0.2825
vn 0.9145 0.2508 0.3174
vn 0.8738 0.4196 0.2458
vn 0.9467 0.1919 0.2588
vn -0.1659 0.9861 -0.0062
vn -0.2045 0.9787 -0.0186
vn -0.2576 0.9619 0.0916
vn 0.0100 0.9749 0.2224
vn 0.0100 0.9749 0.2224
vn -0.2576 0.9619 0.0916
vn -0.0837 0.9379 0.3366
vn 0.5000 0.6640 0.5559
vn 0.5000 0.6640 0.5559
vn -0.0837 0.9379 0.3366
vn 0.2250 0.7963 0.5616
vn 0.7251 0.2742 0.6317
vn 0.7251 0.2742 0.6317
vn 0.2250 0.7963 0.5616
vn 0.5126 0.5539 0.6561
vn 0.7476 0.2453 0.6172
vn 0.7476 0.2453 0.6172
vn 0.5126 0.5539 0.6561
vn 0.7941 0.2435 0.5569
vn 0.7650 0.2396 0.5979
vn 0.7650 0.2396 0.5979
vn 0.7941 0.2435 0.5569
vn 0.8277 0.2291 0.5123
vn 0.7887 0.2246 0.5722
vn 0.7887 0.2246 0.5722
vn 0.8277 0.2291 0.5123
vn 0.8444 0.2190 0.4889
vn 0.8149 0.2077 0.5412
vn 0.8149 0.2077 0.5412
vn 0.8444 0.2190 0.4889
vn 0.8583 0.2114 0.4677
vn 0.8417 0.1918 0.5048
vn 0.6764 0.2544 0.6912
vn 0.7650 0.2396 0.5979
vn 0.7887 0.2246 0.5722
vn 0.7133 0.2265 0.6632
vn 0.7133 0.2265 0.6632
vn 0.7887 0.2246 0.5722
vn 0.8149 0.2077 0.5412
vn 0.7546 0.1977 0.6258
vn 0.7546 0.1977 0.6258
vn 0.8149 0.2077 0.5412
vn 0.8417 0.1918 0.5048
vn 0.7975 0.1702 0.5789
vn 0.7975 0.1702 0.5789
vn 0.8417 0.1918 0.5048
vn 0.8675 0.1787 0.4642
vn 0.8394 0.1460 0.5235
vn 0.1194 -0.8713 0.4759
vn 0.1741 -0.8398 0.5142
vn 0.1582 -0.8358 0.5257
vn 0.1086 -0.8684 0.4838
vn 0.8394 0.1460 0.5235
vn 0.8675 0.1787 0.4642
vn 0.8911 0.1695 0.4209
vn 0.8779 0.1270 0.4618
vn 0.8779 0.1270 0.4618
vn 0.8911 0.1695 0.4209
vn 0.9117 0.1653 0.3760
vn 0.9109 0.1152 0.3963
vn -0.0000 0.9211 -0.3894
vn -0.0601 0.9639 -0.2594
vn -0.0455 0.9657 -0.2558
vn 0.9109 0.1152 0.3963
vn 0.9117 0.1653 0.3760
vn 0.9290 0.1667 0.3305
vn 0.9383 0.1130 0.3269
vn -0.0455 0.9657 -0.2558
vn -0.0601 0.9639 -0.2594
vn -0.1157 0.9847 -0.1301
vn -0.0876 0.9885 -0.1233
vn 0.9383 0.1130 0.3269
vn 0.9290 0.1667 0.3305
vn 0.9429 0.1766 0.2825
vn 0.9591 0.1238 0.2546
vn -0.0876 0.9885 -0.1233
vn -0.1157 0.9847 -0.1301
vn -0.1659 0.9861 -0.0062
vn -0.1257 0.9921 0.0036
vn 0.9591 0.1238 0.2546
vn 0.9429 0.1766 0.2825
vn 0.9467 0.1919 0.2588
vn 0.9625 0.1423 0.2312
vn -0.1257 0.9921 0.0036
vn -0.1659 0.9861 -0.0062
vn 0.0100 0.9749 0.2224
vn 0.3420 0.8468 0.4075
vn 0.3420 0.8468 0.4075
vn 0.0100 0.9749 0.2224
vn 0.5000 0.6640 0.5559
vn 0.6265 0.3333 0.7046
vn 0.6265 0.3333 0.7046
vn 0.5000 0.6640 0.5559
vn 0.7251 0.2742 0.6317
vn 0.6433 0.2801 0.7125
vn 0.6433 0.2801 0.7125
vn 0.7251 0.2742 0.6317
vn 0.7476 0.2453 0.6172
vn 0.6470 0.2775 0.7102
vn 0.1086 -0.8684 0.4838
vn 0.1582 -0.8358 0.5257
vn 0.1412 -0.8322 0.5362
vn 0.0972 -0.8657 0.4910
vn 0.6470 0.2775 0.7102
vn 0.7476 0.2453 0.6172
vn 0.7650 0.2396 0.5979
vn 0.6764 0.2544 0.6912
vn 0.4118 0.3448 0.8435
vn 0.6265 0.3333 0.7046
vn 0.6433 0.2801 0.7125
vn 0.4789 0.3201 0.8174
vn 0.4789 0.3201 0.8174
vn 0.6433 0.2801 0.7125
vn 0.6470 0.2775 0.7102
vn 0.4986 0.3000 0.8132
vn -0.0000 -0.9211 0.3894
vn 0.1086 -0.8684 0.4838
vn 0.0972 -0.8657 0.4910
vn 0.4986 0.3000 0.8132
vn 0.6470 0.2775 0.7102
vn 0.6764 0.2544 0.6912
vn 0.5361 0.2670 0.8008
vn 0.5361 0.2670 0.8008
vn 0.6764 0.2544 0.6912
vn 0.7133 0.2265 0.6632
vn 0.5837 0.2292 0.7789
vn 0.5837 0.2292 0.7789
vn 0.7133 0.2265 0.6632
vn 0.7546 0.1977 0.6258
vn 0.6397 0.1889 0.7451
vn 0.6397 0.1889 0.7451
vn 0.7546 0.1977 0.6258
vn 0.7975 0.1702 0.5789
vn 0.7020 0.1479 0.6966
vn 0.7020 0.1479 0.6966
vn 0.7975 0.1702 0.5789
vn 0.8394 0.1460 0.5235
vn 0.7677 0.1077 0.6317
vn 0.7677 0.1077 0.6317
vn 0.8394 0.1460 0.5235
vn 0.8779 0.1270 0.4618
vn 0.8322 0.0702 0.5500
vn 0.8322 0.0702 0.5500
vn 0.8779 0.1270 0.4618
vn 0.9109 0.1152 0.3963
vn 0.8904 0.0393 0.4534
vn -0.0000 0.9211 -0.3894
vn -0.0455 0.9657 -0.2558
vn -0.0306 0.9669 -0.2533
vn 0.8904 0.0393 0.4534
vn 0.9109 0.1152 0.3963
vn 0.9383 0.1130 0.3269
vn 0.9375 0.0292 0.3467
vn -0.0306 0.9669 -0.2533
vn -0.0455 0.9657 -0.2558
vn -0.0876 0.9885 -0.1233
vn -0.0589 0.9912 -0.1184
vn 0.9375 0.0292 0.3467
vn 0.9383 0.1130 0.3269
vn 0.9591 0.1238 0.2546
vn 0.9698 0.0375 0.2409
vn -0.0589 0.9912 -0.1184
vn -0.0876 0.9885 -0.1233
vn -0.1257 0.9921 0.0036
vn -0.0845 0.9964 0.0107
vn 0.9698 0.0375 0.2409
vn 0.9591 0.1238 0.2546
vn 0.9625 0.1423 0.2312
vn 0.9798 0.0785 0.1839
vn -0.0845 0.9964 0.0107
vn -0.1257 0.9921 0.0036
vn 0.3420 0.8468 0.4075
vn 0.2090 0.8223 0.5293
vn 0.2090 0.8223 0.5293
vn 0.3420 0.8468 0.4075
vn 0.6265 0.3333 0.7046
vn 0.4118 0.3448 0.8435
vn 0.8324 -0.1260 0.5396
vn 0.9375 0.0292 0.3467
vn 0.9698 0.0375 0.2409
vn 0.2966 0.6297 -0.7180
vn -0.0296 0.9929 -0.1155
vn -0.0589 0.9912 -0.1184
vn -0.0845 0.9964 0.0107
vn -0.0425 0.9990 0.0150
vn 0.2966 0.6297 -0.7180
vn 0.9698 0.0375 0.2409
vn 0.9798 0.0785 0.1839
vn -0.9939 0.0580 -0.0934
vn -0.0425 0.9990 0.0150
vn -0.0845 0.9964 0.0107
vn 0.2090 0.8223 0.5293
vn 0.0403 0.8050 0.5919
vn 0.0403 0.8050 0.5919
vn 0.2090 0.8223 0.5293
vn 0.4118 0.3448 0.8435
vn 0.2147 0.3624 0.9070
vn 0.2147 0.3624 0.9070
vn 0.4118 0.3448 0.8435
vn 0.4789 0.3201 0.8174
vn 0.2631 0.3449 0.9010
vn 0.2631 0.3449 0.9010
vn 0.4789 0.3201 0.8174
vn 0.4986 0.3000 0.8132
vn 0.2829 0.3169 0.9053
vn 0.2829 0.3169 0.9053
vn 0.4986 0.3000 0.8132
vn 0.5361 0.2670 0.8008
vn 0.3139 0.2784 0.9077
vn 0.3139 0.2784 0.9077
vn 0.5361 0.2670 0.8008
vn 0.5837 0.2292 0.7789
vn 0.3553 0.2341 0.9049
vn 0.3553 0.2341 0.9049
vn 0.5837 0.2292 0.7789
vn 0.6397 0.1889 0.7451
vn 0.4086 0.1849 0.8938
vn 0.4086 0.1849 0.8938
vn 0.6397 0.1889 0.7451
vn 0.7020 0.1479 0.6966
vn 0.4755 0.1299 0.8701
vn 0.4755 0.1299 0.8701
vn 0.7020 0.1479 0.6966
vn 0.7677 0.1077 0.6317
vn 0.5590 0.0667 0.8265
vn 0.5590 0.0667 0.8265
vn 0.7677 0.1077 0.6317
vn 0.8322 0.0702 0.5500
vn 0.6642 -0.0122 0.7475
vn 0.6642 -0.0122 0.7475
vn 0.8322 0.0702 0.5500
vn 0.8904 0.0393 0.4534
vn 0.7228 -0.1083 0.6826
vn -0.0000 0.9211 -0.3894
vn -0.0306 0.9669 -0.2533
vn -0.0153 0.9677 -0.2517
vn 0.7228 -0.1083 0.6826
vn 0.8904 0.0393 0.4534
vn 0.9375 0.0292 0.3467
vn 0.8324 -0.1260 0.5396
vn -0.0153 0.9677 -0.2517
vn -0.0306 0.9669 -0.2533
vn -0.0589 0.9912 -0.1184
vn -0.0296 0.9929 -0.1155
vn 0.0000 -0.0065 1.0000
vn 0.5590 0.0667 0.8265
vn 0.6642 -0.0122 0.7475
vn -0.0000 -0.1818 0.9833
vn -0.0000 -0.1818 0.9833
vn 0.6642 -0.0122 0.7475
vn 0.7228 -0.1083 0.6826
vn -0.0000 -0.2905 0.9569
vn -0.0000 0.9211 -0.3894
vn -0.0153 0.9677 -0.2517
vn -0.0000 0.9679 -0.2512
vn -0.0000 -0.2905 0.9569
vn 0.7228 -0.1083 0.6826
vn 0.8324 -0.1260 0.5396
vn 0.0000 0.3889 -0.9213
vn -0.0000 0.9679 -0.2512
vn -0.0153 0.9677 -0.2517
vn -0.0296 0.9929 -0.1155
vn -0.0000 0.9934 -0.1145
vn 0.0000 0.3889 -0.9213
vn 0.8324 -0.1260 0.5396
vn 0.2966 0.6297 -0.7180
vn 0.0000 0.5076 -0.8616
vn -0.0000 0.9934 -0.1145
vn -0.0296 0.9929 -0.1155
vn -0.0425 0.9990 0.0150
vn -0.0000 0.9999 0.0165
vn 0.0000 0.5076 -0.8616
vn 0.2966 0.6297 -0.7180
vn -0.9939 0.0580 -0.0934
vn 0.0000 0.5092 -0.8606
vn -0.0000 0.9999 0.0165
vn -0.0425 0.9990 0.0150
vn 0.0403 0.8050 0.5919
vn 0.0000 0.8013 0.5983
vn 0.0000 0.8013 0.5983
vn 0.0403 0.8050 0.5919
vn 0.2147 0.3624 0.9070
vn -0.0000 0.3679 0.9299
vn -0.0000 0.3679 0.9299
vn 0.2147 0.3624 0.9070
vn 0.2631 0.3449 0.9010
vn 0.0000 0.3496 0.9369
vn 0.0000 0.3496 0.9369
vn 0.2631 0.3449 0.9010
vn 0.2829 0.3169 0.9053
vn 0.0000 0.3164 0.9486
vn 0.0000 0.3164 0.9486
vn 0.2829 0.3169 0.9053
vn 0.3139 0.2784 0.9077
vn 0.0000 0.2738 0.9618
vn 0.0000 0.2738 0.9618
vn 0.3139 0.2784 0.9077
vn 0.3553 0.2341 0.9049
vn 0.0000 0.2242 0.9745
vn 0.0000 0.2242 0.9745
vn 0.3553 0.2341 0.9049
vn 0.4086 0.1849 0.8938
vn 0.0000 0.1663 0.9861
vn 0.0000 0.1663 0.9861
vn 0.4086 0.1849 0.8938
vn 0.4755 0.1299 0.8701
vn 0.0000 0.0950 0.9955
vn 0.0000 0.0950 0.9955
vn 0.4755 0.1299 0.8701
vn 0.5590 0.0667 0.8265
vn 0.0000 -0.0065 1.0000
vn -0.3553 0.2341 0.9049
vn 0.0000 0.2242 0.9745
vn 0.0000 0.1663 0.9861
vn -0.4086 0.1849 0.8938
vn -0.4086 0.1849 0.8938
vn 0.0000 0.1663 0.9861
vn 0.0000 0.0950 0.9955
vn -0.4755 0.1299 0.8701
vn -0.4755 0.1299 0.8701
vn 0.0000 0.0950 0.9955
vn 0.0000 -0.0065 1.0000
vn -0.5590 0.0667 0.8265
vn -0.5590 0.0667 0.8265
vn 0.0000 -0.0065 1.0000
vn -0.0000 -0.1818 0.9833
vn -0.6642 -0.0122 0.7475
vn -0.6642 -0.0122 0.7475
vn -0.0000 -0.1818 0.9833
vn -0.0000 -0.2905 0.9569
vn -0.7228 -0.1083 0.6825
vn -0.0000 0.9211 -0.3894
vn -0.0000 0.9679 -0.2512
vn 0.0153 0.9677 -0.2517
vn -0.7228 -0.1083 0.6825
vn -0.0000 -0.2905 0.9569
vn 0.0000 0.3889 -0.9213
vn -0.8324 -0.1260 0.5396
vn 0.0972 -0.8657 0.4910
vn 0.1412 -0.8322 0.5362
vn 0.1231 -0.8291 0.5454
vn 0.0848 -0.8634 0.4973
vn 0.0153 0.9677 -0.2517
vn -0.0000 0.9679 -0.2512
vn -0.0000 0.9934 -0.1145
vn 0.0296 0.9929 -0.1155
vn -0.8324 -0.1260 0.5396
vn 0.0000 0.3889 -0.9213
vn 0.0000 0.5076 -0.8616
vn -0.2966 0.6298 -0.7179
vn 0.0296 0.9929 -0.1155
vn -0.0000 0.9934 -0.1145
vn -0.0000 0.9999 0.0165
vn 0.0425 0.9990 0.0150
vn -0.0000 -0.9211 0.3894
vn 0.0972 -0.8657 0.4910
vn 0.0848 -0.8634 0.4973
vn -0.2966 0.6298 -0.7179
vn 0.0000 0.5076 -0.8616
vn 0.0000 0.5092 -0.8606
vn 0.9939 0.0580 -0.0934
vn 0.0425 0.9990 0.0150
vn -0.0000 0.9999 0.0165
vn 0.0000 0.8013 0.5983
vn -0.0403 0.8050 0.5919
vn -0.0403 0.8050 0.5919
vn 0.0000 0.8013 0.5983
vn -0.0000 0.3679 0.9299
vn -0.2147 0.3624 0.9070
vn -0.2147 0.3624 0.9070
vn -0.0000 0.3679 0.9299
vn 0.0000 0.3496 0.9369
vn -0.2631 0.3449 0.9010
vn -0.2631 0.3449 0.9010
vn 0.0000 0.3496 0.9369
vn 0.0000 0.3164 0.9486
vn -0.2829 0.3169 0.9053
vn -0.2829 0.3169 0.9053
vn 0.0000 0.3164 0.9486
vn 0.0000 0.2738 0.9618
vn -0.3139 0.2784 0.9077
vn -0.3139 0.2784 0.9077
vn 0.0000 0.2738 0.9618
vn 0.0000 0.2242 0.9745
vn -0.3553 0.2341 0.9049
vn -0.4789 0.3201 0.8174
vn -0.2631 0.3449 0.9010
vn -0.2829 0.3169 0.9053
vn -0.4986 0.3000 0.8132
vn -0.4986 0.3000 0.8132
vn -0.2829 0.3169 0.9053
vn -0.3139 0.2784 0.9077
vn -0.5361 0.2670 0.8008
vn -0.5361 0.2670 0.8008
vn -0.3139 0.2784 0.9077
vn -0.3553 0.2341 0.9049
vn -0.5837 0.2292 0.7789
vn -0.5837 0.2292 0.7789
vn -0.3553 0.2341 0.9049
vn -0.4086 0.1849 0.8938
vn -0.6397 0.1889 0.7451
vn -0.6397 0.1889 0.7451
vn -0.4086 0.1849 0.8938
vn -0.4755 0.1299 0.8701
vn -0.7020 0.1479 0.6966
vn -0.7020 0.1479 0.6966
vn -0.4755 0.1299 0.8701
vn -0.5590 0.0667 0.8265
vn -0.7677 0.1077 0.6317
vn -0.7677 0.1077 0.6317
vn -0.5590 0.0667 0.8265
vn -0.6642 -0.0122 0.7475
vn -0.8322 0.0702 0.5500
vn -0.8322 0.0702 0.5500
vn -0.6642 -0.0122 0.7475
vn -0.7228 -0.1083 0.6825
vn -0.8904 0.0393 0.4534
vn -0.0000 0.9211 -0.3894
vn 0.0153 0.9677 -0.2517
vn 0.0306 0.9669 -0.2533
vn -0.8904 0.0393 0.4534
vn -0.7228 -0.1083 0.6825
vn -0.8324 -0.1260 0.5396
vn -0.9375 0.0292 0.3467
vn 0.0306 0.9669 -0.2533
vn 0.0153 0.9677 -0.2517
vn 0.0296 0.9929 -0.1155
vn 0.0589 0.9912 -0.1184
vn -0.9375 0.0292 0.3467
vn -0.8324 -0.1260 0.5396
vn -0.2966 0.6298 -0.7179
vn -0.9698 0.0375 0.2409
vn 0.0589 0.9912 -0.1184
vn 0.0296 0.9929 -0.1155
vn 0.0425 0.9990 0.0150
vn 0.0845 0.9964 0.0107
vn -0.9698 0.0375 0.2409
vn -0.2966 0.6298 -0.7179
vn 0.9939 0.0580 -0.0934
vn -0.9798 0.0785 0.1839
vn 0.0845 0.9964 0.0107
vn 0.0425 0.9990 0.0150
vn -0.0403 0.8050 0.5919
vn -0.2090 0.8223 0.5293
vn -0.2090 0.8223 0.5293
vn -0.0403 0.8050 0.5919
vn -0.2147 0.3624 0.9070
vn -0.4118 0.3448 0.8435
vn -0.4118 0.3448 0.8435
vn -0.2147 0.3624 0.9070
vn -0.2631 0.3449 0.9010
vn -0.4789 0.3201 0.8174
vn 0.1257 0.9921 0.0036
vn 0.0845 0.9964 0.0107
vn -0.2090 0.8223 0.5293
vn -0.3420 0.8468 0.4075
vn -0.3420 0.8468 0.4075
vn -0.2090 0.8223 0.5293
vn -0.4118 0.3448 0.8435
vn -0.6265 0.3333 0.7046
vn -0.6265 0.3333 0.7046
vn -0.4118 0.3448 0.8435
vn -0.4789 0.3201 0.8174
vn -0.6433 0.2801 0.7125
vn -0.6433 0.2801 0.7125
vn -0.4789 0.3201 0.8174
vn -0.4986 0.3000 0.8132
vn -0.6470 0.2775 0.7102
vn -0.6470 0.2775 0.7102
vn -0.4986 0.3000 0.8132
vn -0.5361 0.2670 0.8008
vn -0.6764 0.2544 0.6912
vn -0.6764 0.2544 0.6912
vn -0.5361 0.2670 0.8008
vn -0.5837 0.2292 0.7789
vn -0.7133 0.2265 0.6632
vn -0.7133 0.2265 0.6632
vn -0.5837 0.2292 0.7789
vn -0.6397 0.1889 0.7451
vn -0.7546 0.1977 0.6258
vn -0.7546 0.1977 0.6258
vn -0.6397 0.1889 0.7451
vn -0.7020 0.1479 0.6966
vn -0.7975 0.1702 0.5789
vn -0.7975 0.1702 0.5789
vn -0.7020 0.1479 0.6966
vn -0.7677 0.1077 0.6317
vn -0.8394 0.1460 0.5235
vn -0.8394 0.1460 0.5235
vn -0.7677 0.1077 0.6317
vn -0.8322 0.0702 0.5500
vn -0.8779 0.1270 0.4618
vn -0.8779 0.1270 0.4618
vn -0.8322 0.0702 0.5500
vn -0.8904 0.0393 0.4534
vn -0.9109 0.1152 0.3963
vn -0.0000 0.9211 -0.3894
vn 0.0306 0.9669 -0.2533
vn 0.0455 0.9657 -0.2558
vn -0.9109 0.1152 0.3963
vn -0.8904 0.0393 0.4534
vn -0.9375 0.0292 0.3467
vn -0.9383 0.1130 0.3269
vn 0.0455 0.9657 -0.2558
vn 0.0306 0.9669 -0.2533
vn 0.0589 0.9912 -0.1184
vn 0.0876 0.9885 -0.1233
vn -0.9383 0.1130 0.3269
vn -0.9375 0.0292 0.3467
vn -0.9698 0.0375 0.2409
vn -0.9591 0.1238 0.2546
vn 0.0876 0.9885 -0.1233
vn 0.0589 0.9912 -0.1184
vn 0.0845 0.9964 0.0107
vn 0.1257 0.9921 0.0036
vn -0.9591 0.1238 0.2546
vn -0.9698 0.0375 0.2409
vn -0.9798 0.0785 0.1839
vn -0.9625 0.1423 0.2312
vn -0.8911 0.1695 0.4209
vn -0.8779 0.1270 0.4618
vn -0.9109 0.1152 0.3963
vn -0.9117 0.1653 0.3760
vn -0.0000 0.9211 -0.3894
vn 0.0455 0.9657 -0.2558
vn 0.0601 0.9639 -0.2594
vn -0.9117 0.1653 0.3760
vn -0.9109 0.1152 0.3963
vn -0.9383 0.1130 0.3269
vn -0.9290 0.1667 0.3305
vn 0.0601 0.9639 -0.2594
vn 0.0455 0.9657 -0.2558
vn 0.0876 0.9885 -0.1233
vn 0.1157 0.9847 -0.1301
vn -0.9290 0.1667 0.3305
vn -0.9383 0.1130 0.3269
vn -0.9591 0.1238 0.2546
vn -0.9429 0.1766 0.2825
vn 0.1157 0.9847 -0.1301
vn 0.0876 0.9885 -0.1233
vn 0.1257 0.9921 0.0036
vn 0.1659 0.9861 -0.0062
vn -0.9429 0.1766 0.2825
vn -0.9591 0.1238 0.2546
vn -0.9625 0.1423 0.2312
vn -0.9467 0.1919 0.2588
vn 0.1659 0.9861 -0.0062
vn 0.1257 0.9921 0.0036
vn -0.3420 0.8468 0.4075
vn -0.0100 0.9749 0.2224
vn -0.0100 0.9749 0.2224
vn -0.3420 0.8468 0.4075
vn -0.6265 0.3333 0.7046
vn -0.5000 0.6640 0.5559
vn -0.5000 0.6640 0.5559
vn -0.6265 0.3333 0.7046
vn -0.6433 0.2801 0.7125
vn -0.7251 0.2742 0.6317
vn -0.7251 0.2742 0.6317
vn -0.6433 0.2801 0.7125
vn -0.6470 0.2775 0.7102
vn -0.7476 0.2453 0.6172
vn -0.7476 0.2453 0.6172
vn -0.6470 0.2775 0.7102
vn -0.6764 0.2544 0.6912
vn -0.7650 0.2396 0.5979
vn 0.0848 -0.8634 0.4973
vn 0.1231 -0.8291 0.5454
vn 0.1040 -0.8265 0.5533
vn 0.0717 -0.8614 0.5028
vn -0.7650 0.2396 0.5979
vn -0.6764 0.2544 0.6912
vn -0.7133 0.2265 0.6632
vn -0.7887 0.2246 0.5722
vn -0.7887 0.2246 0.5722
vn -0.7133 0.2265 0.6632
vn -0.7546 0.1977 0.6258
vn -0.8149 0.2077 0.5412
vn -0.8149 0.2077 0.5412
vn -0.7546 0.1977 0.6258
vn -0.7975 0.1702 0.5789
vn -0.8417 0.1918 0.5048
vn -0.0000 -0.9211 0.3894
vn 0.0848 -0.8634 0.4973
vn 0.0717 -0.8614 0.5028
vn -0.8417 0.1918 0.5048
vn -0.7975 0.1702 0.5789
vn -0.8394 0.1460 0.5235
vn -0.8675 0.1787 0.4642
vn -0.8675 0.1787 0.4642
vn -0.8394 0.1460 0.5235
vn -0.8779 0.1270 0.4618
vn -0.8911 0.1695 0.4209
vn -0.8444 0.2190 0.4889
vn -0.8149 0.2077 0.5412
vn -0.8417 0.1918 0.5048
vn -0.8583 0.2114 0.4677
vn -0.8583 0.2114 0.4677
vn -0.8417 0.1918 0.5048
vn -0.8675 0.1787 0.4642
vn -0.8710 0.2065 0.4457
vn -0.8710 0.2065 0.4457
vn -0.8675 0.1787 0.4642
vn -0.8911 0.1695 0.4209
vn -0.8832 0.2049 0.4219
vn -0.8832 0.2049 0.4219
vn -0.8911 0.1695 0.4209
vn -0.9117 0.1653 0.3760
vn -0.8949 0.2076 0.3951
vn -0.0000 0.9211 -0.3894
vn 0.0601 0.9639 -0.2594
vn 0.0741 0.9617 -0.2638
vn -0.8949 0.2076 0.3951
vn -0.9117 0.1653 0.3760
vn -0.9290 0.1667 0.3305
vn -0.9046 0.2183 0.3660
vn 0.0741 0.9617 -0.2638
vn 0.0601 0.9639 -0.2594
vn 0.1157 0.9847 -0.1301
vn 0.1428 0.9800 -0.1387
vn -0.9046 0.2183 0.3660
vn -0.9290 0.1667 0.3305
vn -0.9429 0.1766 0.2825
vn -0.9145 0.2508 0.3174
vn 0.1428 0.9800 -0.1387
vn 0.1157 0.9847 -0.1301
vn 0.1659 0.9861 -0.0062
vn 0.2045 0.9787 -0.0186
vn -0.9145 0.2508 0.3174
vn -0.9429 0.1766 0.2825
vn -0.9467 0.1919 0.2588
vn -0.8738 0.4197 0.2458
vn 0.2045 0.9787 -0.0186
vn 0.1659 0.9861 -0.0062
vn -0.0100 0.9749 0.2224
vn 0.2576 0.9619 0.0916
vn 0.2576 0.9619 0.0916
vn -0.0100 0.9749 0.2224
vn -0.5000 0.6640 0.5559
vn 0.0837 0.9379 0.3366
vn 0.0837 0.9379 0.3366
vn -0.5000 0.6640 0.5559
vn -0.7251 0.2742 0.6317
vn -0.2250 0.7963 0.5616
vn -0.2250 0.7963 0.5616
vn -0.7251 0.2742 0.6317
vn -0.7476 0.2453 0.6172
vn -0.5126 0.5539 0.6561
vn -0.5126 0.5539 0.6561
vn -0.7476 0.2453 0.6172
vn -0.7650 0.2396 0.5979
vn -0.7941 0.2435 0.5569
vn -0.7941 0.2435 0.5569
vn -0.7650 0.2396 0.5979
vn -0.7887 0.2246 0.5722
vn -0.8277 0.2291 0.5123
vn -0.8277 0.2291 0.5123
vn -0.7887 0.2246 0.5722
vn -0.8149 0.2077 0.5412
vn -0.8444 0.2190 0.4889
vn 0.2472 0.8395 0.4839
vn -0.5126 0.5539 0.6561
vn -0.7941 0.2435 0.5569
vn -0.0492 0.7221 0.6901
vn -0.0492 0.7221 0.6901
vn -0.7941 0.2435 0.5569
vn -0.8277 0.2291 0.5123
vn -0.2109 0.7185 0.6627
vn -0.2109 0.7185 0.6627
vn -0.8277 0.2291 0.5123
vn -0.8444 0.2190 0.4889
vn -0.2225 0.6930 0.6858
vn -0.2225 0.6930 0.6858
vn -0.8444 0.2190 0.4889
vn -0.8583 0.2114 0.4677
vn -0.2225 0.6671 0.7110
vn -0.2225 0.6671 0.7110
vn -0.8583 0.2114 0.4677
vn -0.8710 0.2065 0.4457
vn -0.2200 0.6426 0.7339
vn -0.2200 0.6426 0.7339
vn -0.8710 0.2065 0.4457
vn -0.8832 0.2049 0.4219
vn -0.2169 0.6205 0.7536
vn -0.2169 0.6205 0.7536
vn -0.8832 0.2049 0.4219
vn -0.8949 0.2076 0.3951
vn -0.2132 0.6025 0.7691
vn -0.0000 0.9211 -0.3894
vn 0.0741 0.9617 -0.2638
vn 0.0877 0.9591 -0.2693
vn -0.2132 0.6025 0.7691
vn -0.8949 0.2076 0.3951
vn -0.9046 0.2183 0.3660
vn -0.2076 0.5924 0.7784
vn 0.0877 0.9591 -0.2693
vn 0.0741 0.9617 -0.2638
vn 0.1428 0.9800 -0.1387
vn 0.1686 0.9744 -0.1490
vn -0.2076 0.5924 0.7784
vn -0.9046 0.2183 0.3660
vn -0.9145 0.2508 0.3174
vn -0.1767 0.6205 0.7640
vn 0.1686 0.9744 -0.1490
vn 0.1428 0.9800 -0.1387
vn 0.2045 0.9787 -0.0186
vn 0.2412 0.9699 -0.0336
vn -0.1767 0.6205 0.7640
vn -0.9145 0.2508 0.3174
vn -0.8738 0.4197 0.2458
vn -0.2858 0.7041 0.6501
vn 0.2412 0.9699 -0.0336
vn 0.2045 0.9787 -0.0186
vn 0.2576 0.9619 0.0916
vn 0.3035 0.9501 0.0724
vn 0.3035 0.9501 0.0724
vn 0.2576 0.9619 0.0916
vn 0.0837 0.9379 0.3366
vn 0.3555 0.9197 0.1667
vn 0.3555 0.9197 0.1667
vn 0.0837 0.9379 0.3366
vn -0.2250 0.7963 0.5616
vn 0.3981 0.8830 0.2488
vn 0.3981 0.8830 0.2488
vn -0.2250 0.7963 0.5616
vn -0.5126 0.5539 0.6561
vn 0.2472 0.8395 0.4839
vn 0.3465 0.9367 0.0503
vn 0.3035 0.9501 0.0724
vn 0.3555 0.9197 0.1667
vn 0.4053 0.9034 0.1402
vn 0.4053 0.9034 0.1402
vn 0.3555 0.9197 0.1667
vn 0.3981 0.8830 0.2488
vn 0.4532 0.8642 0.2185
vn 0.4532 0.8642 0.2185
vn 0.3981 0.8830 0.2488
vn 0.2472 0.8395 0.4839
vn 0.4918 0.8224 0.2859
vn 0.4918 0.8224 0.2859
vn 0.2472 0.8395 0.4839
vn -0.0492 0.7221 0.6901
vn 0.5229 0.7800 0.3437
vn 0.5229 0.7800 0.3437
vn -0.0492 0.7221 0.6901
vn -0.2109 0.7185 0.6627
vn 0.5479 0.7382 0.3934
vn 0.5479 0.7382 0.3934
vn -0.2109 0.7185 0.6627
vn -0.2225 0.6930 0.6858
vn 0.5682 0.6978 0.4363
vn 0.5682 0.6978 0.4363
vn -0.2225 0.6930 0.6858
vn -0.2225 0.6671 0.7110
vn 0.5846 0.6589 0.4735
vn 0.5846 0.6589 0.4735
vn -0.2225 0.6671 0.7110
vn -0.2200 0.6426 0.7339
vn 0.5980 0.6216 0.5060
vn 0.5980 0.6216 0.5060
vn -0.2200 0.6426 0.7339
vn -0.2169 0.6205 0.7536
vn 0.6091 0.5859 0.5346
vn 0.6091 0.5859 0.5346
vn -0.2169 0.6205 0.7536
vn -0.2132 0.6025 0.7691
vn 0.6182 0.5516 0.5599
vn -0.0000 0.9211 -0.3894
vn 0.0877 0.9591 -0.2693
vn 0.1004 0.9560 -0.2755
vn 0.6182 0.5516 0.5599
vn -0.2132 0.6025 0.7691
vn -0.2076 0.5924 0.7784
vn 0.6379 0.5080 0.5788
vn 0.1004 0.9560 -0.2755
vn 0.0877 0.9591 -0.2693
vn 0.1686 0.9744 -0.1490
vn 0.1931 0.9679 -0.1609
vn 0.6379 0.5080 0.5788
vn -0.2076 0.5924 0.7784
vn -0.1767 0.6205 0.7640
vn 0.6954 0.4229 0.5810
vn 0.1931 0.9679 -0.1609
vn 0.1686 0.9744 -0.1490
vn 0.2412 0.9699 -0.0336
vn 0.2758 0.9599 -0.0508
vn 0.6954 0.4229 0.5810
vn -0.1767 0.6205 0.7640
vn -0.2858 0.7041 0.6501
vn 0.7443 0.3509 0.5682
vn 0.2758 0.9599 -0.0508
vn 0.2412 0.9699 -0.0336
vn 0.3035 0.9501 0.0724
vn 0.3465 0.9367 0.0503
vn 0.0717 -0.8614 0.5028
vn 0.1040 -0.8265 0.5533
vn 0.0842 -0.8243 0.5599
vn 0.0582 -0.8598 0.5073
vn 0.6825 0.5249 0.5086
vn 0.6182 0.5516 0.5599
vn 0.6379 0.5080 0.5788
vn 0.6924 0.4885 0.5310
vn 0.1123 0.9526 -0.2826
vn 0.1004 0.9560 -0.2755
vn 0.1931 0.9679 -0.1609
vn 0.2159 0.9607 -0.1745
vn 0.6924 0.4885 0.5310
vn 0.6379 0.5080 0.5788
vn 0.6954 0.4229 0.5810
vn 0.7552 0.3671 0.5430
vn -0.0000 -0.9211 0.3894
vn 0.0717 -0.8614 0.5028
vn 0.0582 -0.8598 0.5073
vn 0.2159 0.9607 -0.1745
vn 0.1931 0.9679 -0.1609
vn 0.2758 0.9599 -0.0508
vn 0.3080 0.9488 -0.0702
vn 0.7552 0.3671 0.5430
vn 0.6954 0.4229 0.5810
vn 0.7443 0.3509 0.5682
vn 0.7950 0.2923 0.5316
vn 0.3080 0.9488 -0.0702
vn 0.2758 0.9599 -0.0508
vn 0.3465 0.9367 0.0503
vn 0.3865 0.9219 0.0256
vn 0.3865 0.9219 0.0256
vn 0.3465 0.9367 0.0503
vn 0.4053 0.9034 0.1402
vn 0.4513 0.8855 0.1107
vn 0.4513 0.8855 0.1107
vn 0.4053 0.9034 0.1402
vn 0.4532 0.8642 0.2185
vn 0.5038 0.8438 0.1849
vn 0.5038 0.8438 0.1849
vn 0.4532 0.8642 0.2185
vn 0.4918 0.8224 0.2859
vn 0.5460 0.8000 0.2487
vn 0.5460 0.8000 0.2487
vn 0.4918 0.8224 0.2859
vn 0.5229 0.7800 0.3437
vn 0.5798 0.7562 0.3034
vn 0.5798 0.7562 0.3034
vn 0.5229 0.7800 0.3437
vn 0.5479 0.7382 0.3934
vn 0.6069 0.7133 0.3505
vn 0.6069 0.7133 0.3505
vn 0.5479 0.7382 0.3934
vn 0.5682 0.6978 0.4363
vn 0.6287 0.6721 0.3911
vn 0.6287 0.6721 0.3911
vn 0.5682 0.6978 0.4363
vn 0.5846 0.6589 0.4735
vn 0.6464 0.6327 0.4264
vn 0.6464 0.6327 0.4264
vn 0.5846 0.6589 0.4735
vn 0.5980 0.6216 0.5060
vn 0.6609 0.5951 0.4573
vn 0.6609 0.5951 0.4573
vn 0.5980 0.6216 0.5060
vn 0.6091 0.5859 0.5346
vn 0.6727 0.5592 0.4845
vn 0.6727 0.5592 0.4845
vn 0.6091 0.5859 0.5346
vn 0.6182 0.5516 0.5599
vn 0.6825 0.5249 0.5086
vn -0.0000 0.9211 -0.3894
vn 0.1004 0.9560 -0.2755
vn 0.1123 0.9526 -0.2826
vn 0.7016 0.6052 0.3761
vn 0.6464 0.6327 0.4264
vn 0.6609 0.5951 0.4573
vn 0.7169 0.5673 0.4053
vn 0.7169 0.5673 0.4053
vn 0.6609 0.5951 0.4573
vn 0.6727 0.5592 0.4845
vn 0.7178 0.5423 0.4366
vn 0.7178 0.5423 0.4366
vn 0.6727 0.5592 0.4845
vn 0.6825 0.5249 0.5086
vn 0.7121 0.5111 0.4813
vn -0.0000 0.9211 -0.3894
vn 0.1123 0.9526 -0.2826
vn 0.1235 0.9489 -0.2905
vn 0.7121 0.5111 0.4813
vn 0.6825 0.5249 0.5086
vn 0.6924 0.4885 0.5310
vn 0.7166 0.4938 0.4925
vn 0.1235 0.9489 -0.2905
vn 0.1123 0.9526 -0.2826
vn 0.2159 0.9607 -0.1745
vn 0.2371 0.9528 -0.1894
vn 0.2371 0.9528 -0.1894
vn 0.2159 0.9607 -0.1745
vn 0.3080 0.9488 -0.0702
vn 0.3377 0.9368 -0.0917
vn 0.3377 0.9368 -0.0917
vn 0.3080 0.9488 -0.0702
vn 0.3865 0.9219 0.0256
vn 0.4230 0.9061 -0.0016
vn 0.4230 0.9061 -0.0016
vn 0.3865 0.9219 0.0256
vn 0.4513 0.8855 0.1107
vn 0.4931 0.8664 0.0785
vn 0.4931 0.8664 0.0785
vn 0.4513 0.8855 0.1107
vn 0.5038 0.8438 0.1849
vn 0.5497 0.8221 0.1483
vn 0.5497 0.8221 0.1483
vn 0.5038 0.8438 0.1849
vn 0.5460 0.8000 0.2487
vn 0.5949 0.7763 0.2084
vn 0.5949 0.7763 0.2084
vn 0.5460 0.8000 0.2487
vn 0.5798 0.7562 0.3034
vn 0.6309 0.7310 0.2600
vn 0.6309 0.7310 0.2600
vn 0.5798 0.7562 0.3034
vn 0.6069 0.7133 0.3505
vn 0.6598 0.6871 0.3043
vn 0.6598 0.6871 0.3043
vn 0.6069 0.7133 0.3505
vn 0.6287 0.6721 0.3911
vn 0.6829 0.6451 0.3427
vn 0.6829 0.6451 0.3427
vn 0.6287 0.6721 0.3911
vn 0.6464 0.6327 0.4264
vn 0.7016 0.6052 0.3761
vn 0.0582 -0.8598 0.5073
vn 0.0842 -0.8243 0.5599
vn 0.0637 -0.8226 0.5651
vn 0.0440 -0.8585 0.5109
vn 0.6763 0.7049 0.2138
vn 0.6309 0.7310 0.2600
vn 0.6598 0.6871 0.3043
vn 0.7066 0.6599 0.2555
vn 0.7066 0.6599 0.2555
vn 0.6598 0.6871 0.3043
vn 0.6829 0.6451 0.3427
vn 0.7308 0.6172 0.2916
vn 0.7308 0.6172 0.2916
vn 0.6829 0.6451 0.3427
vn 0.7016 0.6052 0.3761
vn 0.7503 0.5768 0.3231
vn 0.7503 0.5768 0.3231
vn 0.7016 0.6052 0.3761
vn 0.7169 0.5673 0.4053
vn 0.7553 0.5502 0.3562
vn -0.0000 -0.9211 0.3894
vn 0.0582 -0.8598 0.5073
vn 0.0440 -0.8585 0.5109
vn 0.7553 0.5502 0.3562
vn 0.7169 0.5673 0.4053
vn 0.7178 0.5423 0.4366
vn 0.7494 0.5341 0.3914
vn -0.0000 0.9211 -0.3894
vn 0.1235 0.9489 -0.2905
vn 0.1335 0.9449 -0.2990
vn 0.1335 0.9449 -0.2990
vn 0.1235 0.9489 -0.2905
vn 0.2371 0.9528 -0.1894
vn 0.2563 0.9445 -0.2057
vn 0.2563 0.9445 -0.2057
vn 0.2371 0.9528 -0.1894
vn 0.3377 0.9368 -0.0917
vn 0.3647 0.9240 -0.1149
vn 0.3647 0.9240 -0.1149
vn 0.3377 0.9368 -0.0917
vn 0.4230 0.9061 -0.0016
vn 0.4560 0.8894 -0.0310
vn 0.4560 0.8894 -0.0310
vn 0.4230 0.9061 -0.0016
vn 0.4931 0.8664 0.0785
vn 0.5307 0.8464 0.0439
vn 0.5307 0.8464 0.0439
vn 0.4931 0.8664 0.0785
vn 0.5497 0.8221 0.1483
vn 0.5907 0.7995 0.1091
vn 0.5907 0.7995 0.1091
vn 0.5497 0.8221 0.1483
vn 0.5949 0.7763 0.2084
vn 0.6384 0.7517 0.1654
vn 0.6384 0.7517 0.1654
vn 0.5949 0.7763 0.2084
vn 0.6309 0.7310 0.2600
vn 0.6763 0.7049 0.2138
vn 0.4853 0.8721 -0.0622
vn 0.4560 0.8894 -0.0310
vn 0.5307 0.8464 0.0439
vn 0.5639 0.8258 0.0071
vn 0.5639 0.8258 0.0071
vn 0.5307 0.8464 0.0439
vn 0.5907 0.7995 0.1091
vn 0.6268 0.7762 0.0677
vn 0.6268 0.7762 0.0677
vn 0.5907 0.7995 0.1091
vn 0.6384 0.7517 0.1654
vn 0.6766 0.7265 0.1202
vn 0.6766 0.7265 0.1202
vn 0.6384 0.7517 0.1654
vn 0.6763 0.7049 0.2138
vn 0.7160 0.6782 0.1654
vn 0.7160 0.6782 0.1654
vn 0.6763 0.7049 0.2138
vn 0.7066 0.6599 0.2555
vn 0.7473 0.6322 0.2045
vn 0.7473 0.6322 0.2045
vn 0.7066 0.6599 0.2555
vn 0.7308 0.6172 0.2916
vn 0.7723 0.5888 0.2384
vn 0.7723 0.5888 0.2384
vn 0.7308 0.6172 0.2916
vn 0.7503 0.5768 0.3231
vn 0.7821 0.5600 0.2732
vn 0.7821 0.5600 0.2732
vn 0.7503 0.5768 0.3231
vn 0.7553 0.5502 0.3562
vn 0.7810 0.5423 0.3098
vn -0.0000 0.9211 -0.3894
vn 0.1335 0.9449 -0.2990
vn 0.1425 0.9406 -0.3081
vn 0.1425 0.9406 -0.3081
vn 0.1335 0.9449 -0.2990
vn 0.2563 0.9445 -0.2057
vn 0.2735 0.9356 -0.2231
vn 0.2735 0.9356 -0.2231
vn 0.2563 0.9445 -0.2057
vn 0.3647 0.9240 -0.1149
vn 0.3887 0.9107 -0.1397
vn 0.3887 0.9107 -0.1397
vn 0.3647 0.9240 -0.1149
vn 0.4560 0.8894 -0.0310
vn 0.4853 0.8721 -0.0622
vn 0.1505 0.9361 -0.3178
vn 0.1425 0.9406 -0.3081
vn 0.2735 0.9356 -0.2231
vn 0.2887 0.9264 -0.2416
vn 0.2887 0.9264 -0.2416
vn 0.2735 0.9356 -0.2231
vn 0.3887 0.9107 -0.1397
vn 0.4097 0.8970 -0.1660
vn 0.4097 0.8970 -0.1660
vn 0.3887 0.9107 -0.1397
vn 0.4853 0.8721 -0.0622
vn 0.5108 0.8544 -0.0952
vn 0.5108 0.8544 -0.0952
vn 0.4853 0.8721 -0.0622
vn 0.5639 0.8258 0.0071
vn 0.5928 0.8048 -0.0315
vn 0.5928 0.8048 -0.0315
vn 0.5639 0.8258 0.0071
vn 0.6268 0.7762 0.0677
vn 0.6579 0.7527 0.0245
vn 0.6579 0.7527 0.0245
vn 0.6268 0.7762 0.0677
vn 0.6766 0.7265 0.1202
vn 0.7094 0.7010 0.0731
vn 0.7094 0.7010 0.0731
vn 0.6766 0.7265 0.1202
vn 0.7160 0.6782 0.1654
vn 0.7500 0.6513 0.1152
vn 0.7500 0.6513 0.1152
vn 0.7160 0.6782 0.1654
vn 0.7473 0.6322 0.2045
vn 0.7822 0.6043 0.1516
vn 0.7822 0.6043 0.1516
vn 0.7473 0.6322 0.2045
vn 0.7723 0.5888 0.2384
vn 0.7978 0.5728 0.1883
vn 0.7978 0.5728 0.1883
vn 0.7723 0.5888 0.2384
vn 0.7821 0.5600 0.2732
vn 0.8019 0.5529 0.2261
vn -0.0000 0.9211 -0.3894
vn 0.1425 0.9406 -0.3081
vn 0.1505 0.9361 -0.3178
vn -0.0000 0.9211 -0.3894
vn 0.1505 0.9361 -0.3178
vn 0.1573 0.9315 -0.3280
vn 0.1573 0.9315 -0.3280
vn 0.1505 0.9361 -0.3178
vn 0.2887 0.9264 -0.2416
vn 0.3016 0.9170 -0.2611
vn 0.3016 0.9170 -0.2611
vn 0.2887 0.9264 -0.2416
vn 0.4097 0.8970 -0.1660
vn 0.4276 0.8830 -0.1936
vn 0.4276 0.8830 -0.1936
vn 0.4097 0.8970 -0.1660
vn 0.5108 0.8544 -0.0952
vn 0.5325 0.8364 -0.1297
vn 0.5325 0.8364 -0.1297
vn 0.5108 0.8544 -0.0952
vn 0.5928 0.8048 -0.0315
vn 0.6171 0.7836 -0.0717
vn 0.6171 0.7836 -0.0717
vn 0.5928 0.8048 -0.0315
vn 0.6579 0.7527 0.0245
vn 0.6842 0.7290 -0.0204
vn 0.6842 0.7290 -0.0204
vn 0.6579 0.7527 0.0245
vn 0.7094 0.7010 0.0731
vn 0.7370 0.6755 0.0244
vn 0.7370 0.6755 0.0244
vn 0.7094 0.7010 0.0731
vn 0.7500 0.6513 0.1152
vn 0.7785 0.6244 0.0634
vn 0.7785 0.6244 0.0634
vn 0.7500 0.6513 0.1152
vn 0.7822 0.6043 0.1516
vn 0.8113 0.5765 0.0973
vn 0.8113 0.5765 0.0973
vn 0.7822 0.6043 0.1516
vn 0.7978 0.5728 0.1883
vn 0.8248 0.5539 0.1140
vn 0.8016 0.5978 0.0103
vn 0.7785 0.6244 0.0634
vn 0.8113 0.5765 0.0973
vn 0.8258 0.5620 0.0468
vn 0.8258 0.5620 0.0468
vn 0.8113 0.5765 0.0973
vn 0.8248 0.5539 0.1140
vn 0.8381 0.5389 0.0848
vn -0.0000 0.9211 -0.3894
vn 0.1573 0.9315 -0.3280
vn 0.1629 0.9267 -0.3385
vn 0.1629 0.9267 -0.3385
vn 0.1573 0.9315 -0.3280
vn 0.3016 0.9170 -0.2611
vn 0.3123 0.9074 -0.2813
vn 0.3123 0.9074 -0.2813
vn 0.3016 0.9170 -0.2611
vn 0.4276 0.8830 -0.1936
vn 0.4423 0.8689 -0.2222
vn 0.4423 0.8689 -0.2222
vn 0.4276 0.8830 -0.1936
vn 0.5325 0.8364 -0.1297
vn 0.5502 0.8185 -0.1654
vn 0.5502 0.8185 -0.1654
vn 0.5325 0.8364 -0.1297
vn 0.6171 0.7836 -0.0717
vn 0.6370 0.7625 -0.1132
vn 0.6370 0.7625 -0.1132
vn 0.6171 0.7836 -0.0717
vn 0.6842 0.7290 -0.0204
vn 0.7056 0.7055 -0.0666
vn 0.7056 0.7055 -0.0666
vn 0.6842 0.7290 -0.0204
vn 0.7370 0.6755 0.0244
vn 0.7594 0.6502 -0.0256
vn 0.7594 0.6502 -0.0256
vn 0.7370 0.6755 0.0244
vn 0.7785 0.6244 0.0634
vn 0.8016 0.5978 0.0103
vn 0.6525 0.7416 -0.1558
vn 0.6370 0.7625 -0.1132
vn 0.7056 0.7055 -0.0666
vn 0.7221 0.6823 -0.1139
vn 0.7221 0.6823 -0.1139
vn 0.7056 0.7055 -0.0666
vn 0.7594 0.6502 -0.0256
vn 0.7767 0.6252 -0.0766
vn 0.7767 0.6252 -0.0766
vn 0.7594 0.6502 -0.0256
vn 0.8016 0.5978 0.0103
vn 0.8194 0.5716 -0.0437
vn 0.8194 0.5716 -0.0437
vn 0.8016 0.5978 0.0103
vn 0.8258 0.5620 0.0468
vn 0.8373 0.5461 -0.0276
vn 0.0440 -0.8585 0.5109
vn 0.0637 -0.8226 0.5651
vn 0.0427 -0.8214 0.5688
vn 0.0296 -0.8576 0.5135
vn -0.0000 0.9211 -0.3894
vn 0.1629 0.9267 -0.3385
vn 0.1674 0.9219 -0.3495
vn 0.1674 0.9219 -0.3495
vn 0.1629 0.9267 -0.3385
vn 0.3123 0.9074 -0.2813
vn 0.3206 0.8977 -0.3022
vn 0.3206 0.8977 -0.3022
vn 0.3123 0.9074 -0.2813
vn 0.4423 0.8689 -0.2222
vn 0.4538 0.8548 -0.2518
vn -0.0000 -0.9211 0.3894
vn 0.0440 -0.8585 0.5109
vn 0.0296 -0.8576 0.5135
vn 0.4538 0.8548 -0.2518
vn 0.4423 0.8689 -0.2222
vn 0.5502 0.8185 -0.1654
vn 0.5641 0.8006 -0.2022
vn 0.5641 0.8006 -0.2022
vn 0.5502 0.8185 -0.1654
vn 0.6370 0.7625 -0.1132
vn 0.6525 0.7416 -0.1558
vn 0.3266 0.8880 -0.3236
vn 0.3206 0.8977 -0.3022
vn 0.4538 0.8548 -0.2518
vn 0.4621 0.8408 -0.2821
vn 0.4621 0.8408 -0.2821
vn 0.4538 0.8548 -0.2518
vn 0.5641 0.8006 -0.2022
vn 0.5740 0.7830 -0.2398
vn 0.5740 0.7830 -0.2398
vn 0.5641 0.8006 -0.2022
vn 0.6525 0.7416 -0.1558
vn 0.6635 0.7211 -0.1994
vn 0.6635 0.7211 -0.1994
vn 0.6525 0.7416 -0.1558
vn 0.7221 0.6823 -0.1139
vn 0.7339 0.6596 -0.1621
vn 0.7339 0.6596 -0.1621
vn 0.7221 0.6823 -0.1139
vn 0.7767 0.6252 -0.0766
vn 0.7889 0.6009 -0.1286
vn 0.7889 0.6009 -0.1286
vn 0.7767 0.6252 -0.0766
vn 0.8194 0.5716 -0.0437
vn 0.8320 0.5460 -0.0985
vn 0.0296 -0.8576 0.5135
vn 0.0427 -0.8214 0.5688
vn 0.0215 -0.8206 0.5710
vn 0.0149 -0.8570 0.5151
vn 0.8320 0.5460 -0.0985
vn 0.8194 0.5716 -0.0437
vn 0.8373 0.5461 -0.0276
vn 0.8501 0.5199 -0.0840
vn -0.0000 0.9211 -0.3894
vn 0.1674 0.9219 -0.3495
vn 0.1706 0.9169 -0.3607
vn 0.1706 0.9169 -0.3607
vn 0.1674 0.9219 -0.3495
vn 0.3206 0.8977 -0.3022
vn 0.3266 0.8880 -0.3236
vn -0.0000 -0.9211 0.3894
vn 0.0296 -0.8576 0.5135
vn 0.0149 -0.8570 0.5151
vn -0.0000 0.9211 -0.3894
vn 0.1706 0.9169 -0.3607
vn 0.1725 0.9120 -0.3721
vn 0.1725 0.9120 -0.3721
vn 0.1706 0.9169 -0.3607
vn 0.3266 0.8880 -0.3236
vn 0.3302 0.8784 -0.3454
vn 0.3302 0.8784 -0.3454
vn 0.3266 0.8880 -0.3236
vn 0.4621 0.8408 -0.2821
vn 0.4670 0.8271 -0.3128
vn 0.4670 0.8271 -0.3128
vn 0.4621 0.8408 -0.2821
vn 0.5740 0.7830 -0.2398
vn 0.5799 0.7658 -0.2780
vn 0.5799 0.7658 -0.2780
vn 0.5740 0.7830 -0.2398
vn 0.6635 0.7211 -0.1994
vn 0.6701 0.7012 -0.2436
vn 0.6701 0.7012 -0.2436
vn 0.6635 0.7211 -0.1994
vn 0.7339 0.6596 -0.1621
vn 0.7410 0.6375 -0.2111
vn 0.7410 0.6375 -0.2111
vn 0.7339 0.6596 -0.1621
vn 0.7889 0.6009 -0.1286
vn 0.7963 0.5772 -0.1812
vn 0.7963 0.5772 -0.1812
vn 0.7889 0.6009 -0.1286
vn 0.8320 0.5460 -0.0985
vn 0.8395 0.5210 -0.1541
vn 0.8395 0.5210 -0.1541
vn 0.8320 0.5460 -0.0985
vn 0.8501 0.5199 -0.0840
vn 0.8578 0.4943 -0.1410
vn -0.0000 0.9211 -0.3894
vn 0.1725 0.9120 -0.3721
vn 0.1731 0.9072 -0.3835
vn 0.1731 0.9072 -0.3835
vn 0.1725 0.9120 -0.3721
vn 0.3302 0.8784 -0.3454
vn 0.3314 0.8690 -0.3674
vn 0.3314 0.8690 -0.3674
vn 0.3302 0.8784 -0.3454
vn 0.4670 0.8271 -0.3128
vn 0.4687 0.8137 -0.3440
vn 0.4687 0.8137 -0.3440
vn 0.4670 0.8271 -0.3128
vn 0.5799 0.7658 -0.2780
vn 0.5819 0.7491 -0.3167
vn 0.5819 0.7491 -0.3167
vn 0.5799 0.7658 -0.2780
vn 0.6701 0.7012 -0.2436
vn 0.6723 0.6819 -0.2883
vn 0.6723 0.6819 -0.2883
vn 0.6701 0.7012 -0.2436
vn 0.7410 0.6375 -0.2111
vn 0.7433 0.6162 -0.2605
vn 0.7433 0.6162 -0.2605
vn 0.7410 0.6375 -0.2111
vn 0.7963 0.5772 -0.1812
vn 0.7987 0.5542 -0.2343
vn 0.7987 0.5542 -0.2343
vn 0.7963 0.5772 -0.1812
vn 0.8395 0.5210 -0.1541
vn 0.8420 0.4969 -0.2101
vn 0.8420 0.4969 -0.2101
vn 0.8395 0.5210 -0.1541
vn 0.8578 0.4943 -0.1410
vn 0.8604 0.4694 -0.1985
vn 0.7410 0.5956 -0.3103
vn 0.7433 0.6162 -0.2605
vn 0.7987 0.5542 -0.2343
vn 0.7963 0.5321 -0.2878
vn 0.7963 0.5321 -0.2878
vn 0.7987 0.5542 -0.2343
vn 0.8420 0.4969 -0.2101
vn 0.8395 0.4735 -0.2664
vn 0.8395 0.4735 -0.2664
vn 0.8420 0.4969 -0.2101
vn 0.8604 0.4694 -0.1985
vn 0.8578 0.4455 -0.2563
vn -0.0000 0.9211 -0.3894
vn 0.1731 0.9072 -0.3835
vn 0.1725 0.9023 -0.3950
vn 0.1725 0.9023 -0.3950
vn 0.1731 0.9072 -0.3835
vn 0.3314 0.8690 -0.3674
vn 0.3302 0.8598 -0.3895
vn 0.3302 0.8598 -0.3895
vn 0.3314 0.8690 -0.3674
vn 0.4687 0.8137 -0.3440
vn 0.4670 0.8006 -0.3753
vn 0.4670 0.8006 -0.3753
vn 0.4687 0.8137 -0.3440
vn 0.5819 0.7491 -0.3167
vn 0.5799 0.7330 -0.3557
vn 0.5799 0.7330 -0.3557
vn 0.5819 0.7491 -0.3167
vn 0.6723 0.6819 -0.2883
vn 0.6701 0.6632 -0.3333
vn 0.6701 0.6632 -0.3333
vn 0.6723 0.6819 -0.2883
vn 0.7433 0.6162 -0.2605
vn 0.7410 0.5956 -0.3103
vn 0.4621 0.7881 -0.4067
vn 0.4670 0.8006 -0.3753
vn 0.5799 0.7330 -0.3557
vn 0.5740 0.7175 -0.3946
vn 0.5740 0.7175 -0.3946
vn 0.5799 0.7330 -0.3557
vn 0.6701 0.6632 -0.3333
vn 0.6635 0.6454 -0.3784
vn 0.6635 0.6454 -0.3784
vn 0.6701 0.6632 -0.3333
vn 0.7410 0.5956 -0.3103
vn 0.7339 0.5759 -0.3602
vn 0.7339 0.5759 -0.3602
vn 0.7410 0.5956 -0.3103
vn 0.7963 0.5321 -0.2878
vn 0.7826 0.5245 -0.3354
vn 0.7826 0.5245 -0.3354
vn 0.7963 0.5321 -0.2878
vn 0.8395 0.4735 -0.2664
vn 0.8370 0.4613 -0.2943
vn 0.8370 0.4613 -0.2943
vn 0.8395 0.4735 -0.2664
vn 0.8578 0.4455 -0.2563
vn 0.8549 0.4337 -0.2848
vn -0.0000 0.9211 -0.3894
vn 0.1725 0.9023 -0.3950
vn 0.1705 0.8976 -0.4065
vn 0.1705 0.8976 -0.4065
vn 0.1725 0.9023 -0.3950
vn 0.3302 0.8598 -0.3895
vn 0.3266 0.8508 -0.4116
vn 0.3266 0.8508 -0.4116
vn 0.3302 0.8598 -0.3895
vn 0.4670 0.8006 -0.3753
vn 0.4621 0.7881 -0.4067
vn -0.0000 0.9211 -0.3894
vn 0.1705 0.8976 -0.4065
vn 0.1674 0.8930 -0.4178
vn 0.1674 0.8930 -0.4178
vn 0.1705 0.8976 -0.4065
vn 0.3266 0.8508 -0.4116
vn 0.3206 0.8422 -0.4334
vn 0.3206 0.8422 -0.4334
vn 0.3266 0.8508 -0.4116
vn 0.4621 0.7881 -0.4067
vn 0.4538 0.7762 -0.4378
vn 0.4538 0.7762 -0.4378
vn 0.4621 0.7881 -0.4067
vn 0.5740 0.7175 -0.3946
vn 0.5641 0.7028 -0.4335
vn 0.5641 0.7028 -0.4335
vn 0.5740 0.7175 -0.3946
vn 0.6635 0.6454 -0.3784
vn 0.6421 0.6429 -0.4176
vn 0.6421 0.6429 -0.4176
vn 0.6635 0.6454 -0.3784
vn 0.7339 0.5759 -0.3602
vn 0.7301 0.5647 -0.3847
vn 0.7301 0.5647 -0.3847
vn 0.7339 0.5759 -0.3602
vn 0.7826 0.5245 -0.3354
vn 0.7586 0.5318 -0.3765
vn -0.0000 0.9211 -0.3894
vn 0.1674 0.8930 -0.4178
vn 0.1629 0.8885 -0.4289
vn 0.1629 0.8885 -0.4289
vn 0.1674 0.8930 -0.4178
vn 0.3206 0.8422 -0.4334
vn 0.3123 0.8340 -0.4549
vn 0.3123 0.8340 -0.4549
vn 0.3206 0.8422 -0.4334
vn 0.4538 0.7762 -0.4378
vn 0.4423 0.7648 -0.4685
vn 0.4423 0.7648 -0.4685
vn 0.4538 0.7762 -0.4378
vn 0.5641 0.7028 -0.4335
vn 0.5378 0.7031 -0.4653
vn 0.5378 0.7031 -0.4653
vn 0.5641 0.7028 -0.4335
vn 0.6421 0.6429 -0.4176
vn 0.6051 0.6569 -0.4498
vn -0.0000 0.9211 -0.3894
vn 0.1629 0.8885 -0.4289
vn 0.1574 0.8843 -0.4397
vn 0.1574 0.8843 -0.4397
vn 0.1629 0.8885 -0.4289
vn 0.3123 0.8340 -0.4549
vn 0.3016 0.8262 -0.4759
vn 0.3016 0.8262 -0.4759
vn 0.3123 0.8340 -0.4549
vn 0.4423 0.7648 -0.4685
vn 0.4128 0.7674 -0.4907
vn 0.4128 0.7674 -0.4907
vn 0.4423 0.7648 -0.4685
vn 0.5378 0.7031 -0.4653
vn 0.4922 0.7205 -0.4885
vn -0.0000 0.9211 -0.3894
vn 0.1574 0.8843 -0.4397
vn 0.1505 0.8802 -0.4500
vn 0.1505 0.8802 -0.4500
vn 0.1574 0.8843 -0.4397
vn 0.3016 0.8262 -0.4759
vn 0.2887 0.8188 -0.4962
vn 0.2887 0.8188 -0.4962
vn 0.3016 0.8262 -0.4759
vn 0.4128 0.7674 -0.4907
vn 0.3508 0.7821 -0.5151
vn -0.0000 0.9211 -0.3894
vn 0.1505 0.8802 -0.4500
vn 0.1425 0.8764 -0.4601
vn 0.0149 -0.8570 0.5151
vn 0.0215 -0.8206 0.5710
vn -0.0000 -0.8204 0.5718
vn -0.0000 -0.8568 0.5156
vn 0.1425 0.8764 -0.4601
vn 0.1505 0.8802 -0.4500
vn 0.2887 0.8188 -0.4962
vn 0.2735 0.8119 -0.5157
vn 0.2735 0.8119 -0.5157
vn 0.2887 0.8188 -0.4962
vn 0.3508 0.7821 -0.5151
vn 0.3322 0.7740 -0.5391
vn -0.0000 0.9211 -0.3894
vn 0.1425 0.8764 -0.4601
vn 0.1335 0.8728 -0.4695
vn -0.0000 -0.9211 0.3894
vn 0.0149 -0.8570 0.5151
vn -0.0000 -0.8568 0.5156
vn 0.1335 0.8728 -0.4695
vn 0.1425 0.8764 -0.4601
vn 0.2735 0.8119 -0.5157
vn 0.2426 0.8174 -0.5225
vn 0.2426 0.8174 -0.5225
vn 0.2735 0.8119 -0.5157
vn 0.3322 0.7740 -0.5391
vn 0.3234 0.7704 -0.5495
vn -0.0000 0.9211 -0.3894
vn 0.1335 0.8728 -0.4695
vn 0.1234 0.8695 -0.4783
vn 0.1234 0.8695 -0.4783
vn 0.1335 0.8728 -0.4695
vn 0.2426 0.8174 -0.5225
vn 0.1797 0.8366 -0.5175
vn -0.0000 0.9211 -0.3894
vn 0.1234 0.8695 -0.4783
vn 0.1123 0.8664 -0.4865
vn 0.1123 0.8664 -0.4865
vn 0.1234 0.8695 -0.4783
vn 0.1797 0.8366 -0.5175
vn 0.1634 0.8325 -0.5294
vn 0.1004 0.8637 -0.4938
vn 0.1123 0.8664 -0.4865
vn 0.1634 0.8325 -0.5294
vn 0.1458 0.8288 -0.5402
vn -0.0000 0.9211 -0.3894
vn 0.1123 0.8664 -0.4865
vn 0.1004 0.8637 -0.4938
vn -0.0000 0.9211 -0.3894
vn 0.1004 0.8637 -0.4938
vn 0.0877 0.8614 -0.5004
vn 0.0877 0.8614 -0.5004
vn 0.1004 0.8637 -0.4938
vn 0.1458 0.8288 -0.5402
vn 0.1271 0.8256 -0.5497
vn -0.0000 0.9211 -0.3894
vn 0.0877 0.8614 -0.5004
vn 0.0741 0.8593 -0.5061
vn 0.0741 0.8593 -0.5061
vn 0.0877 0.8614 -0.5004
vn 0.1271 0.8256 -0.5497
vn 0.1074 0.8229 -0.5579
vn -0.0000 0.9211 -0.3894
vn 0.0741 0.8593 -0.5061
vn 0.0601 0.8576 -0.5108
vn 0.0601 0.8576 -0.5108
vn 0.0741 0.8593 -0.5061
vn 0.1074 0.8229 -0.5579
vn 0.0870 0.8207 -0.5647
vn 0.0455 0.8563 -0.5145
vn 0.0601 0.8576 -0.5108
vn 0.0870 0.8207 -0.5647
vn 0.0658 0.8190 -0.5700
vn -0.0000 0.9211 -0.3894
vn 0.0601 0.8576 -0.5108
vn 0.0455 0.8563 -0.5145
vn -0.0000 0.9211 -0.3894
vn 0.0455 0.8563 -0.5145
vn 0.0306 0.8553 -0.5172
vn 0.0306 0.8553 -0.5172
vn 0.0455 0.8563 -0.5145
vn 0.0658 0.8190 -0.5700
vn 0.0441 0.8177 -0.5739
vn -0.0000 0.9211 -0.3894
vn 0.0306 0.8553 -0.5172
vn 0.0154 0.8548 -0.5188
vn 0.0154 0.8548 -0.5188
vn 0.0306 0.8553 -0.5172
vn 0.0441 0.8177 -0.5739
vn 0.0222 0.8170 -0.5762
vn 0.0000 0.8546 -0.5193
vn 0.0154 0.8548 -0.5188
vn 0.0222 0.8170 -0.5762
vn 0.0000 0.8168 -0.5770
vn -0.0000 0.9211 -0.3894
vn 0.0154 0.8548 -0.5188
vn 0.0000 0.8546 -0.5193
f 1/1/1 1256/2/2 3/3/3
f 1256/4/4 1255/5/5 2/6/6 3/7/7
f 3/8/8 2/9/9 4/10/10 5/11/11
f 1/12/12 3/13/13 5/14/14
f 5/15/15 4/16/16 6/17/17 7/18/18
f 1/19/19 5/20/20 7/21/21
f 1/22/22 7/23/23 9/24/24
f 7/25/25 6/26/26 8/27/27 9/28/28
f 9/29/29 8/30/30 10/31/31 11/32/32
f 1/33/33 9/34/34 11/35/35
f 11/36/36 10/37/37 12/38/38 13/39/39
f 1/40/40 11/41/41 13/42/42
f 13/43/43 12/44/44 14/45/45 15/46/46
f 1/47/47 13/48/48 15/49/49
f 1/50/50 15/51/51 17/52/52
f 15/53/53 14/54/54 16/55/55 17/56/56
f 17/57/57 16/58/58 18/59/59 19/60/60
f 1/61/61 17/62/62 19/63/63
f 19/64/64 18/65/65 21/66/66 22/67/67
f 1/68/68 19/69/69 22/70/70
f 21/71/71 20/72/72 23/73/73 24/74/74
f 22/75/75 21/76/76 24/77/77 25/78/78
f 1/79/79 22/80/80 25/81/81
f 24/82/82 23/83/83 26/84/84 27/85/85
f 25/86/86 24/87/87 27/88/88 28/89/89
f 1/90/90 25/91/91 28/92/92
f 27/93/93 26/94/94 30/95/95 31/96/96
f 28/97/97 27/98/98 31/99/99 32/100/100
f 1/101/101 28/102/102 32/103/103
f 30/104/104 29/105/105 34/106/106 35/107/107
f 31/108/108 30/109/109 35/110/110 36/111/111
f 32/112/112 31/113/113 36/114/114 37/115/115
f 1/116/116 32/117/117 37/118/118
f 34/119/119 33/120/120 40/121/121 41/122/122
f 35/123/123 34/124/124 41/125/125 42/126/126
f 36/127/127 35/128/128 42/129/129 43/130/130
f 37/131/131 36/132/132 43/133/133 44/134/134
f 1/135/135 37/136/136 44/137/137
f 39/138/138 38/139/139 47/140/140 48/141/141
f 40/142/142 39/143/143 48/144/144 49/145/145
f 41/146/146 40/147/147 49/148/148 50/149/149
f 42/150/150 41/151/151 50/152/152 51/153/153
f 43/154/154 42/155/155 51/156/156 52/157/157
f 44/158/158 43/159/159 52/160/160 53/161/161
f 1/162/162 44/163/163 53/164/164
f 52/165/165 51/166/166 60/167/167 61/168/168
f 53/169/169 52/170/170 61/171/171 62/172/172
f 1/173/173 53/174/174 62/175/175
f 46/176/176 45/177/177 54/178/178 55/179/179
f 47/180/180 46/181/181 55/182/182 56/183/183
f 48/184/184 47/185/185 56/186/186 57/187/187
f 49/188/188 48/189/189 57/190/190 58/191/191
f 50/192/192 49/193/193 58/194/194 59/195/195
f 51/196/196 50/197/197 59/198/198 60/199/199
f 58/200/200 57/201/201 66/202/202 67/203/203
f 59/204/204 58/205/205 67/206/206 68/207/207
f 60/208/208 59/209/209 68/210/210 69/211/211
f 61/212/212 60/213/213 69/214/214 70/215/215
f 62/216/216 61/217/217 70/218/218 71/219/219
f 1/220/220 62/221/221 71/222/222
f 55/223/223 54/224/224 63/225/225 64/226/226
f 56/227/227 55/228/228 64/229/229 65/230/230
f 57/231/231 56/232/232 65/233/233 66/234/234
f 64/235/235 63/236/236 72/237/237 73/238/238
f 65/239/239 64/240/240 73/241/241 74/242/242
f 66/243/243 65/244/244 74/245/245 75/246/246
f 67/247/247 66/248/248 75/249/249 76/250/250
f 68/251/251 67/252/252 76/253/253 77/254/254
f 69/255/255 68/256/256 77/257/257 78/258/258
f 70/259/259 69/260/260 78/261/261 79/262/262
f 71/263/263 70/264/264 79/265/265 80/266/266
f 1/267/267 71/268/268 80/269/269
f 73/270/270 72/271/271 81/272/272 82/273/273
f 74/274/274 73/275/275 82/276/276 83/277/277
f 75/278/278 74/279/279 83/280/280 84/281/281
f 76/282/282 75/283/283 84/284/284 85/285/285
f 77/286/286 76/287/287 85/288/288 86/289/289
f 78/290/290 77/291/291 86/292/292 87/293/293
f 79/294/294 78/295/295 87/296/296 88/297/297
f 80/298/298 79/299/299 88/300/300 89/301/301
f 1/302/302 80/303/303 89/304/304
f 89/305/305 88/306/306 97/307/307 98/308/308
f 1/309/309 89/310/310 98/311/311
f 82/312/312 81/313/313 90/314/314 91/315/315
f 83/316/316 82/317/317 91/318/318 92/319/319
f 84/320/320 83/321/321 92/322/322 93/323/323
f 85/324/324 84/325/325 93/326/326 94/327/327
f 86/328/328 85/329/329 94/330/330 95/331/331
f 87/332/332 86/333/333 95/334/334 96/335/335
f 88/336/336 87/337/337 96/338/338 97/339/339
f 95/340/340 94/341/341 104/342/342 105/343/343
f 96/344/344 95/345/345 105/346/346 106/347/347
f 97/348/348 96/349/349 106/350/350 107/351/351
f 98/352/352 97/353/353 107/354/354 108/355/355
f 1/356/356 98/357/357 108/358/358
f 91/359/359 90/360/360 100/361/361 101/362/362
f 92/363/363 91/364/364 101/365/365 102/366/366
f 93/367/367 92/368/368 102/369/369 103/370/370
f 94/371/371 93/372/372 103/373/373 104/374/374
f 102/375/375 101/376/376 111/377/377 112/378/378
f 103/379/379 102/380/380 112/381/381 113/382/382
f 104/383/383 103/384/384 113/385/385 114/386/386
f 105/387/387 104/388/388 114/389/389 115/390/390
f 106/391/391 105/392/392 115/393/393 116/394/394
f 107/395/395 106/396/396 116/397/397 117/398/398
f 108/399/399 107/400/400 117/401/401 118/402/402
f 1/403/403 108/404/404 118/405/405
f 100/406/406 99/407/407 109/408/408 110/409/409
f 101/410/410 100/411/411 110/412/412 111/413/413
f 110/414/414 109/415/415 120/416/416 121/417/417
f 111/418/418 110/419/419 121/420/420 122/421/421
f 112/422/422 111/423/423 122/424/424 123/425/425
f 113/426/426 112/427/427 123/428/428 124/429/429
f 114/430/430 113/431/431 124/432/432 125/433/433
f 115/434/434 114/435/435 125/436/436 126/437/437
f 116/438/438 115/439/439 126/440/440 127/441/441
f 117/442/442 116/443/443 127/444/444 128/445/445
f 118/446/446 117/447/447 128/448/448 129/449/449
f 1/450/450 118/451/451 129/452/452
f 1/453/453 129/454/454 141/455/455
f 120/456/456 119/457/457 131/458/458 132/459/459
f 121/460/460 120/461/461 132/462/462 133/463/463
f 122/464/464 121/465/465 133/466/466 134/467/467
f 123/468/468 122/469/469 134/470/470 135/471/471
f 124/472/472 123/473/473 135/474/474 136/475/475
f 125/476/476 124/477/477 136/478/478 137/479/479
f 126/480/480 125/481/481 137/482/482 138/483/483
f 127/484/484 126/485/485 138/486/486 139/487/487
f 128/488/488 127/489/489 139/490/490 140/491/491
f 129/492/492 128/493/493 140/494/494 141/495/495
f 139/496/496 138/497/497 151/498/498 152/499/499
f 140/500/500 139/501/501 152/502/502 153/503/503
f 141/504/504 140/505/505 153/506/506 154/507/507
f 1/508/508 141/509/509 154/510/510
f 131/511/511 130/512/512 143/513/513 144/514/514
f 132/515/515 131/516/516 144/517/517 145/518/518
f 133/519/519 132/520/520 145/521/521 146/522/522
f 134/523/523 133/524/524 146/525/525 147/526/526
f 135/527/527 134/528/528 147/529/529 148/530/530
f 136/531/531 135/532/532 148/533/533 149/534/534
f 137/535/535 136/536/536 149/537/537 150/538/538
f 138/539/539 137/540/540 150/541/541 151/542/542
f 148/543/543 147/544/544 162/545/545 163/546/546
f 149/547/547 148/548/548 163/549/549 164/550/550
f 150/551/551 149/552/552 164/553/553 165/554/554
f 151/555/555 150/556/556 165/557/557 166/558/558
f 152/559/559 151/560/560 166/561/561 167/562/562
f 153/563/563 152/564/564 167/565/565 168/566/566
f 154/567/567 153/568/568 168/569/569 169/570/570
f 1/571/571 154/572/572 169/573/573
f 143/574/574 142/575/575 157/576/576 158/577/577
f 144/578/578 143/579/579 158/580/580 159/581/581
f 145/582/582 144/583/583 159/584/584 160/585/585
f 146/586/586 145/587/587 160/588/588 161/589/589
f 147/590/590 146/591/591 161/592/592 162/593/593
f 160/594/594 159/595/595 176/596/596 177/597/597
f 161/598/598 160/599/599 177/600/600 178/601/601
f 162/602/602 161/603/603 178/604/604 179/605/605
f 163/606/606 162/607/607 179/608/608 180/609/609
f 164/610/610 163/611/611 180/612/612 181/613/613
f 165/614/614 164/615/615 181/616/616 182/617/617
f 166/618/618 165/619/619 182/620/620 183/621/621
f 167/622/622 166/623/623 183/624/624 184/625/625
f 168/626/626 167/627/627 184/628/628 185/629/629
f 169/630/630 168/631/631 185/632/632 186/633/633
f 156/634/634 155/635/635 172/636/636 173/637/637
f 1/638/638 169/639/639 186/640/640
f 157/641/641 156/642/642 173/643/643 174/644/644
f 158/645/645 157/646/646 174/647/647 175/648/648
f 159/649/649 158/650/650 175/651/651 176/652/652
f 1/653/653 186/654/654 203/655/655
f 174/656/656 173/657/657 190/658/658 191/659/659
f 175/660/660 174/661/661 191/662/662 192/663/663
f 176/664/664 175/665/665 192/666/666 193/667/667
f 177/668/668 176/669/669 193/670/670 194/671/671
f 178/672/672 177/673/673 194/674/674 195/675/675
f 179/676/676 178/677/677 195/678/678 196/679/679
f 180/680/680 179/681/681 196/682/682 197/683/683
f 181/684/684 180/685/685 197/686/686 198/687/687
f 182/688/688 181/689/689 198/690/690 199/691/691
f 183/692/692 182/693/693 199/694/694 200/695/695
f 184/696/696 183/697/697 200/698/698 201/699/699
f 171/700/700 170/701/701 187/702/702 188/703/703
f 185/704/704 184/705/705 201/706/706 202/707/707
f 172/708/708 171/709/709 188/710/710 189/711/711
f 186/712/712 185/713/713 202/714/714 203/715/715
f 173/716/716 172/717/717 189/718/718 190/719/719
f 201/720/720 200/721/721 217/722/722 218/723/723
f 188/724/724 187/725/725 204/726/726 205/727/727
f 202/728/728 201/729/729 218/730/730 219/731/731
f 189/732/732 188/733/733 205/734/734 206/735/735
f 203/736/736 202/737/737 219/738/738 220/739/739
f 190/740/740 189/741/741 206/742/742 207/743/743
f 1/744/744 203/745/745 220/746/746
f 191/747/747 190/748/748 207/749/749 208/750/750
f 192/751/751 191/752/752 208/753/753 209/754/754
f 193/755/755 192/756/756 209/757/757 210/758/758
f 194/759/759 193/760/760 210/761/761 211/762/762
f 195/763/763 194/764/764 211/765/765 212/766/766
f 196/767/767 195/768/768 212/769/769 213/770/770
f 197/771/771 196/772/772 213/773/773 214/774/774
f 198/775/775 197/776/776 214/777/777 215/778/778
f 199/779/779 198/780/780 215/781/781 216/782/782
f 200/783/783 199/784/784 216/785/785 217/786/786
f 215/787/787 214/788/788 231/789/789 232/790/790
f 216/791/791 215/792/792 232/793/793 233/794/794
f 217/795/795 216/796/796 233/797/797 234/798/798
f 218/799/799 217/800/800 234/801/801 235/802/802
f 205/803/803 204/804/804 221/805/805 222/806/806
f 219/807/807 218/808/808 235/809/809 236/810/810
f 206/811/811 205/812/812 222/813/813 223/814/814
f 220/815/815 219/816/816 236/817/817 237/818/818
f 207/819/819 206/820/820 223/821/821 224/822/822
f 1/823/823 220/824/824 237/825/825
f 208/826/826 207/827/827 224/828/828 225/829/829
f 209/830/830 208/831/831 225/832/832 226/833/833
f 210/834/834 209/835/835 226/836/836 227/837/837
f 211/838/838 210/839/839 227/840/840 228/841/841
f 212/842/842 211/843/843 228/844/844 229/845/845
f 213/846/846 212/847/847 229/848/848 230/849/849
f 214/850/850 213/851/851 230/852/852 231/853/853
f 229/854/854 228/855/855 245/856/856 246/857/857
f 230/858/858 229/859/859 246/860/860 247/861/861
f 231/862/862 230/863/863 247/864/864 248/865/865
f 232/866/866 231/867/867 248/868/868 249/869/869
f 233/870/870 232/871/871 249/872/872 250/873/873
f 234/874/874 233/875/875 250/876/876 251/877/877
f 235/878/878 234/879/879 251/880/880 252/881/881
f 222/882/882 221/883/883 238/884/884 239/885/885
f 236/886/886 235/887/887 252/888/888 253/889/889
f 223/890/890 222/891/891 239/892/892 240/893/893
f 237/894/894 236/895/895 253/896/896 254/897/897
f 224/898/898 223/899/899 240/900/900 241/901/901
f 1/902/902 237/903/903 254/904/904
f 225/905/905 224/906/906 241/907/907 242/908/908
f 226/909/909 225/910/910 242/911/911 243/912/912
f 227/913/913 226/914/914 243/915/915 244/916/916
f 228/917/917 227/918/918 244/919/919 245/920/920
f 243/921/921 242/922/922 259/923/923 260/924/924
f 244/925/925 243/926/926 260/927/927 261/928/928
f 245/929/929 244/930/930 261/931/931 262/932/932
f 246/933/933 245/934/934 262/935/935 263/936/936
f 247/937/937 246/938/938 263/939/939 264/940/940
f 248/941/941 247/942/942 264/943/943 265/944/944
f 249/945/945 248/946/946 265/947/947 266/948/948
f 250/949/949 249/950/950 266/951/951 267/952/952
f 251/953/953 250/954/954 267/955/955 268/956/956
f 252/957/957 251/958/958 268/959/959 269/960/960
f 239/961/961 238/962/962 255/963/963 256/964/964
f 253/965/965 252/966/966 269/967/967 270/968/968
f 240/969/969 239/970/970 256/971/971 257/972/972
f 254/973/973 253/974/974 270/975/975 271/976/976
f 241/977/977 240/978/978 257/979/979 258/980/980
f 1/981/981 254/982/982 271/983/983
f 242/984/984 241/985/985 258/986/986 259/987/987
f 256/988/988 255/989/989 272/990/990 273/991/991
f 270/992/992 269/993/993 286/994/994 287/995/995
f 257/996/996 256/997/997 273/998/998 274/999/999
f 271/1000/1000 270/1001/1001 287/1002/1002 288/1003/1003
f 258/1004/1004 257/1005/1005 274/1006/1006 275/1007/1007
f 1/1008/1008 271/1009/1009 288/1010/1010
f 259/1011/1011 258/1012/1012 275/1013/1013 276/1014/1014
f 260/1015/1015 259/1016/1016 276/1017/1017 277/1018/1018
f 261/1019/1019 260/1020/1020 277/1021/1021 278/1022/1022
f 262/1023/1023 261/1024/1024 278/1025/1025 279/1026/1026
f 263/1027/1027 262/1028/1028 279/1029/1029 280/1030/1030
f 264/1031/1031 263/1032/1032 280/1033/1033 281/1034/1034
f 265/1035/1035 264/1036/1036 281/1037/1037 282/1038/1038
f 266/1039/1039 265/1040/1040 282/1041/1041 283/1042/1042
f 267/1043/1043 266/1044/1044 283/1045/1045 284/1046/1046
f 268/1047/1047 267/1048/1048 284/1049/1049 285/1050/1050
f 269/1051/1051 268/1052/1052 285/1053/1053 286/1054/1054
f 284/1055/1055 283/1056/1056 300/1057/1057 301/1058/1058
f 285/1059/1059 284/1060/1060 301/1061/1061 302/1062/1062
f 286/1063/1063 285/1064/1064 302/1065/1065 303/1066/1066
f 273/1067/1067 272/1068/1068 289/1069/1069 290/1070/1070
f 287/1071/1071 286/1072/1072 303/1073/1073 304/1074/1074
f 274/1075/1075 273/1076/1076 290/1077/1077 291/1078/1078
f 288/1079/1079 287/1080/1080 304/1081/1081 305/1082/1082
f 275/1083/1083 274/1084/1084 291/1085/1085 292/1086/1086
f 1/1087/1087 288/1088/1088 305/1089/1089
f 276/1090/1090 275/1091/1091 292/1092/1092 293/1093/1093
f 277/1094/1094 276/1095/1095 293/1096/1096 294/1097/1097
f 278/1098/1098 277/1099/1099 294/1100/1100 295/1101/1101
f 279/1102/1102 278/1103/1103 295/1104/1104 296/1105/1105
f 280/1106/1106 279/1107/1107 296/1108/1108 297/1109/1109
f 281/1110/1110 280/1111/1111 297/1112/1112 298/1113/1113
f 282/1114/1114 281/1115/1115 298/1116/1116 299/1117/1117
f 283/1118/1118 282/1119/1119 299/1120/1120 300/1121/1121
f 298/1122/1122 297/1123/1123 314/1124/1124 315/1125/1125
f 299/1126/1126 298/1127/1127 315/1128/1128 316/1129/1129
f 300/1130/1130 299/1131/1131 316/1132/1132 317/1133/1133
f 301/1134/1134 300/1135/1135 317/1136/1136 318/1137/1137
f 302/1138/1138 301/1139/1139 318/1140/1140 319/1141/1141
f 303/1142/1142 302/1143/1143 319/1144/1144 320/1145/1145
f 290/1146/1146 289/1147/1147 306/1148/1148 307/1149/1149
f 304/1150/1150 303/1151/1151 320/1152/1152 321/1153/1153
f 291/1154/1154 290/1155/1155 307/1156/1156 308/1157/1157
f 305/1158/1158 304/1159/1159 321/1160/1160 322/1161/1161
f 292/1162/1162 291/1163/1163 308/1164/1164 309/1165/1165
f 1/1166/1166 305/1167/1167 322/1168/1168
f 293/1169/1169 292/1170/1170 309/1171/1171 310/1172/1172
f 294/1173/1173 293/1174/1174 310/1175/1175 311/1176/1176
f 295/1177/1177 294/1178/1178 311/1179/1179 312/1180/1180
f 296/1181/1181 295/1182/1182 312/1183/1183 313/1184/1184
f 297/1185/1185 296/1186/1186 313/1187/1187 314/1188/1188
f 312/1189/1189 311/1190/1190 328/1191/1191 329/1192/1192
f 313/1193/1193 312/1194/1194 329/1195/1195 330/1196/1196
f 314/1197/1197 313/1198/1198 330/1199/1199 331/1200/1200
f 315/1201/1201 314/1202/1202 331/1203/1203 332/1204/1204
f 316/1205/1205 315/1206/1206 332/1207/1207 333/1208/1208
f 317/1209/1209 316/1210/1210 333/1211/1211 334/1212/1212
f 318/1213/1213 317/1214/1214 334/1215/1215 335/1216/1216
f 319/1217/1217 318/1218/1218 335/1219/1219 336/1220/1220
f 320/1221/1221 319/1222/1222 336/1223/1223 337/1224/1224
f 307/1225/1225 306/1226/1226 323/1227/1227 324/1228/1228
f 321/1229/1229 320/1230/1230 337/1231/1231 338/1232/1232
f 308/1233/1233 307/1234/1234 324/1235/1235 325/1236/1236
f 322/1237/1237 321/1238/1238 338/1239/1239 339/1240/1240
f 309/1241/1241 308/1242/1242 325/1243/1243 326/1244/1244
f 1/1245/1245 322/1246/1246 339/1247/1247
f 310/1248/1248 309/1249/1249 326/1250/1250 327/1251/1251
f 311/1252/1252 310/1253/1253 327/1254/1254 328/1255/1255
f 339/1256/1256 338/1257/1257 355/1258/1258 356/1259/1259
f 326/1260/1260 325/1261/1261 342/1262/1262 343/1263/1263
f 1/1264/1264 339/1265/1265 356/1266/1266
f 327/1267/1267 326/1268/1268 343/1269/1269 344/1270/1270
f 328/1271/1271 327/1272/1272 344/1273/1273 345/1274/1274
f 329/1275/1275 328/1276/1276 345/1277/1277 346/1278/1278
f 330/1279/1279 329/1280/1280 346/1281/1281 347/1282/1282
f 331/1283/1283 330/1284/1284 347/1285/1285 348/1286/1286
f 332/1287/1287 331/1288/1288 348/1289/1289 349/1290/1290
f 333/1291/1291 332/1292/1292 349/1293/1293 350/1294/1294
f 334/1295/1295 333/1296/1296 350/1297/1297 351/1298/1298
f 335/1299/1299 334/1300/1300 351/1301/1301 352/1302/1302
f 336/1303/1303 335/1304/1304 352/1305/1305 353/1306/1306
f 337/1307/1307 336/1308/1308 353/1309/1309 354/1310/1310
f 324/1311/1311 323/1312/1312 340/1313/1313 341/1314/1314
f 338/1315/1315 337/1316/1316 354/1317/1317 355/1318/1318
f 325/1319/1319 324/1320/1320 341/1321/1321 342/1322/1322
f 353/1323/1323 352/1324/1324 369/1325/1325 370/1326/1326
f 354/1327/1327 353/1328/1328 370/1329/1329 371/1330/1330
f 341/1331/1331 340/1332/1332 357/1333/1333 358/1334/1334
f 355/1335/1335 354/1336/1336 371/1337/1337 372/1338/1338
f 342/1339/1339 341/1340/1340 358/1341/1341 359/1342/1342
f 356/1343/1343 355/1344/1344 372/1345/1345 373/1346/1346
f 343/1347/1347 342/1348/1348 359/1349/1349 360/1350/1350
f 1/1351/1351 356/1352/1352 373/1353/1353
f 344/1354/1354 343/1355/1355 360/1356/1356 361/1357/1357
f 345/1358/1358 344/1359/1359 361/1360/1360 362/1361/1361
f 346/1362/1362 345/1363/1363 362/1364/1364 363/1365/1365
f 347/1366/1366 346/1367/1367 363/1368/1368 364/1369/1369
f 348/1370/1370 347/1371/1371 364/1372/1372 365/1373/1373
f 349/1374/1374 348/1375/1375 365/1376/1376 366/1377/1377
f 350/1378/1378 349/1379/1379 366/1380/1380 367/1381/1381
f 351/1382/1382 350/1383/1383 367/1384/1384 368/1385/1385
f 352/1386/1386 351/1387/1387 368/1388/1388 369/1389/1389
f 367/1390/1390 366/1391/1391 383/1392/1392 384/1393/1393
f 368/1394/1394 367/1395/1395 384/1396/1396 385/1397/1397
f 369/1398/1398 368/1399/1399 385/1400/1400 386/1401/1401
f 370/1402/1402 369/1403/1403 386/1404/1404 387/1405/1405
f 371/1406/1406 370/1407/1407 387/1408/1408 388/1409/1409
f 358/1410/1410 357/1411/1411 374/1412/1412 375/1413/1413
f 372/1414/1414 371/1415/1415 388/1416/1416 389/1417/1417
f 359/1418/1418 358/1419/1419 375/1420/1420 376/1421/1421
f 373/1422/1422 372/1423/1423 389/1424/1424 390/1425/1425
f 360/1426/1426 359/1427/1427 376/1428/1428 377/1429/1429
f 1/1430/1430 373/1431/1431 390/1432/1432
f 361/1433/1433 360/1434/1434 377/1435/1435 378/1436/1436
f 362/1437/1437 361/1438/1438 378/1439/1439 379/1440/1440
f 363/1441/1441 362/1442/1442 379/1443/1443 380/1444/1444
f 364/1445/1445 363/1446/1446 380/1447/1447 381/1448/1448
f 365/1449/1449 364/1450/1450 381/1451/1451 382/1452/1452
f 366/1453/1453 365/1454/1454 382/1455/1455 383/1456/1456
f 381/1457/1457 380/1458/1458 397/1459/1459 398/1460/1460
f 382/1461/1461 381/1462/1462 398/1463/1463 399/1464/1464
f 383/1465/1465 382/1466/1466 399/1467/1467 400/1468/1468
f 384/1469/1469 383/1470/1470 400/1471/1471 401/1472/1472
f 385/1473/1473 384/1474/1474 401/1475/1475 402/1476/1476
f 386/1477/1477 385/1478/1478 402/1479/1479 403/1480/1480
f 387/1481/1481 386/1482/1482 403/1483/1483 404/1484/1484
f 388/1485/1485 387/1486/1486 404/1487/1487 405/1488/1488
f 375/1489/1489 374/1490/1490 391/1491/1491 392/1492/1492
f 389/1493/1493 388/1494/1494 405/1495/1495 406/1496/1496
f 376/1497/1497 375/1498/1498 392/1499/1499 393/1500/1500
f 390/1501/1501 389/1502/1502 406/1503/1503 407/1504/1504
f 377/1505/1505 376/1506/1506 393/1507/1507 394/1508/1508
f 1/1509/1509 390/1510/1510 407/1511/1511
f 378/1512/1512 377/1513/1513 394/1514/1514 395/1515/1515
f 379/1516/1516 378/1517/1517 395/1518/1518 396/1519/1519
f 380/1520/1520 379/1521/1521 396/1522/1522 397/1523/1523
f 394/1524/1524 393/1525/1525 410/1526/1526 411/1527/1527
f 1/1528/1528 407/1529/1529 424/1530/1530
f 395/1531/1531 394/1532/1532 411/1533/1533 412/1534/1534
f 396/1535/1535 395/1536/1536 412/1537/1537 413/1538/1538
f 397/1539/1539 396/1540/1540 413/1541/1541 414/1542/1542
f 398/1543/1543 397/1544/1544 414/1545/1545 415/1546/1546
f 399/1547/1547 398/1548/1548 415/1549/1549 416/1550/1550
f 400/1551/1551 399/1552/1552 416/1553/1553 417/1554/1554
f 401/1555/1555 400/1556/1556 417/1557/1557 418/1558/1558
f 402/1559/1559 401/1560/1560 418/1561/1561 419/1562/1562
f 403/1563/1563 402/1564/1564 419/1565/1565 420/1566/1566
f 404/1567/1567 403/1568/1568 420/1569/1569 421/1570/1570
f 405/1571/1571 404/1572/1572 421/1573/1573 422/1574/1574
f 392/1575/1575 391/1576/1576 408/1577/1577 409/1578/1578
f 406/1579/1579 405/1580/1580 422/1581/1581 423/1582/1582
f 393/1583/1583 392/1584/1584 409/1585/1585 410/1586/1586
f 407/1587/1587 406/1588/1588 423/1589/1589 424/1590/1590
f 422/1591/1591 421/1592/1592 438/1593/1593 439/1594/1594
f 409/1595/1595 408/1596/1596 425/1597/1597 426/1598/1598
f 423/1599/1599 422/1600/1600 439/1601/1601 440/1602/1602
f 410/1603/1603 409/1604/1604 426/1605/1605 427/1606/1606
f 424/1607/1607 423/1608/1608 440/1609/1609 441/1610/1610
f 411/1611/1611 410/1612/1612 427/1613/1613 428/1614/1614
f 1/1615/1615 424/1616/1616 441/1617/1617
f 412/1618/1618 411/1619/1619 428/1620/1620 429/1621/1621
f 413/1622/1622 412/1623/1623 429/1624/1624 430/1625/1625
f 414/1626/1626 413/1627/1627 430/1628/1628 431/1629/1629
f 415/1630/1630 414/1631/1631 431/1632/1632 432/1633/1633
f 416/1634/1634 415/1635/1635 432/1636/1636 433/1637/1637
f 417/1638/1638 416/1639/1639 433/1640/1640 434/1641/1641
f 418/1642/1642 417/1643/1643 434/1644/1644 435/1645/1645
f 419/1646/1646 418/1647/1647 435/1648/1648 436/1649/1649
f 420/1650/1650 419/1651/1651 436/1652/1652 437/1653/1653
f 421/1654/1654 420/1655/1655 437/1656/1656 438/1657/1657
f 435/1658/1658 434/1659/1659 451/1660/1660 452/1661/1661
f 436/1662/1662 435/1663/1663 452/1664/1664 453/1665/1665
f 437/1666/1666 436/1667/1667 453/1668/1668 454/1669/1669
f 438/1670/1670 437/1671/1671 454/1672/1672 455/1673/1673
f 439/1674/1674 438/1675/1675 455/1676/1676 456/1677/1677
f 426/1678/1678 425/1679/1679 442/1680/1680 443/1681/1681
f 440/1682/1682 439/1683/1683 456/1684/1684 457/1685/1685
f 427/1686/1686 426/1687/1687 443/1688/1688 444/1689/1689
f 441/1690/1690 440/1691/1691 457/1692/1692 458/1693/1693
f 428/1694/1694 427/1695/1695 444/1696/1696 445/1697/1697
f 1/1698/1698 441/1699/1699 458/1700/1700
f 429/1701/1701 428/1702/1702 445/1703/1703 446/1704/1704
f 430/1705/1705 429/1706/1706 446/1707/1707 447/1708/1708
f 431/1709/1709 430/1710/1710 447/1711/1711 448/1712/1712
f 432/1713/1713 431/1714/1714 448/1715/1715 449/1716/1716
f 433/1717/1717 432/1718/1718 449/1719/1719 450/1720/1720
f 434/1721/1721 433/1722/1722 450/1723/1723 451/1724/1724
f 449/1725/1725 448/1726/1726 463/1727/1727 464/1728/1728
f 450/1729/1729 449/1730/1730 464/1731/1731 465/1732/1732
f 451/1733/1733 450/1734/1734 465/1735/1735 466/1736/1736
f 452/1737/1737 451/1738/1738 466/1739/1739 467/1740/1740
f 453/1741/1741 452/1742/1742 467/1743/1743 468/1744/1744
f 454/1745/1745 453/1746/1746 468/1747/1747 469/1748/1748
f 455/1749/1749 454/1750/1750 469/1751/1751 470/1752/1752
f 456/1753/1753 455/1754/1754 470/1755/1755 471/1756/1756
f 457/1757/1757 456/1758/1758 471/1759/1759 472/1760/1760
f 458/1761/1761 457/1762/1762 472/1763/1763 473/1764/1764
f 445/1765/1765 444/1766/1766 459/1767/1767 460/1768/1768
f 1/1769/1769 458/1770/1770 473/1771/1771
f 446/1772/1772 445/1773/1773 460/1774/1774 461/1775/1775
f 447/1776/1776 446/1777/1777 461/1778/1778 462/1779/1779
f 448/1780/1780 447/1781/1781 462/1782/1782 463/1783/1783
f 1/1784/1784 473/1785/1785 486/1786/1786
f 462/1787/1787 461/1788/1788 474/1789/1789 475/1790/1790
f 463/1791/1791 462/1792/1792 475/1793/1793 476/1794/1794
f 464/1795/1795 463/1796/1796 476/1797/1797 477/1798/1798
f 465/1799/1799 464/1800/1800 477/1801/1801 478/1802/1802
f 466/1803/1803 465/1804/1804 478/1805/1805 479/1806/1806
f 467/1807/1807 466/1808/1808 479/1809/1809 480/1810/1810
f 468/1811/1811 467/1812/1812 480/1813/1813 481/1814/1814
f 469/1815/1815 468/1816/1816 481/1817/1817 482/1818/1818
f 470/1819/1819 469/1820/1820 482/1821/1821 483/1822/1822
f 471/1823/1823 470/1824/1824 483/1825/1825 484/1826/1826
f 472/1827/1827 471/1828/1828 484/1829/1829 485/1830/1830
f 473/1831/1831 472/1832/1832 485/1833/1833 486/1834/1834
f 484/1835/1835 483/1836/1836 495/1837/1837 496/1838/1838
f 485/1839/1839 484/1840/1840 496/1841/1841 497/1842/1842
f 486/1843/1843 485/1844/1844 497/1845/1845 498/1846/1846
f 1/1847/1847 486/1848/1848 498/1849/1849
f 476/1850/1850 475/1851/1851 487/1852/1852 488/1853/1853
f 477/1854/1854 476/1855/1855 488/1856/1856 489/1857/1857
f 478/1858/1858 477/1859/1859 489/1860/1860 490/1861/1861
f 479/1862/1862 478/1863/1863 490/1864/1864 491/1865/1865
f 480/1866/1866 479/1867/1867 491/1868/1868 492/1869/1869
f 481/1870/1870 480/1871/1871 492/1872/1872 493/1873/1873
f 482/1874/1874 481/1875/1875 493/1876/1876 494/1877/1877
f 483/1878/1878 482/1879/1879 494/1880/1880 495/1881/1881
f 493/1882/1882 492/1883/1883 503/1884/1884 504/1885/1885
f 494/1886/1886 493/1887/1887 504/1888/1888 505/1889/1889
f 495/1890/1890 494/1891/1891 505/1892/1892 506/1893/1893
f 496/1894/1894 495/1895/1895 506/1896/1896 507/1897/1897
f 497/1898/1898 496/1899/1899 507/1900/1900 508/1901/1901
f 498/1902/1902 497/1903/1903 508/1904/1904 509/1905/1905
f 1/1906/1906 498/1907/1907 509/1908/1908
f 489/1909/1909 488/1910/1910 499/1911/1911 500/1912/1912
f 490/1913/1913 489/1914/1914 500/1915/1915 501/1916/1916
f 491/1917/1917 490/1918/1918 501/1919/1919 502/1920/1920
f 492/1921/1921 491/1922/1922 502/1923/1923 503/1924/1924
f 501/1925/1925 500/1926/1926 510/1927/1927 511/1928/1928
f 502/1929/1929 501/1930/1930 511/1931/1931 512/1932/1932
f 503/1933/1933 502/1934/1934 512/1935/1935 513/1936/1936
f 504/1937/1937 503/1938/1938 513/1939/1939 514/1940/1940
f 505/1941/1941 504/1942/1942 514/1943/1943 515/1944/1944
f 506/1945/1945 505/1946/1946 515/1947/1947 516/1948/1948
f 507/1949/1949 506/1950/1950 516/1951/1951 517/1952/1952
f 508/1953/1953 507/1954/1954 517/1955/1955 518/1956/1956
f 509/1957/1957 508/1958/1958 518/1959/1959 519/1960/1960
f 1/1961/1961 509/1962/1962 519/1963/1963
f 511/1964/1964 510/1965/1965 520/1966/1966 521/1967/1967
f 512/1968/1968 511/1969/1969 521/1970/1970 522/1971/1971
f 513/1972/1972 512/1973/1973 522/1974/1974 523/1975/1975
f 514/1976/1976 513/1977/1977 523/1978/1978 524/1979/1979
f 515/1980/1980 514/1981/1981 524/1982/1982 525/1983/1983
f 516/1984/1984 515/1985/1985 525/1986/1986 526/1987/1987
f 517/1988/1988 516/1989/1989 526/1990/1990 527/1991/1991
f 518/1992/1992 517/1993/1993 527/1994/1994 528/1995/1995
f 519/1996/1996 518/1997/1997 528/1998/1998 529/1999/1999
f 1/2000/2000 519/2001/2001 529/2002/2002
f 528/2003/2003 527/2004/2004 536/2005/2005 537/2006/2006
f 529/2007/2007 528/2008/2008 537/2009/2009 538/2010/2010
f 1/2011/2011 529/2012/2012 538/2013/2013
f 522/2014/2014 521/2015/2015 530/2016/2016 531/2017/2017
f 523/2018/2018 522/2019/2019 531/2020/2020 532/2021/2021
f 524/2022/2022 523/2023/2023 532/2024/2024 533/2025/2025
f 525/2026/2026 524/2027/2027 533/2028/2028 534/2029/2029
f 526/2030/2030 525/2031/2031 534/2032/2032 535/2033/2033
f 527/2034/2034 526/2035/2035 535/2036/2036 536/2037/2037
f 537/2038/2038 536/2039/2039 545/2040/2040 546/2041/2041
f 538/2042/2042 537/2043/2043 546/2044/2044 547/2045/2045
f 1/2046/2046 538/2047/2047 547/2048/2048
f 531/2049/2049 530/2050/2050 539/2051/2051 540/2052/2052
f 532/2053/2053 531/2054/2054 540/2055/2055 541/2056/2056
f 533/2057/2057 532/2058/2058 541/2059/2059 542/2060/2060
f 534/2061/2061 533/2062/2062 542/2063/2063 543/2064/2064
f 535/2065/2065 534/2066/2066 543/2067/2067 544/2068/2068
f 536/2069/2069 535/2070/2070 544/2071/2071 545/2072/2072
f 543/2073/2073 542/2074/2074 551/2075/2075 552/2076/2076
f 544/2077/2077 543/2078/2078 552/2079/2079 553/2080/2080
f 545/2081/2081 544/2082/2082 553/2083/2083 554/2084/2084
f 546/2085/2085 545/2086/2086 554/2087/2087 555/2088/2088
f 547/2089/2089 546/2090/2090 555/2091/2091 556/2092/2092
f 1/2093/2093 547/2094/2094 556/2095/2095
f 540/2096/2096 539/2097/2097 548/2098/2098 549/2099/2099
f 541/2100/2100 540/2101/2101 549/2102/2102 550/2103/2103
f 542/2104/2104 541/2105/2105 550/2106/2106 551/2107/2107
f 549/2108/2108 548/2109/2109 557/2110/2110 558/2111/2111
f 550/2112/2112 549/2113/2113 558/2114/2114 559/2115/2115
f 551/2116/2116 550/2117/2117 559/2118/2118 560/2119/2119
f 552/2120/2120 551/2121/2121 560/2122/2122 561/2123/2123
f 553/2124/2124 552/2125/2125 561/2126/2126 562/2127/2127
f 554/2128/2128 553/2129/2129 562/2130/2130 563/2131/2131
f 555/2132/2132 554/2133/2133 563/2134/2134 564/2135/2135
f 556/2136/2136 555/2137/2137 564/2138/2138 565/2139/2139
f 1/2140/2140 556/2141/2141 565/2142/2142
f 558/2143/2143 557/2144/2144 566/2145/2145 567/2146/2146
f 559/2147/2147 558/2148/2148 567/2149/2149 568/2150/2150
f 560/2151/2151 559/2152/2152 568/2153/2153 569/2154/2154
f 561/2155/2155 560/2156/2156 569/2157/2157 570/2158/2158
f 562/2159/2159 561/2160/2160 570/2161/2161 571/2162/2162
f 563/2163/2163 562/2164/2164 571/2165/2165 572/2166/2166
f 564/2167/2167 563/2168/2168 572/2169/2169 573/2170/2170
f 565/2171/2171 564/2172/2172 573/2173/2173 574/2174/2174
f 1/2175/2175 565/2176/2176 574/2177/2177
f 574/2178/2178 573/2179/2179 582/2180/2180 583/2181/2181
f 1/2182/2182 574/2183/2183 583/2184/2184
f 567/2185/2185 566/2186/2186 575/2187/2187 576/2188/2188
f 568/2189/2189 567/2190/2190 576/2191/2191 577/2192/2192
f 569/2193/2193 568/2194/2194 577/2195/2195 578/2196/2196
f 570/2197/2197 569/2198/2198 578/2199/2199 579/2200/2200
f 571/2201/2201 570/2202/2202 579/2203/2203 580/2204/2204
f 572/2205/2205 571/2206/2206 580/2207/2207 581/2208/2208
f 573/2209/2209 572/2210/2210 581/2211/2211 582/2212/2212
f 580/2213/2213 579/2214/2214 586/2215/2215 587/2216/2216
f 581/2217/2217 580/2218/2218 587/2219/2219 588/2220/2220
f 582/2221/2221 581/2222/2222 588/2223/2223 589/2224/2224
f 583/2225/2225 582/2226/2226 589/2227/2227 590/2228/2228
f 1/2229/2229 583/2230/2230 590/2231/2231
f 578/2232/2232 577/2233/2233 584/2234/2234 585/2235/2235
f 579/2236/2236 578/2237/2237 585/2238/2238 586/2239/2239
f 587/2240/2240 586/2241/2241 594/2242/2242 595/2243/2243
f 588/2244/2244 587/2245/2245 595/2246/2246 596/2247/2247
f 589/2248/2248 588/2249/2249 596/2250/2250 597/2251/2251
f 590/2252/2252 589/2253/2253 597/2254/2254 598/2255/2255
f 1/2256/2256 590/2257/2257 598/2258/2258
f 1254/2259/2259 1253/2260/2260 591/2261/2261
f 591/2262/2262 1253/2263/2263 1251/2264/2264 592/2265/2265
f 596/2266/2266 595/2267/2267 642/2268/2268 643/2269/2269
f 1254/2270/2270 591/2271/2271 593/2272/2272
f 593/2273/2273 591/2274/2274 592/2275/2275 599/2276/2276
f 1254/2277/2277 593/2278/2278 600/2279/2279
f 597/2280/2280 596/2281/2281 643/2282/2282 644/2283/2283
f 600/2284/2284 593/2285/2285 599/2286/2286 601/2287/2287
f 1254/2288/2288 600/2289/2289 602/2290/2290
f 602/2291/2291 600/2292/2292 601/2293/2293 603/2294/2294
f 598/2295/2295 597/2296/2296 644/2297/2297 645/2298/2298
f 1254/2299/2299 602/2300/2300 604/2301/2301
f 604/2302/2302 602/2303/2303 603/2304/2304 605/2305/2305
f 1254/2306/2306 604/2307/2307 606/2308/2308
f 1/2309/2309 598/2310/2310 645/2311/2311
f 606/2312/2312 604/2313/2313 605/2314/2314 607/2315/2315
f 1254/2316/2316 606/2317/2317 608/2318/2318
f 608/2319/2319 606/2320/2320 607/2321/2321 609/2322/2322
f 1254/2323/2323 608/2324/2324 611/2325/2325
f 611/2326/2326 608/2327/2327 609/2328/2328 610/2329/2329
f 612/2330/2330 611/2331/2331 610/2332/2332 613/2333/2333
f 645/2334/2334 644/2335/2335 691/2336/2336 692/2337/2337
f 1254/2338/2338 611/2339/2339 612/2340/2340
f 1254/2341/2341 612/2342/2342 614/2343/2343
f 614/2344/2344 612/2345/2345 613/2346/2346 615/2347/2347
f 1/2348/2348 645/2349/2349 692/2350/2350
f 1254/2351/2351 614/2352/2352 617/2353/2353
f 617/2354/2354 614/2355/2355 615/2356/2356 618/2357/2357
f 618/2358/2358 615/2359/2359 616/2360/2360 619/2361/2361
f 1254/2362/2362 617/2363/2363 621/2364/2364
f 621/2365/2365 617/2366/2366 618/2367/2367 622/2368/2368
f 622/2369/2369 618/2370/2370 619/2371/2371 620/2372/2372
f 624/2373/2373 622/2374/2374 620/2375/2375 625/2376/2376
f 1254/2377/2377 621/2378/2378 623/2379/2379
f 623/2380/2380 621/2381/2381 622/2382/2382 624/2383/2383
f 1254/2384/2384 623/2385/2385 627/2386/2386
f 627/2387/2387 623/2388/2388 624/2389/2389 628/2390/2390
f 628/2391/2391 624/2392/2392 625/2393/2393 629/2394/2394
f 629/2395/2395 625/2396/2396 626/2397/2397 630/2398/2398
f 1254/2399/2399 627/2400/2400 634/2401/2401
f 634/2402/2402 627/2403/2403 628/2404/2404 635/2405/2405
f 635/2406/2406 628/2407/2407 629/2408/2408 636/2409/2409
f 636/2410/2410 629/2411/2411 630/2412/2412 637/2413/2413
f 637/2414/2414 630/2415/2415 631/2416/2416 638/2417/2417
f 641/2418/2418 638/2419/2419 632/2420/2420 646/2421/2421
f 646/2422/2422 632/2423/2423 633/2424/2424 647/2425/2425
f 1254/2426/2426 634/2427/2427 650/2428/2428
f 650/2429/2429 634/2430/2430 635/2431/2431 651/2432/2432
f 651/2433/2433 635/2434/2434 636/2435/2435 639/2436/2436
f 639/2437/2437 636/2438/2438 637/2439/2439 640/2440/2440
f 640/2441/2441 637/2442/2442 638/2443/2443 641/2444/2444
f 653/2445/2445 651/2446/2446 639/2447/2447 654/2448/2448
f 654/2449/2449 639/2450/2450 640/2451/2451 655/2452/2452
f 655/2453/2453 640/2454/2454 641/2455/2455 656/2456/2456
f 656/2457/2457 641/2458/2458 646/2459/2459 657/2460/2460
f 657/2461/2461 646/2462/2462 647/2463/2463 658/2464/2464
f 658/2465/2465 647/2466/2466 648/2467/2467 659/2468/2468
f 659/2469/2469 648/2470/2470 649/2471/2471 660/2472/2472
f 1254/2473/2473 650/2474/2474 652/2475/2475
f 652/2476/2476 650/2477/2477 651/2478/2478 653/2479/2479
f 1254/2480/2480 652/2481/2481 661/2482/2482
f 661/2483/2483 652/2484/2484 653/2485/2485 662/2486/2486
f 662/2487/2487 653/2488/2488 654/2489/2489 663/2490/2490
f 663/2491/2491 654/2492/2492 655/2493/2493 664/2494/2494
f 664/2495/2495 655/2496/2496 656/2497/2497 665/2498/2498
f 644/2499/2499 643/2500/2500 690/2501/2501 691/2502/2502
f 665/2503/2503 656/2504/2504 657/2505/2505 666/2506/2506
f 666/2507/2507 657/2508/2508 658/2509/2509 667/2510/2510
f 667/2511/2511 658/2512/2512 659/2513/2513 668/2514/2514
f 668/2515/2515 659/2516/2516 660/2517/2517 669/2518/2518
f 1254/2519/2519 661/2520/2520 673/2521/2521
f 673/2522/2522 661/2523/2523 662/2524/2524 674/2525/2525
f 674/2526/2526 662/2527/2527 663/2528/2528 675/2529/2529
f 675/2530/2530 663/2531/2531 664/2532/2532 676/2533/2533
f 676/2534/2534 664/2535/2535 665/2536/2536 677/2537/2537
f 677/2538/2538 665/2539/2539 666/2540/2540 678/2541/2541
f 678/2542/2542 666/2543/2543 667/2544/2544 670/2545/2545
f 670/2546/2546 667/2547/2547 668/2548/2548 671/2549/2549
f 691/2550/2550 690/2551/2551 737/2552/2552 738/2553/2553
f 671/2554/2554 668/2555/2555 669/2556/2556 672/2557/2557
f 681/2558/2558 678/2559/2559 670/2560/2560 682/2561/2561
f 682/2562/2562 670/2563/2563 671/2564/2564 683/2565/2565
f 692/2566/2566 691/2567/2567 738/2568/2568 739/2569/2569
f 683/2570/2570 671/2571/2571 672/2572/2572 684/2573/2573
f 1254/2574/2574 673/2575/2575 685/2576/2576
f 685/2577/2577 673/2578/2578 674/2579/2579 686/2580/2580
f 1/2581/2581 692/2582/2582 739/2583/2583
f 686/2584/2584 674/2585/2585 675/2586/2586 687/2587/2587
f 687/2588/2588 675/2589/2589 676/2590/2590 679/2591/2591
f 679/2592/2592 676/2593/2593 677/2594/2594 680/2595/2595
f 680/2596/2596 677/2597/2597 678/2598/2598 681/2599/2599
f 699/2600/2600 687/2601/2601 679/2602/2602 688/2603/2603
f 688/2604/2604 679/2605/2605 680/2606/2606 689/2607/2607
f 689/2608/2608 680/2609/2609 681/2610/2610 693/2611/2611
f 693/2612/2612 681/2613/2613 682/2614/2614 694/2615/2615
f 694/2616/2616 682/2617/2617 683/2618/2618 695/2619/2619
f 695/2620/2620 683/2621/2621 684/2622/2622 696/2623/2623
f 1254/2624/2624 685/2625/2625 697/2626/2626
f 697/2627/2627 685/2628/2628 686/2629/2629 698/2630/2630
f 698/2631/2631 686/2632/2632 687/2633/2633 699/2634/2634
f 702/2635/2635 699/2636/2636 688/2637/2637 703/2638/2638
f 703/2639/2639 688/2640/2640 689/2641/2641 704/2642/2642
f 704/2643/2643 689/2644/2644 693/2645/2645 705/2646/2646
f 705/2647/2647 693/2648/2648 694/2649/2649 706/2650/2650
f 706/2651/2651 694/2652/2652 695/2653/2653 707/2654/2654
f 707/2655/2655 695/2656/2656 696/2657/2657 708/2658/2658
f 1254/2659/2659 697/2660/2660 700/2661/2661
f 700/2662/2662 697/2663/2663 698/2664/2664 701/2665/2665
f 701/2666/2666 698/2667/2667 699/2668/2668 702/2669/2669
f 1254/2670/2670 700/2671/2671 710/2672/2672
f 710/2673/2673 700/2674/2674 701/2675/2675 711/2676/2676
f 711/2677/2677 701/2678/2678 702/2679/2679 712/2680/2680
f 712/2681/2681 702/2682/2682 703/2683/2683 713/2684/2684
f 713/2685/2685 703/2686/2686 704/2687/2687 714/2688/2688
f 714/2689/2689 704/2690/2690 705/2691/2691 715/2692/2692
f 715/2693/2693 705/2694/2694 706/2695/2695 716/2696/2696
f 716/2697/2697 706/2698/2698 707/2699/2699 717/2700/2700
f 717/2701/2701 707/2702/2702 708/2703/2703 718/2704/2704
f 718/2705/2705 708/2706/2706 709/2707/2707 719/2708/2708
f 1254/2709/2709 710/2710/2710 724/2711/2711
f 724/2712/2712 710/2713/2713 711/2714/2714 725/2715/2715
f 725/2716/2716 711/2717/2717 712/2718/2718 726/2719/2719
f 726/2720/2720 712/2721/2721 713/2722/2722 727/2723/2723
f 727/2724/2724 713/2725/2725 714/2726/2726 728/2727/2727
f 728/2728/2728 714/2729/2729 715/2730/2730 729/2731/2731
f 729/2732/2732 715/2733/2733 716/2734/2734 730/2735/2735
f 730/2736/2736 716/2737/2737 717/2738/2738 720/2739/2739
f 720/2740/2740 717/2741/2741 718/2742/2742 721/2743/2743
f 721/2744/2744 718/2745/2745 719/2746/2746 722/2747/2747
f 733/2748/2748 730/2749/2749 720/2750/2750 734/2751/2751
f 734/2752/2752 720/2753/2753 721/2754/2754 735/2755/2755
f 735/2756/2756 721/2757/2757 722/2758/2758 736/2759/2759
f 736/2760/2760 722/2761/2761 723/2762/2762 740/2763/2763
f 1254/2764/2764 724/2765/2765 742/2766/2766
f 742/2767/2767 724/2768/2768 725/2769/2769 743/2770/2770
f 743/2771/2771 725/2772/2772 726/2773/2773 744/2774/2774
f 744/2775/2775 726/2776/2776 727/2777/2777 745/2778/2778
f 745/2779/2779 727/2780/2780 728/2781/2781 731/2782/2782
f 738/2783/2783 737/2784/2784 784/2785/2785 785/2786/2786
f 731/2787/2787 728/2788/2788 729/2789/2789 732/2790/2790
f 732/2791/2791 729/2792/2792 730/2793/2793 733/2794/2794
f 748/2795/2795 745/2796/2796 731/2797/2797 749/2798/2798
f 739/2799/2799 738/2800/2800 785/2801/2801 786/2802/2802
f 749/2803/2803 731/2804/2804 732/2805/2805 750/2806/2806
f 750/2807/2807 732/2808/2808 733/2809/2809 751/2810/2810
f 751/2811/2811 733/2812/2812 734/2813/2813 752/2814/2814
f 1/2815/2815 739/2816/2816 786/2817/2817
f 752/2818/2818 734/2819/2819 735/2820/2820 753/2821/2821
f 753/2822/2822 735/2823/2823 736/2824/2824 754/2825/2825
f 754/2826/2826 736/2827/2827 740/2828/2828 755/2829/2829
f 755/2830/2830 740/2831/2831 741/2832/2832 756/2833/2833
f 1254/2834/2834 742/2835/2835 758/2836/2836
f 758/2837/2837 742/2838/2838 743/2839/2839 746/2840/2840
f 746/2841/2841 743/2842/2842 744/2843/2843 747/2844/2844
f 747/2845/2845 744/2846/2846 745/2847/2847 748/2848/2848
f 763/2849/2849 758/2850/2850 746/2851/2851 764/2852/2852
f 764/2853/2853 746/2854/2854 747/2855/2855 765/2856/2856
f 765/2857/2857 747/2858/2858 748/2859/2859 766/2860/2860
f 766/2861/2861 748/2862/2862 749/2863/2863 767/2864/2864
f 767/2865/2865 749/2866/2866 750/2867/2867 768/2868/2868
f 768/2869/2869 750/2870/2870 751/2871/2871 769/2872/2872
f 769/2873/2873 751/2874/2874 752/2875/2875 770/2876/2876
f 770/2877/2877 752/2878/2878 753/2879/2879 771/2880/2880
f 771/2881/2881 753/2882/2882 754/2883/2883 772/2884/2884
f 772/2885/2885 754/2886/2886 755/2887/2887 773/2888/2888
f 773/2889/2889 755/2890/2890 756/2891/2891 759/2892/2892
f 759/2893/2893 756/2894/2894 757/2895/2895 760/2896/2896
f 1254/2897/2897 758/2898/2898 763/2899/2899
f 776/2900/2900 773/2901/2901 759/2902/2902 777/2903/2903
f 777/2904/2904 759/2905/2905 760/2906/2906 778/2907/2907
f 778/2908/2908 760/2909/2909 761/2910/2910 779/2911/2911
f 1254/2912/2912 763/2913/2913 780/2914/2914
f 779/2915/2915 761/2916/2916 762/2917/2917 781/2918/2918
f 780/2919/2919 763/2920/2920 764/2921/2921 782/2922/2922
f 782/2923/2923 764/2924/2924 765/2925/2925 788/2926/2926
f 788/2927/2927 765/2928/2928 766/2929/2929 789/2930/2930
f 789/2931/2931 766/2932/2932 767/2933/2933 790/2934/2934
f 790/2935/2935 767/2936/2936 768/2937/2937 791/2938/2938
f 791/2939/2939 768/2940/2940 769/2941/2941 792/2942/2942
f 792/2943/2943 769/2944/2944 770/2945/2945 793/2946/2946
f 793/2947/2947 770/2948/2948 771/2949/2949 774/2950/2950
f 774/2951/2951 771/2952/2952 772/2953/2953 775/2954/2954
f 775/2955/2955 772/2956/2956 773/2957/2957 776/2958/2958
f 797/2959/2959 793/2960/2960 774/2961/2961 798/2962/2962
f 798/2963/2963 774/2964/2964 775/2965/2965 799/2966/2966
f 799/2967/2967 775/2968/2968 776/2969/2969 800/2970/2970
f 800/2971/2971 776/2972/2972 777/2973/2973 801/2974/2974
f 801/2975/2975 777/2976/2976 778/2977/2977 802/2978/2978
f 802/2979/2979 778/2980/2980 779/2981/2981 803/2982/2982
f 1254/2983/2983 780/2984/2984 804/2985/2985
f 803/2986/2986 779/2987/2987 781/2988/2988 805/2989/2989
f 804/2990/2990 780/2991/2991 782/2992/2992 806/2993/2993
f 805/2994/2994 781/2995/2995 783/2996/2996 807/2997/2997
f 806/2998/2998 782/2999/2999 788/3000/3000 809/3001/3001
f 807/3002/3002 783/3003/3003 787/3004/3004 808/3005/3005
f 809/3006/3006 788/3007/3007 789/3008/3008 810/3009/3009
f 810/3010/3010 789/3011/3011 790/3012/3012 794/3013/3013
f 794/3014/3014 790/3015/3015 791/3016/3016 795/3017/3017
f 795/3018/3018 791/3019/3019 792/3020/3020 796/3021/3021
f 796/3022/3022 792/3023/3023 793/3024/3024 797/3025/3025
f 786/3026/3026 785/3027/3027 832/3028/3028 833/3029/3029
f 815/3030/3030 810/3031/3031 794/3032/3032 816/3033/3033
f 816/3034/3034 794/3035/3035 795/3036/3036 817/3037/3037
f 817/3038/3038 795/3039/3039 796/3040/3040 818/3041/3041
f 1/3042/3042 786/3043/3043 833/3044/3044
f 818/3045/3045 796/3046/3046 797/3047/3047 819/3048/3048
f 819/3049/3049 797/3050/3050 798/3051/3051 820/3052/3052
f 820/3053/3053 798/3054/3054 799/3055/3055 821/3056/3056
f 821/3057/3057 799/3058/3058 800/3059/3059 822/3060/3060
f 822/3061/3061 800/3062/3062 801/3063/3063 823/3064/3064
f 823/3065/3065 801/3066/3066 802/3067/3067 824/3068/3068
f 824/3069/3069 802/3070/3070 803/3071/3071 826/3072/3072
f 1254/3073/3073 804/3074/3074 825/3075/3075
f 826/3076/3076 803/3077/3077 805/3078/3078 827/3079/3079
f 1/3080/3080 833/3081/3081 880/3082/3082
f 825/3083/3083 804/3084/3084 806/3085/3085 811/3086/3086
f 827/3087/3087 805/3088/3088 807/3089/3089 812/3090/3090
f 811/3091/3091 806/3092/3092 809/3093/3093 814/3094/3094
f 812/3095/3095 807/3096/3096 808/3097/3097 813/3098/3098
f 814/3099/3099 809/3100/3100 810/3101/3101 815/3102/3102
f 831/3103/3103 825/3104/3104 811/3105/3105 835/3106/3106
f 834/3107/3107 827/3108/3108 812/3109/3109 836/3110/3110
f 835/3111/3111 811/3112/3112 814/3113/3113 838/3114/3114
f 836/3115/3115 812/3116/3116 813/3117/3117 837/3118/3118
f 838/3119/3119 814/3120/3120 815/3121/3121 839/3122/3122
f 839/3123/3123 815/3124/3124 816/3125/3125 840/3126/3126
f 840/3127/3127 816/3128/3128 817/3129/3129 841/3130/3130
f 841/3131/3131 817/3132/3132 818/3133/3133 842/3134/3134
f 842/3135/3135 818/3136/3136 819/3137/3137 843/3138/3138
f 843/3139/3139 819/3140/3140 820/3141/3141 844/3142/3142
f 844/3143/3143 820/3144/3144 821/3145/3145 845/3146/3146
f 845/3147/3147 821/3148/3148 822/3149/3149 846/3150/3150
f 846/3151/3151 822/3152/3152 823/3153/3153 828/3154/3154
f 828/3155/3155 823/3156/3156 824/3157/3157 829/3158/3158
f 829/3159/3159 824/3160/3160 826/3161/3161 830/3162/3162
f 1254/3163/3163 825/3164/3164 831/3165/3165
f 830/3166/3166 826/3167/3167 827/3168/3168 834/3169/3169
f 849/3170/3170 846/3171/3171 828/3172/3172 850/3173/3173
f 850/3174/3174 828/3175/3175 829/3176/3176 851/3177/3177
f 851/3178/3178 829/3179/3179 830/3180/3180 852/3181/3181
f 1254/3182/3182 831/3183/3183 853/3184/3184
f 852/3185/3185 830/3186/3186 834/3187/3187 854/3188/3188
f 853/3189/3189 831/3190/3190 835/3191/3191 855/3192/3192
f 854/3193/3193 834/3194/3194 836/3195/3195 856/3196/3196
f 855/3197/3197 835/3198/3198 838/3199/3199 858/3200/3200
f 856/3201/3201 836/3202/3202 837/3203/3203 857/3204/3204
f 858/3205/3205 838/3206/3206 839/3207/3207 859/3208/3208
f 859/3209/3209 839/3210/3210 840/3211/3211 860/3212/3212
f 860/3213/3213 840/3214/3214 841/3215/3215 861/3216/3216
f 861/3217/3217 841/3218/3218 842/3219/3219 862/3220/3220
f 862/3221/3221 842/3222/3222 843/3223/3223 863/3224/3224
f 863/3225/3225 843/3226/3226 844/3227/3227 847/3228/3228
f 847/3229/3229 844/3230/3230 845/3231/3231 848/3232/3232
f 848/3233/3233 845/3234/3234 846/3235/3235 849/3236/3236
f 866/3237/3237 863/3238/3238 847/3239/3239 867/3240/3240
f 867/3241/3241 847/3242/3242 848/3243/3243 868/3244/3244
f 868/3245/3245 848/3246/3246 849/3247/3247 869/3248/3248
f 869/3249/3249 849/3250/3250 850/3251/3251 870/3252/3252
f 833/3253/3253 832/3254/3254 879/3255/3255 880/3256/3256
f 870/3257/3257 850/3258/3258 851/3259/3259 871/3260/3260
f 871/3261/3261 851/3262/3262 852/3263/3263 872/3264/3264
f 1254/3265/3265 853/3266/3266 873/3267/3267
f 872/3268/3268 852/3269/3269 854/3270/3270 874/3271/3271
f 873/3272/3272 853/3273/3273 855/3274/3274 875/3275/3275
f 874/3276/3276 854/3277/3277 856/3278/3278 876/3279/3279
f 875/3280/3280 855/3281/3281 858/3282/3282 878/3283/3283
f 876/3284/3284 856/3285/3285 857/3286/3286 877/3287/3287
f 878/3288/3288 858/3289/3289 859/3290/3290 881/3291/3291
f 881/3292/3292 859/3293/3293 860/3294/3294 882/3295/3295
f 882/3296/3296 860/3297/3297 861/3298/3298 864/3299/3299
f 864/3300/3300 861/3301/3301 862/3302/3302 865/3303/3303
f 880/3304/3304 879/3305/3305 926/3306/3306 927/3307/3307
f 865/3308/3308 862/3309/3309 863/3310/3310 866/3311/3311
f 887/3312/3312 882/3313/3313 864/3314/3314 888/3315/3315
f 888/3316/3316 864/3317/3317 865/3318/3318 889/3319/3319
f 1/3320/3320 880/3321/3321 927/3322/3322
f 889/3323/3323 865/3324/3324 866/3325/3325 890/3326/3326
f 890/3327/3327 866/3328/3328 867/3329/3329 891/3330/3330
f 891/3331/3331 867/3332/3332 868/3333/3333 892/3334/3334
f 892/3335/3335 868/3336/3336 869/3337/3337 893/3338/3338
f 893/3339/3339 869/3340/3340 870/3341/3341 894/3342/3342
f 894/3343/3343 870/3344/3344 871/3345/3345 895/3346/3346
f 895/3347/3347 871/3348/3348 872/3349/3349 896/3350/3350
f 1254/3351/3351 873/3352/3352 898/3353/3353
f 896/3354/3354 872/3355/3355 874/3356/3356 897/3357/3357
f 898/3358/3358 873/3359/3359 875/3360/3360 899/3361/3361
f 897/3362/3362 874/3363/3363 876/3364/3364 883/3365/3365
f 899/3366/3366 875/3367/3367 878/3368/3368 885/3369/3369
f 883/3370/3370 876/3371/3371 877/3372/3372 884/3373/3373
f 885/3374/3374 878/3375/3375 881/3376/3376 886/3377/3377
f 886/3378/3378 881/3379/3379 882/3380/3380 887/3381/3381
f 903/3382/3382 897/3383/3383 883/3384/3384 905/3385/3385
f 904/3386/3386 899/3387/3387 885/3388/3388 907/3389/3389
f 905/3390/3390 883/3391/3391 884/3392/3392 906/3393/3393
f 907/3394/3394 885/3395/3395 886/3396/3396 908/3397/3397
f 908/3398/3398 886/3399/3399 887/3400/3400 909/3401/3401
f 909/3402/3402 887/3403/3403 888/3404/3404 910/3405/3405
f 910/3406/3406 888/3407/3407 889/3408/3408 911/3409/3409
f 911/3410/3410 889/3411/3411 890/3412/3412 912/3413/3413
f 912/3414/3414 890/3415/3415 891/3416/3416 913/3417/3417
f 913/3418/3418 891/3419/3419 892/3420/3420 914/3421/3421
f 914/3422/3422 892/3423/3423 893/3424/3424 915/3425/3425
f 915/3426/3426 893/3427/3427 894/3428/3428 916/3429/3429
f 916/3430/3430 894/3431/3431 895/3432/3432 900/3433/3433
f 900/3434/3434 895/3435/3435 896/3436/3436 901/3437/3437
f 1254/3438/3438 898/3439/3439 902/3440/3440
f 901/3441/3441 896/3442/3442 897/3443/3443 903/3444/3444
f 902/3445/3445 898/3446/3446 899/3447/3447 904/3448/3448
f 919/3449/3449 916/3450/3450 900/3451/3451 920/3452/3452
f 920/3453/3453 900/3454/3454 901/3455/3455 921/3456/3456
f 1254/3457/3457 902/3458/3458 922/3459/3459
f 921/3460/3460 901/3461/3461 903/3462/3462 923/3463/3463
f 922/3464/3464 902/3465/3465 904/3466/3466 924/3467/3467
f 923/3468/3468 903/3469/3469 905/3470/3470 925/3471/3471
f 924/3472/3472 904/3473/3473 907/3474/3474 929/3475/3475
f 925/3476/3476 905/3477/3477 906/3478/3478 928/3479/3479
f 929/3480/3480 907/3481/3481 908/3482/3482 930/3483/3483
f 930/3484/3484 908/3485/3485 909/3486/3486 931/3487/3487
f 931/3488/3488 909/3489/3489 910/3490/3490 932/3491/3491
f 932/3492/3492 910/3493/3493 911/3494/3494 933/3495/3495
f 933/3496/3496 911/3497/3497 912/3498/3498 934/3499/3499
f 934/3500/3500 912/3501/3501 913/3502/3502 935/3503/3503
f 935/3504/3504 913/3505/3505 914/3506/3506 917/3507/3507
f 917/3508/3508 914/3509/3509 915/3510/3510 918/3511/3511
f 918/3512/3512 915/3513/3513 916/3514/3514 919/3515/3515
f 938/3516/3516 935/3517/3517 917/3518/3518 939/3519/3519
f 939/3520/3520 917/3521/3521 918/3522/3522 940/3523/3523
f 940/3524/3524 918/3525/3525 919/3526/3526 941/3527/3527
f 941/3528/3528 919/3529/3529 920/3530/3530 942/3531/3531
f 942/3532/3532 920/3533/3533 921/3534/3534 943/3535/3535
f 1254/3536/3536 922/3537/3537 944/3538/3538
f 943/3539/3539 921/3540/3540 923/3541/3541 945/3542/3542
f 927/3543/3543 926/3544/3544 973/3545/3545 974/3546/3546
f 944/3547/3547 922/3548/3548 924/3549/3549 946/3550/3550
f 945/3551/3551 923/3552/3552 925/3553/3553 947/3554/3554
f 946/3555/3555 924/3556/3556 929/3557/3557 949/3558/3558
f 1/3559/3559 927/3560/3560 974/3561/3561
f 947/3562/3562 925/3563/3563 928/3564/3564 948/3565/3565
f 949/3566/3566 929/3567/3567 930/3568/3568 950/3569/3569
f 950/3570/3570 930/3571/3571 931/3572/3572 951/3573/3573
f 951/3574/3574 931/3575/3575 932/3576/3576 952/3577/3577
f 952/3578/3578 932/3579/3579 933/3580/3580 936/3581/3581
f 936/3582/3582 933/3583/3583 934/3584/3584 937/3585/3585
f 937/3586/3586 934/3587/3587 935/3588/3588 938/3589/3589
f 955/3590/3590 952/3591/3591 936/3592/3592 956/3593/3593
f 956/3594/3594 936/3595/3595 937/3596/3596 957/3597/3597
f 957/3598/3598 937/3599/3599 938/3600/3600 958/3601/3601
f 958/3602/3602 938/3603/3603 939/3604/3604 959/3605/3605
f 959/3606/3606 939/3607/3607 940/3608/3608 960/3609/3609
f 960/3610/3610 940/3611/3611 941/3612/3612 961/3613/3613
f 961/3614/3614 941/3615/3615 942/3616/3616 962/3617/3617
f 962/3618/3618 942/3619/3619 943/3620/3620 963/3621/3621
f 1254/3622/3622 944/3623/3623 964/3624/3624
f 963/3625/3625 943/3626/3626 945/3627/3627 965/3628/3628
f 964/3629/3629 944/3630/3630 946/3631/3631 966/3632/3632
f 965/3633/3633 945/3634/3634 947/3635/3635 968/3636/3636
f 966/3637/3637 946/3638/3638 949/3639/3639 967/3640/3640
f 968/3641/3641 947/3642/3642 948/3643/3643 969/3644/3644
f 967/3645/3645 949/3646/3646 950/3647/3647 953/3648/3648
f 953/3649/3649 950/3650/3650 951/3651/3651 954/3652/3652
f 954/3653/3653 951/3654/3654 952/3655/3655 955/3656/3656
f 978/3657/3657 967/3658/3658 953/3659/3659 979/3660/3660
f 979/3661/3661 953/3662/3662 954/3663/3663 980/3664/3664
f 980/3665/3665 954/3666/3666 955/3667/3667 981/3668/3668
f 981/3669/3669 955/3670/3670 956/3671/3671 982/3672/3672
f 982/3673/3673 956/3674/3674 957/3675/3675 983/3676/3676
f 983/3677/3677 957/3678/3678 958/3679/3679 984/3680/3680
f 984/3681/3681 958/3682/3682 959/3683/3683 985/3684/3684
f 985/3685/3685 959/3686/3686 960/3687/3687 986/3688/3688
f 986/3689/3689 960/3690/3690 961/3691/3691 987/3692/3692
f 987/3693/3693 961/3694/3694 962/3695/3695 988/3696/3696
f 988/3697/3697 962/3698/3698 963/3699/3699 970/3700/3700
f 1254/3701/3701 964/3702/3702 971/3703/3703
f 970/3704/3704 963/3705/3705 965/3706/3706 972/3707/3707
f 971/3708/3708 964/3709/3709 966/3710/3710 975/3711/3711
f 972/3712/3712 965/3713/3713 968/3714/3714 976/3715/3715
f 975/3716/3716 966/3717/3717 967/3718/3718 978/3719/3719
f 976/3720/3720 968/3721/3721 969/3722/3722 977/3723/3723
f 991/3724/3724 988/3725/3725 970/3726/3726 992/3727/3727
f 1254/3728/3728 971/3729/3729 993/3730/3730
f 992/3731/3731 970/3732/3732 972/3733/3733 994/3734/3734
f 993/3735/3735 971/3736/3736 975/3737/3737 995/3738/3738
f 994/3739/3739 972/3740/3740 976/3741/3741 996/3742/3742
f 995/3743/3743 975/3744/3744 978/3745/3745 998/3746/3746
f 996/3747/3747 976/3748/3748 977/3749/3749 997/3750/3750
f 998/3751/3751 978/3752/3752 979/3753/3753 999/3754/3754
f 999/3755/3755 979/3756/3756 980/3757/3757 1000/3758/3758
f 1000/3759/3759 980/3760/3760 981/3761/3761 1001/3762/3762
f 1001/3763/3763 981/3764/3764 982/3765/3765 1002/3766/3766
f 1002/3767/3767 982/3768/3768 983/3769/3769 1003/3770/3770
f 974/3771/3771 973/3772/3772 1020/3773/3773 1021/3774/3774
f 1003/3775/3775 983/3776/3776 984/3777/3777 1004/3778/3778
f 1004/3779/3779 984/3780/3780 985/3781/3781 1005/3782/3782
f 1005/3783/3783 985/3784/3784 986/3785/3785 989/3786/3786
f 1/3787/3787 974/3788/3788 1021/3789/3789
f 989/3790/3790 986/3791/3791 987/3792/3792 990/3793/3793
f 990/3794/3794 987/3795/3795 988/3796/3796 991/3797/3797
f 1008/3798/3798 1005/3799/3799 989/3800/3800 1009/3801/3801
f 1009/3802/3802 989/3803/3803 990/3804/3804 1010/3805/3805
f 1010/3806/3806 990/3807/3807 991/3808/3808 1011/3809/3809
f 1011/3810/3810 991/3811/3811 992/3812/3812 1012/3813/3813
f 1254/3814/3814 993/3815/3815 1013/3816/3816
f 1012/3817/3817 992/3818/3818 994/3819/3819 1014/3820/3820
f 1013/3821/3821 993/3822/3822 995/3823/3823 1015/3824/3824
f 1014/3825/3825 994/3826/3826 996/3827/3827 1016/3828/3828
f 1015/3829/3829 995/3830/3830 998/3831/3831 1018/3832/3832
f 1016/3833/3833 996/3834/3834 997/3835/3835 1017/3836/3836
f 1018/3837/3837 998/3838/3838 999/3839/3839 1019/3840/3840
f 1019/3841/3841 999/3842/3842 1000/3843/3843 1022/3844/3844
f 1022/3845/3845 1000/3846/3846 1001/3847/3847 1023/3848/3848
f 1023/3849/3849 1001/3850/3850 1002/3851/3851 1024/3852/3852
f 1024/3853/3853 1002/3854/3854 1003/3855/3855 1006/3856/3856
f 1006/3857/3857 1003/3858/3858 1004/3859/3859 1007/3860/3860
f 1007/3861/3861 1004/3862/3862 1005/3863/3863 1008/3864/3864
f 1027/3865/3865 1024/3866/3866 1006/3867/3867 1028/3868/3868
f 1028/3869/3869 1006/3870/3870 1007/3871/3871 1029/3872/3872
f 1029/3873/3873 1007/3874/3874 1008/3875/3875 1030/3876/3876
f 1030/3877/3877 1008/3878/3878 1009/3879/3879 1031/3880/3880
f 1031/3881/3881 1009/3882/3882 1010/3883/3883 1032/3884/3884
f 1032/3885/3885 1010/3886/3886 1011/3887/3887 1033/3888/3888
f 1033/3889/3889 1011/3890/3890 1012/3891/3891 1034/3892/3892
f 1254/3893/3893 1013/3894/3894 1035/3895/3895
f 1034/3896/3896 1012/3897/3897 1014/3898/3898 1036/3899/3899
f 1035/3900/3900 1013/3901/3901 1015/3902/3902 1037/3903/3903
f 1036/3904/3904 1014/3905/3905 1016/3906/3906 1038/3907/3907
f 1037/3908/3908 1015/3909/3909 1018/3910/3910 1040/3911/3911
f 1038/3912/3912 1016/3913/3913 1017/3914/3914 1039/3915/3915
f 1040/3916/3916 1018/3917/3917 1019/3918/3918 1041/3919/3919
f 1041/3920/3920 1019/3921/3921 1022/3922/3922 1025/3923/3923
f 1025/3924/3924 1022/3925/3925 1023/3926/3926 1026/3927/3927
f 1026/3928/3928 1023/3929/3929 1024/3930/3930 1027/3931/3931
f 1049/3932/3932 1041/3933/3933 1025/3934/3934 1050/3935/3935
f 1050/3936/3936 1025/3937/3937 1026/3938/3938 1051/3939/3939
f 1051/3940/3940 1026/3941/3941 1027/3942/3942 1052/3943/3943
f 1052/3944/3944 1027/3945/3945 1028/3946/3946 1053/3947/3947
f 1053/3948/3948 1028/3949/3949 1029/3950/3950 1054/3951/3951
f 1054/3952/3952 1029/3953/3953 1030/3954/3954 1055/3955/3955
f 1055/3956/3956 1030/3957/3957 1031/3958/3958 1056/3959/3959
f 1056/3960/3960 1031/3961/3961 1032/3962/3962 1057/3963/3963
f 1057/3964/3964 1032/3965/3965 1033/3966/3966 1058/3967/3967
f 1058/3968/3968 1033/3969/3969 1034/3970/3970 1059/3971/3971
f 1254/3972/3972 1035/3973/3973 1060/3974/3974
f 1059/3975/3975 1034/3976/3976 1036/3977/3977 1042/3978/3978
f 1060/3979/3979 1035/3980/3980 1037/3981/3981 1043/3982/3982
f 1042/3983/3983 1036/3984/3984 1038/3985/3985 1044/3986/3986
f 1043/3987/3987 1037/3988/3988 1040/3989/3989 1048/3990/3990
f 1044/3991/3991 1038/3992/3992 1039/3993/3993 1045/3994/3994
f 1048/3995/3995 1040/3996/3996 1041/3997/3997 1049/3998/3998
f 1021/3999/3999 1020/4000/4000 1067/4001/4001 1068/4002/4002
f 1063/4003/4003 1059/4004/4004 1042/4005/4005 1064/4006/4006
f 1069/4007/4007 1060/4008/4008 1043/4009/4009 1070/4010/4010
f 1064/4011/4011 1042/4012/4012 1044/4013/4013 1047/4014/4014
f 1/4015/4015 1021/4016/4016 1068/4017/4017
f 1070/4018/4018 1043/4019/4019 1048/4020/4020 1071/4021/4021
f 1047/4022/4022 1044/4023/4023 1045/4024/4024 1046/4025/4025
f 1071/4026/4026 1048/4027/4027 1049/4028/4028 1072/4029/4029
f 1072/4030/4030 1049/4031/4031 1050/4032/4032 1073/4033/4033
f 1073/4034/4034 1050/4035/4035 1051/4036/4036 1074/4037/4037
f 1074/4038/4038 1051/4039/4039 1052/4040/4040 1075/4041/4041
f 1075/4042/4042 1052/4043/4043 1053/4044/4044 1076/4045/4045
f 1076/4046/4046 1053/4047/4047 1054/4048/4048 1077/4049/4049
f 1077/4050/4050 1054/4051/4051 1055/4052/4052 1078/4053/4053
f 1078/4054/4054 1055/4055/4055 1056/4056/4056 1079/4057/4057
f 1079/4058/4058 1056/4059/4059 1057/4060/4060 1061/4061/4061
f 1061/4062/4062 1057/4063/4063 1058/4064/4064 1062/4065/4065
f 1062/4066/4066 1058/4067/4067 1059/4068/4068 1063/4069/4069
f 1254/4070/4070 1060/4071/4071 1069/4072/4072
f 1082/4073/4073 1079/4074/4074 1061/4075/4075 1083/4076/4076
f 1083/4077/4077 1061/4078/4078 1062/4079/4079 1084/4080/4080
f 1084/4081/4081 1062/4082/4082 1063/4083/4083 1066/4084/4084
f 1254/4085/4085 1069/4086/4086 1086/4087/4087
f 1066/4088/4088 1063/4089/4089 1064/4090/4090 1065/4091/4091
f 1086/4092/4092 1069/4093/4093 1070/4094/4094 1087/4095/4095
f 1087/4096/4096 1070/4097/4097 1071/4098/4098 1088/4099/4099
f 1088/4100/4100 1071/4101/4101 1072/4102/4102 1089/4103/4103
f 1089/4104/4104 1072/4105/4105 1073/4106/4106 1090/4107/4107
f 1090/4108/4108 1073/4109/4109 1074/4110/4110 1091/4111/4111
f 1091/4112/4112 1074/4113/4113 1075/4114/4114 1092/4115/4115
f 1092/4116/4116 1075/4117/4117 1076/4118/4118 1093/4119/4119
f 1093/4120/4120 1076/4121/4121 1077/4122/4122 1080/4123/4123
f 1080/4124/4124 1077/4125/4125 1078/4126/4126 1081/4127/4127
f 1081/4128/4128 1078/4129/4129 1079/4130/4130 1082/4131/4131
f 1068/4132/4132 1067/4133/4133 1114/4134/4134 1115/4135/4135
f 1097/4136/4136 1093/4137/4137 1080/4138/4138 1098/4139/4139
f 1098/4140/4140 1080/4141/4141 1081/4142/4142 1099/4143/4143
f 1099/4144/4144 1081/4145/4145 1082/4146/4146 1100/4147/4147
f 1100/4148/4148 1082/4149/4149 1083/4150/4150 1101/4151/4151
f 1/4152/4152 1068/4153/4153 1115/4154/4154
f 1101/4155/4155 1083/4156/4156 1084/4157/4157 1085/4158/4158
f 1254/4159/4159 1086/4160/4160 1103/4161/4161
f 1103/4162/4162 1086/4163/4163 1087/4164/4164 1104/4165/4165
f 1104/4166/4166 1087/4167/4167 1088/4168/4168 1105/4169/4169
f 1105/4170/4170 1088/4171/4171 1089/4172/4172 1106/4173/4173
f 1106/4174/4174 1089/4175/4175 1090/4176/4176 1094/4177/4177
f 1094/4178/4178 1090/4179/4179 1091/4180/4180 1095/4181/4181
f 1095/4182/4182 1091/4183/4183 1092/4184/4184 1096/4185/4185
f 1096/4186/4186 1092/4187/4187 1093/4188/4188 1097/4189/4189
f 1109/4190/4190 1106/4191/4191 1094/4192/4192 1110/4193/4193
f 1110/4194/4194 1094/4195/4195 1095/4196/4196 1111/4197/4197
f 1111/4198/4198 1095/4199/4199 1096/4200/4200 1112/4201/4201
f 1112/4202/4202 1096/4203/4203 1097/4204/4204 1113/4205/4205
f 1113/4206/4206 1097/4207/4207 1098/4208/4208 1116/4209/4209
f 1116/4210/4210 1098/4211/4211 1099/4212/4212 1117/4213/4213
f 1117/4214/4214 1099/4215/4215 1100/4216/4216 1118/4217/4217
f 1118/4218/4218 1100/4219/4219 1101/4220/4220 1102/4221/4221
f 1254/4222/4222 1103/4223/4223 1120/4224/4224
f 1120/4225/4225 1103/4226/4226 1104/4227/4227 1107/4228/4228
f 1107/4229/4229 1104/4230/4230 1105/4231/4231 1108/4232/4232
f 1108/4233/4233 1105/4234/4234 1106/4235/4235 1109/4236/4236
f 1121/4237/4237 1120/4238/4238 1107/4239/4239 1122/4240/4240
f 1122/4241/4241 1107/4242/4242 1108/4243/4243 1123/4244/4244
f 1123/4245/4245 1108/4246/4246 1109/4247/4247 1124/4248/4248
f 1124/4249/4249 1109/4250/4250 1110/4251/4251 1125/4252/4252
f 1125/4253/4253 1110/4254/4254 1111/4255/4255 1126/4256/4256
f 1126/4257/4257 1111/4258/4258 1112/4259/4259 1127/4260/4260
f 1127/4261/4261 1112/4262/4262 1113/4263/4263 1128/4264/4264
f 1128/4265/4265 1113/4266/4266 1116/4267/4267 1129/4268/4268
f 1129/4269/4269 1116/4270/4270 1117/4271/4271 1130/4272/4272
f 1130/4273/4273 1117/4274/4274 1118/4275/4275 1119/4276/4276
f 1254/4277/4277 1120/4278/4278 1121/4279/4279
f 1254/4280/4280 1121/4281/4281 1134/4282/4282
f 1134/4283/4283 1121/4284/4284 1122/4285/4285 1135/4286/4286
f 1135/4287/4287 1122/4288/4288 1123/4289/4289 1136/4290/4290
f 1136/4291/4291 1123/4292/4292 1124/4293/4293 1137/4294/4294
f 1137/4295/4295 1124/4296/4296 1125/4297/4297 1138/4298/4298
f 1138/4299/4299 1125/4300/4300 1126/4301/4301 1139/4302/4302
f 1139/4303/4303 1126/4304/4304 1127/4305/4305 1140/4306/4306
f 1140/4307/4307 1127/4308/4308 1128/4309/4309 1141/4310/4310
f 1141/4311/4311 1128/4312/4312 1129/4313/4313 1131/4314/4314
f 1131/4315/4315 1129/4316/4316 1130/4317/4317 1132/4318/4318
f 1144/4319/4319 1141/4320/4320 1131/4321/4321 1145/4322/4322
f 1145/4323/4323 1131/4324/4324 1132/4325/4325 1133/4326/4326
f 1254/4327/4327 1134/4328/4328 1146/4329/4329
f 1146/4330/4330 1134/4331/4331 1135/4332/4332 1147/4333/4333
f 1147/4334/4334 1135/4335/4335 1136/4336/4336 1148/4337/4337
f 1148/4338/4338 1136/4339/4339 1137/4340/4340 1149/4341/4341
f 1149/4342/4342 1137/4343/4343 1138/4344/4344 1150/4345/4345
f 1150/4346/4346 1138/4347/4347 1139/4348/4348 1142/4349/4349
f 1142/4350/4350 1139/4351/4351 1140/4352/4352 1143/4353/4353
f 1143/4354/4354 1140/4355/4355 1141/4356/4356 1144/4357/4357
f 1153/4358/4358 1150/4359/4359 1142/4360/4360 1154/4361/4361
f 1154/4362/4362 1142/4363/4363 1143/4364/4364 1155/4365/4365
f 1155/4366/4366 1143/4367/4367 1144/4368/4368 1156/4369/4369
f 1156/4370/4370 1144/4371/4371 1145/4372/4372 1157/4373/4373
f 1115/4374/4374 1114/4375/4375 1161/4376/4376 1162/4377/4377
f 1254/4378/4378 1146/4379/4379 1158/4380/4380
f 1158/4381/4381 1146/4382/4382 1147/4383/4383 1159/4384/4384
f 1159/4385/4385 1147/4386/4386 1148/4387/4387 1151/4388/4388
f 1/4389/4389 1115/4390/4390 1162/4391/4391
f 1151/4392/4392 1148/4393/4393 1149/4394/4394 1152/4395/4395
f 1152/4396/4396 1149/4397/4397 1150/4398/4398 1153/4399/4399
f 1163/4400/4400 1159/4401/4401 1151/4402/4402 1164/4403/4403
f 1164/4404/4404 1151/4405/4405 1152/4406/4406 1165/4407/4407
f 1165/4408/4408 1152/4409/4409 1153/4410/4410 1166/4411/4411
f 1166/4412/4412 1153/4413/4413 1154/4414/4414 1167/4415/4415
f 1167/4416/4416 1154/4417/4417 1155/4418/4418 1168/4419/4419
f 1168/4420/4420 1155/4421/4421 1156/4422/4422 1169/4423/4423
f 1162/4424/4424 1161/4425/4425 1208/4426/4426 1209/4427/4427
f 1169/4428/4428 1156/4429/4429 1157/4430/4430 1170/4431/4431
f 1254/4432/4432 1158/4433/4433 1160/4434/4434
f 1160/4435/4435 1158/4436/4436 1159/4437/4437 1163/4438/4438
f 1/4439/4439 1162/4440/4440 1209/4441/4441
f 1254/4442/4442 1160/4443/4443 1171/4444/4444
f 1171/4445/4445 1160/4446/4446 1163/4447/4447 1172/4448/4448
f 1172/4449/4449 1163/4450/4450 1164/4451/4451 1173/4452/4452
f 1173/4453/4453 1164/4454/4454 1165/4455/4455 1174/4456/4456
f 1174/4457/4457 1165/4458/4458 1166/4459/4459 1175/4460/4460
f 1175/4461/4461 1166/4462/4462 1167/4463/4463 1176/4464/4464
f 1176/4465/4465 1167/4466/4466 1168/4467/4467 1177/4468/4468
f 1177/4469/4469 1168/4470/4470 1169/4471/4471 1178/4472/4472
f 1178/4473/4473 1169/4474/4474 1170/4475/4475 1179/4476/4476
f 1254/4477/4477 1171/4478/4478 1183/4479/4479
f 1183/4480/4480 1171/4481/4481 1172/4482/4482 1184/4483/4483
f 1184/4484/4484 1172/4485/4485 1173/4486/4486 1185/4487/4487
f 1185/4488/4488 1173/4489/4489 1174/4490/4490 1186/4491/4491
f 1186/4492/4492 1174/4493/4493 1175/4494/4494 1187/4495/4495
f 1187/4496/4496 1175/4497/4497 1176/4498/4498 1188/4499/4499
f 1188/4500/4500 1176/4501/4501 1177/4502/4502 1180/4503/4503
f 1180/4504/4504 1177/4505/4505 1178/4506/4506 1181/4507/4507
f 1181/4508/4508 1178/4509/4509 1179/4510/4510 1182/4511/4511
f 1191/4512/4512 1188/4513/4513 1180/4514/4514 1192/4515/4515
f 1192/4516/4516 1180/4517/4517 1181/4518/4518 1193/4519/4519
f 1193/4520/4520 1181/4521/4521 1182/4522/4522 1194/4523/4523
f 1254/4524/4524 1183/4525/4525 1197/4526/4526
f 1197/4527/4527 1183/4528/4528 1184/4529/4529 1198/4530/4530
f 1198/4531/4531 1184/4532/4532 1185/4533/4533 1199/4534/4534
f 1199/4535/4535 1185/4536/4536 1186/4537/4537 1189/4538/4538
f 1189/4539/4539 1186/4540/4540 1187/4541/4541 1190/4542/4542
f 1190/4543/4543 1187/4544/4544 1188/4545/4545 1191/4546/4546
f 1202/4547/4547 1199/4548/4548 1189/4549/4549 1203/4550/4550
f 1203/4551/4551 1189/4552/4552 1190/4553/4553 1204/4554/4554
f 1204/4555/4555 1190/4556/4556 1191/4557/4557 1205/4558/4558
f 1205/4559/4559 1191/4560/4560 1192/4561/4561 1206/4562/4562
f 1206/4563/4563 1192/4564/4564 1193/4565/4565 1196/4566/4566
f 1196/4567/4567 1193/4568/4568 1194/4569/4569 1195/4570/4570
f 1254/4571/4571 1197/4572/4572 1200/4573/4573
f 1200/4574/4574 1197/4575/4575 1198/4576/4576 1201/4577/4577
f 1201/4578/4578 1198/4579/4579 1199/4580/4580 1202/4581/4581
f 1254/4582/4582 1200/4583/4583 1211/4584/4584
f 1211/4585/4585 1200/4586/4586 1201/4587/4587 1212/4588/4588
f 1212/4589/4589 1201/4590/4590 1202/4591/4591 1213/4592/4592
f 1213/4593/4593 1202/4594/4594 1203/4595/4595 1214/4596/4596
f 1214/4597/4597 1203/4598/4598 1204/4599/4599 1215/4600/4600
f 1215/4601/4601 1204/4602/4602 1205/4603/4603 1210/4604/4604
f 1210/4605/4605 1205/4606/4606 1206/4607/4607 1207/4608/4608
f 1254/4609/4609 1211/4610/4610 1217/4611/4611
f 1217/4612/4612 1211/4613/4613 1212/4614/4614 1218/4615/4615
f 1218/4616/4616 1212/4617/4617 1213/4618/4618 1219/4619/4619
f 1219/4620/4620 1213/4621/4621 1214/4622/4622 1220/4623/4623
f 1220/4624/4624 1214/4625/4625 1215/4626/4626 1216/4627/4627
f 1254/4628/4628 1217/4629/4629 1222/4630/4630
f 1222/4631/4631 1217/4632/4632 1218/4633/4633 1223/4634/4634
f 1223/4635/4635 1218/4636/4636 1219/4637/4637 1224/4638/4638
f 1224/4639/4639 1219/4640/4640 1220/4641/4641 1221/4642/4642
f 1254/4643/4643 1222/4644/4644 1225/4645/4645
f 1225/4646/4646 1222/4647/4647 1223/4648/4648 1226/4649/4649
f 1226/4650/4650 1223/4651/4651 1224/4652/4652 1227/4653/4653
f 1254/4654/4654 1225/4655/4655 1228/4656/4656
f 1209/4657/4657 1208/4658/4658 1255/4659/4659 1256/4660/4660
f 1228/4661/4661 1225/4662/4662 1226/4663/4663 1229/4664/4664
f 1229/4665/4665 1226/4666/4666 1227/4667/4667 1230/4668/4668
f 1254/4669/4669 1228/4670/4670 1232/4671/4671
f 1/4672/4672 1209/4673/4673 1256/4674/4674
f 1232/4675/4675 1228/4676/4676 1229/4677/4677 1233/4678/4678
f 1233/4679/4679 1229/4680/4680 1230/4681/4681 1231/4682/4682
f 1254/4683/4683 1232/4684/4684 1234/4685/4685
f 1234/4686/4686 1232/4687/4687 1233/4688/4688 1235/4689/4689
f 1254/4690/4690 1234/4691/4691 1237/4692/4692
f 1237/4693/4693 1234/4694/4694 1235/4695/4695 1236/4696/4696
f 1238/4697/4697 1237/4698/4698 1236/4699/4699 1239/4700/4700
f 1254/4701/4701 1237/4702/4702 1238/4703/4703
f 1254/4704/4704 1238/4705/4705 1240/4706/4706
f 1240/4707/4707 1238/4708/4708 1239/4709/4709 1241/4710/4710
f 1254/4711/4711 1240/4712/4712 1242/4713/4713
f 1242/4714/4714 1240/4715/4715 1241/4716/4716 1243/4717/4717
f 1254/4718/4718 1242/4719/4719 1245/4720/4720
f 1245/4721/4721 1242/4722/4722 1243/4723/4723 1244/4724/4724
f 1246/4725/4725 1245/4726/4726 1244/4727/4727 1247/4728/4728
f 1254/4729/4729 1245/4730/4730 1246/4731/4731
f 1254/4732/4732 1246/4733/4733 1248/4734/4734
f 1248/4735/4735 1246/4736/4736 1247/4737/4737 1249/4738/4738
f 1254/4739/4739 1248/4740/4740 1252/4741/4741
f 1252/4742/4742 1248/4743/4743 1249/4744/4744 1250/4745/4745
f 1253/4746/4746 1252/4747/4747 1250/4748/4748 1251/4749/4749
f 1254/4750/4750 1252/4751/4751 1253/4752/4752
