# right_forearm - exported from blender/silhouette.blend by tools/blender_export.py
o right_forearm
v -0.01961 0.03200 -0.01547
v -0.01950 0.03103 0.01548
v 0.01129 0.03453 0.01547
v 0.01118 0.03551 -0.01548
v -0.02326 -0.00294 -0.02445
v -0.02285 -0.00679 0.02116
v 0.02276 -0.00245 0.02109
v 0.02235 0.00141 -0.02452
v -0.00257 -0.26653 -0.06513
v -0.00186 -0.27419 -0.02535
v 0.03856 -0.27132 -0.02551
v 0.03785 -0.26365 -0.06530
v 0.01774 -0.50678 -0.11643
v 0.01856 -0.51623 -0.08218
v 0.05401 -0.51342 -0.08226
v 0.05318 -0.50397 -0.11651
v 0.02120 -0.66058 -0.13096
v 0.02778 -0.65896 -0.15054
v 0.01045 -0.65082 -0.15628
v 0.00367 -0.65247 -0.13653
v 0.02603 -0.90198 -0.18015
v 0.03042 -0.89954 -0.19211
v 0.01821 -0.89876 -0.19644
v 0.01382 -0.90121 -0.18447
v 0.01903 -1.09800 -0.22968
v 0.02027 -1.09727 -0.23305
v 0.01682 -1.09693 -0.23425
v 0.01558 -1.09765 -0.23087
v 0.03433 -0.66095 -0.15962
v 0.05481 -0.66080 -0.15996
v 0.05505 -0.65105 -0.17728
v 0.03420 -0.65130 -0.17704
v 0.04689 -0.95095 -0.20874
v 0.05987 -0.95089 -0.20860
v 0.06000 -0.94873 -0.22141
v 0.04701 -0.94879 -0.22155
v 0.04737 -1.18714 -0.25707
v 0.05102 -1.18721 -0.25705
v 0.05105 -1.18655 -0.26064
v 0.04740 -1.18648 -0.26066
v 0.06345 -0.65256 -0.12441
v 0.08414 -0.64271 -0.12677
v 0.07861 -0.64087 -0.15201
v 0.07696 -0.87948 -0.18865
v 0.07974 -0.88216 -0.17627
v 0.09242 -0.88146 -0.17897
v 0.08963 -0.87878 -0.19136
v 0.07833 -1.06136 -0.22881
v 0.07911 -1.06222 -0.22532
v 0.08270 -1.06212 -0.22611
v 0.08191 -1.06126 -0.22959
v -0.01935 -0.05772 -0.03260
v -0.01868 -0.06460 0.01295
v 0.02729 -0.06128 0.01276
v 0.02662 -0.05440 -0.03279
v -0.01497 -0.11242 -0.04100
v -0.01427 -0.11971 0.00302
v 0.03025 -0.11671 0.00281
v 0.02955 -0.10942 -0.04121
v -0.01077 -0.16491 -0.04905
v -0.01009 -0.17197 -0.00641
v 0.03304 -0.16906 -0.00661
v 0.03236 -0.16200 -0.04925
v -0.00668 -0.21594 -0.05687
v -0.00602 -0.22295 -0.01561
v 0.03575 -0.22011 -0.01580
v 0.03509 -0.21309 -0.05707
v 0.00192 -0.31896 -0.07567
v 0.00266 -0.32723 -0.03735
v 0.04176 -0.32433 -0.03749
v 0.04102 -0.31606 -0.07580
v 0.00620 -0.36850 -0.08606
v 0.00694 -0.37669 -0.04898
v 0.04482 -0.37385 -0.04910
v 0.04408 -0.36567 -0.08619
v 0.01029 -0.41579 -0.09599
v 0.01100 -0.42372 -0.06004
v 0.04772 -0.42098 -0.06016
v 0.04701 -0.41304 -0.09611
v 0.01426 -0.46172 -0.10562
v 0.01497 -0.46969 -0.07085
v 0.05056 -0.46701 -0.07096
v 0.04985 -0.45903 -0.10573
v 0.02021 -0.55713 -0.13475
v 0.01949 -0.57679 -0.09885
v 0.06432 -0.57614 -0.09885
v 0.06281 -0.56174 -0.13845
v 0.03484 -0.63567 -0.11619
v 0.04882 -0.65001 -0.15065
v 0.02800 -0.61664 -0.15524
v 0.01418 -0.61928 -0.12913
v 0.02000 -0.68632 -0.13726
v 0.02615 -0.68332 -0.15423
v 0.00910 -0.68172 -0.16023
v 0.00295 -0.68472 -0.14327
v 0.02083 -0.71246 -0.14243
v 0.02682 -0.70928 -0.15875
v 0.01021 -0.70879 -0.16474
v 0.00422 -0.71198 -0.14843
v 0.02153 -0.73634 -0.14715
v 0.02732 -0.73326 -0.16293
v 0.01125 -0.73279 -0.16873
v 0.00546 -0.73587 -0.15295
v 0.02219 -0.75891 -0.15161
v 0.02779 -0.75593 -0.16688
v 0.01224 -0.75547 -0.17250
v 0.00664 -0.75845 -0.15722
v 0.02282 -0.78058 -0.15589
v 0.02824 -0.77769 -0.17068
v 0.01319 -0.77725 -0.17611
v 0.00776 -0.78014 -0.16133
v 0.02343 -0.80157 -0.16004
v 0.02868 -0.79877 -0.17436
v 0.01411 -0.79835 -0.17962
v 0.00886 -0.80114 -0.16530
v 0.02403 -0.82201 -0.16408
v 0.02911 -0.81930 -0.17794
v 0.01500 -0.81889 -0.18303
v 0.00992 -0.82159 -0.16917
v 0.02461 -0.84199 -0.16803
v 0.02952 -0.83938 -0.18144
v 0.01587 -0.83898 -0.18636
v 0.01096 -0.84159 -0.17296
v 0.02518 -0.86159 -0.17190
v 0.02993 -0.85906 -0.18487
v 0.01673 -0.85867 -0.18964
v 0.01198 -0.86120 -0.17667
v 0.02574 -0.88089 -0.17572
v 0.03034 -0.87842 -0.18825
v 0.01757 -0.87798 -0.19284
v 0.01298 -0.88044 -0.18031
v 0.02531 -0.92854 -0.18660
v 0.02935 -0.92620 -0.19759
v 0.01813 -0.92516 -0.20149
v 0.01409 -0.92749 -0.19051
v 0.02462 -0.94835 -0.19154
v 0.02838 -0.94616 -0.20176
v 0.01793 -0.94512 -0.20539
v 0.01417 -0.94731 -0.19517
v 0.02408 -0.96397 -0.19544
v 0.02762 -0.96192 -0.20507
v 0.01778 -0.96094 -0.20848
v 0.01424 -0.96300 -0.19885
v 0.02359 -0.97790 -0.19892
v 0.02693 -0.97595 -0.20801
v 0.01764 -0.97503 -0.21123
v 0.01430 -0.97698 -0.20214
v 0.02314 -0.99071 -0.20212
v 0.02631 -0.98887 -0.21071
v 0.01752 -0.98800 -0.21376
v 0.01436 -0.98984 -0.20516
v 0.02272 -1.00272 -0.20511
v 0.02572 -1.00098 -0.21325
v 0.01740 -1.00015 -0.21613
v 0.01441 -1.00189 -0.20799
v 0.02233 -1.01409 -0.20795
v 0.02516 -1.01244 -0.21565
v 0.01729 -1.01166 -0.21838
v 0.01446 -1.01331 -0.21068
v 0.02195 -1.02495 -0.21066
v 0.02463 -1.02339 -0.21794
v 0.01718 -1.02265 -0.22052
v 0.01450 -1.02421 -0.21324
v 0.02158 -1.03538 -0.21326
v 0.02412 -1.03391 -0.22014
v 0.01708 -1.03321 -0.22258
v 0.01455 -1.03468 -0.21570
v 0.02123 -1.04545 -0.21578
v 0.02362 -1.04406 -0.22227
v 0.01698 -1.04340 -0.22457
v 0.01459 -1.04479 -0.21808
v 0.02089 -1.05520 -0.21821
v 0.02314 -1.05389 -0.22433
v 0.01689 -1.05327 -0.22650
v 0.01463 -1.05458 -0.22038
v 0.02056 -1.06467 -0.22057
v 0.02268 -1.06344 -0.22633
v 0.01679 -1.06285 -0.22837
v 0.01468 -1.06408 -0.22261
v 0.02024 -1.07389 -0.22287
v 0.02223 -1.07273 -0.22828
v 0.01670 -1.07219 -0.23019
v 0.01472 -1.07334 -0.22479
v 0.01992 -1.08289 -0.22512
v 0.02178 -1.08181 -0.23018
v 0.01662 -1.08129 -0.23197
v 0.01475 -1.08237 -0.22691
v 0.01962 -1.09168 -0.22731
v 0.02135 -1.09067 -0.23203
v 0.01653 -1.09019 -0.23371
v 0.01479 -1.09120 -0.22899
v 0.02693 -0.64435 -0.13390
v 0.06485 -0.65937 -0.14626
v 0.05944 -0.61166 -0.16082
v 0.03641 -0.68744 -0.16599
v 0.05481 -0.68697 -0.16575
v 0.05497 -0.68325 -0.18364
v 0.03657 -0.68372 -0.18389
v 0.03752 -0.71467 -0.17032
v 0.05537 -0.71417 -0.17007
v 0.05554 -0.71149 -0.18772
v 0.03770 -0.71199 -0.18797
v 0.03853 -0.73957 -0.17435
v 0.05587 -0.73908 -0.17410
v 0.05604 -0.73648 -0.19125
v 0.03870 -0.73697 -0.19150
v 0.03949 -0.76311 -0.17815
v 0.05635 -0.76263 -0.17791
v 0.05652 -0.76010 -0.19459
v 0.03965 -0.76058 -0.19483
v 0.04041 -0.78571 -0.18181
v 0.05681 -0.78525 -0.18157
v 0.05697 -0.78279 -0.19780
v 0.04057 -0.78325 -0.19803
v 0.04129 -0.80760 -0.18535
v 0.05726 -0.80715 -0.18512
v 0.05741 -0.80476 -0.20091
v 0.04145 -0.80521 -0.20113
v 0.04216 -0.82892 -0.18879
v 0.05769 -0.82849 -0.18857
v 0.05784 -0.82615 -0.20393
v 0.04231 -0.82659 -0.20415
v 0.04300 -0.84977 -0.19216
v 0.05811 -0.84934 -0.19195
v 0.05826 -0.84707 -0.20689
v 0.04315 -0.84750 -0.20711
v 0.04383 -0.87020 -0.19547
v 0.05853 -0.86979 -0.19526
v 0.05867 -0.86758 -0.20979
v 0.04398 -0.86800 -0.21000
v 0.04465 -0.89028 -0.19871
v 0.05894 -0.88988 -0.19851
v 0.05908 -0.88774 -0.21264
v 0.04479 -0.88814 -0.21285
v 0.04545 -0.91005 -0.20191
v 0.05934 -0.90966 -0.20171
v 0.05948 -0.90758 -0.21545
v 0.04559 -0.90797 -0.21565
v 0.04624 -0.92953 -0.20506
v 0.05974 -0.92921 -0.20487
v 0.05987 -0.92714 -0.21822
v 0.04637 -0.92747 -0.21840
v 0.04699 -0.97892 -0.21428
v 0.05905 -0.97910 -0.21419
v 0.05917 -0.97694 -0.22606
v 0.04711 -0.97676 -0.22615
v 0.04697 -1.00007 -0.21856
v 0.05830 -1.00029 -0.21849
v 0.05841 -0.99823 -0.22964
v 0.04708 -0.99801 -0.22971
v 0.04695 -1.01681 -0.22195
v 0.05770 -1.01702 -0.22189
v 0.05780 -1.01506 -0.23246
v 0.04705 -1.01485 -0.23253
v 0.04693 -1.03172 -0.22498
v 0.05717 -1.03192 -0.22491
v 0.05726 -1.03006 -0.23498
v 0.04703 -1.02985 -0.23504
v 0.04692 -1.04544 -0.22776
v 0.05668 -1.04563 -0.22770
v 0.05677 -1.04385 -0.23729
v 0.04701 -1.04366 -0.23735
v 0.04690 -1.05829 -0.23036
v 0.05622 -1.05847 -0.23030
v 0.05631 -1.05678 -0.23946
v 0.04699 -1.05660 -0.23952
v 0.04689 -1.07047 -0.23283
v 0.05578 -1.07064 -0.23277
v 0.05587 -1.06902 -0.24152
v 0.04698 -1.06885 -0.24157
v 0.04688 -1.08210 -0.23519
v 0.05537 -1.08226 -0.23513
v 0.05545 -1.08072 -0.24348
v 0.04696 -1.08055 -0.24353
v 0.04687 -1.09327 -0.23745
v 0.05497 -1.09343 -0.23740
v 0.05504 -1.09195 -0.24536
v 0.04695 -1.09179 -0.24541
v 0.04686 -1.10405 -0.23963
v 0.05458 -1.10420 -0.23959
v 0.05466 -1.10279 -0.24718
v 0.04693 -1.10264 -0.24723
v 0.04684 -1.11449 -0.24175
v 0.05421 -1.11463 -0.24170
v 0.05428 -1.11329 -0.24895
v 0.04692 -1.11315 -0.24899
v 0.04683 -1.12463 -0.24380
v 0.05385 -1.12476 -0.24376
v 0.05391 -1.12349 -0.25066
v 0.04690 -1.12335 -0.25070
v 0.04682 -1.13450 -0.24580
v 0.05349 -1.13463 -0.24576
v 0.05356 -1.13342 -0.25232
v 0.04689 -1.13329 -0.25236
v 0.04681 -1.14414 -0.24776
v 0.05315 -1.14426 -0.24772
v 0.05321 -1.14311 -0.25395
v 0.04687 -1.14298 -0.25399
v 0.04680 -1.15355 -0.24967
v 0.05281 -1.15367 -0.24963
v 0.05287 -1.15258 -0.25554
v 0.04686 -1.15246 -0.25558
v 0.04679 -1.16277 -0.25153
v 0.05248 -1.16288 -0.25150
v 0.05254 -1.16185 -0.25709
v 0.04685 -1.16174 -0.25713
v 0.04678 -1.17181 -0.25336
v 0.05216 -1.17192 -0.25333
v 0.05221 -1.17094 -0.25862
v 0.04683 -1.17083 -0.25865
v 0.04677 -1.18068 -0.25516
v 0.05184 -1.18078 -0.25513
v 0.05189 -1.17986 -0.26012
v 0.04682 -1.17976 -0.26015
v 0.06687 -0.68349 -0.15122
v 0.07044 -0.68660 -0.13407
v 0.08795 -0.68422 -0.13773
v 0.08420 -0.68118 -0.15516
v 0.06783 -0.70956 -0.15664
v 0.07159 -0.71274 -0.13980
v 0.08872 -0.71136 -0.14336
v 0.08496 -0.70818 -0.16020
v 0.06915 -0.73345 -0.16112
v 0.07277 -0.73652 -0.14488
v 0.08929 -0.73519 -0.14831
v 0.08566 -0.73212 -0.16455
v 0.07040 -0.75604 -0.16535
v 0.07389 -0.75900 -0.14968
v 0.08983 -0.75772 -0.15300
v 0.08633 -0.75476 -0.16867
v 0.07159 -0.77773 -0.16942
v 0.07497 -0.78059 -0.15430
v 0.09034 -0.77935 -0.15749
v 0.08697 -0.77649 -0.17262
v 0.07275 -0.79874 -0.17335
v 0.07601 -0.80150 -0.15876
v 0.09084 -0.80030 -0.16185
v 0.08759 -0.79755 -0.17644
v 0.07388 -0.81920 -0.17719
v 0.07702 -0.82186 -0.16311
v 0.09133 -0.82070 -0.16609
v 0.08819 -0.81805 -0.18016
v 0.07498 -0.83920 -0.18094
v 0.07801 -0.84176 -0.16737
v 0.09181 -0.84065 -0.17024
v 0.08878 -0.83809 -0.18381
v 0.07606 -0.85876 -0.18460
v 0.07898 -0.86128 -0.17154
v 0.09227 -0.86027 -0.17432
v 0.08936 -0.85774 -0.18738
v 0.07720 -0.90492 -0.19423
v 0.07975 -0.90764 -0.18295
v 0.09135 -0.90725 -0.18549
v 0.08880 -0.90453 -0.19677
v 0.07725 -0.92407 -0.19852
v 0.07961 -0.92665 -0.18807
v 0.09037 -0.92634 -0.19043
v 0.08801 -0.92376 -0.20088
v 0.07729 -0.93925 -0.20192
v 0.07951 -0.94167 -0.19212
v 0.08960 -0.94138 -0.19433
v 0.08738 -0.93896 -0.20414
v 0.07732 -0.95278 -0.20495
v 0.07941 -0.95506 -0.19573
v 0.08891 -0.95479 -0.19781
v 0.08683 -0.95251 -0.20704
v 0.07736 -0.96523 -0.20774
v 0.07933 -0.96738 -0.19905
v 0.08828 -0.96712 -0.20101
v 0.08631 -0.96498 -0.20971
v 0.07739 -0.97690 -0.21035
v 0.07925 -0.97892 -0.20215
v 0.08769 -0.97868 -0.20400
v 0.08583 -0.97665 -0.21221
v 0.07742 -0.98795 -0.21283
v 0.07917 -0.98986 -0.20510
v 0.08713 -0.98963 -0.20684
v 0.08538 -0.98772 -0.21457
v 0.07745 -0.99850 -0.21519
v 0.07910 -1.00030 -0.20791
v 0.08659 -1.00008 -0.20955
v 0.08495 -0.99829 -0.21684
v 0.07747 -1.00864 -0.21746
v 0.07902 -1.01033 -0.21061
v 0.08608 -1.01013 -0.21216
v 0.08453 -1.00844 -0.21901
v 0.07750 -1.01842 -0.21965
v 0.07896 -1.02001 -0.21322
v 0.08558 -1.01982 -0.21467
v 0.08413 -1.01823 -0.22111
v 0.07753 -1.02789 -0.22178
v 0.07889 -1.02938 -0.21574
v 0.08510 -1.02921 -0.21711
v 0.08374 -1.02772 -0.22314
v 0.07755 -1.03710 -0.22384
v 0.07883 -1.03849 -0.21820
v 0.08463 -1.03832 -0.21947
v 0.08336 -1.03693 -0.22511
v 0.07757 -1.04606 -0.22584
v 0.07876 -1.04736 -0.22059
v 0.08418 -1.04720 -0.22177
v 0.08299 -1.04590 -0.22703
v 0.07760 -1.05480 -0.22780
v 0.07870 -1.05601 -0.22292
v 0.08374 -1.05586 -0.22402
v 0.08263 -1.05466 -0.22890
v 0.02721 -0.64819 -0.12915
v 0.03320 -0.64774 -0.14811
v 0.01927 -0.63604 -0.15304
v 0.01300 -0.63652 -0.13381
v 0.03389 -0.64877 -0.15246
v 0.05305 -0.64894 -0.15385
v 0.05331 -0.63620 -0.16702
v 0.03361 -0.63617 -0.16577
v 0.01264 -0.56352 -0.11684
v 0.04336 -0.63374 -0.16713
v 0.01342 -0.60333 -0.11644
v 0.02264 -0.58801 -0.14663
v 0.01688 -0.61811 -0.14115
v 0.05548 -0.64186 -0.15992
v 0.01908 -0.63352 -0.13152
v 0.03027 -0.64315 -0.12531
v 0.04338 -0.64982 -0.15094
v 0.02862 -0.61394 -0.10656
v 0.03127 -0.64171 -0.15816
v 0.04157 -0.57394 -0.09141
v 0.06961 -0.56374 -0.11659
v -0.02298 0.03356 0.00001
v 0.03953 -0.55456 -0.14209
v 0.06084 -0.59108 -0.15486
v 0.01523 -0.63391 -0.14385
v 0.04569 -0.61483 -0.16155
v 0.02769 -0.64111 -0.15281
v 0.03739 -0.63675 -0.15628
v 0.03458 -0.64855 -0.14252
v 0.05330 -0.65492 -0.13791
v 0.03253 -0.64881 -0.13791
v 0.04669 -0.64136 -0.11843
v 0.06339 -0.61583 -0.10738
v 0.07708 -0.64860 -0.12222
v 0.07763 -0.61074 -0.11487
v 0.02007 -0.64160 -0.12895
v 0.08505 -0.63883 -0.13785
v 0.07545 -0.60095 -0.14449
v 0.06823 -0.62452 -0.15936
v 0.06265 -0.64591 -0.15566
v 0.07157 -0.65532 -0.15148
v 0.05951 -0.65432 -0.14811
v 0.06289 -0.66082 -0.13755
v -0.00452 0.03619 -0.01863
v -0.00441 0.03520 0.01863
v 0.01406 0.03784 -0.00001
v 0.01716 -1.09838 -0.23002
v 0.01582 -1.09773 -0.23279
v 0.01867 -1.09750 -0.23411
v 0.02001 -1.09815 -0.23134
v 0.04698 -1.18728 -0.25896
v 0.04922 -1.18692 -0.26113
v 0.05142 -1.18737 -0.25893
v 0.04918 -1.18773 -0.25677
v 0.08002 -1.06169 -0.22968
v 0.08268 -1.06215 -0.22805
v 0.08098 -1.06273 -0.22546
v 0.07832 -1.06227 -0.22709
v -0.02330 0.01927 -0.02083
v -0.03161 -0.00568 -0.00163
v -0.02308 0.01720 0.02044
v 0.00003 -0.00535 0.02968
v 0.01805 0.02161 0.02041
v 0.03111 0.00029 -0.00173
v 0.01782 0.02368 -0.02086
v -0.00053 -0.00004 -0.03304
v -0.02155 -0.02957 -0.02829
v -0.02764 -0.06179 -0.00979
v -0.02098 -0.03520 0.01796
v 0.00443 -0.06423 0.02140
v 0.02550 -0.03137 0.01783
v 0.03557 -0.05721 -0.01005
v 0.02493 -0.02574 -0.02843
v 0.00351 -0.05477 -0.04123
v -0.01714 -0.08542 -0.03686
v -0.02297 -0.11663 -0.01895
v -0.01643 -0.09275 0.00788
v 0.00812 -0.11958 0.01117
v 0.02881 -0.08967 0.00767
v 0.03825 -0.11250 -0.01924
v 0.02810 -0.08234 -0.03707
v 0.00716 -0.10955 -0.04936
v -0.01286 -0.13888 -0.04506
v -0.01852 -0.16899 -0.02769
v -0.01217 -0.14605 -0.00173
v 0.01160 -0.17184 0.00148
v 0.03165 -0.14310 -0.00194
v 0.04078 -0.16499 -0.02797
v 0.03097 -0.13592 -0.04526
v 0.01067 -0.16213 -0.05715
v -0.00871 -0.19059 -0.05299
v -0.01418 -0.21998 -0.03620
v -0.00805 -0.19757 -0.01103
v 0.01499 -0.22285 -0.00797
v 0.03440 -0.19470 -0.01123
v 0.04325 -0.21607 -0.03647
v 0.03373 -0.18773 -0.05319
v 0.01408 -0.21320 -0.06471
v -0.00466 -0.24105 -0.06079
v -0.00980 -0.27090 -0.04521
v -0.00398 -0.24833 -0.02025
v 0.01848 -0.27419 -0.01797
v 0.03712 -0.24548 -0.02043
v 0.04579 -0.26695 -0.04544
v 0.03643 -0.23820 -0.06097
v 0.01751 -0.26365 -0.07267
v -0.00034 -0.29278 -0.07023
v -0.00504 -0.32364 -0.05648
v 0.00039 -0.30082 -0.03120
v 0.02235 -0.32733 -0.03023
v 0.04014 -0.29792 -0.03135
v 0.04872 -0.31965 -0.05667
v 0.03941 -0.28988 -0.07038
v 0.02133 -0.31595 -0.08292
v 0.00410 -0.34415 -0.08095
v -0.00053 -0.37312 -0.06750
v 0.00484 -0.35245 -0.04328
v 0.02601 -0.37680 -0.04209
v 0.04332 -0.34957 -0.04341
v 0.05155 -0.36923 -0.06767
v 0.04257 -0.34128 -0.08108
v 0.02500 -0.36555 -0.09308
v 0.00826 -0.39233 -0.09106
v 0.00376 -0.42027 -0.07799
v 0.00898 -0.40039 -0.05455
v 0.02949 -0.42384 -0.05336
v 0.04628 -0.39760 -0.05468
v 0.05425 -0.41649 -0.07816
v 0.04556 -0.38954 -0.09119
v 0.02851 -0.41293 -0.10279
v 0.01229 -0.43893 -0.10084
v 0.00795 -0.46621 -0.08821
v 0.01299 -0.44677 -0.06546
v 0.03290 -0.46985 -0.06439
v 0.04914 -0.44407 -0.06558
v 0.05687 -0.46251 -0.08837
v 0.04844 -0.43622 -0.10096
v 0.03192 -0.45888 -0.11219
v 0.01616 -0.48419 -0.11050
v 0.01150 -0.51203 -0.09930
v 0.01691 -0.49269 -0.07631
v 0.03644 -0.51660 -0.07580
v 0.05205 -0.48999 -0.07641
v 0.06024 -0.50817 -0.09940
v 0.05130 -0.48149 -0.11059
v 0.03530 -0.50360 -0.12289
v 0.01890 -0.53033 -0.12441
v 0.01962 -0.54170 -0.08901
v 0.05721 -0.53900 -0.08907
v 0.05622 -0.52797 -0.12480
v 0.02501 -0.65306 -0.12797
v 0.02776 -0.66129 -0.13969
v 0.03203 -0.65217 -0.14994
v 0.02037 -0.65458 -0.15710
v 0.01481 -0.63982 -0.15594
v 0.00379 -0.65013 -0.14747
v 0.00735 -0.64076 -0.13356
v 0.01118 -0.65684 -0.13006
v 0.01973 -0.67237 -0.13435
v 0.02627 -0.68512 -0.14462
v 0.02596 -0.66995 -0.15199
v 0.01878 -0.68196 -0.16042
v 0.00887 -0.66588 -0.15773
v 0.00283 -0.68292 -0.15288
v 0.00261 -0.66830 -0.14007
v 0.01032 -0.68608 -0.13708
v 0.02045 -0.69979 -0.13993
v 0.02694 -0.71096 -0.14946
v 0.02654 -0.69658 -0.15653
v 0.01963 -0.70844 -0.16480
v 0.00966 -0.69595 -0.16261
v 0.00410 -0.71030 -0.15771
v 0.00357 -0.69915 -0.14600
v 0.01141 -0.71282 -0.14237
v 0.02119 -0.72460 -0.14483
v 0.02743 -0.73489 -0.15395
v 0.02707 -0.72147 -0.16087
v 0.02037 -0.73245 -0.16879
v 0.01074 -0.72100 -0.16677
v 0.00535 -0.73424 -0.16193
v 0.00485 -0.72413 -0.15073
v 0.01241 -0.73668 -0.14709
v 0.02186 -0.74775 -0.14941
v 0.02790 -0.75750 -0.15819
v 0.02755 -0.74472 -0.16493
v 0.02106 -0.75514 -0.17255
v 0.01175 -0.74426 -0.17063
v 0.00652 -0.75688 -0.16591
v 0.00606 -0.74729 -0.15511
v 0.01336 -0.75924 -0.15155
v 0.02251 -0.76984 -0.15377
v 0.02835 -0.77922 -0.16227
v 0.02802 -0.76691 -0.16880
v 0.02173 -0.77693 -0.17617
v 0.01272 -0.76646 -0.17432
v 0.00765 -0.77861 -0.16974
v 0.00721 -0.76939 -0.15929
v 0.01427 -0.78090 -0.15584
v 0.02313 -0.79115 -0.15798
v 0.02879 -0.80025 -0.16621
v 0.02846 -0.78831 -0.17253
v 0.02238 -0.79804 -0.17967
v 0.01365 -0.78788 -0.17788
v 0.00875 -0.79966 -0.17345
v 0.00831 -0.79071 -0.16333
v 0.01516 -0.80188 -0.15999
v 0.02373 -0.81185 -0.16207
v 0.02921 -0.82073 -0.17005
v 0.02889 -0.80910 -0.17616
v 0.02301 -0.81859 -0.18308
v 0.01456 -0.80868 -0.18133
v 0.00981 -0.82017 -0.17706
v 0.00939 -0.81143 -0.16725
v 0.01602 -0.82231 -0.16403
v 0.02432 -0.83205 -0.16607
v 0.02963 -0.84076 -0.17381
v 0.02932 -0.82939 -0.17970
v 0.02362 -0.83869 -0.18641
v 0.01544 -0.82899 -0.18471
v 0.01086 -0.84021 -0.18059
v 0.01044 -0.83165 -0.17108
v 0.01686 -0.84228 -0.16798
v 0.02489 -0.85183 -0.16997
v 0.03003 -0.86039 -0.17749
v 0.02973 -0.84926 -0.18316
v 0.02423 -0.85839 -0.18968
v 0.01631 -0.84887 -0.18801
v 0.01188 -0.85986 -0.18405
v 0.01147 -0.85144 -0.17482
v 0.01769 -0.86187 -0.17185
v 0.02546 -0.87126 -0.17381
v 0.03043 -0.87974 -0.18112
v 0.03014 -0.86877 -0.18656
v 0.02482 -0.87774 -0.19289
v 0.01716 -0.86838 -0.19125
v 0.01288 -0.87912 -0.18744
v 0.01248 -0.87087 -0.17850
v 0.01850 -0.88112 -0.17566
v 0.02599 -0.89073 -0.17769
v 0.03052 -0.90091 -0.18532
v 0.03050 -0.88828 -0.18999
v 0.02514 -0.89869 -0.19652
v 0.01797 -0.88769 -0.19447
v 0.01373 -0.89984 -0.19126
v 0.01345 -0.89014 -0.18217
v 0.01910 -0.90205 -0.18006
v 0.02575 -0.91532 -0.18333
v 0.02944 -0.92757 -0.19136
v 0.02997 -0.91292 -0.19482
v 0.02450 -0.92525 -0.20160
v 0.01823 -0.91198 -0.19893
v 0.01400 -0.92613 -0.19673
v 0.01401 -0.91438 -0.18744
v 0.01894 -0.92845 -0.18649
v 0.02494 -0.93938 -0.18930
v 0.02846 -0.94745 -0.19597
v 0.02882 -0.93712 -0.19987
v 0.02386 -0.94523 -0.20549
v 0.01802 -0.93606 -0.20362
v 0.01409 -0.94602 -0.20096
v 0.01413 -0.93832 -0.19305
v 0.01869 -0.94824 -0.19144
v 0.02434 -0.95644 -0.19356
v 0.02769 -0.96313 -0.19961
v 0.02799 -0.95431 -0.20347
v 0.02336 -0.96104 -0.20857
v 0.01785 -0.95331 -0.20699
v 0.01416 -0.96179 -0.20430
v 0.01421 -0.95543 -0.19707
v 0.01849 -0.96387 -0.19534
v 0.02383 -0.97110 -0.19722
v 0.02700 -0.97710 -0.20286
v 0.02727 -0.96910 -0.20657
v 0.02292 -0.97513 -0.21132
v 0.01771 -0.96815 -0.20988
v 0.01423 -0.97583 -0.20729
v 0.01427 -0.97015 -0.20054
v 0.01832 -0.97780 -0.19882
v 0.02336 -0.98442 -0.20055
v 0.02637 -0.98996 -0.20584
v 0.02661 -0.98253 -0.20938
v 0.02251 -0.98809 -0.21385
v 0.01758 -0.98163 -0.21252
v 0.01429 -0.98876 -0.21003
v 0.01433 -0.98353 -0.20368
v 0.01816 -0.99062 -0.20203
v 0.02293 -0.99680 -0.20364
v 0.02578 -1.00200 -0.20864
v 0.02601 -0.99501 -0.21200
v 0.02212 -1.00024 -0.21621
v 0.01746 -0.99416 -0.21496
v 0.01434 -1.00087 -0.21260
v 0.01438 -0.99595 -0.20660
v 0.01800 -1.00263 -0.20503
v 0.02252 -1.00847 -0.20655
v 0.02522 -1.01341 -0.21129
v 0.02544 -1.00678 -0.21446
v 0.02176 -1.01174 -0.21846
v 0.01734 -1.00598 -0.21727
v 0.01440 -1.01234 -0.21504
v 0.01443 -1.00767 -0.20935
v 0.01786 -1.01401 -0.20787
v 0.02214 -1.01958 -0.20932
v 0.02468 -1.02431 -0.21382
v 0.02489 -1.01797 -0.21681
v 0.02141 -1.02273 -0.22060
v 0.01724 -1.01721 -0.21946
v 0.01445 -1.02329 -0.21737
v 0.01448 -1.01882 -0.21197
v 0.01772 -1.02487 -0.21059
v 0.02176 -1.03021 -0.21197
v 0.02417 -1.03478 -0.21625
v 0.02437 -1.02870 -0.21905
v 0.02107 -1.03328 -0.22265
v 0.01713 -1.02798 -0.22156
v 0.01450 -1.03382 -0.21960
v 0.01453 -1.02950 -0.21448
v 0.01759 -1.03531 -0.21319
v 0.02141 -1.04046 -0.21453
v 0.02367 -1.04488 -0.21859
v 0.02387 -1.03903 -0.22122
v 0.02075 -1.04347 -0.22464
v 0.01703 -1.03835 -0.22359
v 0.01454 -1.04397 -0.22176
v 0.01457 -1.03978 -0.21690
v 0.01746 -1.04538 -0.21571
v 0.02106 -1.05036 -0.21700
v 0.02319 -1.05466 -0.22086
v 0.02338 -1.04901 -0.22331
v 0.02044 -1.05333 -0.22656
v 0.01693 -1.04837 -0.22554
v 0.01459 -1.05381 -0.22385
v 0.01461 -1.04972 -0.21924
v 0.01734 -1.05513 -0.21815
v 0.02072 -1.05997 -0.21940
v 0.02272 -1.06416 -0.22307
v 0.02291 -1.05870 -0.22534
v 0.02013 -1.06291 -0.22843
v 0.01684 -1.05809 -0.22744
v 0.01463 -1.06336 -0.22587
v 0.01466 -1.05936 -0.22150
v 0.01722 -1.06461 -0.22051
v 0.02040 -1.06931 -0.22173
v 0.02227 -1.07341 -0.22522
v 0.02245 -1.06811 -0.22731
v 0.01984 -1.07224 -0.23025
v 0.01675 -1.06755 -0.22929
v 0.01467 -1.07266 -0.22785
v 0.01470 -1.06874 -0.22371
v 0.01710 -1.07383 -0.22282
v 0.02008 -1.07842 -0.22400
v 0.02182 -1.08244 -0.22731
v 0.02200 -1.07730 -0.22923
v 0.01955 -1.08135 -0.23202
v 0.01666 -1.07677 -0.23109
v 0.01472 -1.08174 -0.22978
v 0.01474 -1.07788 -0.22586
v 0.01699 -1.08283 -0.22507
v 0.01977 -1.08731 -0.22622
v 0.02139 -1.09127 -0.22936
v 0.02157 -1.08626 -0.23111
v 0.01927 -1.09024 -0.23375
v 0.01657 -1.08577 -0.23284
v 0.01476 -1.09061 -0.23166
v 0.01477 -1.08681 -0.22796
v 0.01688 -1.09163 -0.22727
v 0.01941 -1.09571 -0.22845
v 0.02102 -1.09477 -0.23283
v 0.01655 -1.09433 -0.23438
v 0.01494 -1.09527 -0.23001
v 0.03273 -0.65350 -0.15440
v 0.04456 -0.66270 -0.15653
v 0.05510 -0.65363 -0.15564
v 0.05880 -0.65589 -0.16868
v 0.05553 -0.63987 -0.17226
v 0.04463 -0.64936 -0.18042
v 0.03230 -0.63997 -0.17126
v 0.03039 -0.65616 -0.16827
v 0.03569 -0.67300 -0.16351
v 0.04558 -0.68791 -0.16252
v 0.05459 -0.67263 -0.16335
v 0.05834 -0.68502 -0.17465
v 0.05473 -0.66669 -0.18095
v 0.04580 -0.68279 -0.18712
v 0.03578 -0.66706 -0.18112
v 0.03304 -0.68567 -0.17499
v 0.03699 -0.70145 -0.16820
v 0.04641 -0.71492 -0.16689
v 0.05510 -0.70095 -0.16794
v 0.05880 -0.71273 -0.17885
v 0.05527 -0.69811 -0.18582
v 0.04665 -0.71124 -0.19115
v 0.03716 -0.69861 -0.18607
v 0.03427 -0.71342 -0.17920
v 0.03804 -0.72733 -0.17237
v 0.04717 -0.73981 -0.17101
v 0.05562 -0.72684 -0.17212
v 0.05921 -0.73769 -0.18263
v 0.05580 -0.72420 -0.18952
v 0.04741 -0.73623 -0.19459
v 0.03821 -0.72469 -0.18977
v 0.03537 -0.73836 -0.18297
v 0.03902 -0.75148 -0.17627
v 0.04789 -0.76335 -0.17491
v 0.05611 -0.75099 -0.17603
v 0.05960 -0.76128 -0.18621
v 0.05628 -0.74843 -0.19294
v 0.04812 -0.75986 -0.19784
v 0.03919 -0.74891 -0.19319
v 0.03641 -0.76193 -0.18654
v 0.03995 -0.77451 -0.18000
v 0.04858 -0.78594 -0.17865
v 0.05658 -0.77404 -0.17976
v 0.05997 -0.78393 -0.18964
v 0.05675 -0.77155 -0.19621
v 0.04880 -0.78256 -0.20096
v 0.04012 -0.77201 -0.19645
v 0.03741 -0.78457 -0.18996
v 0.04085 -0.79674 -0.18359
v 0.04925 -0.80783 -0.18227
v 0.05703 -0.79628 -0.18336
v 0.06033 -0.80587 -0.19297
v 0.05719 -0.79385 -0.19937
v 0.04946 -0.80453 -0.20398
v 0.04101 -0.79431 -0.19960
v 0.03838 -0.80649 -0.19328
v 0.04173 -0.81833 -0.18708
v 0.04990 -0.82914 -0.18580
v 0.05747 -0.81788 -0.18686
v 0.06068 -0.82724 -0.19621
v 0.05763 -0.81552 -0.20243
v 0.05011 -0.82593 -0.20692
v 0.04188 -0.81596 -0.20265
v 0.03932 -0.82784 -0.19652
v 0.04258 -0.83940 -0.19049
v 0.05053 -0.84998 -0.18925
v 0.05790 -0.83897 -0.19027
v 0.06102 -0.84813 -0.19938
v 0.05805 -0.83667 -0.20542
v 0.05074 -0.84686 -0.20980
v 0.04273 -0.83710 -0.20564
v 0.04025 -0.84871 -0.19967
v 0.04342 -0.86003 -0.19382
v 0.05115 -0.87041 -0.19264
v 0.05832 -0.85961 -0.19361
v 0.06136 -0.86861 -0.20249
v 0.05847 -0.85737 -0.20835
v 0.05135 -0.86737 -0.21262
v 0.04357 -0.85779 -0.20856
v 0.04115 -0.86918 -0.20277
v 0.04424 -0.88028 -0.19710
v 0.05177 -0.89049 -0.19596
v 0.05873 -0.87988 -0.19689
v 0.06169 -0.88873 -0.20554
v 0.05888 -0.87770 -0.21122
v 0.05196 -0.88753 -0.21539
v 0.04439 -0.87811 -0.21143
v 0.04204 -0.88929 -0.20582
v 0.04505 -0.90021 -0.20032
v 0.05237 -0.91025 -0.19923
v 0.05914 -0.89981 -0.20012
v 0.06201 -0.90855 -0.20854
v 0.05928 -0.89769 -0.21405
v 0.05256 -0.90738 -0.21812
v 0.04519 -0.89809 -0.21425
v 0.04291 -0.90908 -0.20881
v 0.04585 -0.91983 -0.20349
v 0.05296 -0.92976 -0.20246
v 0.05954 -0.91945 -0.20329
v 0.06233 -0.92811 -0.21151
v 0.05967 -0.91739 -0.21684
v 0.05315 -0.92692 -0.22081
v 0.04598 -0.91777 -0.21703
v 0.04378 -0.92856 -0.21176
v 0.04662 -0.93944 -0.20669
v 0.05336 -0.95132 -0.20627
v 0.05990 -0.93923 -0.20652
v 0.06237 -0.94980 -0.21498
v 0.06003 -0.93713 -0.21965
v 0.05353 -0.94836 -0.22388
v 0.04674 -0.93734 -0.21981
v 0.04451 -0.94988 -0.21517
v 0.04699 -0.96491 -0.21145
v 0.05300 -0.97941 -0.21201
v 0.05953 -0.96499 -0.21135
v 0.06137 -0.97806 -0.22011
v 0.05965 -0.96282 -0.22370
v 0.05316 -0.97644 -0.22833
v 0.04711 -0.96274 -0.22381
v 0.04479 -0.97780 -0.22023
v 0.04698 -0.99048 -0.21662
v 0.05261 -1.00057 -0.21644
v 0.05864 -0.99070 -0.21655
v 0.06048 -0.99930 -0.22405
v 0.05875 -0.98858 -0.22802
v 0.05276 -0.99773 -0.23176
v 0.04709 -0.98836 -0.22809
v 0.04490 -0.99900 -0.22415
v 0.04696 -1.00873 -0.22032
v 0.05230 -1.01728 -0.21994
v 0.05799 -1.00895 -0.22025
v 0.05977 -1.01608 -0.22716
v 0.05809 -1.00694 -0.23110
v 0.05245 -1.01459 -0.23448
v 0.04706 -1.00673 -0.23117
v 0.04499 -1.01579 -0.22725
v 0.04694 -1.02444 -0.22350
v 0.05203 -1.03217 -0.22306
v 0.05743 -1.02465 -0.22344
v 0.05913 -1.03102 -0.22993
v 0.05753 -1.02274 -0.23375
v 0.05217 -1.02961 -0.23689
v 0.04704 -1.02253 -0.23381
v 0.04506 -1.03075 -0.23002
v 0.04693 -1.03870 -0.22639
v 0.05178 -1.04587 -0.22593
v 0.05692 -1.03890 -0.22633
v 0.05855 -1.04478 -0.23248
v 0.05701 -1.03708 -0.23616
v 0.05191 -1.04343 -0.23912
v 0.04702 -1.03688 -0.23622
v 0.04514 -1.04451 -0.23257
v 0.04691 -1.05196 -0.22908
v 0.05154 -1.05870 -0.22862
v 0.05644 -1.05215 -0.22902
v 0.05801 -1.05766 -0.23487
v 0.05653 -1.05041 -0.23839
v 0.05167 -1.05637 -0.24121
v 0.04700 -1.05022 -0.23845
v 0.04520 -1.05741 -0.23495
v 0.04690 -1.06445 -0.23161
v 0.05132 -1.07086 -0.23116
v 0.05600 -1.06463 -0.23155
v 0.05749 -1.06987 -0.23713
v 0.05608 -1.06298 -0.24050
v 0.05144 -1.06863 -0.24318
v 0.04699 -1.06280 -0.24056
v 0.04527 -1.06963 -0.23721
v 0.04689 -1.07634 -0.23402
v 0.05111 -1.08247 -0.23359
v 0.05557 -1.07651 -0.23397
v 0.05700 -1.08152 -0.23930
v 0.05566 -1.07493 -0.24251
v 0.05122 -1.08035 -0.24507
v 0.04697 -1.07476 -0.24256
v 0.04533 -1.08129 -0.23937
v 0.04687 -1.08773 -0.23633
v 0.05090 -1.09362 -0.23593
v 0.05516 -1.08790 -0.23628
v 0.05652 -1.09272 -0.24137
v 0.05524 -1.08639 -0.24443
v 0.05101 -1.09160 -0.24688
v 0.04695 -1.08622 -0.24448
v 0.04539 -1.09250 -0.24144
v 0.04686 -1.09870 -0.23855
v 0.05070 -1.10439 -0.23818
v 0.05477 -1.09886 -0.23850
v 0.05607 -1.10352 -0.24338
v 0.05485 -1.09742 -0.24628
v 0.05081 -1.10245 -0.24863
v 0.04694 -1.09726 -0.24633
v 0.04544 -1.10331 -0.24344
v 0.04685 -1.10931 -0.24070
v 0.05051 -1.11481 -0.24037
v 0.05439 -1.10945 -0.24065
v 0.05562 -1.11399 -0.24532
v 0.05447 -1.10808 -0.24807
v 0.05061 -1.11297 -0.25033
v 0.04692 -1.10793 -0.24812
v 0.04550 -1.11379 -0.24538
v 0.04684 -1.11959 -0.24278
v 0.05033 -1.12493 -0.24249
v 0.05403 -1.11973 -0.24274
v 0.05519 -1.12415 -0.24720
v 0.05410 -1.11843 -0.24981
v 0.05042 -1.12318 -0.25197
v 0.04691 -1.11828 -0.24985
v 0.04555 -1.12396 -0.24726
v 0.04683 -1.12960 -0.24481
v 0.05015 -1.13479 -0.24455
v 0.05367 -1.12973 -0.24477
v 0.05478 -1.13405 -0.24904
v 0.05373 -1.12849 -0.25150
v 0.05023 -1.13313 -0.25357
v 0.04689 -1.12835 -0.25154
v 0.04560 -1.13387 -0.24909
v 0.04682 -1.13935 -0.24679
v 0.04997 -1.14441 -0.24657
v 0.05332 -1.13947 -0.24675
v 0.05437 -1.14371 -0.25083
v 0.05338 -1.13829 -0.25314
v 0.05005 -1.14283 -0.25514
v 0.04688 -1.13816 -0.25318
v 0.04566 -1.14354 -0.25088
v 0.04681 -1.14887 -0.24872
v 0.04980 -1.15382 -0.24854
v 0.05298 -1.14899 -0.24868
v 0.05397 -1.15315 -0.25258
v 0.05304 -1.14787 -0.25475
v 0.04988 -1.15231 -0.25667
v 0.04687 -1.14775 -0.25479
v 0.04570 -1.15298 -0.25263
v 0.04680 -1.15819 -0.25060
v 0.04963 -1.16302 -0.25047
v 0.05265 -1.15830 -0.25057
v 0.05358 -1.16239 -0.25429
v 0.05270 -1.15724 -0.25632
v 0.04970 -1.16160 -0.25816
v 0.04685 -1.15712 -0.25636
v 0.04575 -1.16223 -0.25434
v 0.04679 -1.16731 -0.25245
v 0.04946 -1.17205 -0.25236
v 0.05232 -1.16742 -0.25242
v 0.05319 -1.17145 -0.25597
v 0.05237 -1.16641 -0.25786
v 0.04953 -1.17070 -0.25963
v 0.04684 -1.16631 -0.25790
v 0.04580 -1.17130 -0.25602
v 0.04678 -1.17626 -0.25427
v 0.04930 -1.18090 -0.25421
v 0.05200 -1.17637 -0.25424
v 0.05282 -1.18034 -0.25762
v 0.05205 -1.17542 -0.25937
v 0.04937 -1.17963 -0.26107
v 0.04683 -1.17531 -0.25940
v 0.04585 -1.18020 -0.25766
v 0.04687 -1.18477 -0.25609
v 0.05160 -1.18486 -0.25606
v 0.05164 -1.18400 -0.26071
v 0.04692 -1.18391 -0.26074
v 0.06673 -0.66988 -0.14782
v 0.06539 -0.68549 -0.14194
v 0.06949 -0.67178 -0.13044
v 0.07988 -0.68599 -0.13266
v 0.08699 -0.66675 -0.13384
v 0.08934 -0.68226 -0.14716
v 0.08336 -0.66449 -0.15228
v 0.07484 -0.68176 -0.15644
v 0.06719 -0.69688 -0.15420
v 0.06650 -0.71141 -0.14755
v 0.07098 -0.70010 -0.13708
v 0.08086 -0.71264 -0.13842
v 0.08840 -0.69857 -0.14070
v 0.09005 -0.70951 -0.15245
v 0.08459 -0.69536 -0.15786
v 0.07569 -0.70827 -0.16158
v 0.06850 -0.72171 -0.15892
v 0.06787 -0.73524 -0.15236
v 0.07219 -0.72483 -0.14238
v 0.08171 -0.73643 -0.14355
v 0.08901 -0.72348 -0.14588
v 0.09057 -0.73340 -0.15708
v 0.08532 -0.72035 -0.16242
v 0.07673 -0.73221 -0.16588
v 0.06978 -0.74488 -0.16326
v 0.06916 -0.75776 -0.15690
v 0.07334 -0.74789 -0.14731
v 0.08252 -0.75891 -0.14840
v 0.08956 -0.74658 -0.15068
v 0.09107 -0.75600 -0.16145
v 0.08600 -0.74357 -0.16663
v 0.07771 -0.75485 -0.16995
v 0.07100 -0.76698 -0.16740
v 0.07040 -0.77939 -0.16126
v 0.07443 -0.76989 -0.15201
v 0.08329 -0.78050 -0.15306
v 0.09009 -0.76863 -0.15527
v 0.09154 -0.77769 -0.16565
v 0.08665 -0.76572 -0.17066
v 0.07865 -0.77658 -0.17385
v 0.07218 -0.78831 -0.17140
v 0.07160 -0.80034 -0.16548
v 0.07549 -0.79112 -0.15655
v 0.08404 -0.80142 -0.15757
v 0.09059 -0.78990 -0.15969
v 0.09200 -0.79870 -0.16972
v 0.08728 -0.78710 -0.17454
v 0.07956 -0.79763 -0.17763
v 0.07332 -0.80903 -0.17528
v 0.07277 -0.82075 -0.16959
v 0.07652 -0.81174 -0.16095
v 0.08476 -0.82178 -0.16196
v 0.09109 -0.81056 -0.16398
v 0.09244 -0.81916 -0.17369
v 0.08789 -0.80786 -0.17831
v 0.08045 -0.81813 -0.18132
v 0.07443 -0.82925 -0.17907
v 0.07391 -0.84069 -0.17362
v 0.07752 -0.83186 -0.16525
v 0.08548 -0.84169 -0.16626
v 0.09157 -0.83073 -0.16817
v 0.09288 -0.83916 -0.17756
v 0.08849 -0.82812 -0.18200
v 0.08131 -0.83817 -0.18492
v 0.07552 -0.84905 -0.18278
v 0.07503 -0.86021 -0.17755
v 0.07850 -0.85157 -0.16946
v 0.08617 -0.86125 -0.17048
v 0.09204 -0.85048 -0.17228
v 0.09331 -0.85881 -0.18137
v 0.08907 -0.84796 -0.18560
v 0.08216 -0.85778 -0.18844
v 0.07657 -0.86853 -0.18645
v 0.07597 -0.88095 -0.18196
v 0.07943 -0.87113 -0.17368
v 0.08660 -0.88232 -0.17530
v 0.09247 -0.87025 -0.17642
v 0.09340 -0.87999 -0.18567
v 0.08960 -0.86765 -0.18920
v 0.08277 -0.87862 -0.19233
v 0.07714 -0.89227 -0.19142
v 0.07630 -0.90635 -0.18812
v 0.07981 -0.89501 -0.17957
v 0.08603 -0.90796 -0.18210
v 0.09197 -0.89448 -0.18220
v 0.09225 -0.90582 -0.19160
v 0.08929 -0.89175 -0.19404
v 0.08252 -0.90421 -0.19762
v 0.07722 -0.91537 -0.19657
v 0.07641 -0.92541 -0.19286
v 0.07967 -0.91803 -0.18575
v 0.08544 -0.92698 -0.18729
v 0.09081 -0.91771 -0.18819
v 0.09121 -0.92499 -0.19610
v 0.08837 -0.91504 -0.19902
v 0.08218 -0.92343 -0.20166
v 0.07727 -0.93193 -0.20028
v 0.07650 -0.94052 -0.19661
v 0.07956 -0.93443 -0.19017
v 0.08497 -0.94198 -0.19139
v 0.08997 -0.93413 -0.19245
v 0.09039 -0.94012 -0.19965
v 0.08768 -0.93163 -0.20257
v 0.08192 -0.93865 -0.20487
v 0.07731 -0.94618 -0.20348
v 0.07659 -0.95397 -0.19995
v 0.07946 -0.94853 -0.19397
v 0.08456 -0.95535 -0.19504
v 0.08925 -0.94825 -0.19611
v 0.08965 -0.95360 -0.20281
v 0.08710 -0.94590 -0.20562
v 0.08168 -0.95222 -0.20773
v 0.07734 -0.95912 -0.20637
v 0.07666 -0.96636 -0.20303
v 0.07937 -0.96133 -0.19742
v 0.08417 -0.96766 -0.19840
v 0.08859 -0.96107 -0.19944
v 0.08898 -0.96600 -0.20573
v 0.08657 -0.95886 -0.20840
v 0.08147 -0.96470 -0.21036
v 0.07737 -0.97115 -0.20907
v 0.07673 -0.97796 -0.20591
v 0.07929 -0.97324 -0.20062
v 0.08382 -0.97918 -0.20154
v 0.08798 -0.97299 -0.20253
v 0.08835 -0.97762 -0.20845
v 0.08607 -0.97090 -0.21097
v 0.08126 -0.97640 -0.21282
v 0.07740 -0.98249 -0.21161
v 0.07680 -0.98895 -0.20864
v 0.07921 -0.98446 -0.20364
v 0.08348 -0.99010 -0.20452
v 0.08741 -0.98422 -0.20544
v 0.08775 -0.98863 -0.21104
v 0.08560 -0.98226 -0.21340
v 0.08107 -0.98748 -0.21515
v 0.07743 -0.99328 -0.21402
v 0.07687 -0.99944 -0.21124
v 0.07913 -0.99513 -0.20652
v 0.08315 -1.00053 -0.20737
v 0.08686 -0.99491 -0.20821
v 0.08718 -0.99914 -0.21350
v 0.08516 -0.99306 -0.21572
v 0.08089 -0.99806 -0.21738
v 0.07746 -1.00362 -0.21634
v 0.07693 -1.00952 -0.21375
v 0.07906 -1.00536 -0.20927
v 0.08284 -1.01055 -0.21010
v 0.08633 -1.00515 -0.21087
v 0.08663 -1.00924 -0.21587
v 0.08474 -1.00341 -0.21793
v 0.08071 -1.00822 -0.21952
v 0.07749 -1.01357 -0.21857
v 0.07699 -1.01925 -0.21616
v 0.07899 -1.01521 -0.21193
v 0.08254 -1.02021 -0.21274
v 0.08583 -1.01501 -0.21343
v 0.08610 -1.01899 -0.21816
v 0.08433 -1.01337 -0.22007
v 0.08054 -1.01803 -0.22159
v 0.07751 -1.02319 -0.22072
v 0.07704 -1.02867 -0.21850
v 0.07892 -1.02473 -0.21449
v 0.08225 -1.02957 -0.21529
v 0.08534 -1.02455 -0.21590
v 0.08558 -1.02843 -0.22038
v 0.08393 -1.02301 -0.22213
v 0.08038 -1.02753 -0.22359
v 0.07754 -1.03253 -0.22281
v 0.07710 -1.03783 -0.22078
v 0.07886 -1.03397 -0.21698
v 0.08197 -1.03867 -0.21778
v 0.08487 -1.03380 -0.21830
v 0.08508 -1.03760 -0.22253
v 0.08355 -1.03236 -0.22413
v 0.08022 -1.03675 -0.22553
v 0.07756 -1.04161 -0.22485
v 0.07715 -1.04674 -0.22299
v 0.07880 -1.04295 -0.21940
v 0.08170 -1.04752 -0.22019
v 0.08441 -1.04279 -0.22063
v 0.08460 -1.04652 -0.22462
v 0.08317 -1.04144 -0.22608
v 0.08006 -1.04574 -0.22742
v 0.07759 -1.05046 -0.22683
v 0.07721 -1.05543 -0.22515
v 0.07873 -1.05171 -0.22176
v 0.08143 -1.05616 -0.22255
v 0.08396 -1.05156 -0.22290
v 0.08413 -1.05523 -0.22667
v 0.08281 -1.05031 -0.22797
v 0.07991 -1.05450 -0.22927
v 0.07773 -1.05885 -0.22863
v 0.07875 -1.05997 -0.22411
v 0.08341 -1.05983 -0.22513
v 0.08239 -1.05872 -0.22965
v 0.00632 -0.09258 0.01617
v -0.02527 -0.08966 -0.01445
v 0.00159 -0.02660 -0.03703
v 0.03393 -0.02784 -0.00533
v 0.00237 -0.03434 0.02657
v -0.02998 -0.03310 -0.00514
v 0.01317 -0.59249 -0.13009
v 0.07827 -0.60209 -0.12789
v -0.00281 0.02208 -0.02855
v 0.02558 0.02371 -0.00023
v -0.00250 0.01927 0.02813
v -0.03090 0.01764 -0.00019
v 0.08048 -1.06319 -0.22781
v 0.04918 -1.18833 -0.25913
v 0.01790 -1.09893 -0.23229
v 0.07440 -0.62453 -0.11319
v -0.00510 0.04080 0.00000
v 0.04318 -0.64024 -0.15749
v 0.07122 -0.60525 -0.15468
v 0.02538 -0.63975 -0.14057
v 0.06516 -0.65172 -0.15198
v 0.05868 -0.65642 -0.14128
v 0.04532 -0.61151 -0.10374
v 0.04147 -0.58635 -0.15419
v 0.02012 -0.62453 -0.11755
v 0.05434 -0.63413 -0.16088
v 0.02482 -0.63696 -0.14530
v 0.04211 -0.65183 -0.13236
v 0.03694 -0.08543 -0.01474
v 0.00535 -0.08251 -0.04535
v -0.02073 -0.14302 -0.02336
v 0.00987 -0.14592 0.00629
v 0.03953 -0.13896 -0.02364
v 0.00893 -0.13606 -0.05328
v -0.01634 -0.19462 -0.03197
v 0.01330 -0.19744 -0.00326
v 0.04202 -0.19068 -0.03225
v 0.01238 -0.18785 -0.06096
v -0.01203 -0.24522 -0.04048
v 0.01670 -0.24827 -0.01274
v 0.04448 -0.24130 -0.04073
v 0.01576 -0.23826 -0.06848
v -0.00743 -0.29734 -0.05069
v 0.02040 -0.30088 -0.02396
v 0.04723 -0.29336 -0.05089
v 0.01940 -0.28982 -0.07762
v -0.00275 -0.34884 -0.06209
v 0.02422 -0.35257 -0.03628
v 0.05016 -0.34489 -0.06227
v 0.02319 -0.34116 -0.08808
v 0.00163 -0.39688 -0.07279
v 0.02777 -0.40051 -0.04777
v 0.05291 -0.39305 -0.07295
v 0.02677 -0.38943 -0.09797
v 0.00587 -0.44336 -0.08313
v 0.03120 -0.44689 -0.05889
v 0.05557 -0.43964 -0.08329
v 0.03023 -0.43610 -0.10754
v 0.00994 -0.48895 -0.09339
v 0.03462 -0.49293 -0.06995
v 0.05827 -0.48523 -0.09352
v 0.03359 -0.48125 -0.11696
v 0.01235 -0.53632 -0.10674
v 0.03856 -0.54219 -0.08246
v 0.06357 -0.53277 -0.10684
v 0.03725 -0.52702 -0.13115
v 0.03188 -0.65493 -0.13784
v 0.02487 -0.64576 -0.15716
v 0.00786 -0.63783 -0.14583
v 0.01487 -0.64700 -0.12652
v 0.02605 -0.67192 -0.14210
v 0.01858 -0.66747 -0.15817
v 0.00253 -0.66633 -0.14998
v 0.01000 -0.67079 -0.13390
v 0.02666 -0.69830 -0.14709
v 0.01924 -0.69567 -0.16268
v 0.00345 -0.69744 -0.15544
v 0.01087 -0.70007 -0.13985
v 0.02719 -0.72313 -0.15175
v 0.02001 -0.72065 -0.16683
v 0.00473 -0.72247 -0.15985
v 0.01192 -0.72495 -0.14477
v 0.02767 -0.74633 -0.15610
v 0.02072 -0.74392 -0.17069
v 0.00594 -0.74569 -0.16394
v 0.01289 -0.74809 -0.14935
v 0.02813 -0.76846 -0.16025
v 0.02140 -0.76613 -0.17438
v 0.00709 -0.76784 -0.16784
v 0.01382 -0.77016 -0.15371
v 0.02857 -0.78981 -0.16425
v 0.02206 -0.78756 -0.17793
v 0.00820 -0.78921 -0.17161
v 0.01472 -0.79146 -0.15793
v 0.02900 -0.81055 -0.16814
v 0.02269 -0.80838 -0.18139
v 0.00928 -0.80998 -0.17526
v 0.01559 -0.81216 -0.16202
v 0.02942 -0.83080 -0.17194
v 0.02332 -0.82869 -0.18476
v 0.01034 -0.83024 -0.17883
v 0.01644 -0.83235 -0.16601
v 0.02983 -0.85062 -0.17566
v 0.02392 -0.84858 -0.18806
v 0.01137 -0.85008 -0.18232
v 0.01728 -0.85212 -0.16993
v 0.03023 -0.87009 -0.17931
v 0.02452 -0.86811 -0.19130
v 0.01238 -0.86955 -0.18575
v 0.01809 -0.87153 -0.17377
v 0.03059 -0.88962 -0.18300
v 0.02508 -0.88752 -0.19454
v 0.01336 -0.88880 -0.18916
v 0.01887 -0.89090 -0.17763
v 0.03006 -0.91430 -0.18830
v 0.02489 -0.91200 -0.19903
v 0.01392 -0.91301 -0.19396
v 0.01909 -0.91530 -0.18323
v 0.02891 -0.93845 -0.19389
v 0.02415 -0.93617 -0.20373
v 0.01405 -0.93699 -0.19904
v 0.01881 -0.93927 -0.18920
v 0.02806 -0.95556 -0.19786
v 0.02360 -0.95341 -0.20709
v 0.01413 -0.95418 -0.20269
v 0.01859 -0.95633 -0.19346
v 0.02734 -0.97028 -0.20127
v 0.02313 -0.96825 -0.20998
v 0.01420 -0.96898 -0.20583
v 0.01840 -0.97100 -0.19713
v 0.02668 -0.98365 -0.20438
v 0.02271 -0.98173 -0.21261
v 0.01426 -0.98241 -0.20868
v 0.01824 -0.98433 -0.20045
v 0.02607 -0.99607 -0.20726
v 0.02231 -0.99425 -0.21505
v 0.01432 -0.99490 -0.21134
v 0.01808 -0.99671 -0.20355
v 0.02550 -1.00778 -0.20998
v 0.02194 -1.00606 -0.21735
v 0.01437 -1.00667 -0.21384
v 0.01793 -1.00839 -0.20647
v 0.02495 -1.01892 -0.21257
v 0.02158 -1.01729 -0.21954
v 0.01442 -1.01787 -0.21621
v 0.01779 -1.01950 -0.20924
v 0.02442 -1.02959 -0.21504
v 0.02124 -1.02806 -0.22164
v 0.01447 -1.02860 -0.21849
v 0.01766 -1.03014 -0.21190
v 0.02392 -1.03987 -0.21743
v 0.02091 -1.03842 -0.22365
v 0.01452 -1.03894 -0.22069
v 0.01753 -1.04039 -0.21446
v 0.02343 -1.04981 -0.21974
v 0.02059 -1.04844 -0.22561
v 0.01457 -1.04893 -0.22281
v 0.01740 -1.05029 -0.21694
v 0.02296 -1.05944 -0.22197
v 0.02028 -1.05816 -0.22750
v 0.01461 -1.05862 -0.22487
v 0.01728 -1.05990 -0.21934
v 0.02249 -1.06882 -0.22415
v 0.01998 -1.06761 -0.22934
v 0.01465 -1.06804 -0.22687
v 0.01716 -1.06925 -0.22167
v 0.02204 -1.07796 -0.22627
v 0.01969 -1.07682 -0.23114
v 0.01470 -1.07723 -0.22882
v 0.01705 -1.07836 -0.22395
v 0.02161 -1.08688 -0.22834
v 0.01941 -1.08582 -0.23289
v 0.01474 -1.08620 -0.23072
v 0.01693 -1.08726 -0.22617
v 0.02106 -1.09537 -0.23036
v 0.01909 -1.09442 -0.23444
v 0.01491 -1.09476 -0.23249
v 0.01687 -1.09571 -0.22842
v 0.04390 -0.65612 -0.15180
v 0.05965 -0.64668 -0.16411
v 0.04391 -0.63721 -0.17484
v 0.02816 -0.64665 -0.16253
v 0.04512 -0.67393 -0.16013
v 0.05821 -0.66959 -0.17212
v 0.04527 -0.66576 -0.18434
v 0.03218 -0.67010 -0.17234
v 0.04601 -0.70173 -0.16472
v 0.05858 -0.69943 -0.17683
v 0.04625 -0.69783 -0.18930
v 0.03368 -0.70013 -0.17718
v 0.04680 -0.72758 -0.16898
v 0.05901 -0.72542 -0.18077
v 0.04704 -0.72395 -0.19290
v 0.03483 -0.72610 -0.18112
v 0.04753 -0.75172 -0.17298
v 0.05940 -0.74962 -0.18444
v 0.04777 -0.74819 -0.19623
v 0.03590 -0.75028 -0.18478
v 0.04824 -0.77475 -0.17679
v 0.05978 -0.77271 -0.18794
v 0.04846 -0.77131 -0.19941
v 0.03691 -0.77335 -0.18827
v 0.04891 -0.79696 -0.18047
v 0.06015 -0.79498 -0.19132
v 0.04913 -0.79362 -0.20248
v 0.03790 -0.79561 -0.19164
v 0.04957 -0.81855 -0.18405
v 0.06050 -0.81662 -0.19460
v 0.04979 -0.81530 -0.20546
v 0.03885 -0.81723 -0.19491
v 0.05022 -0.83961 -0.18754
v 0.06085 -0.83774 -0.19780
v 0.05042 -0.83645 -0.20837
v 0.03979 -0.83833 -0.19810
v 0.05084 -0.86024 -0.19095
v 0.06119 -0.85841 -0.20094
v 0.05105 -0.85716 -0.21122
v 0.04070 -0.85899 -0.20123
v 0.05146 -0.88049 -0.19430
v 0.06152 -0.87871 -0.20402
v 0.05166 -0.87750 -0.21401
v 0.04160 -0.87927 -0.20430
v 0.05207 -0.90040 -0.19760
v 0.06185 -0.89868 -0.20705
v 0.05226 -0.89749 -0.21676
v 0.04248 -0.89922 -0.20732
v 0.05267 -0.92003 -0.20085
v 0.06217 -0.91835 -0.21003
v 0.05285 -0.91719 -0.21947
v 0.04335 -0.91887 -0.21030
v 0.05324 -0.93973 -0.20414
v 0.06246 -0.93814 -0.21305
v 0.05341 -0.93684 -0.22219
v 0.04419 -0.93843 -0.21328
v 0.05324 -0.96536 -0.20908
v 0.06194 -0.96392 -0.21751
v 0.05340 -0.96237 -0.22607
v 0.04470 -0.96381 -0.21765
v 0.05279 -0.99099 -0.21443
v 0.06088 -0.98969 -0.22227
v 0.05294 -0.98808 -0.23020
v 0.04485 -0.98938 -0.22237
v 0.05245 -1.00922 -0.21825
v 0.06011 -1.00799 -0.22566
v 0.05260 -1.00646 -0.23317
v 0.04494 -1.00769 -0.22575
v 0.05216 -1.02490 -0.22154
v 0.05944 -1.02373 -0.22858
v 0.05230 -1.02228 -0.23571
v 0.04503 -1.02345 -0.22867
v 0.05190 -1.03914 -0.22452
v 0.05884 -1.03803 -0.23123
v 0.05204 -1.03664 -0.23803
v 0.04510 -1.03776 -0.23132
v 0.05166 -1.05238 -0.22729
v 0.05828 -1.05131 -0.23369
v 0.05179 -1.04999 -0.24018
v 0.04517 -1.05106 -0.23378
v 0.05143 -1.06485 -0.22990
v 0.05775 -1.06384 -0.23602
v 0.05155 -1.06258 -0.24221
v 0.04524 -1.06359 -0.23609
v 0.05121 -1.07673 -0.23239
v 0.05724 -1.07576 -0.23823
v 0.05133 -1.07455 -0.24414
v 0.04530 -1.07552 -0.23830
v 0.05100 -1.08810 -0.23477
v 0.05676 -1.08717 -0.24034
v 0.05111 -1.08602 -0.24598
v 0.04536 -1.08695 -0.24041
v 0.05080 -1.09905 -0.23707
v 0.05629 -1.09817 -0.24238
v 0.05091 -1.09707 -0.24776
v 0.04542 -1.09795 -0.24245
v 0.05061 -1.10964 -0.23928
v 0.05584 -1.10880 -0.24435
v 0.05071 -1.10775 -0.24949
v 0.04547 -1.10859 -0.24442
v 0.05042 -1.11991 -0.24144
v 0.05541 -1.11911 -0.24626
v 0.05051 -1.11811 -0.25115
v 0.04553 -1.11891 -0.24633
v 0.05024 -1.12990 -0.24353
v 0.05498 -1.12913 -0.24812
v 0.05033 -1.12818 -0.25278
v 0.04558 -1.12895 -0.24818
v 0.05006 -1.13963 -0.24557
v 0.05457 -1.13891 -0.24994
v 0.05014 -1.13801 -0.25436
v 0.04563 -1.13873 -0.24999
v 0.04988 -1.14914 -0.24756
v 0.05417 -1.14845 -0.25171
v 0.04996 -1.14760 -0.25591
v 0.04568 -1.14829 -0.25176
v 0.04971 -1.15844 -0.24951
v 0.05377 -1.15779 -0.25344
v 0.04979 -1.15698 -0.25742
v 0.04573 -1.15763 -0.25349
v 0.04954 -1.16756 -0.25142
v 0.05338 -1.16694 -0.25513
v 0.04962 -1.16617 -0.25890
v 0.04578 -1.16679 -0.25518
v 0.04938 -1.17649 -0.25329
v 0.05301 -1.17591 -0.25680
v 0.04945 -1.17519 -0.26035
v 0.04582 -1.17577 -0.25684
v 0.04922 -1.18502 -0.25522
v 0.05250 -1.18449 -0.25839
v 0.04929 -1.18384 -0.26160
v 0.04601 -1.18437 -0.25843
v 0.06502 -0.67187 -0.13861
v 0.07903 -0.66976 -0.12886
v 0.08834 -0.66450 -0.14364
v 0.07443 -0.66712 -0.15324
v 0.06582 -0.69877 -0.14496
v 0.08040 -0.69994 -0.13568
v 0.08976 -0.69668 -0.14996
v 0.07518 -0.69552 -0.15924
v 0.06720 -0.72352 -0.14999
v 0.08129 -0.72474 -0.14103
v 0.09032 -0.72166 -0.15480
v 0.07622 -0.72045 -0.16377
v 0.06852 -0.74663 -0.15465
v 0.08212 -0.74780 -0.14600
v 0.09082 -0.74483 -0.15929
v 0.07722 -0.74366 -0.16794
v 0.06978 -0.76867 -0.15910
v 0.08290 -0.76981 -0.15075
v 0.09130 -0.76694 -0.16357
v 0.07818 -0.76581 -0.17192
v 0.07100 -0.78994 -0.16338
v 0.08366 -0.79104 -0.15533
v 0.09177 -0.78827 -0.16770
v 0.07911 -0.78718 -0.17576
v 0.07218 -0.81061 -0.16755
v 0.08440 -0.81166 -0.15978
v 0.09222 -0.80899 -0.17172
v 0.08000 -0.80794 -0.17949
v 0.07334 -0.83077 -0.17162
v 0.08512 -0.83179 -0.16412
v 0.09266 -0.82921 -0.17563
v 0.08088 -0.82820 -0.18313
v 0.07447 -0.85051 -0.17559
v 0.08583 -0.85150 -0.16838
v 0.09309 -0.84902 -0.17947
v 0.08174 -0.84803 -0.18669
v 0.07556 -0.86999 -0.17955
v 0.08649 -0.87118 -0.17265
v 0.09348 -0.86879 -0.18332
v 0.08255 -0.86760 -0.19022
v 0.07620 -0.89374 -0.18500
v 0.08639 -0.89526 -0.17866
v 0.09291 -0.89302 -0.18861
v 0.08272 -0.89150 -0.19495
v 0.07636 -0.91676 -0.19071
v 0.08570 -0.91837 -0.18494
v 0.09168 -0.91631 -0.19406
v 0.08234 -0.91470 -0.19982
v 0.07646 -0.93323 -0.19480
v 0.08519 -0.93474 -0.18941
v 0.09078 -0.93282 -0.19794
v 0.08205 -0.93131 -0.20332
v 0.07655 -0.94741 -0.19832
v 0.08476 -0.94883 -0.19326
v 0.09001 -0.94702 -0.20127
v 0.08180 -0.94560 -0.20633
v 0.07663 -0.96028 -0.20152
v 0.08436 -0.96162 -0.19675
v 0.08931 -0.95991 -0.20430
v 0.08157 -0.95857 -0.20906
v 0.07670 -0.97224 -0.20449
v 0.08399 -0.97350 -0.19999
v 0.08866 -0.97190 -0.20711
v 0.08136 -0.97064 -0.21160
v 0.07677 -0.98352 -0.20729
v 0.08364 -0.98471 -0.20305
v 0.08804 -0.98319 -0.20976
v 0.08117 -0.98200 -0.21400
v 0.07683 -0.99425 -0.20995
v 0.08331 -0.99537 -0.20596
v 0.08746 -0.99394 -0.21228
v 0.08098 -0.99282 -0.21628
v 0.07690 -1.00453 -0.21251
v 0.08300 -1.00558 -0.20875
v 0.08690 -1.00424 -0.21470
v 0.08080 -1.00319 -0.21846
v 0.07696 -1.01443 -0.21497
v 0.08269 -1.01542 -0.21143
v 0.08636 -1.01416 -0.21703
v 0.08062 -1.01316 -0.22056
v 0.07702 -1.02400 -0.21734
v 0.08240 -1.02493 -0.21403
v 0.08584 -1.02374 -0.21928
v 0.08046 -1.02281 -0.22259
v 0.07707 -1.03328 -0.21965
v 0.08211 -1.03415 -0.21654
v 0.08533 -1.03304 -0.22146
v 0.08029 -1.03217 -0.22457
v 0.07713 -1.04231 -0.22189
v 0.08183 -1.04312 -0.21899
v 0.08484 -1.04209 -0.22358
v 0.08014 -1.04127 -0.22648
v 0.07718 -1.05111 -0.22408
v 0.08156 -1.05187 -0.22138
v 0.08436 -1.05090 -0.22565
v 0.07998 -1.05015 -0.22835
v 0.07737 -1.05948 -0.22619
v 0.08127 -1.06016 -0.22378
v 0.08377 -1.05930 -0.22759
v 0.07987 -1.05862 -0.23000
vt 0.0300 0.5000
vt 0.0300 0.5000
vt 0.0300 0.5000
vt 0.0300 0.5000
vt 0.0300 0.5000
vt 0.0300 0.5000
vt 0.0300 0.5000
vt 0.0300 0.5000
vt 0.0300 0.5000
vt 0.0300 0.5000
vt 0.0300 0.5000
vt 0.0300 0.5000
vt 0.0300 0.5000
vt 0.0300 0.5000
vt 0.0300 0.5000
vt 0.0300 0.5000
vt 0.0300 0.5000
vt 0.0300 0.5000
vt 0.0300 0.5000
vt 0.0300 0.5000
vt 0.0300 0.5000
vt 0.0300 0.5000
vt 0.0300 0.5000
vt 0.0300 0.5000
vt 0.0300 0.5000
vt 0.0300 0.5000
vt 0.0300 0.5000
vt 0.0300 0.5000
vt 0.0300 0.5000
vt 0.0300 0.5000
vt 0.0300 0.5000
vt 0.0300 0.5000
vt 0.0300 0.5000
vt 0.0300 0.5000
vt 0.0300 0.5000
vt 0.0300 0.5000
vt 0.0300 0.5000
vt 0.0300 0.5000
vt 0.0300 0.5000
vt 0.0300 0.5000
vt 0.0300 0.5000
vt 0.0300 0.5000
vt 0.0300 0.5000
vt 0.0300 0.5000
vt 0.0300 0.5000
vt 0.0300 0.5000
vt 0.0300 0.5000
vt 0.0300 0.5000
vt 0.0300 0.5000
vt 0.0300 0.5000
vt 0.0300 0.5000
vt 0.0300 0.5000
vt 0.0300 0.5000
vt 0.0300 0.5000
vt 0.0300 0.5000
vt 0.0300 0.5000
vt 0.0300 0.5000
vt 0.0300 0.5000
vt 0.0300 0.5000
vt 0.0300 0.5000
vt 0.0300 0.5000
vt 0.0300 0.5000
vt 0.0300 0.5000
vt 0.0300 0.5000
vt 0.0300 0.5000
vt 0.0300 0.5000
vt 0.0300 0.5000
vt 0.0300 0.5000
vt 0.0300 0.5000
vt 0.0300 0.5000
vt 0.0300 0.5000
vt 0.0300 0.5000
vt 0.0300 0.5000
vt 0.0300 0.5000
vt 0.0300 0.5000
vt 0.0300 0.5000
vt 0.0300 0.5000
vt 0.0300 0.5000
vt 0.0300 0.5000
vt 0.0300 0.5000
vt 0.0300 0.5000
vt 0.0300 0.5000
vt 0.0300 0.5000
vt 0.0300 0.5000
vt 0.0300 0.5000
vt 0.0300 0.5000
vt 0.0300 0.5000
vt 0.0300 0.5000
vt 0.0300 0.5000
vt 0.0300 0.5000
vt 0.0300 0.5000
vt 0.0300 0.5000
vt 0.0300 0.5000
vt 0.0300 0.5000
vt 0.0300 0.5000
vt 0.0300 0.5000
vt 0.0300 0.5000
vt 0.0300 0.5000
vt 0.0300 0.5000
vt 0.0300 0.5000
vt 0.0300 0.5000
vt 0.0300 0.5000
vt 0.0300 0.5000
vt 0.0300 0.5000
vt 0.0300 0.5000
vt 0.0300 0.5000
vt 0.0300 0.5000
vt 0.0300 0.5000
vt 0.0300 0.5000
vt 0.0300 0.5000
vt 0.0300 0.5000
vt 0.0300 0.5000
vt 0.0300 0.5000
vt 0.0300 0.5000
vt 0.0300 0.5000
vt 0.0300 0.5000
vt 0.0300 0.5000
vt 0.0300 0.5000
vt 0.0300 0.5000
vt 0.0300 0.5000
vt 0.0300 0.5000
vt 0.0300 0.5000
vt 0.0300 0.5000
vt 0.0300 0.5000
vt 0.0300 0.5000
vt 0.0300 0.5000
vt 0.0300 0.5000
vt 0.0300 0.5000
vt 0.0300 0.5000
vt 0.0300 0.5000
vt 0.0300 0.5000
vt 0.0300 0.5000
vt 0.0300 0.5000
vt 0.0300 0.5000
vt 0.0300 0.5000
vt 0.0300 0.5000
vt 0.0300 0.5000
vt 0.0300 0.5000
vt 0.0300 0.5000
vt 0.0300 0.5000
vt 0.0300 0.5000
vt 0.0300 0.5000
vt 0.0300 0.5000
vt 0.0300 0.5000
vt 0.0300 0.5000
vt 0.0300 0.5000
vt 0.0300 0.5000
vt 0.0300 0.5000
vt 0.0300 0.5000
vt 0.0300 0.5000
vt 0.0300 0.5000
vt 0.0300 0.5000
vt 0.0300 0.5000
vt 0.0300 0.5000
vt 0.0300 0.5000
vt 0.0300 0.5000
vt 0.0300 0.5000
vt 0.0300 0.5000
vt 0.0300 0.5000
vt 0.0300 0.5000
vt 0.0300 0.5000
vt 0.0300 0.5000
vt 0.0300 0.5000
vt 0.0300 0.5000
vt 0.0300 0.5000
vt 0.0300 0.5000
vt 0.0300 0.5000
vt 0.0300 0.5000
vt 0.0300 0.5000
vt 0.0300 0.5000
vt 0.0300 0.5000
vt 0.0300 0.5000
vt 0.0300 0.5000
vt 0.0300 0.5000
vt 0.0300 0.5000
vt 0.0300 0.5000
vt 0.0300 0.5000
vt 0.0300 0.5000
vt 0.0300 0.5000
vt 0.0300 0.5000
vt 0.0300 0.5000
vt 0.0300 0.5000
vt 0.0300 0.5000
vt 0.0300 0.5000
vt 0.0300 0.5000
vt 0.0300 0.5000
vt 0.0300 0.5000
vt 0.0300 0.5000
vt 0.0300 0.5000
vt 0.0300 0.5000
vt 0.0300 0.5000
vt 0.0300 0.5000
vt 0.0300 0.5000
vt 0.0300 0.5000
vt 0.0300 0.5000
vt 0.0300 0.5000
vt 0.0300 0.5000
vt 0.0300 0.5000
vt 0.0300 0.5000
vt 0.0300 0.5000
vt 0.0300 0.5000
vt 0.0300 0.5000
vt 0.0300 0.5000
vt 0.0300 0.5000
vt 0.0300 0.5000
vt 0.0300 0.5000
vt 0.0300 0.5000
vt 0.0300 0.5000
vt 0.0300 0.5000
vt 0.0300 0.5000
vt 0.0300 0.5000
vt 0.0300 0.5000
vt 0.0300 0.5000
vt 0.0300 0.5000
vt 0.0300 0.5000
vt 0.0300 0.5000
vt 0.0300 0.5000
vt 0.0300 0.5000
vt 0.0300 0.5000
vt 0.0300 0.5000
vt 0.0300 0.5000
vt 0.0300 0.5000
vt 0.0300 0.5000
vt 0.0300 0.5000
vt 0.0300 0.5000
vt 0.0300 0.5000
vt 0.0300 0.5000
vt 0.0300 0.5000
vt 0.0300 0.5000
vt 0.0300 0.5000
vt 0.0300 0.5000
vt 0.0300 0.5000
vt 0.0300 0.5000
vt 0.0300 0.5000
vt 0.0300 0.5000
vt 0.0300 0.5000
vt 0.0300 0.5000
vt 0.0300 0.5000
vt 0.0300 0.5000
vt 0.0300 0.5000
vt 0.0300 0.5000
vt 0.0300 0.5000
vt 0.0300 0.5000
vt 0.0300 0.5000
vt 0.0300 0.5000
vt 0.0300 0.5000
vt 0.0300 0.5000
vt 0.0300 0.5000
vt 0.0300 0.5000
vt 0.0300 0.5000
vt 0.0300 0.5000
vt 0.0300 0.5000
vt 0.0300 0.5000
vt 0.0300 0.5000
vt 0.0300 0.5000
vt 0.0300 0.5000
vt 0.0300 0.5000
vt 0.0300 0.5000
vt 0.0300 0.5000
vt 0.0300 0.5000
vt 0.0300 0.5000
vt 0.0300 0.5000
vt 0.0300 0.5000
vt 0.0300 0.5000
vt 0.0300 0.5000
vt 0.0300 0.5000
vt 0.0300 0.5000
vt 0.0300 0.5000
vt 0.0300 0.5000
vt 0.0300 0.5000
vt 0.0300 0.5000
vt 0.0300 0.5000
vt 0.0300 0.5000
vt 0.0300 0.5000
vt 0.0300 0.5000
vt 0.0300 0.5000
vt 0.0300 0.5000
vt 0.0300 0.5000
vt 0.0300 0.5000
vt 0.0300 0.5000
vt 0.0300 0.5000
vt 0.0300 0.5000
vt 0.0300 0.5000
vt 0.0300 0.5000
vt 0.0300 0.5000
vt 0.0300 0.5000
vt 0.0300 0.5000
vt 0.0300 0.5000
vt 0.0300 0.5000
vt 0.0300 0.5000
vt 0.0300 0.5000
vt 0.0300 0.5000
vt 0.0300 0.5000
vt 0.0300 0.5000
vt 0.0300 0.5000
vt 0.0300 0.5000
vt 0.0300 0.5000
vt 0.0300 0.5000
vt 0.0300 0.5000
vt 0.0300 0.5000
vt 0.0300 0.5000
vt 0.0300 0.5000
vt 0.0300 0.5000
vt 0.0300 0.5000
vt 0.0300 0.5000
vt 0.0300 0.5000
vt 0.0300 0.5000
vt 0.0300 0.5000
vt 0.0300 0.5000
vt 0.0300 0.5000
vt 0.0300 0.5000
vt 0.0300 0.5000
vt 0.0300 0.5000
vt 0.0300 0.5000
vt 0.0300 0.5000
vt 0.0300 0.5000
vt 0.0300 0.5000
vt 0.0300 0.5000
vt 0.0300 0.5000
vt 0.0300 0.5000
vt 0.0300 0.5000
vt 0.0300 0.5000
vt 0.0300 0.5000
vt 0.0300 0.5000
vt 0.0300 0.5000
vt 0.0300 0.5000
vt 0.0300 0.5000
vt 0.0300 0.5000
vt 0.0300 0.5000
vt 0.0300 0.5000
vt 0.0300 0.5000
vt 0.0300 0.5000
vt 0.0300 0.5000
vt 0.0300 0.5000
vt 0.0300 0.5000
vt 0.0300 0.5000
vt 0.0300 0.5000
vt 0.0300 0.5000
vt 0.0300 0.5000
vt 0.0300 0.5000
vt 0.0300 0.5000
vt 0.0300 0.5000
vt 0.0300 0.5000
vt 0.0300 0.5000
vt 0.0300 0.5000
vt 0.0300 0.5000
vt 0.0300 0.5000
vt 0.0300 0.5000
vt 0.0300 0.5000
vt 0.0300 0.5000
vt 0.0300 0.5000
vt 0.0300 0.5000
vt 0.0300 0.5000
vt 0.0300 0.5000
vt 0.0300 0.5000
vt 0.0300 0.5000
vt 0.0300 0.5000
vt 0.0300 0.5000
vt 0.0300 0.5000
vt 0.0300 0.5000
vt 0.0300 0.5000
vt 0.0300 0.5000
vt 0.0300 0.5000
vt 0.0300 0.5000
vt 0.0300 0.5000
vt 0.0300 0.5000
vt 0.0300 0.5000
vt 0.0300 0.5000
vt 0.0300 0.5000
vt 0.0300 0.5000
vt 0.0300 0.5000
vt 0.0300 0.5000
vt 0.0300 0.5000
vt 0.0300 0.5000
vt 0.0300 0.5000
vt 0.0300 0.5000
vt 0.0300 0.5000
vt 0.0300 0.5000
vt 0.0300 0.5000
vt 0.0300 0.5000
vt 0.0300 0.5000
vt 0.0300 0.5000
vt 0.0300 0.5000
vt 0.0300 0.5000
vt 0.0300 0.5000
vt 0.0300 0.5000
vt 0.0300 0.5000
vt 0.0300 0.5000
vt 0.0300 0.5000
vt 0.0300 0.5000
vt 0.0300 0.5000
vt 0.0300 0.5000
vt 0.0300 0.5000
vt 0.0300 0.5000
vt 0.0300 0.5000
vt 0.0300 0.5000
vt 0.0300 0.5000
vt 0.0300 0.5000
vt 0.0300 0.5000
vt 0.0300 0.5000
vt 0.0300 0.5000
vt 0.0300 0.5000
vt 0.0300 0.5000
vt 0.0300 0.5000
vt 0.0300 0.5000
vt 0.0300 0.5000
vt 0.0300 0.5000
vt 0.0300 0.5000
vt 0.0300 0.5000
vt 0.0300 0.5000
vt 0.0300 0.5000
vt 0.0300 0.5000
vt 0.0300 0.5000
vt 0.0300 0.5000
vt 0.0300 0.5000
vt 0.0300 0.5000
vt 0.0300 0.5000
vt 0.0300 0.5000
vt 0.0300 0.5000
vt 0.0300 0.5000
vt 0.0300 0.5000
vt 0.0300 0.5000
vt 0.0300 0.5000
vt 0.0300 0.5000
vt 0.0300 0.5000
vt 0.0300 0.5000
vt 0.0300 0.5000
vt 0.0300 0.5000
vt 0.0300 0.5000
vt 0.0300 0.5000
vt 0.0300 0.5000
vt 0.0300 0.5000
vt 0.0300 0.5000
vt 0.0300 0.5000
vt 0.0300 0.5000
vt 0.0300 0.5000
vt 0.0300 0.5000
vt 0.0300 0.5000
vt 0.0300 0.5000
vt 0.0300 0.5000
vt 0.0300 0.5000
vt 0.0300 0.5000
vt 0.0300 0.5000
vt 0.0300 0.5000
vt 0.0300 0.5000
vt 0.0300 0.5000
vt 0.0300 0.5000
vt 0.0300 0.5000
vt 0.0300 0.5000
vt 0.0300 0.5000
vt 0.0300 0.5000
vt 0.0300 0.5000
vt 0.0300 0.5000
vt 0.0300 0.5000
vt 0.0300 0.5000
vt 0.0300 0.5000
vt 0.0300 0.5000
vt 0.0300 0.5000
vt 0.0300 0.5000
vt 0.0300 0.5000
vt 0.0300 0.5000
vt 0.0300 0.5000
vt 0.0300 0.5000
vt 0.0300 0.5000
vt 0.0300 0.5000
vt 0.0300 0.5000
vt 0.0300 0.5000
vt 0.0300 0.5000
vt 0.0300 0.5000
vt 0.0300 0.5000
vt 0.0300 0.5000
vt 0.0300 0.5000
vt 0.0300 0.5000
vt 0.0300 0.5000
vt 0.0300 0.5000
vt 0.0300 0.5000
vt 0.0300 0.5000
vt 0.0300 0.5000
vt 0.0300 0.5000
vt 0.0300 0.5000
vt 0.0300 0.5000
vt 0.0300 0.5000
vt 0.0300 0.5000
vt 0.0300 0.5000
vt 0.0300 0.5000
vt 0.0300 0.5000
vt 0.0300 0.5000
vt 0.0300 0.5000
vt 0.0300 0.5000
vt 0.0300 0.5000
vt 0.0300 0.5000
vt 0.0300 0.5000
vt 0.0300 0.5000
vt 0.0300 0.5000
vt 0.0300 0.5000
vt 0.0300 0.5000
vt 0.0300 0.5000
vt 0.0300 0.5000
vt 0.0300 0.5000
vt 0.0300 0.5000
vt 0.0300 0.5000
vt 0.0300 0.5000
vt 0.0300 0.5000
vt 0.0300 0.5000
vt 0.0300 0.5000
vt 0.0300 0.5000
vt 0.0300 0.5000
vt 0.0300 0.5000
vt 0.0300 0.5000
vt 0.0300 0.5000
vt 0.0300 0.5000
vt 0.0300 0.5000
vt 0.0300 0.5000
vt 0.0300 0.5000
vt 0.0300 0.5000
vt 0.0300 0.5000
vt 0.0300 0.5000
vt 0.0300 0.5000
vt 0.0300 0.5000
vt 0.0300 0.5000
vt 0.0300 0.5000
vt 0.0300 0.5000
vt 0.0300 0.5000
vt 0.0300 0.5000
vt 0.0300 0.5000
vt 0.0300 0.5000
vt 0.0300 0.5000
vt 0.0300 0.5000
vt 0.0300 0.5000
vt 0.0300 0.5000
vt 0.0300 0.5000
vt 0.0300 0.5000
vt 0.0300 0.5000
vt 0.0300 0.5000
vt 0.0300 0.5000
vt 0.0300 0.5000
vt 0.0300 0.5000
vt 0.0300 0.5000
vt 0.0300 0.5000
vt 0.0300 0.5000
vt 0.0300 0.5000
vt 0.0300 0.5000
vt 0.0300 0.5000
vt 0.0300 0.5000
vt 0.0300 0.5000
vt 0.0300 0.5000
vt 0.0300 0.5000
vt 0.0300 0.5000
vt 0.0300 0.5000
vt 0.0300 0.5000
vt 0.0300 0.5000
vt 0.0300 0.5000
vt 0.0300 0.5000
vt 0.0300 0.5000
vt 0.0300 0.5000
vt 0.0300 0.5000
vt 0.0300 0.5000
vt 0.0300 0.5000
vt 0.0300 0.5000
vt 0.0300 0.5000
vt 0.0300 0.5000
vt 0.0300 0.5000
vt 0.0300 0.5000
vt 0.0300 0.5000
vt 0.0300 0.5000
vt 0.0300 0.5000
vt 0.0300 0.5000
vt 0.0300 0.5000
vt 0.0300 0.5000
vt 0.0300 0.5000
vt 0.0300 0.5000
vt 0.0300 0.5000
vt 0.0300 0.5000
vt 0.0300 0.5000
vt 0.0300 0.5000
vt 0.0300 0.5000
vt 0.0300 0.5000
vt 0.0300 0.5000
vt 0.0300 0.5000
vt 0.0300 0.5000
vt 0.0300 0.5000
vt 0.0300 0.5000
vt 0.0300 0.5000
vt 0.0300 0.5000
vt 0.0300 0.5000
vt 0.0300 0.5000
vt 0.0300 0.5000
vt 0.0300 0.5000
vt 0.0300 0.5000
vt 0.0300 0.5000
vt 0.0300 0.5000
vt 0.0300 0.5000
vt 0.0300 0.5000
vt 0.0300 0.5000
vt 0.0300 0.5000
vt 0.0300 0.5000
vt 0.0300 0.5000
vt 0.0300 0.5000
vt 0.0300 0.5000
vt 0.0300 0.5000
vt 0.0300 0.5000
vt 0.0300 0.5000
vt 0.0300 0.5000
vt 0.0300 0.5000
vt 0.0300 0.5000
vt 0.0300 0.5000
vt 0.0300 0.5000
vt 0.0300 0.5000
vt 0.0300 0.5000
vt 0.0300 0.5000
vt 0.0300 0.5000
vt 0.0300 0.5000
vt 0.0300 0.5000
vt 0.0300 0.5000
vt 0.0300 0.5000
vt 0.0300 0.5000
vt 0.0300 0.5000
vt 0.0300 0.5000
vt 0.0300 0.5000
vt 0.0300 0.5000
vt 0.0300 0.5000
vt 0.0300 0.5000
vt 0.0300 0.5000
vt 0.0300 0.5000
vt 0.0300 0.5000
vt 0.0300 0.5000
vt 0.0300 0.5000
vt 0.0300 0.5000
vt 0.0300 0.5000
vt 0.0300 0.5000
vt 0.0300 0.5000
vt 0.0300 0.5000
vt 0.0300 0.5000
vt 0.0300 0.5000
vt 0.0300 0.5000
vt 0.0300 0.5000
vt 0.0300 0.5000
vt 0.0300 0.5000
vt 0.0300 0.5000
vt 0.0300 0.5000
vt 0.0300 0.5000
vt 0.0300 0.5000
vt 0.0300 0.5000
vt 0.0300 0.5000
vt 0.0300 0.5000
vt 0.0300 0.5000
vt 0.0300 0.5000
vt 0.0300 0.5000
vt 0.0300 0.5000
vt 0.0300 0.5000
vt 0.0300 0.5000
vt 0.0300 0.5000
vt 0.0300 0.5000
vt 0.0300 0.5000
vt 0.0300 0.5000
vt 0.0300 0.5000
vt 0.0300 0.5000
vt 0.0300 0.5000
vt 0.0300 0.5000
vt 0.0300 0.5000
vt 0.0300 0.5000
vt 0.0300 0.5000
vt 0.0300 0.5000
vt 0.0300 0.5000
vt 0.0300 0.5000
vt 0.0300 0.5000
vt 0.0300 0.5000
vt 0.0300 0.5000
vt 0.0300 0.5000
vt 0.0300 0.5000
vt 0.0300 0.5000
vt 0.0300 0.5000
vt 0.0300 0.5000
vt 0.0300 0.5000
vt 0.0300 0.5000
vt 0.0300 0.5000
vt 0.0300 0.5000
vt 0.0300 0.5000
vt 0.0300 0.5000
vt 0.0300 0.5000
vt 0.0300 0.5000
vt 0.0300 0.5000
vt 0.0300 0.5000
vt 0.0300 0.5000
vt 0.0300 0.5000
vt 0.0300 0.5000
vt 0.0300 0.5000
vt 0.0300 0.5000
vt 0.0300 0.5000
vt 0.0300 0.5000
vt 0.0300 0.5000
vt 0.0300 0.5000
vt 0.0300 0.5000
vt 0.0300 0.5000
vt 0.0300 0.5000
vt 0.0300 0.5000
vt 0.0300 0.5000
vt 0.0300 0.5000
vt 0.0300 0.5000
vt 0.0300 0.5000
vt 0.0300 0.5000
vt 0.0300 0.5000
vt 0.0300 0.5000
vt 0.0300 0.5000
vt 0.0300 0.5000
vt 0.0300 0.5000
vt 0.0300 0.5000
vt 0.0300 0.5000
vt 0.0300 0.5000
vt 0.0300 0.5000
vt 0.0300 0.5000
vt 0.0300 0.5000
vt 0.0300 0.5000
vt 0.0300 0.5000
vt 0.0300 0.5000
vt 0.0300 0.5000
vt 0.0300 0.5000
vt 0.0300 0.5000
vt 0.0300 0.5000
vt 0.0300 0.5000
vt 0.0300 0.5000
vt 0.0300 0.5000
vt 0.0300 0.5000
vt 0.0300 0.5000
vt 0.0300 0.5000
vt 0.0300 0.5000
vt 0.0300 0.5000
vt 0.0300 0.5000
vt 0.0300 0.5000
vt 0.0300 0.5000
vt 0.0300 0.5000
vt 0.0300 0.5000
vt 0.0300 0.5000
vt 0.0300 0.5000
vt 0.0300 0.5000
vt 0.0300 0.5000
vt 0.0300 0.5000
vt 0.0300 0.5000
vt 0.0300 0.5000
vt 0.0300 0.5000
vt 0.0300 0.5000
vt 0.0300 0.5000
vt 0.0300 0.5000
vt 0.0300 0.5000
vt 0.0300 0.5000
vt 0.0300 0.5000
vt 0.0300 0.5000
vt 0.0300 0.5000
vt 0.0300 0.5000
vt 0.0300 0.5000
vt 0.0300 0.5000
vt 0.0300 0.5000
vt 0.0300 0.5000
vt 0.0300 0.5000
vt 0.0300 0.5000
vt 0.0300 0.5000
vt 0.0300 0.5000
vt 0.0300 0.5000
vt 0.0300 0.5000
vt 0.0300 0.5000
vt 0.0300 0.5000
vt 0.0300 0.5000
vt 0.0300 0.5000
vt 0.0300 0.5000
vt 0.0300 0.5000
vt 0.0300 0.5000
vt 0.0300 0.5000
vt 0.0300 0.5000
vt 0.0300 0.5000
vt 0.0300 0.5000
vt 0.0300 0.5000
vt 0.0300 0.5000
vt 0.0300 0.5000
vt 0.0300 0.5000
vt 0.0300 0.5000
vt 0.0300 0.5000
vt 0.0300 0.5000
vt 0.0300 0.5000
vt 0.0300 0.5000
vt 0.0300 0.5000
vt 0.0300 0.5000
vt 0.0300 0.5000
vt 0.0300 0.5000
vt 0.0300 0.5000
vt 0.0300 0.5000
vt 0.0300 0.5000
vt 0.0300 0.5000
vt 0.0300 0.5000
vt 0.0300 0.5000
vt 0.0300 0.5000
vt 0.0300 0.5000
vt 0.0300 0.5000
vt 0.0300 0.5000
vt 0.0300 0.5000
vt 0.0300 0.5000
vt 0.0300 0.5000
vt 0.0300 0.5000
vt 0.0300 0.5000
vt 0.0300 0.5000
vt 0.0300 0.5000
vt 0.0300 0.5000
vt 0.0300 0.5000
vt 0.0300 0.5000
vt 0.0300 0.5000
vt 0.0300 0.5000
vt 0.0300 0.5000
vt 0.0300 0.5000
vt 0.0300 0.5000
vt 0.0300 0.5000
vt 0.0300 0.5000
vt 0.0300 0.5000
vt 0.0300 0.5000
vt 0.0300 0.5000
vt 0.0300 0.5000
vt 0.0300 0.5000
vt 0.0300 0.5000
vt 0.0300 0.5000
vt 0.0300 0.5000
vt 0.0300 0.5000
vt 0.0300 0.5000
vt 0.0300 0.5000
vt 0.0300 0.5000
vt 0.0300 0.5000
vt 0.0300 0.5000
vt 0.0300 0.5000
vt 0.0300 0.5000
vt 0.0300 0.5000
vt 0.0300 0.5000
vt 0.0300 0.5000
vt 0.0300 0.5000
vt 0.0300 0.5000
vt 0.0300 0.5000
vt 0.0300 0.5000
vt 0.0300 0.5000
vt 0.0300 0.5000
vt 0.0300 0.5000
vt 0.0300 0.5000
vt 0.0300 0.5000
vt 0.0300 0.5000
vt 0.0300 0.5000
vt 0.0300 0.5000
vt 0.0300 0.5000
vt 0.0300 0.5000
vt 0.0300 0.5000
vt 0.0300 0.5000
vt 0.0300 0.5000
vt 0.0300 0.5000
vt 0.0300 0.5000
vt 0.0300 0.5000
vt 0.0300 0.5000
vt 0.0300 0.5000
vt 0.0300 0.5000
vt 0.0300 0.5000
vt 0.0300 0.5000
vt 0.0300 0.5000
vt 0.0300 0.5000
vt 0.0300 0.5000
vt 0.0300 0.5000
vt 0.0300 0.5000
vt 0.0300 0.5000
vt 0.0300 0.5000
vt 0.0300 0.5000
vt 0.0300 0.5000
vt 0.0300 0.5000
vt 0.0300 0.5000
vt 0.0300 0.5000
vt 0.0300 0.5000
vt 0.0300 0.5000
vt 0.0300 0.5000
vt 0.0300 0.5000
vt 0.0300 0.5000
vt 0.0300 0.5000
vt 0.0300 0.5000
vt 0.0300 0.5000
vt 0.0300 0.5000
vt 0.0300 0.5000
vt 0.0300 0.5000
vt 0.0300 0.5000
vt 0.0300 0.5000
vt 0.0300 0.5000
vt 0.0300 0.5000
vt 0.0300 0.5000
vt 0.0300 0.5000
vt 0.0300 0.5000
vt 0.0300 0.5000
vt 0.0300 0.5000
vt 0.0300 0.5000
vt 0.0300 0.5000
vt 0.0300 0.5000
vt 0.0300 0.5000
vt 0.0300 0.5000
vt 0.0300 0.5000
vt 0.0300 0.5000
vt 0.0300 0.5000
vt 0.0300 0.5000
vt 0.0300 0.5000
vt 0.0300 0.5000
vt 0.0300 0.5000
vt 0.0300 0.5000
vt 0.0300 0.5000
vt 0.0300 0.5000
vt 0.0300 0.5000
vt 0.0300 0.5000
vt 0.0300 0.5000
vt 0.0300 0.5000
vt 0.0300 0.5000
vt 0.0300 0.5000
vt 0.0300 0.5000
vt 0.0300 0.5000
vt 0.0300 0.5000
vt 0.0300 0.5000
vt 0.0300 0.5000
vt 0.0300 0.5000
vt 0.0300 0.5000
vt 0.0300 0.5000
vt 0.0300 0.5000
vt 0.0300 0.5000
vt 0.0300 0.5000
vt 0.0300 0.5000
vt 0.0300 0.5000
vt 0.0300 0.5000
vt 0.0300 0.5000
vt 0.0300 0.5000
vt 0.0300 0.5000
vt 0.0300 0.5000
vt 0.0300 0.5000
vt 0.0300 0.5000
vt 0.0300 0.5000
vt 0.0300 0.5000
vt 0.0300 0.5000
vt 0.0300 0.5000
vt 0.0300 0.5000
vt 0.0300 0.5000
vt 0.0300 0.5000
vt 0.0300 0.5000
vt 0.0300 0.5000
vt 0.0300 0.5000
vt 0.0300 0.5000
vt 0.0300 0.5000
vt 0.0300 0.5000
vt 0.0300 0.5000
vt 0.0300 0.5000
vt 0.0300 0.5000
vt 0.0300 0.5000
vt 0.0300 0.5000
vt 0.0300 0.5000
vt 0.0300 0.5000
vt 0.0300 0.5000
vt 0.0300 0.5000
vt 0.0300 0.5000
vt 0.0300 0.5000
vt 0.0300 0.5000
vt 0.0300 0.5000
vt 0.0300 0.5000
vt 0.0300 0.5000
vt 0.0300 0.5000
vt 0.0300 0.5000
vt 0.0300 0.5000
vt 0.0300 0.5000
vt 0.0300 0.5000
vt 0.0300 0.5000
vt 0.0300 0.5000
vt 0.0300 0.5000
vt 0.0300 0.5000
vt 0.0300 0.5000
vt 0.0300 0.5000
vt 0.0300 0.5000
vt 0.0300 0.5000
vt 0.0300 0.5000
vt 0.0300 0.5000
vt 0.0300 0.5000
vt 0.0300 0.5000
vt 0.0300 0.5000
vt 0.0300 0.5000
vt 0.0300 0.5000
vt 0.0300 0.5000
vt 0.0300 0.5000
vt 0.0300 0.5000
vt 0.0300 0.5000
vt 0.0300 0.5000
vt 0.0300 0.5000
vt 0.0300 0.5000
vt 0.0300 0.5000
vt 0.0300 0.5000
vt 0.0300 0.5000
vt 0.0300 0.5000
vt 0.0300 0.5000
vt 0.0300 0.5000
vt 0.0300 0.5000
vt 0.0300 0.5000
vt 0.0300 0.5000
vt 0.0300 0.5000
vt 0.0300 0.5000
vt 0.0300 0.5000
vt 0.0300 0.5000
vt 0.0300 0.5000
vt 0.0300 0.5000
vt 0.0300 0.5000
vt 0.0300 0.5000
vt 0.0300 0.5000
vt 0.0300 0.5000
vt 0.0300 0.5000
vt 0.0300 0.5000
vt 0.0300 0.5000
vt 0.0300 0.5000
vt 0.0300 0.5000
vt 0.0300 0.5000
vt 0.0300 0.5000
vt 0.0300 0.5000
vt 0.0300 0.5000
vt 0.0300 0.5000
vt 0.0300 0.5000
vt 0.0300 0.5000
vt 0.0300 0.5000
vt 0.0300 0.5000
vt 0.0300 0.5000
vt 0.0300 0.5000
vt 0.0300 0.5000
vt 0.0300 0.5000
vt 0.0300 0.5000
vt 0.0300 0.5000
vt 0.0300 0.5000
vt 0.0300 0.5000
vt 0.0300 0.5000
vt 0.0300 0.5000
vt 0.0300 0.5000
vt 0.0300 0.5000
vt 0.0300 0.5000
vt 0.0300 0.5000
vt 0.0300 0.5000
vt 0.0300 0.5000
vt 0.0300 0.5000
vt 0.0300 0.5000
vt 0.0300 0.5000
vt 0.0300 0.5000
vt 0.0300 0.5000
vt 0.0300 0.5000
vt 0.0300 0.5000
vt 0.0300 0.5000
vt 0.0300 0.5000
vt 0.0300 0.5000
vt 0.0300 0.5000
vt 0.0300 0.5000
vt 0.0300 0.5000
vt 0.0300 0.5000
vt 0.0300 0.5000
vt 0.0300 0.5000
vt 0.0300 0.5000
vt 0.0300 0.5000
vt 0.0300 0.5000
vt 0.0300 0.5000
vt 0.0300 0.5000
vt 0.0300 0.5000
vt 0.0300 0.5000
vt 0.0300 0.5000
vt 0.0300 0.5000
vt 0.0300 0.5000
vt 0.0300 0.5000
vt 0.0300 0.5000
vt 0.0300 0.5000
vt 0.0300 0.5000
vt 0.0300 0.5000
vt 0.0300 0.5000
vt 0.0300 0.5000
vt 0.0300 0.5000
vt 0.0300 0.5000
vt 0.0300 0.5000
vt 0.0300 0.5000
vt 0.0300 0.5000
vt 0.0300 0.5000
vt 0.0300 0.5000
vt 0.0300 0.5000
vt 0.0300 0.5000
vt 0.0300 0.5000
vt 0.0300 0.5000
vt 0.0300 0.5000
vt 0.0300 0.5000
vt 0.0300 0.5000
vt 0.0300 0.5000
vt 0.0300 0.5000
vt 0.0300 0.5000
vt 0.0300 0.5000
vt 0.0300 0.5000
vt 0.0300 0.5000
vt 0.0300 0.5000
vt 0.0300 0.5000
vt 0.0300 0.5000
vt 0.0300 0.5000
vt 0.0300 0.5000
vt 0.0300 0.5000
vt 0.0300 0.5000
vt 0.0300 0.5000
vt 0.0300 0.5000
vt 0.0300 0.5000
vt 0.0300 0.5000
vt 0.0300 0.5000
vt 0.0300 0.5000
vt 0.0300 0.5000
vt 0.0300 0.5000
vt 0.0300 0.5000
vt 0.0300 0.5000
vt 0.0300 0.5000
vt 0.0300 0.5000
vt 0.0300 0.5000
vt 0.0300 0.5000
vt 0.0300 0.5000
vt 0.0300 0.5000
vt 0.0300 0.5000
vt 0.0300 0.5000
vt 0.0300 0.5000
vt 0.0300 0.5000
vt 0.0300 0.5000
vt 0.0300 0.5000
vt 0.0300 0.5000
vt 0.0300 0.5000
vt 0.0300 0.5000
vt 0.0300 0.5000
vt 0.0300 0.5000
vt 0.0300 0.5000
vt 0.0300 0.5000
vt 0.0300 0.5000
vt 0.0300 0.5000
vt 0.0300 0.5000
vt 0.0300 0.5000
vt 0.0300 0.5000
vt 0.0300 0.5000
vt 0.0300 0.5000
vt 0.0300 0.5000
vt 0.0300 0.5000
vt 0.0300 0.5000
vt 0.0300 0.5000
vt 0.0300 0.5000
vt 0.0300 0.5000
vt 0.0300 0.5000
vt 0.0300 0.5000
vt 0.0300 0.5000
vt 0.0300 0.5000
vt 0.0300 0.5000
vt 0.0300 0.5000
vt 0.0300 0.5000
vt 0.0300 0.5000
vt 0.0300 0.5000
vt 0.0300 0.5000
vt 0.0300 0.5000
vt 0.0300 0.5000
vt 0.0300 0.5000
vt 0.0300 0.5000
vt 0.0300 0.5000
vt 0.0300 0.5000
vt 0.0300 0.5000
vt 0.0300 0.5000
vt 0.0300 0.5000
vt 0.0300 0.5000
vt 0.0300 0.5000
vt 0.0300 0.5000
vt 0.0300 0.5000
vt 0.0300 0.5000
vt 0.0300 0.5000
vt 0.0300 0.5000
vt 0.0300 0.5000
vt 0.0300 0.5000
vt 0.0300 0.5000
vt 0.0300 0.5000
vt 0.0300 0.5000
vt 0.0300 0.5000
vt 0.0300 0.5000
vt 0.0300 0.5000
vt 0.0300 0.5000
vt 0.0300 0.5000
vt 0.0300 0.5000
vt 0.0300 0.5000
vt 0.0300 0.5000
vt 0.0300 0.5000
vt 0.0300 0.5000
vt 0.0300 0.5000
vt 0.0300 0.5000
vt 0.0300 0.5000
vt 0.0300 0.5000
vt 0.0300 0.5000
vt 0.0300 0.5000
vt 0.0300 0.5000
vt 0.0300 0.5000
vt 0.0300 0.5000
vt 0.0300 0.5000
vt 0.0300 0.5000
vt 0.0300 0.5000
vt 0.0300 0.5000
vt 0.0300 0.5000
vt 0.0300 0.5000
vt 0.0300 0.5000
vt 0.0300 0.5000
vt 0.0300 0.5000
vt 0.0300 0.5000
vt 0.0300 0.5000
vt 0.0300 0.5000
vt 0.0300 0.5000
vt 0.0300 0.5000
vt 0.0300 0.5000
vt 0.0300 0.5000
vt 0.0300 0.5000
vt 0.0300 0.5000
vt 0.0300 0.5000
vt 0.0300 0.5000
vt 0.0300 0.5000
vt 0.0300 0.5000
vt 0.0300 0.5000
vt 0.0300 0.5000
vt 0.0300 0.5000
vt 0.0300 0.5000
vt 0.0300 0.5000
vt 0.0300 0.5000
vt 0.0300 0.5000
vt 0.0300 0.5000
vt 0.0300 0.5000
vt 0.0300 0.5000
vt 0.0300 0.5000
vt 0.0300 0.5000
vt 0.0300 0.5000
vt 0.0300 0.5000
vt 0.0300 0.5000
vt 0.0300 0.5000
vt 0.0300 0.5000
vt 0.0300 0.5000
vt 0.0300 0.5000
vt 0.0300 0.5000
vt 0.0300 0.5000
vt 0.0300 0.5000
vt 0.0300 0.5000
vt 0.0300 0.5000
vt 0.0300 0.5000
vt 0.0300 0.5000
vt 0.0300 0.5000
vt 0.0300 0.5000
vt 0.0300 0.5000
vt 0.0300 0.5000
vt 0.0300 0.5000
vt 0.0300 0.5000
vt 0.0300 0.5000
vt 0.0300 0.5000
vt 0.0300 0.5000
vt 0.0300 0.5000
vt 0.0300 0.5000
vt 0.0300 0.5000
vt 0.0300 0.5000
vt 0.0300 0.5000
vt 0.0300 0.5000
vt 0.0300 0.5000
vt 0.0300 0.5000
vt 0.0300 0.5000
vt 0.0300 0.5000
vt 0.0300 0.5000
vt 0.0300 0.5000
vt 0.0300 0.5000
vt 0.0300 0.5000
vt 0.0300 0.5000
vt 0.0300 0.5000
vt 0.0300 0.5000
vt 0.0300 0.5000
vt 0.0300 0.5000
vt 0.0300 0.5000
vt 0.0300 0.5000
vt 0.0300 0.5000
vt 0.0300 0.5000
vt 0.0300 0.5000
vt 0.0300 0.5000
vt 0.0300 0.5000
vt 0.0300 0.5000
vt 0.0300 0.5000
vt 0.0300 0.5000
vt 0.0300 0.5000
vt 0.0300 0.5000
vt 0.0300 0.5000
vt 0.0300 0.5000
vt 0.0300 0.5000
vt 0.0300 0.5000
vt 0.0300 0.5000
vt 0.0300 0.5000
vt 0.0300 0.5000
vt 0.0300 0.5000
vt 0.0300 0.5000
vt 0.0300 0.5000
vt 0.0300 0.5000
vt 0.0300 0.5000
vt 0.0300 0.5000
vt 0.0300 0.5000
vt 0.0300 0.5000
vt 0.0300 0.5000
vt 0.0300 0.5000
vt 0.0300 0.5000
vt 0.0300 0.5000
vt 0.0300 0.5000
vt 0.0300 0.5000
vt 0.0300 0.5000
vt 0.0300 0.5000
vt 0.0300 0.5000
vt 0.0300 0.5000
vt 0.0300 0.5000
vt 0.0300 0.5000
vt 0.0300 0.5000
vt 0.0300 0.5000
vt 0.0300 0.5000
vt 0.0300 0.5000
vt 0.0300 0.5000
vt 0.0300 0.5000
vt 0.0300 0.5000
vt 0.0300 0.5000
vt 0.0300 0.5000
vt 0.0300 0.5000
vt 0.0300 0.5000
vt 0.0300 0.5000
vt 0.0300 0.5000
vt 0.0300 0.5000
vt 0.0300 0.5000
vt 0.0300 0.5000
vt 0.0300 0.5000
vt 0.0300 0.5000
vt 0.0300 0.5000
vt 0.0300 0.5000
vt 0.0300 0.5000
vt 0.0300 0.5000
vt 0.0300 0.5000
vt 0.0300 0.5000
vt 0.0300 0.5000
vt 0.0300 0.5000
vt 0.0300 0.5000
vt 0.0300 0.5000
vt 0.0300 0.5000
vt 0.0300 0.5000
vt 0.0300 0.5000
vt 0.0300 0.5000
vt 0.0300 0.5000
vt 0.0300 0.5000
vt 0.0300 0.5000
vt 0.0300 0.5000
vt 0.0300 0.5000
vt 0.0300 0.5000
vt 0.0300 0.5000
vt 0.0300 0.5000
vt 0.0300 0.5000
vt 0.0300 0.5000
vt 0.0300 0.5000
vt 0.0300 0.5000
vt 0.0300 0.5000
vt 0.0300 0.5000
vt 0.0300 0.5000
vt 0.0300 0.5000
vt 0.0300 0.5000
vt 0.0300 0.5000
vt 0.0300 0.5000
vt 0.0300 0.5000
vt 0.0300 0.5000
vt 0.0300 0.5000
vt 0.0300 0.5000
vt 0.0300 0.5000
vt 0.0300 0.5000
vt 0.0300 0.5000
vt 0.0300 0.5000
vt 0.0300 0.5000
vt 0.0300 0.5000
vt 0.0300 0.5000
vt 0.0300 0.5000
vt 0.0300 0.5000
vt 0.0300 0.5000
vt 0.0300 0.5000
vt 0.0300 0.5000
vt 0.0300 0.5000
vt 0.0300 0.5000
vt 0.0300 0.5000
vt 0.0300 0.5000
vt 0.0300 0.5000
vt 0.0300 0.5000
vt 0.0300 0.5000
vt 0.0300 0.5000
vt 0.0300 0.5000
vt 0.0300 0.5000
vt 0.0300 0.5000
vt 0.0300 0.5000
vt 0.0300 0.5000
vt 0.0300 0.5000
vt 0.0300 0.5000
vt 0.0300 0.5000
vt 0.0300 0.5000
vt 0.0300 0.5000
vt 0.0300 0.5000
vt 0.0300 0.5000
vt 0.0300 0.5000
vt 0.0300 0.5000
vt 0.0300 0.5000
vt 0.0300 0.5000
vt 0.0300 0.5000
vt 0.0300 0.5000
vt 0.0300 0.5000
vt 0.0300 0.5000
vt 0.0300 0.5000
vt 0.0300 0.5000
vt 0.0300 0.5000
vt 0.0300 0.5000
vt 0.0300 0.5000
vt 0.0300 0.5000
vt 0.0300 0.5000
vt 0.0300 0.5000
vt 0.0300 0.5000
vt 0.0300 0.5000
vt 0.0300 0.5000
vt 0.0300 0.5000
vt 0.0300 0.5000
vt 0.0300 0.5000
vt 0.0300 0.5000
vt 0.0300 0.5000
vt 0.0300 0.5000
vt 0.0300 0.5000
vt 0.0300 0.5000
vt 0.0300 0.5000
vt 0.0300 0.5000
vt 0.0300 0.5000
vt 0.0300 0.5000
vt 0.0300 0.5000
vt 0.0300 0.5000
vt 0.0300 0.5000
vt 0.0300 0.5000
vt 0.0300 0.5000
vt 0.0300 0.5000
vt 0.0300 0.5000
vt 0.0300 0.5000
vt 0.0300 0.5000
vt 0.0300 0.5000
vt 0.0300 0.5000
vt 0.0300 0.5000
vt 0.0300 0.5000
vt 0.0300 0.5000
vt 0.0300 0.5000
vt 0.0300 0.5000
vt 0.0300 0.5000
vt 0.0300 0.5000
vt 0.0300 0.5000
vt 0.0300 0.5000
vt 0.0300 0.5000
vt 0.0300 0.5000
vt 0.0300 0.5000
vt 0.0300 0.5000
vt 0.0300 0.5000
vt 0.0300 0.5000
vt 0.0300 0.5000
vt 0.0300 0.5000
vt 0.0300 0.5000
vt 0.0300 0.5000
vt 0.0300 0.5000
vt 0.0300 0.5000
vt 0.0300 0.5000
vt 0.0300 0.5000
vt 0.0300 0.5000
vt 0.0300 0.5000
vt 0.0300 0.5000
vt 0.0300 0.5000
vt 0.0300 0.5000
vt 0.0300 0.5000
vt 0.0300 0.5000
vt 0.0300 0.5000
vt 0.0300 0.5000
vt 0.0300 0.5000
vt 0.0300 0.5000
vt 0.0300 0.5000
vt 0.0300 0.5000
vt 0.0300 0.5000
vt 0.0300 0.5000
vt 0.0300 0.5000
vt 0.0300 0.5000
vt 0.0300 0.5000
vt 0.0300 0.5000
vt 0.0300 0.5000
vt 0.0300 0.5000
vt 0.0300 0.5000
vt 0.0300 0.5000
vt 0.0300 0.5000
vt 0.0300 0.5000
vt 0.0300 0.5000
vt 0.0300 0.5000
vt 0.0300 0.5000
vt 0.0300 0.5000
vt 0.0300 0.5000
vt 0.0300 0.5000
vt 0.0300 0.5000
vt 0.0300 0.5000
vt 0.0300 0.5000
vt 0.0300 0.5000
vt 0.0300 0.5000
vt 0.0300 0.5000
vt 0.0300 0.5000
vt 0.0300 0.5000
vt 0.0300 0.5000
vt 0.0300 0.5000
vt 0.0300 0.5000
vt 0.0300 0.5000
vt 0.0300 0.5000
vt 0.0300 0.5000
vt 0.0300 0.5000
vt 0.0300 0.5000
vt 0.0300 0.5000
vt 0.0300 0.5000
vt 0.0300 0.5000
vt 0.0300 0.5000
vt 0.0300 0.5000
vt 0.0300 0.5000
vt 0.0300 0.5000
vt 0.0300 0.5000
vt 0.0300 0.5000
vt 0.0300 0.5000
vt 0.0300 0.5000
vt 0.0300 0.5000
vt 0.0300 0.5000
vt 0.0300 0.5000
vt 0.0300 0.5000
vt 0.0300 0.5000
vt 0.0300 0.5000
vt 0.0300 0.5000
vt 0.0300 0.5000
vt 0.0300 0.5000
vt 0.0300 0.5000
vt 0.0300 0.5000
vt 0.0300 0.5000
vt 0.0300 0.5000
vt 0.0300 0.5000
vt 0.0300 0.5000
vt 0.0300 0.5000
vt 0.0300 0.5000
vt 0.0300 0.5000
vt 0.0300 0.5000
vt 0.0300 0.5000
vt 0.0300 0.5000
vt 0.0300 0.5000
vt 0.0300 0.5000
vt 0.0300 0.5000
vt 0.0300 0.5000
vt 0.0300 0.5000
vt 0.0300 0.5000
vt 0.0300 0.5000
vt 0.0300 0.5000
vt 0.0300 0.5000
vt 0.0300 0.5000
vt 0.0300 0.5000
vt 0.0300 0.5000
vt 0.0300 0.5000
vt 0.0300 0.5000
vt 0.0300 0.5000
vt 0.0300 0.5000
vt 0.0300 0.5000
vt 0.0300 0.5000
vt 0.0300 0.5000
vt 0.0300 0.5000
vt 0.0300 0.5000
vt 0.0300 0.5000
vt 0.0300 0.5000
vt 0.0300 0.5000
vt 0.0300 0.5000
vt 0.0300 0.5000
vt 0.0300 0.5000
vt 0.0300 0.5000
vt 0.0300 0.5000
vt 0.0300 0.5000
vt 0.0300 0.5000
vt 0.0300 0.5000
vt 0.0300 0.5000
vt 0.0300 0.5000
vt 0.0300 0.5000
vt 0.0300 0.5000
vt 0.0300 0.5000
vt 0.0300 0.5000
vt 0.0300 0.5000
vt 0.0300 0.5000
vt 0.0300 0.5000
vt 0.0300 0.5000
vt 0.0300 0.5000
vt 0.0300 0.5000
vt 0.0300 0.5000
vt 0.0300 0.5000
vt 0.0300 0.5000
vt 0.0300 0.5000
vt 0.0300 0.5000
vt 0.0300 0.5000
vt 0.0300 0.5000
vt 0.0300 0.5000
vt 0.0300 0.5000
vt 0.0300 0.5000
vt 0.0300 0.5000
vt 0.0300 0.5000
vt 0.0300 0.5000
vt 0.0300 0.5000
vt 0.0300 0.5000
vt 0.0300 0.5000
vt 0.0300 0.5000
vt 0.0300 0.5000
vt 0.0300 0.5000
vt 0.0300 0.5000
vt 0.0300 0.5000
vt 0.0300 0.5000
vt 0.0300 0.5000
vt 0.0300 0.5000
vt 0.0300 0.5000
vt 0.0300 0.5000
vt 0.0300 0.5000
vt 0.0300 0.5000
vt 0.0300 0.5000
vt 0.0300 0.5000
vt 0.0300 0.5000
vt 0.0300 0.5000
vt 0.0300 0.5000
vt 0.0300 0.5000
vt 0.0300 0.5000
vt 0.0300 0.5000
vt 0.0300 0.5000
vt 0.0300 0.5000
vt 0.0300 0.5000
vt 0.0300 0.5000
vt 0.0300 0.5000
vt 0.0300 0.5000
vt 0.0300 0.5000
vt 0.0300 0.5000
vt 0.0300 0.5000
vt 0.0300 0.5000
vt 0.0300 0.5000
vt 0.0300 0.5000
vt 0.0300 0.5000
vt 0.0300 0.5000
vt 0.0300 0.5000
vt 0.0300 0.5000
vt 0.0300 0.5000
vt 0.0300 0.5000
vt 0.0300 0.5000
vt 0.0300 0.5000
vt 0.0300 0.5000
vt 0.0300 0.5000
vt 0.0300 0.5000
vt 0.0300 0.5000
vt 0.0300 0.5000
vt 0.0300 0.5000
vt 0.0300 0.5000
vt 0.0300 0.5000
vt 0.0300 0.5000
vt 0.0300 0.5000
vt 0.0300 0.5000
vt 0.0300 0.5000
vt 0.0300 0.5000
vt 0.0300 0.5000
vt 0.0300 0.5000
vt 0.0300 0.5000
vt 0.0300 0.5000
vt 0.0300 0.5000
vt 0.0300 0.5000
vt 0.0300 0.5000
vt 0.0300 0.5000
vt 0.0300 0.5000
vt 0.0300 0.5000
vt 0.0300 0.5000
vt 0.0300 0.5000
vt 0.0300 0.5000
vt 0.0300 0.5000
vt 0.0300 0.5000
vt 0.0300 0.5000
vt 0.0300 0.5000
vt 0.0300 0.5000
vt 0.0300 0.5000
vt 0.0300 0.5000
vt 0.0300 0.5000
vt 0.0300 0.5000
vt 0.0300 0.5000
vt 0.0300 0.5000
vt 0.0300 0.5000
vt 0.0300 0.5000
vt 0.0300 0.5000
vt 0.0300 0.5000
vt 0.0300 0.5000
vt 0.0300 0.5000
vt 0.0300 0.5000
vt 0.0300 0.5000
vt 0.0300 0.5000
vt 0.0300 0.5000
vt 0.0300 0.5000
vt 0.0300 0.5000
vt 0.0300 0.5000
vt 0.0300 0.5000
vt 0.0300 0.5000
vt 0.0300 0.5000
vt 0.0300 0.5000
vt 0.0300 0.5000
vt 0.0300 0.5000
vt 0.0300 0.5000
vt 0.0300 0.5000
vt 0.0300 0.5000
vt 0.0300 0.5000
vt 0.0300 0.5000
vt 0.0300 0.5000
vt 0.0300 0.5000
vt 0.0300 0.5000
vt 0.0300 0.5000
vt 0.0300 0.5000
vt 0.0300 0.5000
vt 0.0300 0.5000
vt 0.0300 0.5000
vt 0.0300 0.5000
vt 0.0300 0.5000
vt 0.0300 0.5000
vt 0.0300 0.5000
vt 0.0300 0.5000
vt 0.0300 0.5000
vt 0.0300 0.5000
vt 0.0300 0.5000
vt 0.0300 0.5000
vt 0.0300 0.5000
vt 0.0300 0.5000
vt 0.0300 0.5000
vt 0.0300 0.5000
vt 0.0300 0.5000
vt 0.0300 0.5000
vt 0.0300 0.5000
vt 0.0300 0.5000
vt 0.0300 0.5000
vt 0.0300 0.5000
vt 0.0300 0.5000
vt 0.0300 0.5000
vt 0.0300 0.5000
vt 0.0300 0.5000
vt 0.0300 0.5000
vt 0.0300 0.5000
vt 0.0300 0.5000
vt 0.0300 0.5000
vt 0.0300 0.5000
vt 0.0300 0.5000
vt 0.0300 0.5000
vt 0.0300 0.5000
vt 0.0300 0.5000
vt 0.0300 0.5000
vt 0.0300 0.5000
vt 0.0300 0.5000
vt 0.0300 0.5000
vt 0.0300 0.5000
vt 0.0300 0.5000
vt 0.0300 0.5000
vt 0.0300 0.5000
vt 0.0300 0.5000
vt 0.0300 0.5000
vt 0.0300 0.5000
vt 0.0300 0.5000
vt 0.0300 0.5000
vt 0.0300 0.5000
vt 0.0300 0.5000
vt 0.0300 0.5000
vt 0.0300 0.5000
vt 0.0300 0.5000
vt 0.0300 0.5000
vt 0.0300 0.5000
vt 0.0300 0.5000
vt 0.0300 0.5000
vt 0.0300 0.5000
vt 0.0300 0.5000
vt 0.0300 0.5000
vt 0.0300 0.5000
vt 0.0300 0.5000
vt 0.0300 0.5000
vt 0.0300 0.5000
vt 0.0300 0.5000
vt 0.0300 0.5000
vt 0.0300 0.5000
vt 0.0300 0.5000
vt 0.0300 0.5000
vt 0.0300 0.5000
vt 0.0300 0.5000
vt 0.0300 0.5000
vt 0.0300 0.5000
vt 0.0300 0.5000
vt 0.0300 0.5000
vt 0.0300 0.5000
vt 0.0300 0.5000
vt 0.0300 0.5000
vt 0.0300 0.5000
vt 0.0300 0.5000
vt 0.0300 0.5000
vt 0.0300 0.5000
vt 0.0300 0.5000
vt 0.0300 0.5000
vt 0.0300 0.5000
vt 0.0300 0.5000
vt 0.0300 0.5000
vt 0.0300 0.5000
vt 0.0300 0.5000
vt 0.0300 0.5000
vt 0.0300 0.5000
vt 0.0300 0.5000
vt 0.0300 0.5000
vt 0.0300 0.5000
vt 0.0300 0.5000
vt 0.0300 0.5000
vt 0.0300 0.5000
vt 0.0300 0.5000
vt 0.0300 0.5000
vt 0.0300 0.5000
vt 0.0300 0.5000
vt 0.0300 0.5000
vt 0.0300 0.5000
vt 0.0300 0.5000
vt 0.0300 0.5000
vt 0.0300 0.5000
vt 0.0300 0.5000
vt 0.0300 0.5000
vt 0.0300 0.5000
vt 0.0300 0.5000
vt 0.0300 0.5000
vt 0.0300 0.5000
vt 0.0300 0.5000
vt 0.0300 0.5000
vt 0.0300 0.5000
vt 0.0300 0.5000
vt 0.0300 0.5000
vt 0.0300 0.5000
vt 0.0300 0.5000
vt 0.0300 0.5000
vt 0.0300 0.5000
vt 0.0300 0.5000
vt 0.0300 0.5000
vt 0.0300 0.5000
vt 0.0300 0.5000
vt 0.0300 0.5000
vt 0.0300 0.5000
vt 0.0300 0.5000
vt 0.0300 0.5000
vt 0.0300 0.5000
vt 0.0300 0.5000
vt 0.0300 0.5000
vt 0.0300 0.5000
vt 0.0300 0.5000
vt 0.0300 0.5000
vt 0.0300 0.5000
vt 0.0300 0.5000
vt 0.0300 0.5000
vt 0.0300 0.5000
vt 0.0300 0.5000
vt 0.0300 0.5000
vt 0.0300 0.5000
vt 0.0300 0.5000
vt 0.0300 0.5000
vt 0.0300 0.5000
vt 0.0300 0.5000
vt 0.0300 0.5000
vt 0.0300 0.5000
vt 0.0300 0.5000
vt 0.0300 0.5000
vt 0.0300 0.5000
vt 0.0300 0.5000
vt 0.0300 0.5000
vt 0.0300 0.5000
vt 0.0300 0.5000
vt 0.0300 0.5000
vt 0.0300 0.5000
vt 0.0300 0.5000
vt 0.0300 0.5000
vt 0.0300 0.5000
vt 0.0300 0.5000
vt 0.0300 0.5000
vt 0.0300 0.5000
vt 0.0300 0.5000
vt 0.0300 0.5000
vt 0.0300 0.5000
vt 0.0300 0.5000
vt 0.0300 0.5000
vt 0.0300 0.5000
vt 0.0300 0.5000
vt 0.0300 0.5000
vt 0.0300 0.5000
vt 0.0300 0.5000
vt 0.0300 0.5000
vt 0.0300 0.5000
vt 0.0300 0.5000
vt 0.0300 0.5000
vt 0.0300 0.5000
vt 0.0300 0.5000
vt 0.0300 0.5000
vt 0.0300 0.5000
vt 0.0300 0.5000
vt 0.0300 0.5000
vt 0.0300 0.5000
vt 0.0300 0.5000
vt 0.0300 0.5000
vt 0.0300 0.5000
vt 0.0300 0.5000
vt 0.0300 0.5000
vt 0.0300 0.5000
vt 0.0300 0.5000
vt 0.0300 0.5000
vt 0.0300 0.5000
vt 0.0300 0.5000
vt 0.0300 0.5000
vt 0.0300 0.5000
vt 0.0300 0.5000
vt 0.0300 0.5000
vt 0.0300 0.5000
vt 0.0300 0.5000
vt 0.0300 0.5000
vt 0.0300 0.5000
vt 0.0300 0.5000
vt 0.0300 0.5000
vt 0.0300 0.5000
vt 0.0300 0.5000
vt 0.0300 0.5000
vt 0.0300 0.5000
vt 0.0300 0.5000
vt 0.0300 0.5000
vt 0.0300 0.5000
vt 0.0300 0.5000
vt 0.0300 0.5000
vt 0.0300 0.5000
vt 0.0300 0.5000
vt 0.0300 0.5000
vt 0.0300 0.5000
vt 0.0300 0.5000
vt 0.0300 0.5000
vt 0.0300 0.5000
vt 0.0300 0.5000
vt 0.0300 0.5000
vt 0.0300 0.5000
vt 0.0300 0.5000
vt 0.0300 0.5000
vt 0.0300 0.5000
vt 0.0300 0.5000
vt 0.0300 0.5000
vt 0.0300 0.5000
vt 0.0300 0.5000
vt 0.0300 0.5000
vt 0.0300 0.5000
vt 0.0300 0.5000
vt 0.0300 0.5000
vt 0.0300 0.5000
vt 0.0300 0.5000
vt 0.0300 0.5000
vt 0.0300 0.5000
vt 0.0300 0.5000
vt 0.0300 0.5000
vt 0.0300 0.5000
vt 0.0300 0.5000
vt 0.0300 0.5000
vt 0.0300 0.5000
vt 0.0300 0.5000
vt 0.0300 0.5000
vt 0.0300 0.5000
vt 0.0300 0.5000
vt 0.0300 0.5000
vt 0.0300 0.5000
vt 0.0300 0.5000
vt 0.0300 0.5000
vt 0.0300 0.5000
vt 0.0300 0.5000
vt 0.0300 0.5000
vt 0.0300 0.5000
vt 0.0300 0.5000
vt 0.0300 0.5000
vt 0.0300 0.5000
vt 0.0300 0.5000
vt 0.0300 0.5000
vt 0.0300 0.5000
vt 0.0300 0.5000
vt 0.0300 0.5000
vt 0.0300 0.5000
vt 0.0300 0.5000
vt 0.0300 0.5000
vt 0.0300 0.5000
vt 0.0300 0.5000
vt 0.0300 0.5000
vt 0.0300 0.5000
vt 0.0300 0.5000
vt 0.0300 0.5000
vt 0.0300 0.5000
vt 0.0300 0.5000
vt 0.0300 0.5000
vt 0.0300 0.5000
vt 0.0300 0.5000
vt 0.0300 0.5000
vt 0.0300 0.5000
vt 0.0300 0.5000
vt 0.0300 0.5000
vt 0.0300 0.5000
vt 0.0300 0.5000
vt 0.0300 0.5000
vt 0.0300 0.5000
vt 0.0300 0.5000
vt 0.0300 0.5000
vt 0.0300 0.5000
vt 0.0300 0.5000
vt 0.0300 0.5000
vt 0.0300 0.5000
vt 0.0300 0.5000
vt 0.0300 0.5000
vt 0.0300 0.5000
vt 0.0300 0.5000
vt 0.0300 0.5000
vt 0.0300 0.5000
vt 0.0300 0.5000
vt 0.0300 0.5000
vt 0.0300 0.5000
vt 0.0300 0.5000
vt 0.0300 0.5000
vt 0.0300 0.5000
vt 0.0300 0.5000
vt 0.0300 0.5000
vt 0.0300 0.5000
vt 0.0300 0.5000
vt 0.0300 0.5000
vt 0.0300 0.5000
vt 0.0300 0.5000
vt 0.0300 0.5000
vt 0.0300 0.5000
vt 0.0300 0.5000
vt 0.0300 0.5000
vt 0.0300 0.5000
vt 0.0300 0.5000
vt 0.0300 0.5000
vt 0.0300 0.5000
vt 0.0300 0.5000
vt 0.0300 0.5000
vt 0.0300 0.5000
vt 0.0300 0.5000
vt 0.0300 0.5000
vt 0.0300 0.5000
vt 0.0300 0.5000
vt 0.0300 0.5000
vt 0.0300 0.5000
vt 0.0300 0.5000
vt 0.0300 0.5000
vt 0.0300 0.5000
vt 0.0300 0.5000
vt 0.0300 0.5000
vt 0.0300 0.5000
vt 0.0300 0.5000
vt 0.0300 0.5000
vt 0.0300 0.5000
vt 0.0300 0.5000
vt 0.0300 0.5000
vt 0.0300 0.5000
vt 0.0300 0.5000
vt 0.0300 0.5000
vt 0.0300 0.5000
vt 0.0300 0.5000
vt 0.0300 0.5000
vt 0.0300 0.5000
vt 0.0300 0.5000
vt 0.0300 0.5000
vt 0.0300 0.5000
vt 0.0300 0.5000
vt 0.0300 0.5000
vt 0.0300 0.5000
vt 0.0300 0.5000
vt 0.0300 0.5000
vt 0.0300 0.5000
vt 0.0300 0.5000
vt 0.0300 0.5000
vt 0.0300 0.5000
vt 0.0300 0.5000
vt 0.0300 0.5000
vt 0.0300 0.5000
vt 0.0300 0.5000
vt 0.0300 0.5000
vt 0.0300 0.5000
vt 0.0300 0.5000
vt 0.0300 0.5000
vt 0.0300 0.5000
vt 0.0300 0.5000
vt 0.0300 0.5000
vt 0.0300 0.5000
vt 0.0300 0.5000
vt 0.0300 0.5000
vt 0.0300 0.5000
vt 0.0300 0.5000
vt 0.0300 0.5000
vt 0.0300 0.5000
vt 0.0300 0.5000
vt 0.0300 0.5000
vt 0.0300 0.5000
vt 0.0300 0.5000
vt 0.0300 0.5000
vt 0.0300 0.5000
vt 0.0300 0.5000
vt 0.0300 0.5000
vt 0.0300 0.5000
vt 0.0300 0.5000
vt 0.0300 0.5000
vt 0.0300 0.5000
vt 0.0300 0.5000
vt 0.0300 0.5000
vt 0.0300 0.5000
vt 0.0300 0.5000
vt 0.0300 0.5000
vt 0.0300 0.5000
vt 0.0300 0.5000
vt 0.0300 0.5000
vt 0.0300 0.5000
vt 0.0300 0.5000
vt 0.0300 0.5000
vt 0.0300 0.5000
vt 0.0300 0.5000
vt 0.0300 0.5000
vt 0.0300 0.5000
vt 0.0300 0.5000
vt 0.0300 0.5000
vt 0.0300 0.5000
vt 0.0300 0.5000
vt 0.0300 0.5000
vt 0.0300 0.5000
vt 0.0300 0.5000
vt 0.0300 0.5000
vt 0.0300 0.5000
vt 0.0300 0.5000
vt 0.0300 0.5000
vt 0.0300 0.5000
vt 0.0300 0.5000
vt 0.0300 0.5000
vt 0.0300 0.5000
vt 0.0300 0.5000
vt 0.0300 0.5000
vt 0.0300 0.5000
vt 0.0300 0.5000
vt 0.0300 0.5000
vt 0.0300 0.5000
vt 0.0300 0.5000
vt 0.0300 0.5000
vt 0.0300 0.5000
vt 0.0300 0.5000
vt 0.0300 0.5000
vt 0.0300 0.5000
vt 0.0300 0.5000
vt 0.0300 0.5000
vt 0.0300 0.5000
vt 0.0300 0.5000
vt 0.0300 0.5000
vt 0.0300 0.5000
vt 0.0300 0.5000
vt 0.0300 0.5000
vt 0.0300 0.5000
vt 0.0300 0.5000
vt 0.0300 0.5000
vt 0.0300 0.5000
vt 0.0300 0.5000
vt 0.0300 0.5000
vt 0.0300 0.5000
vt 0.0300 0.5000
vt 0.0300 0.5000
vt 0.0300 0.5000
vt 0.0300 0.5000
vt 0.0300 0.5000
vt 0.0300 0.5000
vt 0.0300 0.5000
vt 0.0300 0.5000
vt 0.0300 0.5000
vt 0.0300 0.5000
vt 0.0300 0.5000
vt 0.0300 0.5000
vt 0.0300 0.5000
vt 0.0300 0.5000
vt 0.0300 0.5000
vt 0.0300 0.5000
vt 0.0300 0.5000
vt 0.0300 0.5000
vt 0.0300 0.5000
vt 0.0300 0.5000
vt 0.0300 0.5000
vt 0.0300 0.5000
vt 0.0300 0.5000
vt 0.0300 0.5000
vt 0.0300 0.5000
vt 0.0300 0.5000
vt 0.0300 0.5000
vt 0.0300 0.5000
vt 0.0300 0.5000
vt 0.0300 0.5000
vt 0.0300 0.5000
vt 0.0300 0.5000
vt 0.0300 0.5000
vt 0.0300 0.5000
vt 0.0300 0.5000
vt 0.0300 0.5000
vt 0.0300 0.5000
vt 0.0300 0.5000
vt 0.0300 0.5000
vt 0.0300 0.5000
vt 0.0300 0.5000
vt 0.0300 0.5000
vt 0.0300 0.5000
vt 0.0300 0.5000
vt 0.0300 0.5000
vt 0.0300 0.5000
vt 0.0300 0.5000
vt 0.0300 0.5000
vt 0.0300 0.5000
vt 0.0300 0.5000
vt 0.0300 0.5000
vt 0.0300 0.5000
vt 0.0300 0.5000
vt 0.0300 0.5000
vt 0.0300 0.5000
vt 0.0300 0.5000
vt 0.0300 0.5000
vt 0.0300 0.5000
vt 0.0300 0.5000
vt 0.0300 0.5000
vt 0.0300 0.5000
vt 0.0300 0.5000
vt 0.0300 0.5000
vt 0.0300 0.5000
vt 0.0300 0.5000
vt 0.0300 0.5000
vt 0.0300 0.5000
vt 0.0300 0.5000
vt 0.0300 0.5000
vt 0.0300 0.5000
vt 0.0300 0.5000
vt 0.0300 0.5000
vt 0.0300 0.5000
vt 0.0300 0.5000
vt 0.0300 0.5000
vt 0.0300 0.5000
vt 0.0300 0.5000
vt 0.0300 0.5000
vt 0.0300 0.5000
vt 0.0300 0.5000
vt 0.0300 0.5000
vt 0.0300 0.5000
vt 0.0300 0.5000
vt 0.0300 0.5000
vt 0.0300 0.5000
vt 0.0300 0.5000
vt 0.0300 0.5000
vt 0.0300 0.5000
vt 0.0300 0.5000
vt 0.0300 0.5000
vt 0.0300 0.5000
vt 0.0300 0.5000
vt 0.0300 0.5000
vt 0.0300 0.5000
vt 0.0300 0.5000
vt 0.0300 0.5000
vt 0.0300 0.5000
vt 0.0300 0.5000
vt 0.0300 0.5000
vt 0.0300 0.5000
vt 0.0300 0.5000
vt 0.0300 0.5000
vt 0.0300 0.5000
vt 0.0300 0.5000
vt 0.0300 0.5000
vt 0.0300 0.5000
vt 0.0300 0.5000
vt 0.0300 0.5000
vt 0.0300 0.5000
vt 0.0300 0.5000
vt 0.0300 0.5000
vt 0.0300 0.5000
vt 0.0300 0.5000
vt 0.0300 0.5000
vt 0.0300 0.5000
vt 0.0300 0.5000
vt 0.0300 0.5000
vt 0.0300 0.5000
vt 0.0300 0.5000
vt 0.0300 0.5000
vt 0.0300 0.5000
vt 0.0300 0.5000
vt 0.0300 0.5000
vt 0.0300 0.5000
vt 0.0300 0.5000
vt 0.0300 0.5000
vt 0.0300 0.5000
vt 0.0300 0.5000
vt 0.0300 0.5000
vt 0.0300 0.5000
vt 0.0300 0.5000
vt 0.0300 0.5000
vt 0.0300 0.5000
vt 0.0300 0.5000
vt 0.0300 0.5000
vt 0.0300 0.5000
vt 0.0300 0.5000
vt 0.0300 0.5000
vt 0.0300 0.5000
vt 0.0300 0.5000
vt 0.0300 0.5000
vt 0.0300 0.5000
vt 0.0300 0.5000
vt 0.0300 0.5000
vt 0.0300 0.5000
vt 0.0300 0.5000
vt 0.0300 0.5000
vt 0.0300 0.5000
vt 0.0300 0.5000
vt 0.0300 0.5000
vt 0.0300 0.5000
vt 0.0300 0.5000
vt 0.0300 0.5000
vt 0.0300 0.5000
vt 0.0300 0.5000
vt 0.0300 0.5000
vt 0.0300 0.5000
vt 0.0300 0.5000
vt 0.0300 0.5000
vt 0.0300 0.5000
vt 0.0300 0.5000
vt 0.0300 0.5000
vt 0.0300 0.5000
vt 0.0300 0.5000
vt 0.0300 0.5000
vt 0.0300 0.5000
vt 0.0300 0.5000
vt 0.0300 0.5000
vt 0.0300 0.5000
vt 0.0300 0.5000
vt 0.0300 0.5000
vt 0.0300 0.5000
vt 0.0300 0.5000
vt 0.0300 0.5000
vt 0.0300 0.5000
vt 0.0300 0.5000
vt 0.0300 0.5000
vt 0.0300 0.5000
vt 0.0300 0.5000
vt 0.0300 0.5000
vt 0.0300 0.5000
vt 0.0300 0.5000
vt 0.0300 0.5000
vt 0.0300 0.5000
vt 0.0300 0.5000
vt 0.0300 0.5000
vt 0.0300 0.5000
vt 0.0300 0.5000
vt 0.0300 0.5000
vt 0.0300 0.5000
vt 0.0300 0.5000
vt 0.0300 0.5000
vt 0.0300 0.5000
vt 0.0300 0.5000
vt 0.0300 0.5000
vt 0.0300 0.5000
vt 0.0300 0.5000
vt 0.0300 0.5000
vt 0.0300 0.5000
vt 0.0300 0.5000
vt 0.0300 0.5000
vt 0.0300 0.5000
vt 0.0300 0.5000
vt 0.0300 0.5000
vt 0.0300 0.5000
vt 0.0300 0.5000
vt 0.0300 0.5000
vt 0.0300 0.5000
vt 0.0300 0.5000
vt 0.0300 0.5000
vt 0.0300 0.5000
vt 0.0300 0.5000
vt 0.0300 0.5000
vt 0.0300 0.5000
vt 0.0300 0.5000
vt 0.0300 0.5000
vt 0.0300 0.5000
vt 0.0300 0.5000
vt 0.0300 0.5000
vt 0.0300 0.5000
vt 0.0300 0.5000
vt 0.0300 0.5000
vt 0.0300 0.5000
vt 0.0300 0.5000
vt 0.0300 0.5000
vt 0.0300 0.5000
vt 0.0300 0.5000
vt 0.0300 0.5000
vt 0.0300 0.5000
vt 0.0300 0.5000
vt 0.0300 0.5000
vt 0.0300 0.5000
vt 0.0300 0.5000
vt 0.0300 0.5000
vt 0.0300 0.5000
vt 0.0300 0.5000
vt 0.0300 0.5000
vt 0.0300 0.5000
vt 0.0300 0.5000
vt 0.0300 0.5000
vt 0.0300 0.5000
vt 0.0300 0.5000
vt 0.0300 0.5000
vt 0.0300 0.5000
vt 0.0300 0.5000
vt 0.0300 0.5000
vt 0.0300 0.5000
vt 0.0300 0.5000
vt 0.0300 0.5000
vt 0.0300 0.5000
vt 0.0300 0.5000
vt 0.0300 0.5000
vt 0.0300 0.5000
vt 0.0300 0.5000
vt 0.0300 0.5000
vt 0.0300 0.5000
vt 0.0300 0.5000
vt 0.0300 0.5000
vt 0.0300 0.5000
vt 0.0300 0.5000
vt 0.0300 0.5000
vt 0.0300 0.5000
vt 0.0300 0.5000
vt 0.0300 0.5000
vt 0.0300 0.5000
vt 0.0300 0.5000
vt 0.0300 0.5000
vt 0.0300 0.5000
vt 0.0300 0.5000
vt 0.0300 0.5000
vt 0.0300 0.5000
vt 0.0300 0.5000
vt 0.0300 0.5000
vt 0.0300 0.5000
vt 0.0300 0.5000
vt 0.0300 0.5000
vt 0.0300 0.5000
vt 0.0300 0.5000
vt 0.0300 0.5000
vt 0.0300 0.5000
vt 0.0300 0.5000
vt 0.0300 0.5000
vt 0.0300 0.5000
vt 0.0300 0.5000
vt 0.0300 0.5000
vt 0.0300 0.5000
vt 0.0300 0.5000
vt 0.0300 0.5000
vt 0.0300 0.5000
vt 0.0300 0.5000
vt 0.0300 0.5000
vt 0.0300 0.5000
vt 0.0300 0.5000
vt 0.0300 0.5000
vt 0.0300 0.5000
vt 0.0300 0.5000
vt 0.0300 0.5000
vt 0.0300 0.5000
vt 0.0300 0.5000
vt 0.0300 0.5000
vt 0.0300 0.5000
vt 0.0300 0.5000
vt 0.0300 0.5000
vt 0.0300 0.5000
vt 0.0300 0.5000
vt 0.0300 0.5000
vt 0.0300 0.5000
vt 0.0300 0.5000
vt 0.0300 0.5000
vt 0.0300 0.5000
vt 0.0300 0.5000
vt 0.0300 0.5000
vt 0.0300 0.5000
vt 0.0300 0.5000
vt 0.0300 0.5000
vt 0.0300 0.5000
vt 0.0300 0.5000
vt 0.0300 0.5000
vt 0.0300 0.5000
vt 0.0300 0.5000
vt 0.0300 0.5000
vt 0.0300 0.5000
vt 0.0300 0.5000
vt 0.0300 0.5000
vt 0.0300 0.5000
vt 0.0300 0.5000
vt 0.0300 0.5000
vt 0.0300 0.5000
vt 0.0300 0.5000
vt 0.0300 0.5000
vt 0.0300 0.5000
vt 0.0300 0.5000
vt 0.0300 0.5000
vt 0.0300 0.5000
vt 0.0300 0.5000
vt 0.0300 0.5000
vt 0.0300 0.5000
vt 0.0300 0.5000
vt 0.0300 0.5000
vt 0.0300 0.5000
vt 0.0300 0.5000
vt 0.0300 0.5000
vt 0.0300 0.5000
vt 0.0300 0.5000
vt 0.0300 0.5000
vt 0.0300 0.5000
vt 0.0300 0.5000
vt 0.0300 0.5000
vt 0.0300 0.5000
vt 0.0300 0.5000
vt 0.0300 0.5000
vt 0.0300 0.5000
vt 0.0300 0.5000
vt 0.0300 0.5000
vt 0.0300 0.5000
vt 0.0300 0.5000
vt 0.0300 0.5000
vt 0.0300 0.5000
vt 0.0300 0.5000
vt 0.0300 0.5000
vt 0.0300 0.5000
vt 0.0300 0.5000
vt 0.0300 0.5000
vt 0.0300 0.5000
vt 0.0300 0.5000
vt 0.0300 0.5000
vt 0.0300 0.5000
vt 0.0300 0.5000
vt 0.0300 0.5000
vt 0.0300 0.5000
vt 0.0300 0.5000
vt 0.0300 0.5000
vt 0.0300 0.5000
vt 0.0300 0.5000
vt 0.0300 0.5000
vt 0.0300 0.5000
vt 0.0300 0.5000
vt 0.0300 0.5000
vt 0.0300 0.5000
vt 0.0300 0.5000
vt 0.0300 0.5000
vt 0.0300 0.5000
vt 0.0300 0.5000
vt 0.0300 0.5000
vt 0.0300 0.5000
vt 0.0300 0.5000
vt 0.0300 0.5000
vt 0.0300 0.5000
vt 0.0300 0.5000
vt 0.0300 0.5000
vt 0.0300 0.5000
vt 0.0300 0.5000
vt 0.0300 0.5000
vt 0.0300 0.5000
vt 0.0300 0.5000
vt 0.0300 0.5000
vt 0.0300 0.5000
vt 0.0300 0.5000
vt 0.0300 0.5000
vt 0.0300 0.5000
vt 0.0300 0.5000
vt 0.0300 0.5000
vt 0.0300 0.5000
vt 0.0300 0.5000
vt 0.0300 0.5000
vt 0.0300 0.5000
vt 0.0300 0.5000
vt 0.0300 0.5000
vt 0.0300 0.5000
vt 0.0300 0.5000
vt 0.0300 0.5000
vt 0.0300 0.5000
vt 0.0300 0.5000
vt 0.0300 0.5000
vt 0.0300 0.5000
vt 0.0300 0.5000
vt 0.0300 0.5000
vt 0.0300 0.5000
vt 0.0300 0.5000
vt 0.0300 0.5000
vt 0.0300 0.5000
vt 0.0300 0.5000
vt 0.0300 0.5000
vt 0.0300 0.5000
vt 0.0300 0.5000
vt 0.0300 0.5000
vt 0.0300 0.5000
vt 0.0300 0.5000
vt 0.0300 0.5000
vt 0.0300 0.5000
vt 0.0300 0.5000
vt 0.0300 0.5000
vt 0.0300 0.5000
vt 0.0300 0.5000
vt 0.0300 0.5000
vt 0.0300 0.5000
vt 0.0300 0.5000
vt 0.0300 0.5000
vt 0.0300 0.5000
vt 0.0300 0.5000
vt 0.0300 0.5000
vt 0.0300 0.5000
vt 0.0300 0.5000
vt 0.0300 0.5000
vt 0.0300 0.5000
vt 0.0300 0.5000
vt 0.0300 0.5000
vt 0.0300 0.5000
vt 0.0300 0.5000
vt 0.0300 0.5000
vt 0.0300 0.5000
vt 0.0300 0.5000
vt 0.0300 0.5000
vt 0.0300 0.5000
vt 0.0300 0.5000
vt 0.0300 0.5000
vt 0.0300 0.5000
vt 0.0300 0.5000
vt 0.0300 0.5000
vt 0.0300 0.5000
vt 0.0300 0.5000
vt 0.0300 0.5000
vt 0.0300 0.5000
vt 0.0300 0.5000
vt 0.0300 0.5000
vt 0.0300 0.5000
vt 0.0300 0.5000
vt 0.0300 0.5000
vt 0.0300 0.5000
vt 0.0300 0.5000
vt 0.0300 0.5000
vt 0.0300 0.5000
vt 0.0300 0.5000
vt 0.0300 0.5000
vt 0.0300 0.5000
vt 0.0300 0.5000
vt 0.0300 0.5000
vt 0.0300 0.5000
vt 0.0300 0.5000
vt 0.0300 0.5000
vt 0.0300 0.5000
vt 0.0300 0.5000
vt 0.0300 0.5000
vt 0.0300 0.5000
vt 0.0300 0.5000
vt 0.0300 0.5000
vt 0.0300 0.5000
vt 0.0300 0.5000
vt 0.0300 0.5000
vt 0.0300 0.5000
vt 0.0300 0.5000
vt 0.0300 0.5000
vt 0.0300 0.5000
vt 0.0300 0.5000
vt 0.0300 0.5000
vt 0.0300 0.5000
vt 0.0300 0.5000
vt 0.0300 0.5000
vt 0.0300 0.5000
vt 0.0300 0.5000
vt 0.0300 0.5000
vt 0.0300 0.5000
vt 0.0300 0.5000
vt 0.0300 0.5000
vt 0.0300 0.5000
vt 0.0300 0.5000
vt 0.0300 0.5000
vt 0.0300 0.5000
vt 0.0300 0.5000
vt 0.0300 0.5000
vt 0.0300 0.5000
vt 0.0300 0.5000
vt 0.0300 0.5000
vt 0.0300 0.5000
vt 0.0300 0.5000
vt 0.0300 0.5000
vt 0.0300 0.5000
vt 0.0300 0.5000
vt 0.0300 0.5000
vt 0.0300 0.5000
vt 0.0300 0.5000
vt 0.0300 0.5000
vt 0.0300 0.5000
vt 0.0300 0.5000
vt 0.0300 0.5000
vt 0.0300 0.5000
vt 0.0300 0.5000
vt 0.0300 0.5000
vt 0.0300 0.5000
vt 0.0300 0.5000
vt 0.0300 0.5000
vt 0.0300 0.5000
vt 0.0300 0.5000
vt 0.0300 0.5000
vt 0.0300 0.5000
vt 0.0300 0.5000
vt 0.0300 0.5000
vt 0.0300 0.5000
vt 0.0300 0.5000
vt 0.0300 0.5000
vt 0.0300 0.5000
vt 0.0300 0.5000
vt 0.0300 0.5000
vt 0.0300 0.5000
vt 0.0300 0.5000
vt 0.0300 0.5000
vt 0.0300 0.5000
vt 0.0300 0.5000
vt 0.0300 0.5000
vt 0.0300 0.5000
vt 0.0300 0.5000
vt 0.0300 0.5000
vt 0.0300 0.5000
vt 0.0300 0.5000
vt 0.0300 0.5000
vt 0.0300 0.5000
vt 0.0300 0.5000
vt 0.0300 0.5000
vt 0.0300 0.5000
vt 0.0300 0.5000
vt 0.0300 0.5000
vt 0.0300 0.5000
vt 0.0300 0.5000
vt 0.0300 0.5000
vt 0.0300 0.5000
vt 0.0300 0.5000
vt 0.0300 0.5000
vt 0.0300 0.5000
vt 0.0300 0.5000
vt 0.0300 0.5000
vt 0.0300 0.5000
vt 0.0300 0.5000
vt 0.0300 0.5000
vt 0.0300 0.5000
vt 0.0300 0.5000
vt 0.0300 0.5000
vt 0.0300 0.5000
vt 0.0300 0.5000
vt 0.0300 0.5000
vt 0.0300 0.5000
vt 0.0300 0.5000
vt 0.0300 0.5000
vt 0.0300 0.5000
vt 0.0300 0.5000
vt 0.0300 0.5000
vt 0.0300 0.5000
vt 0.0300 0.5000
vt 0.0300 0.5000
vt 0.0300 0.5000
vt 0.0300 0.5000
vt 0.0300 0.5000
vt 0.0300 0.5000
vt 0.0300 0.5000
vt 0.0300 0.5000
vt 0.0300 0.5000
vt 0.0300 0.5000
vt 0.0300 0.5000
vt 0.0300 0.5000
vt 0.0300 0.5000
vt 0.0300 0.5000
vt 0.0300 0.5000
vt 0.0300 0.5000
vt 0.0300 0.5000
vt 0.0300 0.5000
vt 0.0300 0.5000
vt 0.0300 0.5000
vt 0.0300 0.5000
vt 0.0300 0.5000
vt 0.0300 0.5000
vt 0.0300 0.5000
vt 0.0300 0.5000
vt 0.0300 0.5000
vt 0.0300 0.5000
vt 0.0300 0.5000
vt 0.0300 0.5000
vt 0.0300 0.5000
vt 0.0300 0.5000
vt 0.0300 0.5000
vt 0.0300 0.5000
vt 0.0300 0.5000
vt 0.0300 0.5000
vt 0.0300 0.5000
vt 0.0300 0.5000
vt 0.0300 0.5000
vt 0.0300 0.5000
vt 0.0300 0.5000
vt 0.0300 0.5000
vt 0.0300 0.5000
vt 0.0300 0.5000
vt 0.0300 0.5000
vt 0.0300 0.5000
vt 0.0300 0.5000
vt 0.0300 0.5000
vt 0.0300 0.5000
vt 0.0300 0.5000
vt 0.0300 0.5000
vt 0.0300 0.5000
vt 0.0300 0.5000
vt 0.0300 0.5000
vt 0.0300 0.5000
vt 0.0300 0.5000
vt 0.0300 0.5000
vt 0.0300 0.5000
vt 0.0300 0.5000
vt 0.0300 0.5000
vt 0.0300 0.5000
vt 0.0300 0.5000
vt 0.0300 0.5000
vt 0.0300 0.5000
vt 0.0300 0.5000
vt 0.0300 0.5000
vt 0.0300 0.5000
vt 0.0300 0.5000
vt 0.0300 0.5000
vt 0.0300 0.5000
vt 0.0300 0.5000
vt 0.0300 0.5000
vt 0.0300 0.5000
vt 0.0300 0.5000
vt 0.0300 0.5000
vt 0.0300 0.5000
vt 0.0300 0.5000
vt 0.0300 0.5000
vt 0.0300 0.5000
vt 0.0300 0.5000
vt 0.0300 0.5000
vt 0.0300 0.5000
vt 0.0300 0.5000
vt 0.0300 0.5000
vt 0.0300 0.5000
vt 0.0300 0.5000
vt 0.0300 0.5000
vt 0.0300 0.5000
vt 0.0300 0.5000
vt 0.0300 0.5000
vt 0.0300 0.5000
vt 0.0300 0.5000
vt 0.0300 0.5000
vt 0.0300 0.5000
vt 0.0300 0.5000
vt 0.0300 0.5000
vt 0.0300 0.5000
vt 0.0300 0.5000
vt 0.0300 0.5000
vt 0.0300 0.5000
vt 0.0300 0.5000
vt 0.0300 0.5000
vt 0.0300 0.5000
vt 0.0300 0.5000
vt 0.0300 0.5000
vt 0.0300 0.5000
vt 0.0300 0.5000
vt 0.0300 0.5000
vt 0.0300 0.5000
vt 0.0300 0.5000
vt 0.0300 0.5000
vt 0.0300 0.5000
vt 0.0300 0.5000
vt 0.0300 0.5000
vt 0.0300 0.5000
vt 0.0300 0.5000
vt 0.0300 0.5000
vt 0.0300 0.5000
vt 0.0300 0.5000
vt 0.0300 0.5000
vt 0.0300 0.5000
vt 0.0300 0.5000
vt 0.0300 0.5000
vt 0.0300 0.5000
vt 0.0300 0.5000
vt 0.0300 0.5000
vt 0.0300 0.5000
vt 0.0300 0.5000
vt 0.0300 0.5000
vt 0.0300 0.5000
vt 0.0300 0.5000
vt 0.0300 0.5000
vt 0.0300 0.5000
vt 0.0300 0.5000
vt 0.0300 0.5000
vt 0.0300 0.5000
vt 0.0300 0.5000
vt 0.0300 0.5000
vt 0.0300 0.5000
vt 0.0300 0.5000
vt 0.0300 0.5000
vt 0.0300 0.5000
vt 0.0300 0.5000
vt 0.0300 0.5000
vt 0.0300 0.5000
vt 0.0300 0.5000
vt 0.0300 0.5000
vt 0.0300 0.5000
vt 0.0300 0.5000
vt 0.0300 0.5000
vt 0.0300 0.5000
vt 0.0300 0.5000
vt 0.0300 0.5000
vt 0.0300 0.5000
vt 0.0300 0.5000
vt 0.0300 0.5000
vt 0.0300 0.5000
vt 0.0300 0.5000
vt 0.0300 0.5000
vt 0.0300 0.5000
vt 0.0300 0.5000
vt 0.0300 0.5000
vt 0.0300 0.5000
vt 0.0300 0.5000
vt 0.0300 0.5000
vt 0.0300 0.5000
vt 0.0300 0.5000
vt 0.0300 0.5000
vt 0.0300 0.5000
vt 0.0300 0.5000
vt 0.0300 0.5000
vt 0.0300 0.5000
vt 0.0300 0.5000
vt 0.0300 0.5000
vt 0.0300 0.5000
vt 0.0300 0.5000
vt 0.0300 0.5000
vt 0.0300 0.5000
vt 0.0300 0.5000
vt 0.0300 0.5000
vt 0.0300 0.5000
vt 0.0300 0.5000
vt 0.0300 0.5000
vt 0.0300 0.5000
vt 0.0300 0.5000
vt 0.0300 0.5000
vt 0.0300 0.5000
vt 0.0300 0.5000
vt 0.0300 0.5000
vt 0.0300 0.5000
vt 0.0300 0.5000
vt 0.0300 0.5000
vt 0.0300 0.5000
vt 0.0300 0.5000
vt 0.0300 0.5000
vt 0.0300 0.5000
vt 0.0300 0.5000
vt 0.0300 0.5000
vt 0.0300 0.5000
vt 0.0300 0.5000
vt 0.0300 0.5000
vt 0.0300 0.5000
vt 0.0300 0.5000
vt 0.0300 0.5000
vt 0.0300 0.5000
vt 0.0300 0.5000
vt 0.0300 0.5000
vt 0.0300 0.5000
vt 0.0300 0.5000
vt 0.0300 0.5000
vt 0.0300 0.5000
vt 0.0300 0.5000
vt 0.0300 0.5000
vt 0.0300 0.5000
vt 0.0300 0.5000
vt 0.0300 0.5000
vt 0.0300 0.5000
vt 0.0300 0.5000
vt 0.0300 0.5000
vt 0.0300 0.5000
vt 0.0300 0.5000
vt 0.0300 0.5000
vt 0.0300 0.5000
vt 0.0300 0.5000
vt 0.0300 0.5000
vt 0.0300 0.5000
vt 0.0300 0.5000
vt 0.0300 0.5000
vt 0.0300 0.5000
vt 0.0300 0.5000
vt 0.0300 0.5000
vt 0.0300 0.5000
vt 0.0300 0.5000
vt 0.0300 0.5000
vt 0.0300 0.5000
vt 0.0300 0.5000
vt 0.0300 0.5000
vt 0.0300 0.5000
vt 0.0300 0.5000
vt 0.0300 0.5000
vt 0.0300 0.5000
vt 0.0300 0.5000
vt 0.0300 0.5000
vt 0.0300 0.5000
vt 0.0300 0.5000
vt 0.0300 0.5000
vt 0.0300 0.5000
vt 0.0300 0.5000
vt 0.0300 0.5000
vt 0.0300 0.5000
vt 0.0300 0.5000
vt 0.0300 0.5000
vt 0.0300 0.5000
vt 0.0300 0.5000
vt 0.0300 0.5000
vt 0.0300 0.5000
vt 0.0300 0.5000
vt 0.0300 0.5000
vt 0.0300 0.5000
vt 0.0300 0.5000
vt 0.0300 0.5000
vt 0.0300 0.5000
vt 0.0300 0.5000
vt 0.0300 0.5000
vt 0.0300 0.5000
vt 0.0300 0.5000
vt 0.0300 0.5000
vt 0.0300 0.5000
vt 0.0300 0.5000
vt 0.0300 0.5000
vt 0.0300 0.5000
vt 0.0300 0.5000
vt 0.0300 0.5000
vt 0.0300 0.5000
vt 0.0300 0.5000
vt 0.0300 0.5000
vt 0.0300 0.5000
vt 0.0300 0.5000
vt 0.0300 0.5000
vt 0.0300 0.5000
vt 0.0300 0.5000
vt 0.0300 0.5000
vt 0.0300 0.5000
vt 0.0300 0.5000
vt 0.0300 0.5000
vt 0.0300 0.5000
vt 0.0300 0.5000
vt 0.0300 0.5000
vt 0.0300 0.5000
vt 0.0300 0.5000
vt 0.0300 0.5000
vt 0.0300 0.5000
vt 0.0300 0.5000
vt 0.0300 0.5000
vt 0.0300 0.5000
vt 0.0300 0.5000
vt 0.0300 0.5000
vt 0.0300 0.5000
vt 0.0300 0.5000
vt 0.0300 0.5000
vt 0.0300 0.5000
vt 0.0300 0.5000
vt 0.0300 0.5000
vt 0.0300 0.5000
vt 0.0300 0.5000
vt 0.0300 0.5000
vt 0.0300 0.5000
vt 0.0300 0.5000
vt 0.0300 0.5000
vt 0.0300 0.5000
vt 0.0300 0.5000
vt 0.0300 0.5000
vt 0.0300 0.5000
vt 0.0300 0.5000
vt 0.0300 0.5000
vt 0.0300 0.5000
vt 0.0300 0.5000
vt 0.0300 0.5000
vt 0.0300 0.5000
vt 0.0300 0.5000
vt 0.0300 0.5000
vt 0.0300 0.5000
vt 0.0300 0.5000
vt 0.0300 0.5000
vt 0.0300 0.5000
vt 0.0300 0.5000
vt 0.0300 0.5000
vt 0.0300 0.5000
vt 0.0300 0.5000
vt 0.0300 0.5000
vt 0.0300 0.5000
vt 0.0300 0.5000
vt 0.0300 0.5000
vt 0.0300 0.5000
vt 0.0300 0.5000
vt 0.0300 0.5000
vt 0.0300 0.5000
vt 0.0300 0.5000
vt 0.0300 0.5000
vt 0.0300 0.5000
vt 0.0300 0.5000
vt 0.0300 0.5000
vt 0.0300 0.5000
vt 0.0300 0.5000
vt 0.0300 0.5000
vt 0.0300 0.5000
vt 0.0300 0.5000
vt 0.0300 0.5000
vt 0.0300 0.5000
vt 0.0300 0.5000
vt 0.0300 0.5000
vt 0.0300 0.5000
vt 0.0300 0.5000
vt 0.0300 0.5000
vt 0.0300 0.5000
vt 0.0300 0.5000
vt 0.0300 0.5000
vt 0.0300 0.5000
vt 0.0300 0.5000
vt 0.0300 0.5000
vt 0.0300 0.5000
vt 0.0300 0.5000
vt 0.0300 0.5000
vt 0.0300 0.5000
vt 0.0300 0.5000
vt 0.0300 0.5000
vt 0.0300 0.5000
vt 0.0300 0.5000
vt 0.0300 0.5000
vt 0.0300 0.5000
vt 0.0300 0.5000
vt 0.0300 0.5000
vt 0.0300 0.5000
vt 0.0300 0.5000
vt 0.0300 0.5000
vt 0.0300 0.5000
vt 0.0300 0.5000
vt 0.0300 0.5000
vt 0.0300 0.5000
vt 0.0300 0.5000
vt 0.0300 0.5000
vt 0.0300 0.5000
vt 0.0300 0.5000
vt 0.0300 0.5000
vt 0.0300 0.5000
vt 0.0300 0.5000
vt 0.0300 0.5000
vt 0.0300 0.5000
vt 0.0300 0.5000
vt 0.0300 0.5000
vt 0.0300 0.5000
vt 0.0300 0.5000
vt 0.0300 0.5000
vt 0.0300 0.5000
vt 0.0300 0.5000
vt 0.0300 0.5000
vt 0.0300 0.5000
vt 0.0300 0.5000
vt 0.0300 0.5000
vt 0.0300 0.5000
vt 0.0300 0.5000
vt 0.0300 0.5000
vt 0.0300 0.5000
vt 0.0300 0.5000
vt 0.0300 0.5000
vt 0.0300 0.5000
vt 0.0300 0.5000
vt 0.0300 0.5000
vt 0.0300 0.5000
vt 0.0300 0.5000
vt 0.0300 0.5000
vt 0.0300 0.5000
vt 0.0300 0.5000
vt 0.0300 0.5000
vt 0.0300 0.5000
vt 0.0300 0.5000
vt 0.0300 0.5000
vt 0.0300 0.5000
vt 0.0300 0.5000
vt 0.0300 0.5000
vt 0.0300 0.5000
vt 0.0300 0.5000
vt 0.0300 0.5000
vt 0.0300 0.5000
vt 0.0300 0.5000
vt 0.0300 0.5000
vt 0.0300 0.5000
vt 0.0300 0.5000
vt 0.0300 0.5000
vt 0.0300 0.5000
vt 0.0300 0.5000
vt 0.0300 0.5000
vt 0.0300 0.5000
vt 0.0300 0.5000
vt 0.0300 0.5000
vt 0.0300 0.5000
vt 0.0300 0.5000
vt 0.0300 0.5000
vt 0.0300 0.5000
vt 0.0300 0.5000
vt 0.0300 0.5000
vt 0.0300 0.5000
vt 0.0300 0.5000
vt 0.0300 0.5000
vt 0.0300 0.5000
vt 0.0300 0.5000
vt 0.0300 0.5000
vt 0.0300 0.5000
vt 0.0300 0.5000
vt 0.0300 0.5000
vt 0.0300 0.5000
vt 0.0300 0.5000
vt 0.0300 0.5000
vt 0.0300 0.5000
vt 0.0300 0.5000
vt 0.0300 0.5000
vt 0.0300 0.5000
vt 0.0300 0.5000
vt 0.0300 0.5000
vt 0.0300 0.5000
vt 0.0300 0.5000
vt 0.0300 0.5000
vt 0.0300 0.5000
vt 0.0300 0.5000
vt 0.0300 0.5000
vt 0.0300 0.5000
vt 0.0300 0.5000
vt 0.0300 0.5000
vt 0.0300 0.5000
vt 0.0300 0.5000
vt 0.0300 0.5000
vt 0.0300 0.5000
vt 0.0300 0.5000
vt 0.0300 0.5000
vt 0.0300 0.5000
vt 0.0300 0.5000
vt 0.0300 0.5000
vt 0.0300 0.5000
vt 0.0300 0.5000
vt 0.0300 0.5000
vt 0.0300 0.5000
vt 0.0300 0.5000
vt 0.0300 0.5000
vt 0.0300 0.5000
vt 0.0300 0.5000
vt 0.0300 0.5000
vt 0.0300 0.5000
vt 0.0300 0.5000
vt 0.0300 0.5000
vt 0.0300 0.5000
vt 0.0300 0.5000
vt 0.0300 0.5000
vt 0.0300 0.5000
vt 0.0300 0.5000
vt 0.0300 0.5000
vt 0.0300 0.5000
vt 0.0300 0.5000
vt 0.0300 0.5000
vt 0.0300 0.5000
vt 0.0300 0.5000
vt 0.0300 0.5000
vt 0.0300 0.5000
vt 0.0300 0.5000
vt 0.0300 0.5000
vt 0.0300 0.5000
vt 0.0300 0.5000
vt 0.0300 0.5000
vt 0.0300 0.5000
vt 0.0300 0.5000
vt 0.0300 0.5000
vt 0.0300 0.5000
vt 0.0300 0.5000
vt 0.0300 0.5000
vt 0.0300 0.5000
vt 0.0300 0.5000
vt 0.0300 0.5000
vt 0.0300 0.5000
vt 0.0300 0.5000
vt 0.0300 0.5000
vt 0.0300 0.5000
vt 0.0300 0.5000
vt 0.0300 0.5000
vt 0.0300 0.5000
vt 0.0300 0.5000
vt 0.0300 0.5000
vt 0.0300 0.5000
vt 0.0300 0.5000
vt 0.0300 0.5000
vt 0.0300 0.5000
vt 0.0300 0.5000
vt 0.0300 0.5000
vt 0.0300 0.5000
vt 0.0300 0.5000
vt 0.0300 0.5000
vt 0.0300 0.5000
vt 0.0300 0.5000
vt 0.0300 0.5000
vt 0.0300 0.5000
vt 0.0300 0.5000
vt 0.0300 0.5000
vt 0.0300 0.5000
vt 0.0300 0.5000
vt 0.0300 0.5000
vt 0.0300 0.5000
vt 0.0300 0.5000
vt 0.0300 0.5000
vt 0.0300 0.5000
vt 0.0300 0.5000
vt 0.0300 0.5000
vt 0.0300 0.5000
vt 0.0300 0.5000
vt 0.0300 0.5000
vt 0.0300 0.5000
vt 0.0300 0.5000
vt 0.0300 0.5000
vt 0.0300 0.5000
vt 0.0300 0.5000
vt 0.0300 0.5000
vt 0.0300 0.5000
vt 0.0300 0.5000
vt 0.0300 0.5000
vt 0.0300 0.5000
vt 0.0300 0.5000
vt 0.0300 0.5000
vt 0.0300 0.5000
vt 0.0300 0.5000
vt 0.0300 0.5000
vt 0.0300 0.5000
vt 0.0300 0.5000
vt 0.0300 0.5000
vt 0.0300 0.5000
vt 0.0300 0.5000
vt 0.0300 0.5000
vt 0.0300 0.5000
vt 0.0300 0.5000
vt 0.0300 0.5000
vt 0.0300 0.5000
vt 0.0300 0.5000
vt 0.0300 0.5000
vt 0.0300 0.5000
vt 0.0300 0.5000
vt 0.0300 0.5000
vt 0.0300 0.5000
vt 0.0300 0.5000
vt 0.0300 0.5000
vt 0.0300 0.5000
vt 0.0300 0.5000
vt 0.0300 0.5000
vt 0.0300 0.5000
vt 0.0300 0.5000
vt 0.0300 0.5000
vt 0.0300 0.5000
vt 0.0300 0.5000
vt 0.0300 0.5000
vt 0.0300 0.5000
vt 0.0300 0.5000
vt 0.0300 0.5000
vt 0.0300 0.5000
vt 0.0300 0.5000
vt 0.0300 0.5000
vt 0.0300 0.5000
vt 0.0300 0.5000
vt 0.0300 0.5000
vt 0.0300 0.5000
vt 0.0300 0.5000
vt 0.0300 0.5000
vt 0.0300 0.5000
vt 0.0300 0.5000
vt 0.0300 0.5000
vt 0.0300 0.5000
vt 0.0300 0.5000
vt 0.0300 0.5000
vt 0.0300 0.5000
vt 0.0300 0.5000
vt 0.0300 0.5000
vt 0.0300 0.5000
vt 0.0300 0.5000
vt 0.0300 0.5000
vt 0.0300 0.5000
vt 0.0300 0.5000
vt 0.0300 0.5000
vt 0.0300 0.5000
vt 0.0300 0.5000
vt 0.0300 0.5000
vt 0.0300 0.5000
vt 0.0300 0.5000
vt 0.0300 0.5000
vt 0.0300 0.5000
vt 0.0300 0.5000
vt 0.0300 0.5000
vt 0.0300 0.5000
vt 0.0300 0.5000
vt 0.0300 0.5000
vt 0.0300 0.5000
vt 0.0300 0.5000
vt 0.0300 0.5000
vt 0.0300 0.5000
vt 0.0300 0.5000
vt 0.0300 0.5000
vt 0.0300 0.5000
vt 0.0300 0.5000
vt 0.0300 0.5000
vt 0.0300 0.5000
vt 0.0300 0.5000
vt 0.0300 0.5000
vt 0.0300 0.5000
vt 0.0300 0.5000
vt 0.0300 0.5000
vt 0.0300 0.5000
vt 0.0300 0.5000
vt 0.0300 0.5000
vt 0.0300 0.5000
vt 0.0300 0.5000
vt 0.0300 0.5000
vt 0.0300 0.5000
vt 0.0300 0.5000
vt 0.0300 0.5000
vt 0.0300 0.5000
vt 0.0300 0.5000
vt 0.0300 0.5000
vt 0.0300 0.5000
vt 0.0300 0.5000
vt 0.0300 0.5000
vt 0.0300 0.5000
vt 0.0300 0.5000
vt 0.0300 0.5000
vt 0.0300 0.5000
vt 0.0300 0.5000
vt 0.0300 0.5000
vt 0.0300 0.5000
vt 0.0300 0.5000
vt 0.0300 0.5000
vt 0.0300 0.5000
vt 0.0300 0.5000
vt 0.0300 0.5000
vt 0.0300 0.5000
vt 0.0300 0.5000
vt 0.0300 0.5000
vt 0.0300 0.5000
vt 0.0300 0.5000
vt 0.0300 0.5000
vt 0.0300 0.5000
vt 0.0300 0.5000
vt 0.0300 0.5000
vt 0.0300 0.5000
vt 0.0300 0.5000
vt 0.0300 0.5000
vt 0.0300 0.5000
vt 0.0300 0.5000
vt 0.0300 0.5000
vt 0.0300 0.5000
vt 0.0300 0.5000
vt 0.0300 0.5000
vt 0.0300 0.5000
vt 0.0300 0.5000
vt 0.0300 0.5000
vt 0.0300 0.5000
vt 0.0300 0.5000
vt 0.0300 0.5000
vt 0.0300 0.5000
vt 0.0300 0.5000
vt 0.0300 0.5000
vt 0.0300 0.5000
vt 0.0300 0.5000
vt 0.0300 0.5000
vt 0.0300 0.5000
vt 0.0300 0.5000
vt 0.0300 0.5000
vt 0.0300 0.5000
vt 0.0300 0.5000
vt 0.0300 0.5000
vt 0.0300 0.5000
vt 0.0300 0.5000
vt 0.0300 0.5000
vt 0.0300 0.5000
vt 0.0300 0.5000
vt 0.0300 0.5000
vt 0.0300 0.5000
vt 0.0300 0.5000
vt 0.0300 0.5000
vt 0.0300 0.5000
vt 0.0300 0.5000
vt 0.0300 0.5000
vt 0.0300 0.5000
vt 0.0300 0.5000
vt 0.0300 0.5000
vt 0.0300 0.5000
vt 0.0300 0.5000
vt 0.0300 0.5000
vt 0.0300 0.5000
vt 0.0300 0.5000
vt 0.0300 0.5000
vt 0.0300 0.5000
vt 0.0300 0.5000
vt 0.0300 0.5000
vt 0.0300 0.5000
vt 0.0300 0.5000
vt 0.0300 0.5000
vt 0.0300 0.5000
vt 0.0300 0.5000
vt 0.0300 0.5000
vt 0.0300 0.5000
vt 0.0300 0.5000
vt 0.0300 0.5000
vt 0.0300 0.5000
vt 0.0300 0.5000
vt 0.0300 0.5000
vt 0.0300 0.5000
vt 0.0300 0.5000
vt 0.0300 0.5000
vt 0.0300 0.5000
vt 0.0300 0.5000
vt 0.0300 0.5000
vt 0.0300 0.5000
vt 0.0300 0.5000
vt 0.0300 0.5000
vt 0.0300 0.5000
vt 0.0300 0.5000
vt 0.0300 0.5000
vt 0.0300 0.5000
vt 0.0300 0.5000
vt 0.0300 0.5000
vt 0.0300 0.5000
vt 0.0300 0.5000
vt 0.0300 0.5000
vt 0.0300 0.5000
vt 0.0300 0.5000
vt 0.0300 0.5000
vt 0.0300 0.5000
vt 0.0300 0.5000
vt 0.0300 0.5000
vt 0.0300 0.5000
vt 0.0300 0.5000
vt 0.0300 0.5000
vt 0.0300 0.5000
vt 0.0300 0.5000
vt 0.0300 0.5000
vt 0.0300 0.5000
vt 0.0300 0.5000
vt 0.0300 0.5000
vt 0.0300 0.5000
vt 0.0300 0.5000
vt 0.0300 0.5000
vt 0.0300 0.5000
vt 0.0300 0.5000
vt 0.0300 0.5000
vt 0.0300 0.5000
vt 0.0300 0.5000
vt 0.0300 0.5000
vt 0.0300 0.5000
vt 0.0300 0.5000
vt 0.0300 0.5000
vt 0.0300 0.5000
vt 0.0300 0.5000
vt 0.0300 0.5000
vt 0.0300 0.5000
vt 0.0300 0.5000
vt 0.0300 0.5000
vt 0.0300 0.5000
vt 0.0300 0.5000
vt 0.0300 0.5000
vt 0.0300 0.5000
vt 0.0300 0.5000
vt 0.0300 0.5000
vt 0.0300 0.5000
vt 0.0300 0.5000
vt 0.0300 0.5000
vt 0.0300 0.5000
vt 0.0300 0.5000
vt 0.0300 0.5000
vt 0.0300 0.5000
vt 0.0300 0.5000
vt 0.0300 0.5000
vt 0.0300 0.5000
vt 0.0300 0.5000
vt 0.0300 0.5000
vt 0.0300 0.5000
vt 0.0300 0.5000
vt 0.0300 0.5000
vt 0.0300 0.5000
vt 0.0300 0.5000
vt 0.0300 0.5000
vt 0.0300 0.5000
vt 0.0300 0.5000
vt 0.0300 0.5000
vt 0.0300 0.5000
vt 0.0300 0.5000
vt 0.0300 0.5000
vt 0.0300 0.5000
vt 0.0300 0.5000
vt 0.0300 0.5000
vt 0.0300 0.5000
vt 0.0300 0.5000
vt 0.0300 0.5000
vt 0.0300 0.5000
vt 0.0300 0.5000
vt 0.0300 0.5000
vt 0.0300 0.5000
vt 0.0300 0.5000
vt 0.0300 0.5000
vt 0.0300 0.5000
vt 0.0300 0.5000
vt 0.0300 0.5000
vt 0.0300 0.5000
vt 0.0300 0.5000
vt 0.0300 0.5000
vt 0.0300 0.5000
vt 0.0300 0.5000
vt 0.0300 0.5000
vt 0.0300 0.5000
vt 0.0300 0.5000
vt 0.0300 0.5000
vt 0.0300 0.5000
vt 0.0300 0.5000
vt 0.0300 0.5000
vt 0.0300 0.5000
vt 0.0300 0.5000
vt 0.0300 0.5000
vt 0.0300 0.5000
vt 0.0300 0.5000
vt 0.0300 0.5000
vt 0.0300 0.5000
vt 0.0300 0.5000
vt 0.0300 0.5000
vt 0.0300 0.5000
vt 0.0300 0.5000
vt 0.0300 0.5000
vt 0.0300 0.5000
vt 0.0300 0.5000
vt 0.0300 0.5000
vt 0.0300 0.5000
vt 0.0300 0.5000
vt 0.0300 0.5000
vt 0.0300 0.5000
vt 0.0300 0.5000
vt 0.0300 0.5000
vt 0.0300 0.5000
vt 0.0300 0.5000
vt 0.0300 0.5000
vt 0.0300 0.5000
vt 0.0300 0.5000
vt 0.0300 0.5000
vt 0.0300 0.5000
vt 0.0300 0.5000
vt 0.0300 0.5000
vt 0.0300 0.5000
vt 0.0300 0.5000
vt 0.0300 0.5000
vt 0.0300 0.5000
vt 0.0300 0.5000
vt 0.0300 0.5000
vt 0.0300 0.5000
vt 0.0300 0.5000
vt 0.0300 0.5000
vt 0.0300 0.5000
vt 0.0300 0.5000
vt 0.0300 0.5000
vt 0.0300 0.5000
vt 0.0300 0.5000
vt 0.0300 0.5000
vt 0.0300 0.5000
vt 0.0300 0.5000
vt 0.0300 0.5000
vt 0.0300 0.5000
vt 0.0300 0.5000
vt 0.0300 0.5000
vt 0.0300 0.5000
vt 0.0300 0.5000
vt 0.0300 0.5000
vt 0.0300 0.5000
vt 0.0300 0.5000
vt 0.0300 0.5000
vt 0.0300 0.5000
vt 0.0300 0.5000
vt 0.0300 0.5000
vt 0.0300 0.5000
vt 0.0300 0.5000
vt 0.0300 0.5000
vt 0.0300 0.5000
vt 0.0300 0.5000
vt 0.0300 0.5000
vt 0.0300 0.5000
vt 0.0300 0.5000
vt 0.0300 0.5000
vt 0.0300 0.5000
vt 0.0300 0.5000
vt 0.0300 0.5000
vt 0.0300 0.5000
vt 0.0300 0.5000
vt 0.0300 0.5000
vt 0.0300 0.5000
vt 0.0300 0.5000
vt 0.0300 0.5000
vt 0.0300 0.5000
vt 0.0300 0.5000
vt 0.0300 0.5000
vt 0.0300 0.5000
vt 0.0300 0.5000
vt 0.0300 0.5000
vt 0.0300 0.5000
vt 0.0300 0.5000
vt 0.0300 0.5000
vt 0.0300 0.5000
vt 0.0300 0.5000
vt 0.0300 0.5000
vt 0.0300 0.5000
vt 0.0300 0.5000
vt 0.0300 0.5000
vt 0.0300 0.5000
vt 0.0300 0.5000
vt 0.0300 0.5000
vt 0.0300 0.5000
vt 0.0300 0.5000
vt 0.0300 0.5000
vt 0.0300 0.5000
vt 0.0300 0.5000
vt 0.0300 0.5000
vt 0.0300 0.5000
vt 0.0300 0.5000
vt 0.0300 0.5000
vt 0.0300 0.5000
vt 0.0300 0.5000
vt 0.0300 0.5000
vt 0.0300 0.5000
vt 0.0300 0.5000
vt 0.0300 0.5000
vt 0.0300 0.5000
vt 0.0300 0.5000
vt 0.0300 0.5000
vt 0.0300 0.5000
vt 0.0300 0.5000
vt 0.0300 0.5000
vt 0.0300 0.5000
vt 0.0300 0.5000
vt 0.0300 0.5000
vt 0.0300 0.5000
vt 0.0300 0.5000
vt 0.0300 0.5000
vt 0.0300 0.5000
vt 0.0300 0.5000
vt 0.0300 0.5000
vt 0.0300 0.5000
vt 0.0300 0.5000
vt 0.0300 0.5000
vt 0.0300 0.5000
vt 0.0300 0.5000
vt 0.0300 0.5000
vt 0.0300 0.5000
vt 0.0300 0.5000
vt 0.0300 0.5000
vt 0.0300 0.5000
vt 0.0300 0.5000
vt 0.0300 0.5000
vt 0.0300 0.5000
vt 0.0300 0.5000
vt 0.0300 0.5000
vt 0.0300 0.5000
vt 0.0300 0.5000
vt 0.0300 0.5000
vt 0.0300 0.5000
vt 0.0300 0.5000
vt 0.0300 0.5000
vt 0.0300 0.5000
vt 0.0300 0.5000
vt 0.0300 0.5000
vt 0.0300 0.5000
vt 0.0300 0.5000
vt 0.0300 0.5000
vt 0.0300 0.5000
vt 0.0300 0.5000
vt 0.0300 0.5000
vt 0.0300 0.5000
vt 0.0300 0.5000
vt 0.0300 0.5000
vt 0.0300 0.5000
vt 0.0300 0.5000
vt 0.0300 0.5000
vt 0.0300 0.5000
vt 0.0300 0.5000
vt 0.0300 0.5000
vt 0.0300 0.5000
vt 0.0300 0.5000
vt 0.0300 0.5000
vt 0.0300 0.5000
vt 0.0300 0.5000
vt 0.0300 0.5000
vt 0.0300 0.5000
vt 0.0300 0.5000
vt 0.0300 0.5000
vt 0.0300 0.5000
vt 0.0300 0.5000
vt 0.0300 0.5000
vt 0.0300 0.5000
vt 0.0300 0.5000
vt 0.0300 0.5000
vt 0.0300 0.5000
vt 0.0300 0.5000
vt 0.0300 0.5000
vt 0.0300 0.5000
vt 0.0300 0.5000
vt 0.0300 0.5000
vt 0.0300 0.5000
vt 0.0300 0.5000
vt 0.0300 0.5000
vt 0.0300 0.5000
vt 0.0300 0.5000
vt 0.0300 0.5000
vt 0.0300 0.5000
vt 0.0300 0.5000
vt 0.0300 0.5000
vt 0.0300 0.5000
vt 0.0300 0.5000
vt 0.0300 0.5000
vt 0.0300 0.5000
vt 0.0300 0.5000
vt 0.0300 0.5000
vt 0.0300 0.5000
vt 0.0300 0.5000
vt 0.0300 0.5000
vt 0.0300 0.5000
vt 0.0300 0.5000
vt 0.0300 0.5000
vt 0.0300 0.5000
vt 0.0300 0.5000
vt 0.0300 0.5000
vt 0.0300 0.5000
vt 0.0300 0.5000
vt 0.0300 0.5000
vt 0.0300 0.5000
vt 0.0300 0.5000
vt 0.0300 0.5000
vt 0.0300 0.5000
vt 0.0300 0.5000
vt 0.0300 0.5000
vt 0.0300 0.5000
vt 0.0300 0.5000
vt 0.0300 0.5000
vt 0.0300 0.5000
vt 0.0300 0.5000
vt 0.0300 0.5000
vt 0.0300 0.5000
vt 0.0300 0.5000
vt 0.0300 0.5000
vt 0.0300 0.5000
vt 0.0300 0.5000
vt 0.0300 0.5000
vt 0.0300 0.5000
vt 0.0300 0.5000
vt 0.0300 0.5000
vt 0.0300 0.5000
vt 0.0300 0.5000
vt 0.0300 0.5000
vt 0.0300 0.5000
vt 0.0300 0.5000
vt 0.0300 0.5000
vt 0.0300 0.5000
vt 0.0300 0.5000
vt 0.0300 0.5000
vt 0.0300 0.5000
vt 0.0300 0.5000
vt 0.0300 0.5000
vt 0.0300 0.5000
vt 0.0300 0.5000
vt 0.0300 0.5000
vt 0.0300 0.5000
vt 0.0300 0.5000
vt 0.0300 0.5000
vt 0.0300 0.5000
vt 0.0300 0.5000
vt 0.0300 0.5000
vt 0.0300 0.5000
vt 0.0300 0.5000
vt 0.0300 0.5000
vt 0.0300 0.5000
vt 0.0300 0.5000
vt 0.0300 0.5000
vt 0.0300 0.5000
vt 0.0300 0.5000
vt 0.0300 0.5000
vt 0.0300 0.5000
vt 0.0300 0.5000
vt 0.0300 0.5000
vt 0.0300 0.5000
vt 0.0300 0.5000
vt 0.0300 0.5000
vt 0.0300 0.5000
vt 0.0300 0.5000
vt 0.0300 0.5000
vt 0.0300 0.5000
vt 0.0300 0.5000
vt 0.0300 0.5000
vt 0.0300 0.5000
vt 0.0300 0.5000
vt 0.0300 0.5000
vt 0.0300 0.5000
vt 0.0300 0.5000
vt 0.0300 0.5000
vt 0.0300 0.5000
vt 0.0300 0.5000
vt 0.0300 0.5000
vt 0.0300 0.5000
vt 0.0300 0.5000
vt 0.0300 0.5000
vt 0.0300 0.5000
vt 0.0300 0.5000
vt 0.0300 0.5000
vt 0.0300 0.5000
vt 0.0300 0.5000
vt 0.0300 0.5000
vt 0.0300 0.5000
vt 0.0300 0.5000
vt 0.0300 0.5000
vt 0.0300 0.5000
vt 0.0300 0.5000
vt 0.0300 0.5000
vt 0.0300 0.5000
vt 0.0300 0.5000
vt 0.0300 0.5000
vt 0.0300 0.5000
vt 0.0300 0.5000
vt 0.0300 0.5000
vt 0.0300 0.5000
vt 0.0300 0.5000
vt 0.0300 0.5000
vt 0.0300 0.5000
vt 0.0300 0.5000
vt 0.0300 0.5000
vt 0.0300 0.5000
vt 0.0300 0.5000
vt 0.0300 0.5000
vt 0.0300 0.5000
vt 0.0300 0.5000
vt 0.0300 0.5000
vt 0.0300 0.5000
vt 0.0300 0.5000
vt 0.0300 0.5000
vt 0.0300 0.5000
vt 0.0300 0.5000
vt 0.0300 0.5000
vt 0.0300 0.5000
vt 0.0300 0.5000
vt 0.0300 0.5000
vt 0.0300 0.5000
vt 0.0300 0.5000
vt 0.0300 0.5000
vt 0.0300 0.5000
vt 0.0300 0.5000
vt 0.0300 0.5000
vt 0.0300 0.5000
vt 0.0300 0.5000
vt 0.0300 0.5000
vt 0.0300 0.5000
vt 0.0300 0.5000
vt 0.0300 0.5000
vt 0.0300 0.5000
vt 0.0300 0.5000
vt 0.0300 0.5000
vt 0.0300 0.5000
vt 0.0300 0.5000
vt 0.0300 0.5000
vt 0.0300 0.5000
vt 0.0300 0.5000
vt 0.0300 0.5000
vt 0.0300 0.5000
vt 0.0300 0.5000
vt 0.0300 0.5000
vt 0.0300 0.5000
vt 0.0300 0.5000
vt 0.0300 0.5000
vt 0.0300 0.5000
vt 0.0300 0.5000
vt 0.0300 0.5000
vt 0.0300 0.5000
vt 0.0300 0.5000
vt 0.0300 0.5000
vt 0.0300 0.5000
vt 0.0300 0.5000
vt 0.0300 0.5000
vt 0.0300 0.5000
vt 0.0300 0.5000
vt 0.0300 0.5000
vt 0.0300 0.5000
vt 0.0300 0.5000
vt 0.0300 0.5000
vt 0.0300 0.5000
vt 0.0300 0.5000
vt 0.0300 0.5000
vt 0.0300 0.5000
vt 0.0300 0.5000
vt 0.0300 0.5000
vt 0.0300 0.5000
vt 0.0300 0.5000
vt 0.0300 0.5000
vt 0.0300 0.5000
vt 0.0300 0.5000
vt 0.0300 0.5000
vt 0.0300 0.5000
vt 0.0300 0.5000
vt 0.0300 0.5000
vt 0.0300 0.5000
vt 0.0300 0.5000
vt 0.0300 0.5000
vt 0.0300 0.5000
vt 0.0300 0.5000
vt 0.0300 0.5000
vt 0.0300 0.5000
vt 0.0300 0.5000
vt 0.0300 0.5000
vt 0.0300 0.5000
vt 0.0300 0.5000
vt 0.0300 0.5000
vt 0.0300 0.5000
vt 0.0300 0.5000
vt 0.0300 0.5000
vt 0.0300 0.5000
vt 0.0300 0.5000
vt 0.0300 0.5000
vt 0.0300 0.5000
vt 0.0300 0.5000
vt 0.0300 0.5000
vt 0.0300 0.5000
vt 0.0300 0.5000
vt 0.0300 0.5000
vt 0.0300 0.5000
vt 0.0300 0.5000
vt 0.0300 0.5000
vt 0.0300 0.5000
vt 0.0300 0.5000
vt 0.0300 0.5000
vt 0.0300 0.5000
vt 0.0300 0.5000
vt 0.0300 0.5000
vt 0.0300 0.5000
vt 0.0300 0.5000
vt 0.0300 0.5000
vt 0.0300 0.5000
vt 0.0300 0.5000
vt 0.0300 0.5000
vt 0.0300 0.5000
vt 0.0300 0.5000
vt 0.0300 0.5000
vt 0.0300 0.5000
vt 0.0300 0.5000
vt 0.0300 0.5000
vt 0.0300 0.5000
vt 0.0300 0.5000
vt 0.0300 0.5000
vt 0.0300 0.5000
vt 0.0300 0.5000
vt 0.0300 0.5000
vt 0.0300 0.5000
vt 0.0300 0.5000
vt 0.0300 0.5000
vt 0.0300 0.5000
vt 0.0300 0.5000
vt 0.0300 0.5000
vt 0.0300 0.5000
vt 0.0300 0.5000
vt 0.0300 0.5000
vt 0.0300 0.5000
vt 0.0300 0.5000
vt 0.0300 0.5000
vt 0.0300 0.5000
vt 0.0300 0.5000
vt 0.0300 0.5000
vt 0.0300 0.5000
vt 0.0300 0.5000
vt 0.0300 0.5000
vt 0.0300 0.5000
vt 0.0300 0.5000
vt 0.0300 0.5000
vt 0.0300 0.5000
vt 0.0300 0.5000
vt 0.0300 0.5000
vt 0.0300 0.5000
vt 0.0300 0.5000
vt 0.0300 0.5000
vt 0.0300 0.5000
vt 0.0300 0.5000
vt 0.0300 0.5000
vt 0.0300 0.5000
vt 0.0300 0.5000
vt 0.0300 0.5000
vt 0.0300 0.5000
vt 0.0300 0.5000
vt 0.0300 0.5000
vt 0.0300 0.5000
vt 0.0300 0.5000
vt 0.0300 0.5000
vt 0.0300 0.5000
vt 0.0300 0.5000
vt 0.0300 0.5000
vt 0.0300 0.5000
vt 0.0300 0.5000
vt 0.0300 0.5000
vt 0.0300 0.5000
vt 0.0300 0.5000
vt 0.0300 0.5000
vt 0.0300 0.5000
vt 0.0300 0.5000
vt 0.0300 0.5000
vt 0.0300 0.5000
vt 0.0300 0.5000
vt 0.0300 0.5000
vt 0.0300 0.5000
vt 0.0300 0.5000
vt 0.0300 0.5000
vt 0.0300 0.5000
vt 0.0300 0.5000
vt 0.0300 0.5000
vt 0.0300 0.5000
vt 0.0300 0.5000
vt 0.0300 0.5000
vt 0.0300 0.5000
vt 0.0300 0.5000
vt 0.0300 0.5000
vt 0.0300 0.5000
vt 0.0300 0.5000
vt 0.0300 0.5000
vt 0.0300 0.5000
vt 0.0300 0.5000
vt 0.0300 0.5000
vt 0.0300 0.5000
vt 0.0300 0.5000
vt 0.0300 0.5000
vt 0.0300 0.5000
vt 0.0300 0.5000
vt 0.0300 0.5000
vt 0.0300 0.5000
vt 0.0300 0.5000
vt 0.0300 0.5000
vt 0.0300 0.5000
vt 0.0300 0.5000
vt 0.0300 0.5000
vt 0.0300 0.5000
vt 0.0300 0.5000
vt 0.0300 0.5000
vt 0.0300 0.5000
vt 0.0300 0.5000
vt 0.0300 0.5000
vt 0.0300 0.5000
vt 0.0300 0.5000
vt 0.0300 0.5000
vt 0.0300 0.5000
vt 0.0300 0.5000
vt 0.0300 0.5000
vt 0.0300 0.5000
vt 0.0300 0.5000
vt 0.0300 0.5000
vt 0.0300 0.5000
vt 0.0300 0.5000
vt 0.0300 0.5000
vt 0.0300 0.5000
vt 0.0300 0.5000
vt 0.0300 0.5000
vt 0.0300 0.5000
vt 0.0300 0.5000
vt 0.0300 0.5000
vt 0.0300 0.5000
vt 0.0300 0.5000
vt 0.0300 0.5000
vt 0.0300 0.5000
vt 0.0300 0.5000
vt 0.0300 0.5000
vt 0.0300 0.5000
vt 0.0300 0.5000
vt 0.0300 0.5000
vt 0.0300 0.5000
vt 0.0300 0.5000
vt 0.0300 0.5000
vt 0.0300 0.5000
vt 0.0300 0.5000
vt 0.0300 0.5000
vt 0.0300 0.5000
vt 0.0300 0.5000
vt 0.0300 0.5000
vt 0.0300 0.5000
vt 0.0300 0.5000
vt 0.0300 0.5000
vt 0.0300 0.5000
vt 0.0300 0.5000
vt 0.0300 0.5000
vt 0.0300 0.5000
vt 0.0300 0.5000
vt 0.0300 0.5000
vt 0.0300 0.5000
vt 0.0300 0.5000
vt 0.0300 0.5000
vt 0.0300 0.5000
vt 0.0300 0.5000
vt 0.0300 0.5000
vt 0.0300 0.5000
vt 0.0300 0.5000
vt 0.0300 0.5000
vt 0.0300 0.5000
vt 0.0300 0.5000
vt 0.0300 0.5000
vt 0.0300 0.5000
vt 0.0300 0.5000
vt 0.0300 0.5000
vt 0.0300 0.5000
vt 0.0300 0.5000
vt 0.0300 0.5000
vt 0.0300 0.5000
vt 0.0300 0.5000
vt 0.0300 0.5000
vt 0.0300 0.5000
vt 0.0300 0.5000
vt 0.0300 0.5000
vt 0.0300 0.5000
vt 0.0300 0.5000
vt 0.0300 0.5000
vt 0.0300 0.5000
vt 0.0300 0.5000
vt 0.0300 0.5000
vt 0.0300 0.5000
vt 0.0300 0.5000
vt 0.0300 0.5000
vt 0.0300 0.5000
vt 0.0300 0.5000
vt 0.0300 0.5000
vt 0.0300 0.5000
vt 0.0300 0.5000
vt 0.0300 0.5000
vt 0.0300 0.5000
vt 0.0300 0.5000
vt 0.0300 0.5000
vt 0.0300 0.5000
vt 0.0300 0.5000
vt 0.0300 0.5000
vt 0.0300 0.5000
vt 0.0300 0.5000
vt 0.0300 0.5000
vt 0.0300 0.5000
vt 0.0300 0.5000
vt 0.0300 0.5000
vt 0.0300 0.5000
vt 0.0300 0.5000
vt 0.0300 0.5000
vt 0.0300 0.5000
vt 0.0300 0.5000
vt 0.0300 0.5000
vt 0.0300 0.5000
vt 0.0300 0.5000
vt 0.0300 0.5000
vt 0.0300 0.5000
vt 0.0300 0.5000
vt 0.0300 0.5000
vt 0.0300 0.5000
vt 0.0300 0.5000
vt 0.0300 0.5000
vt 0.0300 0.5000
vt 0.0300 0.5000
vt 0.0300 0.5000
vt 0.0300 0.5000
vt 0.0300 0.5000
vt 0.0300 0.5000
vt 0.0300 0.5000
vt 0.0300 0.5000
vt 0.0300 0.5000
vt 0.0300 0.5000
vt 0.0300 0.5000
vt 0.0300 0.5000
vt 0.0300 0.5000
vt 0.0300 0.5000
vt 0.0300 0.5000
vt 0.0300 0.5000
vt 0.0300 0.5000
vt 0.0300 0.5000
vt 0.0300 0.5000
vt 0.0300 0.5000
vt 0.0300 0.5000
vt 0.0300 0.5000
vt 0.0300 0.5000
vt 0.0300 0.5000
vt 0.0300 0.5000
vt 0.0300 0.5000
vt 0.0300 0.5000
vt 0.0300 0.5000
vt 0.0300 0.5000
vt 0.0300 0.5000
vt 0.0300 0.5000
vt 0.0300 0.5000
vt 0.0300 0.5000
vt 0.0300 0.5000
vt 0.0300 0.5000
vt 0.0300 0.5000
vt 0.0300 0.5000
vt 0.0300 0.5000
vt 0.0300 0.5000
vt 0.0300 0.5000
vt 0.0300 0.5000
vt 0.0300 0.5000
vt 0.0300 0.5000
vt 0.0300 0.5000
vt 0.0300 0.5000
vt 0.0300 0.5000
vt 0.0300 0.5000
vt 0.0300 0.5000
vt 0.0300 0.5000
vt 0.0300 0.5000
vt 0.0300 0.5000
vt 0.0300 0.5000
vt 0.0300 0.5000
vt 0.0300 0.5000
vt 0.0300 0.5000
vt 0.0300 0.5000
vt 0.0300 0.5000
vt 0.0300 0.5000
vt 0.0300 0.5000
vt 0.0300 0.5000
vt 0.0300 0.5000
vt 0.0300 0.5000
vt 0.0300 0.5000
vt 0.0300 0.5000
vt 0.0300 0.5000
vt 0.0300 0.5000
vt 0.0300 0.5000
vt 0.0300 0.5000
vt 0.0300 0.5000
vt 0.0300 0.5000
vt 0.0300 0.5000
vt 0.0300 0.5000
vt 0.0300 0.5000
vt 0.0300 0.5000
vt 0.0300 0.5000
vt 0.0300 0.5000
vt 0.0300 0.5000
vt 0.0300 0.5000
vt 0.0300 0.5000
vt 0.0300 0.5000
vt 0.0300 0.5000
vt 0.0300 0.5000
vt 0.0300 0.5000
vt 0.0300 0.5000
vt 0.0300 0.5000
vt 0.0300 0.5000
vt 0.0300 0.5000
vt 0.0300 0.5000
vt 0.0300 0.5000
vt 0.0300 0.5000
vt 0.0300 0.5000
vt 0.0300 0.5000
vt 0.0300 0.5000
vt 0.0300 0.5000
vt 0.0300 0.5000
vt 0.0300 0.5000
vt 0.0300 0.5000
vt 0.0300 0.5000
vt 0.0300 0.5000
vt 0.0300 0.5000
vt 0.0300 0.5000
vt 0.0300 0.5000
vt 0.0300 0.5000
vt 0.0300 0.5000
vt 0.0300 0.5000
vt 0.0300 0.5000
vt 0.0300 0.5000
vt 0.0300 0.5000
vt 0.0300 0.5000
vt 0.0300 0.5000
vt 0.0300 0.5000
vt 0.0300 0.5000
vt 0.0300 0.5000
vt 0.0300 0.5000
vt 0.0300 0.5000
vt 0.0300 0.5000
vt 0.0300 0.5000
vt 0.0300 0.5000
vt 0.0300 0.5000
vt 0.0300 0.5000
vt 0.0300 0.5000
vt 0.0300 0.5000
vt 0.0300 0.5000
vt 0.0300 0.5000
vt 0.0300 0.5000
vt 0.0300 0.5000
vt 0.0300 0.5000
vt 0.0300 0.5000
vt 0.0300 0.5000
vt 0.0300 0.5000
vt 0.0300 0.5000
vt 0.0300 0.5000
vt 0.0300 0.5000
vt 0.0300 0.5000
vt 0.0300 0.5000
vt 0.0300 0.5000
vt 0.0300 0.5000
vt 0.0300 0.5000
vt 0.0300 0.5000
vt 0.0300 0.5000
vt 0.0300 0.5000
vt 0.0300 0.5000
vt 0.0300 0.5000
vt 0.0300 0.5000
vt 0.0300 0.5000
vt 0.0300 0.5000
vt 0.0300 0.5000
vt 0.0300 0.5000
vt 0.0300 0.5000
vt 0.0300 0.5000
vt 0.0300 0.5000
vt 0.0300 0.5000
vt 0.0300 0.5000
vt 0.0300 0.5000
vt 0.0300 0.5000
vt 0.0300 0.5000
vt 0.0300 0.5000
vt 0.0300 0.5000
vt 0.0300 0.5000
vt 0.0300 0.5000
vt 0.0300 0.5000
vt 0.0300 0.5000
vt 0.0300 0.5000
vt 0.0300 0.5000
vt 0.0300 0.5000
vt 0.0300 0.5000
vt 0.0300 0.5000
vt 0.0300 0.5000
vt 0.0300 0.5000
vt 0.0300 0.5000
vt 0.0300 0.5000
vt 0.0300 0.5000
vt 0.0300 0.5000
vt 0.0300 0.5000
vt 0.0300 0.5000
vt 0.0300 0.5000
vt 0.0300 0.5000
vt 0.0300 0.5000
vt 0.0300 0.5000
vt 0.0300 0.5000
vt 0.0300 0.5000
vt 0.0300 0.5000
vt 0.0300 0.5000
vt 0.0300 0.5000
vt 0.0300 0.5000
vt 0.0300 0.5000
vt 0.0300 0.5000
vt 0.0300 0.5000
vt 0.0300 0.5000
vt 0.0300 0.5000
vt 0.0300 0.5000
vt 0.0300 0.5000
vt 0.0300 0.5000
vt 0.0300 0.5000
vt 0.0300 0.5000
vt 0.0300 0.5000
vt 0.0300 0.5000
vt 0.0300 0.5000
vt 0.0300 0.5000
vt 0.0300 0.5000
vt 0.0300 0.5000
vt 0.0300 0.5000
vt 0.0300 0.5000
vt 0.0300 0.5000
vt 0.0300 0.5000
vt 0.0300 0.5000
vt 0.0300 0.5000
vt 0.0300 0.5000
vt 0.0300 0.5000
vt 0.0300 0.5000
vt 0.0300 0.5000
vt 0.0300 0.5000
vt 0.0300 0.5000
vt 0.0300 0.5000
vt 0.0300 0.5000
vt 0.0300 0.5000
vt 0.0300 0.5000
vt 0.0300 0.5000
vt 0.0300 0.5000
vt 0.0300 0.5000
vt 0.0300 0.5000
vt 0.0300 0.5000
vt 0.0300 0.5000
vt 0.0300 0.5000
vt 0.0300 0.5000
vt 0.0300 0.5000
vt 0.0300 0.5000
vt 0.0300 0.5000
vt 0.0300 0.5000
vt 0.0300 0.5000
vt 0.0300 0.5000
vt 0.0300 0.5000
vt 0.0300 0.5000
vt 0.0300 0.5000
vt 0.0300 0.5000
vt 0.0300 0.5000
vt 0.0300 0.5000
vt 0.0300 0.5000
vt 0.0300 0.5000
vt 0.0300 0.5000
vt 0.0300 0.5000
vt 0.0300 0.5000
vt 0.0300 0.5000
vt 0.0300 0.5000
vt 0.0300 0.5000
vt 0.0300 0.5000
vt 0.0300 0.5000
vt 0.0300 0.5000
vt 0.0300 0.5000
vt 0.0300 0.5000
vt 0.0300 0.5000
vt 0.0300 0.5000
vt 0.0300 0.5000
vt 0.0300 0.5000
vt 0.0300 0.5000
vt 0.0300 0.5000
vt 0.0300 0.5000
vt 0.0300 0.5000
vt 0.0300 0.5000
vt 0.0300 0.5000
vt 0.0300 0.5000
vt 0.0300 0.5000
vt 0.0300 0.5000
vt 0.0300 0.5000
vt 0.0300 0.5000
vt 0.0300 0.5000
vt 0.0300 0.5000
vt 0.0300 0.5000
vt 0.0300 0.5000
vt 0.0300 0.5000
vt 0.0300 0.5000
vt 0.0300 0.5000
vt 0.0300 0.5000
vt 0.0300 0.5000
vt 0.0300 0.5000
vt 0.0300 0.5000
vt 0.0300 0.5000
vt 0.0300 0.5000
vt 0.0300 0.5000
vt 0.0300 0.5000
vt 0.0300 0.5000
vt 0.0300 0.5000
vt 0.0300 0.5000
vt 0.0300 0.5000
vt 0.0300 0.5000
vt 0.0300 0.5000
vt 0.0300 0.5000
vt 0.0300 0.5000
vt 0.0300 0.5000
vt 0.0300 0.5000
vt 0.0300 0.5000
vt 0.0300 0.5000
vt 0.0300 0.5000
vt 0.0300 0.5000
vt 0.0300 0.5000
vt 0.0300 0.5000
vt 0.0300 0.5000
vt 0.0300 0.5000
vt 0.0300 0.5000
vt 0.0300 0.5000
vt 0.0300 0.5000
vt 0.0300 0.5000
vt 0.0300 0.5000
vt 0.0300 0.5000
vt 0.0300 0.5000
vt 0.0300 0.5000
vt 0.0300 0.5000
vt 0.0300 0.5000
vt 0.0300 0.5000
vt 0.0300 0.5000
vt 0.0300 0.5000
vt 0.0300 0.5000
vt 0.0300 0.5000
vt 0.0300 0.5000
vt 0.0300 0.5000
vt 0.0300 0.5000
vt 0.0300 0.5000
vt 0.0300 0.5000
vt 0.0300 0.5000
vt 0.0300 0.5000
vt 0.0300 0.5000
vt 0.0300 0.5000
vt 0.0300 0.5000
vt 0.0300 0.5000
vt 0.0300 0.5000
vt 0.0300 0.5000
vt 0.0300 0.5000
vt 0.0300 0.5000
vt 0.0300 0.5000
vt 0.0300 0.5000
vt 0.0300 0.5000
vt 0.0300 0.5000
vt 0.0300 0.5000
vt 0.0300 0.5000
vt 0.0300 0.5000
vt 0.0300 0.5000
vt 0.0300 0.5000
vt 0.0300 0.5000
vt 0.0300 0.5000
vt 0.0300 0.5000
vt 0.0300 0.5000
vt 0.0300 0.5000
vt 0.0300 0.5000
vt 0.0300 0.5000
vt 0.0300 0.5000
vt 0.0300 0.5000
vt 0.0300 0.5000
vt 0.0300 0.5000
vt 0.0300 0.5000
vt 0.0300 0.5000
vt 0.0300 0.5000
vt 0.0300 0.5000
vt 0.0300 0.5000
vt 0.0300 0.5000
vt 0.0300 0.5000
vt 0.0300 0.5000
vt 0.0300 0.5000
vt 0.0300 0.5000
vt 0.0300 0.5000
vt 0.0300 0.5000
vt 0.0300 0.5000
vt 0.0300 0.5000
vt 0.0300 0.5000
vt 0.0300 0.5000
vt 0.0300 0.5000
vt 0.0300 0.5000
vt 0.0300 0.5000
vt 0.0300 0.5000
vt 0.0300 0.5000
vt 0.0300 0.5000
vt 0.0300 0.5000
vt 0.0300 0.5000
vt 0.0300 0.5000
vt 0.0300 0.5000
vt 0.0300 0.5000
vt 0.0300 0.5000
vt 0.0300 0.5000
vt 0.0300 0.5000
vt 0.0300 0.5000
vt 0.0300 0.5000
vt 0.0300 0.5000
vt 0.0300 0.5000
vt 0.0300 0.5000
vt 0.0300 0.5000
vt 0.0300 0.5000
vt 0.0300 0.5000
vt 0.0300 0.5000
vt 0.0300 0.5000
vt 0.0300 0.5000
vt 0.0300 0.5000
vt 0.0300 0.5000
vt 0.0300 0.5000
vt 0.0300 0.5000
vt 0.0300 0.5000
vt 0.0300 0.5000
vt 0.0300 0.5000
vt 0.0300 0.5000
vt 0.0300 0.5000
vt 0.0300 0.5000
vt 0.0300 0.5000
vt 0.0300 0.5000
vt 0.0300 0.5000
vt 0.0300 0.5000
vt 0.0300 0.5000
vt 0.0300 0.5000
vt 0.0300 0.5000
vt 0.0300 0.5000
vt 0.0300 0.5000
vt 0.0300 0.5000
vt 0.0300 0.5000
vt 0.0300 0.5000
vt 0.0300 0.5000
vt 0.0300 0.5000
vt 0.0300 0.5000
vt 0.0300 0.5000
vt 0.0300 0.5000
vt 0.0300 0.5000
vt 0.0300 0.5000
vt 0.0300 0.5000
vt 0.0300 0.5000
vt 0.0300 0.5000
vt 0.0300 0.5000
vt 0.0300 0.5000
vt 0.0300 0.5000
vt 0.0300 0.5000
vt 0.0300 0.5000
vt 0.0300 0.5000
vt 0.0300 0.5000
vt 0.0300 0.5000
vt 0.0300 0.5000
vt 0.0300 0.5000
vt 0.0300 0.5000
vt 0.0300 0.5000
vt 0.0300 0.5000
vt 0.0300 0.5000
vt 0.0300 0.5000
vt 0.0300 0.5000
vt 0.0300 0.5000
vt 0.0300 0.5000
vt 0.0300 0.5000
vt 0.0300 0.5000
vt 0.0300 0.5000
vt 0.0300 0.5000
vt 0.0300 0.5000
vt 0.0300 0.5000
vt 0.0300 0.5000
vt 0.0300 0.5000
vt 0.0300 0.5000
vt 0.0300 0.5000
vt 0.0300 0.5000
vt 0.0300 0.5000
vt 0.0300 0.5000
vt 0.0300 0.5000
vt 0.0300 0.5000
vt 0.0300 0.5000
vt 0.0300 0.5000
vt 0.0300 0.5000
vt 0.0300 0.5000
vt 0.0300 0.5000
vt 0.0300 0.5000
vt 0.0300 0.5000
vt 0.0300 0.5000
vt 0.0300 0.5000
vt 0.0300 0.5000
vt 0.0300 0.5000
vt 0.0300 0.5000
vt 0.0300 0.5000
vt 0.0300 0.5000
vt 0.0300 0.5000
vt 0.0300 0.5000
vt 0.0300 0.5000
vt 0.0300 0.5000
vt 0.0300 0.5000
vt 0.0300 0.5000
vt 0.0300 0.5000
vt 0.0300 0.5000
vt 0.0300 0.5000
vt 0.0300 0.5000
vt 0.0300 0.5000
vt 0.0300 0.5000
vt 0.0300 0.5000
vt 0.0300 0.5000
vt 0.0300 0.5000
vt 0.0300 0.5000
vt 0.0300 0.5000
vt 0.0300 0.5000
vt 0.0300 0.5000
vt 0.0300 0.5000
vt 0.0300 0.5000
vt 0.0300 0.5000
vt 0.0300 0.5000
vt 0.0300 0.5000
vt 0.0300 0.5000
vt 0.0300 0.5000
vt 0.0300 0.5000
vt 0.0300 0.5000
vt 0.0300 0.5000
vt 0.0300 0.5000
vt 0.0300 0.5000
vt 0.0300 0.5000
vt 0.0300 0.5000
vt 0.0300 0.5000
vt 0.0300 0.5000
vt 0.0300 0.5000
vt 0.0300 0.5000
vt 0.0300 0.5000
vt 0.0300 0.5000
vt 0.0300 0.5000
vt 0.0300 0.5000
vt 0.0300 0.5000
vt 0.0300 0.5000
vt 0.0300 0.5000
vt 0.0300 0.5000
vt 0.0300 0.5000
vt 0.0300 0.5000
vt 0.0300 0.5000
vt 0.0300 0.5000
vt 0.0300 0.5000
vt 0.0300 0.5000
vt 0.0300 0.5000
vt 0.0300 0.5000
vt 0.0300 0.5000
vt 0.0300 0.5000
vt 0.0300 0.5000
vt 0.0300 0.5000
vt 0.0300 0.5000
vt 0.0300 0.5000
vt 0.0300 0.5000
vt 0.0300 0.5000
vt 0.0300 0.5000
vt 0.0300 0.5000
vt 0.0300 0.5000
vt 0.0300 0.5000
vt 0.0300 0.5000
vt 0.0300 0.5000
vt 0.0300 0.5000
vt 0.0300 0.5000
vt 0.0300 0.5000
vt 0.0300 0.5000
vt 0.0300 0.5000
vt 0.0300 0.5000
vt 0.0300 0.5000
vt 0.0300 0.5000
vt 0.0300 0.5000
vt 0.0300 0.5000
vt 0.0300 0.5000
vt 0.0300 0.5000
vt 0.0300 0.5000
vt 0.0300 0.5000
vt 0.0300 0.5000
vt 0.0300 0.5000
vt 0.0300 0.5000
vt 0.0300 0.5000
vt 0.0300 0.5000
vt 0.0300 0.5000
vt 0.0300 0.5000
vt 0.0300 0.5000
vt 0.0300 0.5000
vt 0.0300 0.5000
vt 0.0300 0.5000
vt 0.0300 0.5000
vt 0.0300 0.5000
vt 0.0300 0.5000
vt 0.0300 0.5000
vt 0.0300 0.5000
vt 0.0300 0.5000
vt 0.0300 0.5000
vt 0.0300 0.5000
vt 0.0300 0.5000
vt 0.0300 0.5000
vt 0.0300 0.5000
vt 0.0300 0.5000
vt 0.0300 0.5000
vt 0.0300 0.5000
vt 0.0300 0.5000
vt 0.0300 0.5000
vt 0.0300 0.5000
vt 0.0300 0.5000
vt 0.0300 0.5000
vt 0.0300 0.5000
vt 0.0300 0.5000
vt 0.0300 0.5000
vt 0.0300 0.5000
vt 0.0300 0.5000
vt 0.0300 0.5000
vt 0.0300 0.5000
vt 0.0300 0.5000
vt 0.0300 0.5000
vt 0.0300 0.5000
vt 0.0300 0.5000
vt 0.0300 0.5000
vt 0.0300 0.5000
vt 0.0300 0.5000
vt 0.0300 0.5000
vt 0.0300 0.5000
vt 0.0300 0.5000
vt 0.0300 0.5000
vt 0.0300 0.5000
vt 0.0300 0.5000
vt 0.0300 0.5000
vt 0.0300 0.5000
vt 0.0300 0.5000
vt 0.0300 0.5000
vt 0.0300 0.5000
vt 0.0300 0.5000
vt 0.0300 0.5000
vt 0.0300 0.5000
vt 0.0300 0.5000
vt 0.0300 0.5000
vt 0.0300 0.5000
vt 0.0300 0.5000
vt 0.0300 0.5000
vt 0.0300 0.5000
vt 0.0300 0.5000
vt 0.0300 0.5000
vt 0.0300 0.5000
vt 0.0300 0.5000
vt 0.0300 0.5000
vt 0.0300 0.5000
vt 0.0300 0.5000
vt 0.0300 0.5000
vt 0.0300 0.5000
vt 0.0300 0.5000
vt 0.0300 0.5000
vt 0.0300 0.5000
vt 0.0300 0.5000
vt 0.0300 0.5000
vt 0.0300 0.5000
vt 0.0300 0.5000
vt 0.0300 0.5000
vt 0.0300 0.5000
vt 0.0300 0.5000
vt 0.0300 0.5000
vt 0.0300 0.5000
vt 0.0300 0.5000
vt 0.0300 0.5000
vt 0.0300 0.5000
vt 0.0300 0.5000
vt 0.0300 0.5000
vt 0.0300 0.5000
vt 0.0300 0.5000
vt 0.0300 0.5000
vt 0.0300 0.5000
vt 0.0300 0.5000
vt 0.0300 0.5000
vt 0.0300 0.5000
vt 0.0300 0.5000
vt 0.0300 0.5000
vt 0.0300 0.5000
vt 0.0300 0.5000
vt 0.0300 0.5000
vt 0.0300 0.5000
vt 0.0300 0.5000
vt 0.0300 0.5000
vt 0.0300 0.5000
vt 0.0300 0.5000
vt 0.0300 0.5000
vt 0.0300 0.5000
vt 0.0300 0.5000
vt 0.0300 0.5000
vt 0.0300 0.5000
vt 0.0300 0.5000
vt 0.0300 0.5000
vt 0.0300 0.5000
vt 0.0300 0.5000
vt 0.0300 0.5000
vt 0.0300 0.5000
vt 0.0300 0.5000
vt 0.0300 0.5000
vt 0.0300 0.5000
vt 0.0300 0.5000
vt 0.0300 0.5000
vt 0.0300 0.5000
vt 0.0300 0.5000
vt 0.0300 0.5000
vt 0.0300 0.5000
vt 0.0300 0.5000
vt 0.0300 0.5000
vt 0.0300 0.5000
vt 0.0300 0.5000
vt 0.0300 0.5000
vt 0.0300 0.5000
vt 0.0300 0.5000
vt 0.0300 0.5000
vt 0.0300 0.5000
vt 0.0300 0.5000
vt 0.0300 0.5000
vt 0.0300 0.5000
vt 0.0300 0.5000
vt 0.0300 0.5000
vt 0.0300 0.5000
vt 0.0300 0.5000
vt 0.0300 0.5000
vt 0.0300 0.5000
vt 0.0300 0.5000
vt 0.0300 0.5000
vt 0.0300 0.5000
vt 0.0300 0.5000
vt 0.0300 0.5000
vt 0.0300 0.5000
vt 0.0300 0.5000
vt 0.0300 0.5000
vt 0.0300 0.5000
vt 0.0300 0.5000
vt 0.0300 0.5000
vt 0.0300 0.5000
vt 0.0300 0.5000
vt 0.0300 0.5000
vt 0.0300 0.5000
vt 0.0300 0.5000
vt 0.0300 0.5000
vt 0.0300 0.5000
vt 0.0300 0.5000
vt 0.0300 0.5000
vt 0.0300 0.5000
vt 0.0300 0.5000
vt 0.0300 0.5000
vt 0.0300 0.5000
vt 0.0300 0.5000
vt 0.0300 0.5000
vt 0.0300 0.5000
vt 0.0300 0.5000
vt 0.0300 0.5000
vt 0.0300 0.5000
vt 0.0300 0.5000
vt 0.0300 0.5000
vt 0.0300 0.5000
vt 0.0300 0.5000
vt 0.0300 0.5000
vt 0.0300 0.5000
vt 0.0300 0.5000
vt 0.0300 0.5000
vt 0.0300 0.5000
vt 0.0300 0.5000
vt 0.0300 0.5000
vt 0.0300 0.5000
vt 0.0300 0.5000
vt 0.0300 0.5000
vt 0.0300 0.5000
vt 0.0300 0.5000
vt 0.0300 0.5000
vt 0.0300 0.5000
vt 0.0300 0.5000
vt 0.0300 0.5000
vt 0.0300 0.5000
vt 0.0300 0.5000
vt 0.0300 0.5000
vt 0.0300 0.5000
vt 0.0300 0.5000
vt 0.0300 0.5000
vt 0.0300 0.5000
vt 0.0300 0.5000
vt 0.0300 0.5000
vt 0.0300 0.5000
vt 0.0300 0.5000
vt 0.0300 0.5000
vt 0.0300 0.5000
vt 0.0300 0.5000
vt 0.0300 0.5000
vt 0.0300 0.5000
vt 0.0300 0.5000
vt 0.0300 0.5000
vt 0.0300 0.5000
vt 0.0300 0.5000
vt 0.0300 0.5000
vt 0.0300 0.5000
vt 0.0300 0.5000
vt 0.0300 0.5000
vt 0.0300 0.5000
vt 0.0300 0.5000
vt 0.0300 0.5000
vt 0.0300 0.5000
vt 0.0300 0.5000
vt 0.0300 0.5000
vt 0.0300 0.5000
vt 0.0300 0.5000
vt 0.0300 0.5000
vt 0.0300 0.5000
vt 0.0300 0.5000
vt 0.0300 0.5000
vt 0.0300 0.5000
vt 0.0300 0.5000
vt 0.0300 0.5000
vt 0.0300 0.5000
vt 0.0300 0.5000
vt 0.0300 0.5000
vt 0.0300 0.5000
vt 0.0300 0.5000
vt 0.0300 0.5000
vt 0.0300 0.5000
vt 0.0300 0.5000
vt 0.0300 0.5000
vt 0.0300 0.5000
vt 0.0300 0.5000
vt 0.0300 0.5000
vt 0.0300 0.5000
vt 0.0300 0.5000
vt 0.0300 0.5000
vt 0.0300 0.5000
vt 0.0300 0.5000
vt 0.0300 0.5000
vt 0.0300 0.5000
vt 0.0300 0.5000
vt 0.0300 0.5000
vt 0.0300 0.5000
vt 0.0300 0.5000
vt 0.0300 0.5000
vt 0.0300 0.5000
vt 0.0300 0.5000
vt 0.0300 0.5000
vt 0.0300 0.5000
vt 0.0300 0.5000
vt 0.0300 0.5000
vt 0.0300 0.5000
vt 0.0300 0.5000
vt 0.0300 0.5000
vt 0.0300 0.5000
vt 0.0300 0.5000
vt 0.0300 0.5000
vt 0.0300 0.5000
vt 0.0300 0.5000
vt 0.0300 0.5000
vt 0.0300 0.5000
vt 0.0300 0.5000
vt 0.0300 0.5000
vt 0.0300 0.5000
vt 0.0300 0.5000
vt 0.0300 0.5000
vt 0.0300 0.5000
vt 0.0300 0.5000
vt 0.0300 0.5000
vt 0.0300 0.5000
vt 0.0300 0.5000
vt 0.0300 0.5000
vt 0.0300 0.5000
vt 0.0300 0.5000
vt 0.0300 0.5000
vt 0.0300 0.5000
vt 0.0300 0.5000
vt 0.0300 0.5000
vt 0.0300 0.5000
vt 0.0300 0.5000
vt 0.0300 0.5000
vt 0.0300 0.5000
vt 0.0300 0.5000
vt 0.0300 0.5000
vt 0.0300 0.5000
vt 0.0300 0.5000
vt 0.0300 0.5000
vt 0.0300 0.5000
vt 0.0300 0.5000
vt 0.0300 0.5000
vt 0.0300 0.5000
vt 0.0300 0.5000
vt 0.0300 0.5000
vt 0.0300 0.5000
vt 0.0300 0.5000
vt 0.0300 0.5000
vt 0.0300 0.5000
vt 0.0300 0.5000
vt 0.0300 0.5000
vt 0.0300 0.5000
vt 0.0300 0.5000
vt 0.0300 0.5000
vt 0.0300 0.5000
vt 0.0300 0.5000
vt 0.0300 0.5000
vt 0.0300 0.5000
vt 0.0300 0.5000
vt 0.0300 0.5000
vt 0.0300 0.5000
vt 0.0300 0.5000
vt 0.0300 0.5000
vt 0.0300 0.5000
vt 0.0300 0.5000
vt 0.0300 0.5000
vt 0.0300 0.5000
vt 0.0300 0.5000
vt 0.0300 0.5000
vt 0.0300 0.5000
vt 0.0300 0.5000
vt 0.0300 0.5000
vt 0.0300 0.5000
vt 0.0300 0.5000
vt 0.0300 0.5000
vt 0.0300 0.5000
vt 0.0300 0.5000
vt 0.0300 0.5000
vt 0.0300 0.5000
vt 0.0300 0.5000
vt 0.0300 0.5000
vt 0.0300 0.5000
vt 0.0300 0.5000
vt 0.0300 0.5000
vt 0.0300 0.5000
vt 0.0300 0.5000
vt 0.0300 0.5000
vt 0.0300 0.5000
vt 0.0300 0.5000
vt 0.0300 0.5000
vt 0.0300 0.5000
vt 0.0300 0.5000
vt 0.0300 0.5000
vt 0.0300 0.5000
vt 0.0300 0.5000
vt 0.0300 0.5000
vt 0.0300 0.5000
vt 0.0300 0.5000
vt 0.0300 0.5000
vt 0.0300 0.5000
vt 0.0300 0.5000
vt 0.0300 0.5000
vt 0.0300 0.5000
vt 0.0300 0.5000
vt 0.0300 0.5000
vt 0.0300 0.5000
vt 0.0300 0.5000
vt 0.0300 0.5000
vt 0.0300 0.5000
vt 0.0300 0.5000
vt 0.0300 0.5000
vt 0.0300 0.5000
vt 0.0300 0.5000
vt 0.0300 0.5000
vt 0.0300 0.5000
vt 0.0300 0.5000
vt 0.0300 0.5000
vt 0.0300 0.5000
vt 0.0300 0.5000
vt 0.0300 0.5000
vt 0.0300 0.5000
vt 0.0300 0.5000
vt 0.0300 0.5000
vt 0.0300 0.5000
vt 0.0300 0.5000
vt 0.0300 0.5000
vt 0.0300 0.5000
vt 0.0300 0.5000
vt 0.0300 0.5000
vt 0.0300 0.5000
vt 0.0300 0.5000
vt 0.0300 0.5000
vt 0.0300 0.5000
vt 0.0300 0.5000
vt 0.0300 0.5000
vt 0.0300 0.5000
vt 0.0300 0.5000
vt 0.0300 0.5000
vt 0.0300 0.5000
vt 0.0300 0.5000
vt 0.0300 0.5000
vt 0.0300 0.5000
vt 0.0300 0.5000
vt 0.0300 0.5000
vt 0.0300 0.5000
vt 0.0300 0.5000
vt 0.0300 0.5000
vt 0.0300 0.5000
vt 0.0300 0.5000
vt 0.0300 0.5000
vt 0.0300 0.5000
vt 0.0300 0.5000
vt 0.0300 0.5000
vt 0.0300 0.5000
vt 0.0300 0.5000
vt 0.0300 0.5000
vt 0.0300 0.5000
vt 0.0300 0.5000
vt 0.0300 0.5000
vt 0.0300 0.5000
vt 0.0300 0.5000
vt 0.0300 0.5000
vt 0.0300 0.5000
vt 0.0300 0.5000
vt 0.0300 0.5000
vt 0.0300 0.5000
vt 0.0300 0.5000
vt 0.0300 0.5000
vt 0.0300 0.5000
vt 0.0300 0.5000
vt 0.0300 0.5000
vt 0.0300 0.5000
vt 0.0300 0.5000
vt 0.0300 0.5000
vt 0.0300 0.5000
vt 0.0300 0.5000
vt 0.0300 0.5000
vt 0.0300 0.5000
vt 0.0300 0.5000
vt 0.0300 0.5000
vt 0.0300 0.5000
vt 0.0300 0.5000
vt 0.0300 0.5000
vt 0.0300 0.5000
vt 0.0300 0.5000
vt 0.0300 0.5000
vt 0.0300 0.5000
vt 0.0300 0.5000
vt 0.0300 0.5000
vt 0.0300 0.5000
vt 0.0300 0.5000
vt 0.0300 0.5000
vt 0.0300 0.5000
vt 0.0300 0.5000
vt 0.0300 0.5000
vt 0.0300 0.5000
vt 0.0300 0.5000
vt 0.0300 0.5000
vt 0.0300 0.5000
vt 0.0300 0.5000
vt 0.0300 0.5000
vt 0.0300 0.5000
vt 0.0300 0.5000
vt 0.0300 0.5000
vt 0.0300 0.5000
vt 0.0300 0.5000
vt 0.0300 0.5000
vt 0.0300 0.5000
vt 0.0300 0.5000
vt 0.0300 0.5000
vt 0.0300 0.5000
vt 0.0300 0.5000
vt 0.0300 0.5000
vt 0.0300 0.5000
vt 0.0300 0.5000
vt 0.0300 0.5000
vt 0.0300 0.5000
vt 0.0300 0.5000
vt 0.0300 0.5000
vt 0.0300 0.5000
vt 0.0300 0.5000
vt 0.0300 0.5000
vt 0.0300 0.5000
vt 0.0300 0.5000
vt 0.0300 0.5000
vt 0.0300 0.5000
vt 0.0300 0.5000
vt 0.0300 0.5000
vt 0.0300 0.5000
vt 0.0300 0.5000
vt 0.0300 0.5000
vt 0.0300 0.5000
vt 0.0300 0.5000
vt 0.0300 0.5000
vt 0.0300 0.5000
vt 0.0300 0.5000
vt 0.0300 0.5000
vt 0.0300 0.5000
vt 0.0300 0.5000
vt 0.0300 0.5000
vt 0.0300 0.5000
vt 0.0300 0.5000
vt 0.0300 0.5000
vt 0.0300 0.5000
vt 0.0300 0.5000
vt 0.0300 0.5000
vt 0.0300 0.5000
vt 0.0300 0.5000
vt 0.0300 0.5000
vt 0.0300 0.5000
vt 0.0300 0.5000
vt 0.0300 0.5000
vt 0.0300 0.5000
vt 0.0300 0.5000
vt 0.0300 0.5000
vt 0.0300 0.5000
vt 0.0300 0.5000
vt 0.0300 0.5000
vt 0.0300 0.5000
vt 0.0300 0.5000
vt 0.0300 0.5000
vt 0.0300 0.5000
vt 0.0300 0.5000
vt 0.0300 0.5000
vt 0.0300 0.5000
vt 0.0300 0.5000
vt 0.0300 0.5000
vt 0.0300 0.5000
vt 0.0300 0.5000
vt 0.0300 0.5000
vt 0.0300 0.5000
vt 0.0300 0.5000
vt 0.0300 0.5000
vt 0.0300 0.5000
vt 0.0300 0.5000
vt 0.0300 0.5000
vt 0.0300 0.5000
vt 0.0300 0.5000
vt 0.0300 0.5000
vt 0.0300 0.5000
vt 0.0300 0.5000
vt 0.0300 0.5000
vt 0.0300 0.5000
vt 0.0300 0.5000
vt 0.0300 0.5000
vt 0.0300 0.5000
vt 0.0300 0.5000
vt 0.0300 0.5000
vt 0.0300 0.5000
vt 0.0300 0.5000
vt 0.0300 0.5000
vt 0.0300 0.5000
vt 0.0300 0.5000
vt 0.0300 0.5000
vt 0.0300 0.5000
vt 0.0300 0.5000
vt 0.0300 0.5000
vt 0.0300 0.5000
vt 0.0300 0.5000
vt 0.0300 0.5000
vt 0.0300 0.5000
vt 0.0300 0.5000
vt 0.0300 0.5000
vt 0.0300 0.5000
vt 0.0300 0.5000
vt 0.0300 0.5000
vt 0.0300 0.5000
vt 0.0300 0.5000
vt 0.0300 0.5000
vt 0.0300 0.5000
vt 0.0300 0.5000
vt 0.0300 0.5000
vt 0.0300 0.5000
vt 0.0300 0.5000
vt 0.0300 0.5000
vt 0.0300 0.5000
vt 0.0300 0.5000
vt 0.0300 0.5000
vt 0.0300 0.5000
vt 0.0300 0.5000
vt 0.0300 0.5000
vt 0.0300 0.5000
vt 0.0300 0.5000
vt 0.0300 0.5000
vt 0.0300 0.5000
vt 0.0300 0.5000
vt 0.0300 0.5000
vt 0.0300 0.5000
vt 0.0300 0.5000
vt 0.0300 0.5000
vt 0.0300 0.5000
vt 0.0300 0.5000
vt 0.0300 0.5000
vt 0.0300 0.5000
vt 0.0300 0.5000
vt 0.0300 0.5000
vt 0.0300 0.5000
vt 0.0300 0.5000
vt 0.0300 0.5000
vt 0.0300 0.5000
vt 0.0300 0.5000
vt 0.0300 0.5000
vt 0.0300 0.5000
vt 0.0300 0.5000
vt 0.0300 0.5000
vt 0.0300 0.5000
vt 0.0300 0.5000
vt 0.0300 0.5000
vt 0.0300 0.5000
vt 0.0300 0.5000
vt 0.0300 0.5000
vt 0.0300 0.5000
vt 0.0300 0.5000
vt 0.0300 0.5000
vt 0.0300 0.5000
vt 0.0300 0.5000
vt 0.0300 0.5000
vt 0.0300 0.5000
vt 0.0300 0.5000
vt 0.0300 0.5000
vt 0.0300 0.5000
vt 0.0300 0.5000
vt 0.0300 0.5000
vt 0.0300 0.5000
vt 0.0300 0.5000
vt 0.0300 0.5000
vt 0.0300 0.5000
vt 0.0300 0.5000
vt 0.0300 0.5000
vt 0.0300 0.5000
vt 0.0300 0.5000
vt 0.0300 0.5000
vt 0.0300 0.5000
vt 0.0300 0.5000
vt 0.0300 0.5000
vt 0.0300 0.5000
vt 0.0300 0.5000
vt 0.0300 0.5000
vt 0.0300 0.5000
vt 0.0300 0.5000
vt 0.0300 0.5000
vt 0.0300 0.5000
vt 0.0300 0.5000
vt 0.0300 0.5000
vt 0.0300 0.5000
vt 0.0300 0.5000
vt 0.0300 0.5000
vt 0.0300 0.5000
vt 0.0300 0.5000
vt 0.0300 0.5000
vt 0.0300 0.5000
vt 0.0300 0.5000
vt 0.0300 0.5000
vt 0.0300 0.5000
vt 0.0300 0.5000
vt 0.0300 0.5000
vt 0.0300 0.5000
vt 0.0300 0.5000
vt 0.0300 0.5000
vt 0.0300 0.5000
vt 0.0300 0.5000
vt 0.0300 0.5000
vt 0.0300 0.5000
vt 0.0300 0.5000
vt 0.0300 0.5000
vt 0.0300 0.5000
vt 0.0300 0.5000
vt 0.0300 0.5000
vt 0.0300 0.5000
vt 0.0300 0.5000
vt 0.0300 0.5000
vt 0.0300 0.5000
vt 0.0300 0.5000
vt 0.0300 0.5000
vt 0.0300 0.5000
vt 0.0300 0.5000
vt 0.0300 0.5000
vt 0.0300 0.5000
vt 0.0300 0.5000
vt 0.0300 0.5000
vt 0.0300 0.5000
vt 0.0300 0.5000
vt 0.0300 0.5000
vt 0.0300 0.5000
vt 0.0300 0.5000
vt 0.0300 0.5000
vt 0.0300 0.5000
vt 0.0300 0.5000
vt 0.0300 0.5000
vt 0.0300 0.5000
vt 0.0300 0.5000
vt 0.0300 0.5000
vt 0.0300 0.5000
vt 0.0300 0.5000
vt 0.0300 0.5000
vt 0.0300 0.5000
vt 0.0300 0.5000
vt 0.0300 0.5000
vt 0.0300 0.5000
vt 0.0300 0.5000
vt 0.0300 0.5000
vt 0.0300 0.5000
vt 0.0300 0.5000
vt 0.0300 0.5000
vt 0.0300 0.5000
vt 0.0300 0.5000
vt 0.0300 0.5000
vt 0.0300 0.5000
vt 0.0300 0.5000
vt 0.0300 0.5000
vt 0.0300 0.5000
vt 0.0300 0.5000
vt 0.0300 0.5000
vt 0.0300 0.5000
vt 0.0300 0.5000
vt 0.0300 0.5000
vt 0.0300 0.5000
vt 0.0300 0.5000
vt 0.0300 0.5000
vt 0.0300 0.5000
vt 0.0300 0.5000
vt 0.0300 0.5000
vt 0.0300 0.5000
vt 0.0300 0.5000
vt 0.0300 0.5000
vt 0.0300 0.5000
vt 0.0300 0.5000
vt 0.0300 0.5000
vt 0.0300 0.5000
vt 0.0300 0.5000
vt 0.0300 0.5000
vt 0.0300 0.5000
vt 0.0300 0.5000
vt 0.0300 0.5000
vt 0.0300 0.5000
vt 0.0300 0.5000
vt 0.0300 0.5000
vt 0.0300 0.5000
vt 0.0300 0.5000
vt 0.0300 0.5000
vt 0.0300 0.5000
vt 0.0300 0.5000
vt 0.0300 0.5000
vt 0.0300 0.5000
vt 0.0300 0.5000
vt 0.0300 0.5000
vt 0.0300 0.5000
vt 0.0300 0.5000
vt 0.0300 0.5000
vt 0.0300 0.5000
vt 0.0300 0.5000
vt 0.0300 0.5000
vt 0.0300 0.5000
vt 0.0300 0.5000
vt 0.0300 0.5000
vt 0.0300 0.5000
vt 0.0300 0.5000
vt 0.0300 0.5000
vt 0.0300 0.5000
vt 0.0300 0.5000
vt 0.0300 0.5000
vt 0.0300 0.5000
vt 0.0300 0.5000
vt 0.0300 0.5000
vt 0.0300 0.5000
vt 0.0300 0.5000
vt 0.0300 0.5000
vt 0.0300 0.5000
vt 0.0300 0.5000
vt 0.0300 0.5000
vt 0.0300 0.5000
vt 0.0300 0.5000
vt 0.0300 0.5000
vt 0.0300 0.5000
vt 0.0300 0.5000
vt 0.0300 0.5000
vt 0.0300 0.5000
vt 0.0300 0.5000
vt 0.0300 0.5000
vt 0.0300 0.5000
vt 0.0300 0.5000
vt 0.0300 0.5000
vt 0.0300 0.5000
vt 0.0300 0.5000
vt 0.0300 0.5000
vt 0.0300 0.5000
vt 0.0300 0.5000
vt 0.0300 0.5000
vt 0.0300 0.5000
vt 0.0300 0.5000
vt 0.0300 0.5000
vt 0.0300 0.5000
vt 0.0300 0.5000
vt 0.0300 0.5000
vt 0.0300 0.5000
vt 0.0300 0.5000
vt 0.0300 0.5000
vt 0.0300 0.5000
vt 0.0300 0.5000
vt 0.0300 0.5000
vt 0.0300 0.5000
vt 0.0300 0.5000
vt 0.0300 0.5000
vt 0.0300 0.5000
vt 0.0300 0.5000
vt 0.0300 0.5000
vt 0.0300 0.5000
vt 0.0300 0.5000
vt 0.0300 0.5000
vt 0.0300 0.5000
vt 0.0300 0.5000
vt 0.0300 0.5000
vt 0.0300 0.5000
vt 0.0300 0.5000
vt 0.0300 0.5000
vt 0.0300 0.5000
vt 0.0300 0.5000
vt 0.0300 0.5000
vt 0.0300 0.5000
vt 0.0300 0.5000
vt 0.0300 0.5000
vt 0.0300 0.5000
vt 0.0300 0.5000
vt 0.0300 0.5000
vt 0.0300 0.5000
vt 0.0300 0.5000
vt 0.0300 0.5000
vt 0.0300 0.5000
vt 0.0300 0.5000
vt 0.0300 0.5000
vt 0.0300 0.5000
vt 0.0300 0.5000
vt 0.0300 0.5000
vt 0.0300 0.5000
vt 0.0300 0.5000
vt 0.0300 0.5000
vt 0.0300 0.5000
vt 0.0300 0.5000
vt 0.0300 0.5000
vt 0.0300 0.5000
vt 0.0300 0.5000
vt 0.0300 0.5000
vt 0.0300 0.5000
vt 0.0300 0.5000
vt 0.0300 0.5000
vt 0.0300 0.5000
vt 0.0300 0.5000
vt 0.0300 0.5000
vt 0.0300 0.5000
vt 0.0300 0.5000
vt 0.0300 0.5000
vt 0.0300 0.5000
vt 0.0300 0.5000
vt 0.0300 0.5000
vt 0.0300 0.5000
vt 0.0300 0.5000
vt 0.0300 0.5000
vt 0.0300 0.5000
vt 0.0300 0.5000
vt 0.0300 0.5000
vt 0.0300 0.5000
vt 0.0300 0.5000
vt 0.0300 0.5000
vt 0.0300 0.5000
vt 0.0300 0.5000
vt 0.0300 0.5000
vt 0.0300 0.5000
vt 0.0300 0.5000
vt 0.0300 0.5000
vt 0.0300 0.5000
vt 0.0300 0.5000
vt 0.0300 0.5000
vt 0.0300 0.5000
vt 0.0300 0.5000
vt 0.0300 0.5000
vt 0.0300 0.5000
vt 0.0300 0.5000
vt 0.0300 0.5000
vt 0.0300 0.5000
vt 0.0300 0.5000
vt 0.0300 0.5000
vt 0.0300 0.5000
vt 0.0300 0.5000
vt 0.0300 0.5000
vt 0.0300 0.5000
vt 0.0300 0.5000
vt 0.0300 0.5000
vt 0.0300 0.5000
vt 0.0300 0.5000
vt 0.0300 0.5000
vt 0.0300 0.5000
vt 0.0300 0.5000
vt 0.0300 0.5000
vt 0.0300 0.5000
vt 0.0300 0.5000
vt 0.0300 0.5000
vt 0.0300 0.5000
vt 0.0300 0.5000
vt 0.0300 0.5000
vt 0.0300 0.5000
vt 0.0300 0.5000
vt 0.0300 0.5000
vt 0.0300 0.5000
vt 0.0300 0.5000
vt 0.0300 0.5000
vt 0.0300 0.5000
vt 0.0300 0.5000
vt 0.0300 0.5000
vt 0.0300 0.5000
vt 0.0300 0.5000
vt 0.0300 0.5000
vt 0.0300 0.5000
vt 0.0300 0.5000
vt 0.0300 0.5000
vt 0.0300 0.5000
vt 0.0300 0.5000
vt 0.0300 0.5000
vt 0.0300 0.5000
vt 0.0300 0.5000
vt 0.0300 0.5000
vt 0.0300 0.5000
vt 0.0300 0.5000
vt 0.0300 0.5000
vt 0.0300 0.5000
vt 0.0300 0.5000
vt 0.0300 0.5000
vt 0.0300 0.5000
vt 0.0300 0.5000
vt 0.0300 0.5000
vt 0.0300 0.5000
vt 0.0300 0.5000
vt 0.0300 0.5000
vt 0.0300 0.5000
vt 0.0300 0.5000
vt 0.0300 0.5000
vt 0.0300 0.5000
vt 0.0300 0.5000
vt 0.0300 0.5000
vt 0.0300 0.5000
vt 0.0300 0.5000
vt 0.0300 0.5000
vt 0.0300 0.5000
vt 0.0300 0.5000
vt 0.0300 0.5000
vt 0.0300 0.5000
vt 0.0300 0.5000
vt 0.0300 0.5000
vt 0.0300 0.5000
vt 0.0300 0.5000
vt 0.0300 0.5000
vt 0.0300 0.5000
vt 0.0300 0.5000
vt 0.0300 0.5000
vt 0.0300 0.5000
vt 0.0300 0.5000
vt 0.0300 0.5000
vt 0.0300 0.5000
vt 0.0300 0.5000
vt 0.0300 0.5000
vt 0.0300 0.5000
vt 0.0300 0.5000
vt 0.0300 0.5000
vt 0.0300 0.5000
vt 0.0300 0.5000
vt 0.0300 0.5000
vt 0.0300 0.5000
vt 0.0300 0.5000
vt 0.0300 0.5000
vt 0.0300 0.5000
vt 0.0300 0.5000
vt 0.0300 0.5000
vt 0.0300 0.5000
vt 0.0300 0.5000
vt 0.0300 0.5000
vt 0.0300 0.5000
vt 0.0300 0.5000
vt 0.0300 0.5000
vt 0.0300 0.5000
vt 0.0300 0.5000
vt 0.0300 0.5000
vt 0.0300 0.5000
vt 0.0300 0.5000
vt 0.0300 0.5000
vt 0.0300 0.5000
vt 0.0300 0.5000
vt 0.0300 0.5000
vt 0.0300 0.5000
vt 0.0300 0.5000
vt 0.0300 0.5000
vt 0.0300 0.5000
vt 0.0300 0.5000
vt 0.0300 0.5000
vt 0.0300 0.5000
vt 0.0300 0.5000
vt 0.0300 0.5000
vt 0.0300 0.5000
vt 0.0300 0.5000
vt 0.0300 0.5000
vt 0.0300 0.5000
vt 0.0300 0.5000
vt 0.0300 0.5000
vt 0.0300 0.5000
vt 0.0300 0.5000
vt 0.0300 0.5000
vt 0.0300 0.5000
vt 0.0300 0.5000
vt 0.0300 0.5000
vt 0.0300 0.5000
vt 0.0300 0.5000
vt 0.0300 0.5000
vt 0.0300 0.5000
vt 0.0300 0.5000
vt 0.0300 0.5000
vt 0.0300 0.5000
vt 0.0300 0.5000
vt 0.0300 0.5000
vt 0.0300 0.5000
vt 0.0300 0.5000
vt 0.0300 0.5000
vt 0.0300 0.5000
vt 0.0300 0.5000
vt 0.0300 0.5000
vt 0.0300 0.5000
vt 0.0300 0.5000
vt 0.0300 0.5000
vt 0.0300 0.5000
vt 0.0300 0.5000
vt 0.0300 0.5000
vt 0.0300 0.5000
vt 0.0300 0.5000
vt 0.0300 0.5000
vt 0.0300 0.5000
vt 0.0300 0.5000
vt 0.0300 0.5000
vt 0.0300 0.5000
vt 0.0300 0.5000
vt 0.0300 0.5000
vt 0.0300 0.5000
vt 0.0300 0.5000
vt 0.0300 0.5000
vt 0.0300 0.5000
vt 0.0300 0.5000
vt 0.0300 0.5000
vt 0.0300 0.5000
vt 0.0300 0.5000
vt 0.0300 0.5000
vt 0.0300 0.5000
vt 0.0300 0.5000
vt 0.0300 0.5000
vt 0.0300 0.5000
vt 0.0300 0.5000
vt 0.0300 0.5000
vt 0.0300 0.5000
vt 0.0300 0.5000
vt 0.0300 0.5000
vt 0.0300 0.5000
vt 0.0300 0.5000
vt 0.0300 0.5000
vt 0.0300 0.5000
vt 0.0300 0.5000
vt 0.0300 0.5000
vt 0.0300 0.5000
vt 0.0300 0.5000
vt 0.0300 0.5000
vt 0.0300 0.5000
vt 0.0300 0.5000
vt 0.0300 0.5000
vt 0.0300 0.5000
vt 0.0300 0.5000
vt 0.0300 0.5000
vt 0.0300 0.5000
vt 0.0300 0.5000
vt 0.0300 0.5000
vt 0.0300 0.5000
vt 0.0300 0.5000
vt 0.0300 0.5000
vt 0.0300 0.5000
vt 0.0300 0.5000
vt 0.0300 0.5000
vt 0.0300 0.5000
vt 0.0300 0.5000
vt 0.0300 0.5000
vt 0.0300 0.5000
vt 0.0300 0.5000
vt 0.0300 0.5000
vt 0.0300 0.5000
vt 0.0300 0.5000
vt 0.0300 0.5000
vt 0.0300 0.5000
vt 0.0300 0.5000
vt 0.0300 0.5000
vt 0.0300 0.5000
vt 0.0300 0.5000
vt 0.0300 0.5000
vt 0.0300 0.5000
vt 0.0300 0.5000
vt 0.0300 0.5000
vt 0.0300 0.5000
vt 0.0300 0.5000
vt 0.0300 0.5000
vt 0.0300 0.5000
vt 0.0300 0.5000
vt 0.0300 0.5000
vt 0.0300 0.5000
vt 0.0300 0.5000
vt 0.0300 0.5000
vt 0.0300 0.5000
vt 0.0300 0.5000
vt 0.0300 0.5000
vt 0.0300 0.5000
vt 0.0300 0.5000
vt 0.0300 0.5000
vt 0.0300 0.5000
vt 0.0300 0.5000
vt 0.0300 0.5000
vt 0.0300 0.5000
vt 0.0300 0.5000
vt 0.0300 0.5000
vt 0.0300 0.5000
vt 0.0300 0.5000
vt 0.0300 0.5000
vt 0.0300 0.5000
vt 0.0300 0.5000
vt 0.0300 0.5000
vt 0.0300 0.5000
vt 0.0300 0.5000
vt 0.0300 0.5000
vt 0.0300 0.5000
vt 0.0300 0.5000
vt 0.0300 0.5000
vt 0.0300 0.5000
vt 0.0300 0.5000
vt 0.0300 0.5000
vt 0.0300 0.5000
vt 0.0300 0.5000
vt 0.0300 0.5000
vt 0.0300 0.5000
vt 0.0300 0.5000
vt 0.0300 0.5000
vt 0.0300 0.5000
vt 0.0300 0.5000
vt 0.0300 0.5000
vt 0.0300 0.5000
vt 0.0300 0.5000
vt 0.0300 0.5000
vt 0.0300 0.5000
vt 0.0300 0.5000
vt 0.0300 0.5000
vt 0.0300 0.5000
vt 0.0300 0.5000
vt 0.0300 0.5000
vt 0.0300 0.5000
vt 0.0300 0.5000
vt 0.0300 0.5000
vt 0.0300 0.5000
vt 0.0300 0.5000
vt 0.0300 0.5000
vt 0.0300 0.5000
vt 0.0300 0.5000
vt 0.0300 0.5000
vt 0.0300 0.5000
vt 0.0300 0.5000
vt 0.0300 0.5000
vt 0.0300 0.5000
vt 0.0300 0.5000
vt 0.0300 0.5000
vt 0.0300 0.5000
vt 0.0300 0.5000
vt 0.0300 0.5000
vt 0.0300 0.5000
vt 0.0300 0.5000
vt 0.0300 0.5000
vt 0.0300 0.5000
vt 0.0300 0.5000
vt 0.0300 0.5000
vt 0.0300 0.5000
vt 0.0300 0.5000
vt 0.0300 0.5000
vt 0.0300 0.5000
vt 0.0300 0.5000
vt 0.0300 0.5000
vt 0.0300 0.5000
vt 0.0300 0.5000
vt 0.0300 0.5000
vt 0.0300 0.5000
vt 0.0300 0.5000
vt 0.0300 0.5000
vt 0.0300 0.5000
vt 0.0300 0.5000
vt 0.0300 0.5000
vt 0.0300 0.5000
vt 0.0300 0.5000
vt 0.0300 0.5000
vt 0.0300 0.5000
vt 0.0300 0.5000
vt 0.0300 0.5000
vt 0.0300 0.5000
vt 0.0300 0.5000
vt 0.0300 0.5000
vt 0.0300 0.5000
vt 0.0300 0.5000
vt 0.0300 0.5000
vt 0.0300 0.5000
vt 0.0300 0.5000
vt 0.0300 0.5000
vt 0.0300 0.5000
vt 0.0300 0.5000
vt 0.0300 0.5000
vt 0.0300 0.5000
vt 0.0300 0.5000
vt 0.0300 0.5000
vt 0.0300 0.5000
vt 0.0300 0.5000
vt 0.0300 0.5000
vt 0.0300 0.5000
vt 0.0300 0.5000
vt 0.0300 0.5000
vt 0.0300 0.5000
vt 0.0300 0.5000
vt 0.0300 0.5000
vt 0.0300 0.5000
vt 0.0300 0.5000
vt 0.0300 0.5000
vt 0.0300 0.5000
vt 0.0300 0.5000
vt 0.0300 0.5000
vt 0.0300 0.5000
vt 0.0300 0.5000
vt 0.0300 0.5000
vt 0.0300 0.5000
vt 0.0300 0.5000
vt 0.0300 0.5000
vt 0.0300 0.5000
vt 0.0300 0.5000
vt 0.0300 0.5000
vt 0.0300 0.5000
vt 0.0300 0.5000
vt 0.0300 0.5000
vt 0.0300 0.5000
vt 0.0300 0.5000
vt 0.0300 0.5000
vt 0.0300 0.5000
vt 0.0300 0.5000
vt 0.0300 0.5000
vt 0.0300 0.5000
vt 0.0300 0.5000
vt 0.0300 0.5000
vt 0.0300 0.5000
vt 0.0300 0.5000
vt 0.0300 0.5000
vt 0.0300 0.5000
vt 0.0300 0.5000
vt 0.0300 0.5000
vt 0.0300 0.5000
vt 0.0300 0.5000
vt 0.0300 0.5000
vt 0.0300 0.5000
vt 0.0300 0.5000
vt 0.0300 0.5000
vt 0.0300 0.5000
vt 0.0300 0.5000
vt 0.0300 0.5000
vt 0.0300 0.5000
vt 0.0300 0.5000
vt 0.0300 0.5000
vt 0.0300 0.5000
vt 0.0300 0.5000
vt 0.0300 0.5000
vt 0.0300 0.5000
vt 0.0300 0.5000
vt 0.0300 0.5000
vt 0.0300 0.5000
vt 0.0300 0.5000
vt 0.0300 0.5000
vt 0.0300 0.5000
vt 0.0300 0.5000
vt 0.0300 0.5000
vt 0.0300 0.5000
vt 0.0300 0.5000
vt 0.0300 0.5000
vt 0.0300 0.5000
vt 0.0300 0.5000
vt 0.0300 0.5000
vt 0.0300 0.5000
vt 0.0300 0.5000
vt 0.0300 0.5000
vt 0.0300 0.5000
vt 0.0300 0.5000
vt 0.0300 0.5000
vt 0.0300 0.5000
vt 0.0300 0.5000
vt 0.0300 0.5000
vt 0.0300 0.5000
vt 0.0300 0.5000
vt 0.0300 0.5000
vt 0.0300 0.5000
vt 0.0300 0.5000
vt 0.0300 0.5000
vt 0.0300 0.5000
vt 0.0300 0.5000
vt 0.0300 0.5000
vt 0.0300 0.5000
vt 0.0300 0.5000
vt 0.0300 0.5000
vt 0.0300 0.5000
vt 0.0300 0.5000
vt 0.0300 0.5000
vt 0.0300 0.5000
vt 0.0300 0.5000
vt 0.0300 0.5000
vt 0.0300 0.5000
vt 0.0300 0.5000
vt 0.0300 0.5000
vt 0.0300 0.5000
vt 0.0300 0.5000
vt 0.0300 0.5000
vt 0.0300 0.5000
vt 0.0300 0.5000
vt 0.0300 0.5000
vt 0.0300 0.5000
vt 0.0300 0.5000
vt 0.0300 0.5000
vt 0.0300 0.5000
vt 0.0300 0.5000
vt 0.0300 0.5000
vt 0.0300 0.5000
vt 0.0300 0.5000
vt 0.0300 0.5000
vt 0.0300 0.5000
vt 0.0300 0.5000
vt 0.0300 0.5000
vt 0.0300 0.5000
vt 0.0300 0.5000
vt 0.0300 0.5000
vt 0.0300 0.5000
vt 0.0300 0.5000
vt 0.0300 0.5000
vt 0.0300 0.5000
vt 0.0300 0.5000
vt 0.0300 0.5000
vt 0.0300 0.5000
vt 0.0300 0.5000
vt 0.0300 0.5000
vt 0.0300 0.5000
vt 0.0300 0.5000
vt 0.0300 0.5000
vt 0.0300 0.5000
vt 0.0300 0.5000
vt 0.0300 0.5000
vt 0.0300 0.5000
vt 0.0300 0.5000
vt 0.0300 0.5000
vt 0.0300 0.5000
vt 0.0300 0.5000
vt 0.0300 0.5000
vt 0.0300 0.5000
vt 0.0300 0.5000
vt 0.0300 0.5000
vt 0.0300 0.5000
vt 0.0300 0.5000
vt 0.0300 0.5000
vt 0.0300 0.5000
vt 0.0300 0.5000
vt 0.0300 0.5000
vt 0.0300 0.5000
vt 0.0300 0.5000
vt 0.0300 0.5000
vt 0.0300 0.5000
vt 0.0300 0.5000
vt 0.0300 0.5000
vt 0.0300 0.5000
vt 0.0300 0.5000
vt 0.0300 0.5000
vt 0.0300 0.5000
vt 0.0300 0.5000
vt 0.0300 0.5000
vt 0.0300 0.5000
vt 0.0300 0.5000
vt 0.0300 0.5000
vt 0.0300 0.5000
vt 0.0300 0.5000
vt 0.0300 0.5000
vt 0.0300 0.5000
vt 0.0300 0.5000
vt 0.0300 0.5000
vt 0.0300 0.5000
vt 0.0300 0.5000
vt 0.0300 0.5000
vt 0.0300 0.5000
vt 0.0300 0.5000
vt 0.0300 0.5000
vt 0.0300 0.5000
vt 0.0300 0.5000
vt 0.0300 0.5000
vt 0.0300 0.5000
vt 0.0300 0.5000
vt 0.0300 0.5000
vt 0.0300 0.5000
vt 0.0300 0.5000
vt 0.0300 0.5000
vt 0.0300 0.5000
vt 0.0300 0.5000
vt 0.0300 0.5000
vt 0.0300 0.5000
vt 0.0300 0.5000
vt 0.0300 0.5000
vt 0.0300 0.5000
vt 0.0300 0.5000
vt 0.0300 0.5000
vt 0.0300 0.5000
vt 0.0300 0.5000
vt 0.0300 0.5000
vt 0.0300 0.5000
vt 0.0300 0.5000
vt 0.0300 0.5000
vt 0.0300 0.5000
vt 0.0300 0.5000
vt 0.0300 0.5000
vt 0.0300 0.5000
vt 0.0300 0.5000
vt 0.0300 0.5000
vt 0.0300 0.5000
vt 0.0300 0.5000
vt 0.0300 0.5000
vt 0.0300 0.5000
vt 0.0300 0.5000
vt 0.0300 0.5000
vt 0.0300 0.5000
vt 0.0300 0.5000
vt 0.0300 0.5000
vt 0.0300 0.5000
vt 0.0300 0.5000
vt 0.0300 0.5000
vt 0.0300 0.5000
vt 0.0300 0.5000
vt 0.0300 0.5000
vt 0.0300 0.5000
vt 0.0300 0.5000
vt 0.0300 0.5000
vt 0.0300 0.5000
vt 0.0300 0.5000
vt 0.0300 0.5000
vt 0.0300 0.5000
vt 0.0300 0.5000
vt 0.0300 0.5000
vt 0.0300 0.5000
vt 0.0300 0.5000
vt 0.0300 0.5000
vt 0.0300 0.5000
vt 0.0300 0.5000
vt 0.0300 0.5000
vt 0.0300 0.5000
vt 0.0300 0.5000
vt 0.0300 0.5000
vt 0.0300 0.5000
vt 0.0300 0.5000
vt 0.0300 0.5000
vt 0.0300 0.5000
vt 0.0300 0.5000
vt 0.0300 0.5000
vt 0.0300 0.5000
vt 0.0300 0.5000
vt 0.0300 0.5000
vt 0.0300 0.5000
vt 0.0300 0.5000
vt 0.0300 0.5000
vt 0.0300 0.5000
vt 0.0300 0.5000
vt 0.0300 0.5000
vt 0.0300 0.5000
vt 0.0300 0.5000
vt 0.0300 0.5000
vt 0.0300 0.5000
vt 0.0300 0.5000
vt 0.0300 0.5000
vt 0.0300 0.5000
vt 0.0300 0.5000
vt 0.0300 0.5000
vt 0.0300 0.5000
vt 0.0300 0.5000
vt 0.0300 0.5000
vt 0.0300 0.5000
vt 0.0300 0.5000
vt 0.0300 0.5000
vt 0.0300 0.5000
vt 0.0300 0.5000
vt 0.0300 0.5000
vt 0.0300 0.5000
vt 0.0300 0.5000
vt 0.0300 0.5000
vt 0.0300 0.5000
vt 0.0300 0.5000
vt 0.0300 0.5000
vt 0.0300 0.5000
vt 0.0300 0.5000
vt 0.0300 0.5000
vt 0.0300 0.5000
vt 0.0300 0.5000
vt 0.0300 0.5000
vt 0.0300 0.5000
vt 0.0300 0.5000
vt 0.0300 0.5000
vt 0.0300 0.5000
vt 0.0300 0.5000
vt 0.0300 0.5000
vt 0.0300 0.5000
vt 0.0300 0.5000
vt 0.0300 0.5000
vt 0.0300 0.5000
vt 0.0300 0.5000
vt 0.0300 0.5000
vt 0.0300 0.5000
vt 0.0300 0.5000
vt 0.0300 0.5000
vt 0.0300 0.5000
vt 0.0300 0.5000
vt 0.0300 0.5000
vt 0.0300 0.5000
vt 0.0300 0.5000
vt 0.0300 0.5000
vt 0.0300 0.5000
vt 0.0300 0.5000
vt 0.0300 0.5000
vt 0.0300 0.5000
vt 0.0300 0.5000
vt 0.0300 0.5000
vt 0.0300 0.5000
vt 0.0300 0.5000
vt 0.0300 0.5000
vt 0.0300 0.5000
vt 0.0300 0.5000
vt 0.0300 0.5000
vt 0.0300 0.5000
vt 0.0300 0.5000
vt 0.0300 0.5000
vt 0.0300 0.5000
vt 0.0300 0.5000
vt 0.0300 0.5000
vt 0.0300 0.5000
vt 0.0300 0.5000
vt 0.0300 0.5000
vt 0.0300 0.5000
vt 0.0300 0.5000
vt 0.0300 0.5000
vt 0.0300 0.5000
vt 0.0300 0.5000
vt 0.0300 0.5000
vt 0.0300 0.5000
vt 0.0300 0.5000
vt 0.0300 0.5000
vt 0.0300 0.5000
vt 0.0300 0.5000
vt 0.0300 0.5000
vt 0.0300 0.5000
vt 0.0300 0.5000
vt 0.0300 0.5000
vt 0.0300 0.5000
vt 0.0300 0.5000
vt 0.0300 0.5000
vt 0.0300 0.5000
vt 0.0300 0.5000
vt 0.0300 0.5000
vt 0.0300 0.5000
vt 0.0300 0.5000
vt 0.0300 0.5000
vt 0.0300 0.5000
vt 0.0300 0.5000
vt 0.0300 0.5000
vt 0.0300 0.5000
vt 0.0300 0.5000
vt 0.0300 0.5000
vt 0.0300 0.5000
vt 0.0300 0.5000
vt 0.0300 0.5000
vt 0.0300 0.5000
vt 0.0300 0.5000
vt 0.0300 0.5000
vt 0.0300 0.5000
vt 0.0300 0.5000
vt 0.0300 0.5000
vt 0.0300 0.5000
vt 0.0300 0.5000
vt 0.0300 0.5000
vt 0.0300 0.5000
vt 0.0300 0.5000
vt 0.0300 0.5000
vt 0.0300 0.5000
vt 0.0300 0.5000
vt 0.0300 0.5000
vt 0.0300 0.5000
vt 0.0300 0.5000
vt 0.0300 0.5000
vt 0.0300 0.5000
vt 0.0300 0.5000
vt 0.0300 0.5000
vt 0.0300 0.5000
vt 0.0300 0.5000
vt 0.0300 0.5000
vt 0.0300 0.5000
vt 0.0300 0.5000
vt 0.0300 0.5000
vt 0.0300 0.5000
vt 0.0300 0.5000
vt 0.0300 0.5000
vt 0.0300 0.5000
vt 0.0300 0.5000
vt 0.0300 0.5000
vt 0.0300 0.5000
vt 0.0300 0.5000
vt 0.0300 0.5000
vt 0.0300 0.5000
vt 0.0300 0.5000
vt 0.0300 0.5000
vt 0.0300 0.5000
vt 0.0300 0.5000
vt 0.0300 0.5000
vt 0.0300 0.5000
vt 0.0300 0.5000
vt 0.0300 0.5000
vt 0.0300 0.5000
vt 0.0300 0.5000
vt 0.0300 0.5000
vt 0.0300 0.5000
vt 0.0300 0.5000
vt 0.0300 0.5000
vt 0.0300 0.5000
vt 0.0300 0.5000
vt 0.0300 0.5000
vt 0.0300 0.5000
vt 0.0300 0.5000
vt 0.0300 0.5000
vt 0.0300 0.5000
vt 0.0300 0.5000
vt 0.0300 0.5000
vt 0.0300 0.5000
vt 0.0300 0.5000
vt 0.0300 0.5000
vt 0.0300 0.5000
vt 0.0300 0.5000
vt 0.0300 0.5000
vt 0.0300 0.5000
vt 0.0300 0.5000
vt 0.0300 0.5000
vt 0.0300 0.5000
vt 0.0300 0.5000
vt 0.0300 0.5000
vt 0.0300 0.5000
vt 0.0300 0.5000
vt 0.0300 0.5000
vt 0.0300 0.5000
vt 0.0300 0.5000
vt 0.0300 0.5000
vt 0.0300 0.5000
vt 0.0300 0.5000
vt 0.0300 0.5000
vt 0.0300 0.5000
vt 0.0300 0.5000
vt 0.0300 0.5000
vt 0.0300 0.5000
vt 0.0300 0.5000
vt 0.0300 0.5000
vt 0.0300 0.5000
vt 0.0300 0.5000
vt 0.0300 0.5000
vt 0.0300 0.5000
vt 0.0300 0.5000
vt 0.0300 0.5000
vt 0.0300 0.5000
vt 0.0300 0.5000
vt 0.0300 0.5000
vt 0.0300 0.5000
vt 0.0300 0.5000
vt 0.0300 0.5000
vt 0.0300 0.5000
vt 0.0300 0.5000
vt 0.0300 0.5000
vt 0.0300 0.5000
vt 0.0300 0.5000
vt 0.0300 0.5000
vt 0.0300 0.5000
vt 0.0300 0.5000
vt 0.0300 0.5000
vt 0.0300 0.5000
vt 0.0300 0.5000
vt 0.0300 0.5000
vt 0.0300 0.5000
vt 0.0300 0.5000
vt 0.0300 0.5000
vt 0.0300 0.5000
vt 0.0300 0.5000
vt 0.0300 0.5000
vt 0.0300 0.5000
vt 0.0300 0.5000
vt 0.0300 0.5000
vt 0.0300 0.5000
vt 0.0300 0.5000
vt 0.0300 0.5000
vt 0.0300 0.5000
vt 0.0300 0.5000
vt 0.0300 0.5000
vt 0.0300 0.5000
vt 0.0300 0.5000
vt 0.0300 0.5000
vt 0.0300 0.5000
vt 0.0300 0.5000
vt 0.0300 0.5000
vt 0.0300 0.5000
vt 0.0300 0.5000
vt 0.0300 0.5000
vt 0.0300 0.5000
vt 0.0300 0.5000
vt 0.0300 0.5000
vt 0.0300 0.5000
vt 0.0300 0.5000
vt 0.0300 0.5000
vt 0.0300 0.5000
vt 0.0300 0.5000
vt 0.0300 0.5000
vt 0.0300 0.5000
vt 0.0300 0.5000
vt 0.0300 0.5000
vt 0.0300 0.5000
vt 0.0300 0.5000
vt 0.0300 0.5000
vt 0.0300 0.5000
vt 0.0300 0.5000
vt 0.0300 0.5000
vt 0.0300 0.5000
vt 0.0300 0.5000
vt 0.0300 0.5000
vt 0.0300 0.5000
vt 0.0300 0.5000
vt 0.0300 0.5000
vt 0.0300 0.5000
vt 0.0300 0.5000
vt 0.0300 0.5000
vt 0.0300 0.5000
vt 0.0300 0.5000
vt 0.0300 0.5000
vt 0.0300 0.5000
vt 0.0300 0.5000
vt 0.0300 0.5000
vt 0.0300 0.5000
vt 0.0300 0.5000
vt 0.0300 0.5000
vt 0.0300 0.5000
vt 0.0300 0.5000
vt 0.0300 0.5000
vt 0.0300 0.5000
vt 0.0300 0.5000
vt 0.0300 0.5000
vt 0.0300 0.5000
vt 0.0300 0.5000
vt 0.0300 0.5000
vt 0.0300 0.5000
vt 0.0300 0.5000
vt 0.0300 0.5000
vt 0.0300 0.5000
vt 0.0300 0.5000
vt 0.0300 0.5000
vt 0.0300 0.5000
vt 0.0300 0.5000
vt 0.0300 0.5000
vt 0.0300 0.5000
vt 0.0300 0.5000
vt 0.0300 0.5000
vt 0.0300 0.5000
vt 0.0300 0.5000
vt 0.0300 0.5000
vt 0.0300 0.5000
vt 0.0300 0.5000
vt 0.0300 0.5000
vt 0.0300 0.5000
vt 0.0300 0.5000
vt 0.0300 0.5000
vt 0.0300 0.5000
vt 0.0300 0.5000
vt 0.0300 0.5000
vn -0.6931 -0.1813 0.6977
vn 0.0169 -0.1810 0.9833
vn 0.0169 -0.1807 0.9834
vn -0.6930 -0.1812 0.6978
vn 0.0169 -0.1810 0.9833
vn 0.7177 -0.0861 0.6910
vn 0.7176 -0.0858 0.6912
vn 0.0169 -0.1807 0.9834
vn 0.0169 -0.1807 0.9834
vn 0.7176 -0.0858 0.6912
vn 0.7169 -0.0802 0.6926
vn 0.0169 -0.1749 0.9844
vn -0.6930 -0.1812 0.6978
vn 0.0169 -0.1807 0.9834
vn 0.0169 -0.1749 0.9844
vn -0.6926 -0.1772 0.6992
vn -0.7152 0.0497 -0.6971
vn -0.9964 -0.0850 0.0017
vn -0.9964 -0.0850 0.0018
vn -0.7152 0.0498 -0.6971
vn -0.9964 -0.0850 0.0017
vn -0.6931 -0.1813 0.6977
vn -0.6930 -0.1812 0.6978
vn -0.9964 -0.0850 0.0018
vn -0.9964 -0.0850 0.0018
vn -0.6930 -0.1812 0.6978
vn -0.6926 -0.1772 0.6992
vn -0.9965 -0.0834 0.0026
vn -0.7152 0.0498 -0.6971
vn -0.9964 -0.0850 0.0018
vn -0.9965 -0.0834 0.0026
vn -0.7154 0.0503 -0.6969
vn 0.6959 0.1464 -0.7031
vn -0.0145 0.1461 -0.9892
vn -0.0137 0.1469 -0.9891
vn 0.6973 0.1571 -0.6993
vn -0.0145 0.1461 -0.9892
vn -0.7154 0.0503 -0.6969
vn -0.7166 0.0522 -0.6956
vn -0.0137 0.1469 -0.9891
vn -0.0137 0.1469 -0.9891
vn -0.7166 0.0522 -0.6956
vn -0.7185 0.0809 -0.6908
vn -0.0155 0.1715 -0.9851
vn 0.6973 0.1571 -0.6993
vn -0.0137 0.1469 -0.9891
vn -0.0155 0.1715 -0.9851
vn 0.6923 0.2081 -0.6909
vn 0.7169 -0.0802 0.6926
vn 0.9986 0.0531 -0.0060
vn 0.9970 0.0779 0.0006
vn 0.7133 -0.0434 0.6995
vn 0.9986 0.0531 -0.0060
vn 0.6959 0.1464 -0.7031
vn 0.6973 0.1571 -0.6993
vn 0.9970 0.0779 0.0006
vn 0.9970 0.0779 0.0006
vn 0.6973 0.1571 -0.6993
vn 0.6923 0.2081 -0.6909
vn 0.9865 0.1633 0.0111
vn 0.7133 -0.0434 0.6995
vn 0.9970 0.0779 0.0006
vn 0.9865 0.1633 0.0111
vn 0.7004 0.0706 0.7102
vn -0.6926 -0.1772 0.6992
vn 0.0169 -0.1749 0.9844
vn 0.0153 -0.1374 0.9904
vn -0.6924 -0.1495 0.7058
vn 0.0169 -0.1749 0.9844
vn 0.7169 -0.0802 0.6926
vn 0.7133 -0.0434 0.6995
vn 0.0153 -0.1374 0.9904
vn 0.0153 -0.1374 0.9904
vn 0.7133 -0.0434 0.6995
vn 0.7004 0.0706 0.7102
vn 0.0057 -0.0226 0.9997
vn -0.6924 -0.1495 0.7058
vn 0.0153 -0.1374 0.9904
vn 0.0057 -0.0226 0.9997
vn -0.6970 -0.0565 0.7148
vn -0.7154 0.0503 -0.6969
vn -0.9965 -0.0834 0.0026
vn -0.9974 -0.0713 0.0071
vn -0.7166 0.0522 -0.6956
vn -0.9965 -0.0834 0.0026
vn -0.6926 -0.1772 0.6992
vn -0.6924 -0.1495 0.7058
vn -0.9974 -0.0713 0.0071
vn -0.9974 -0.0713 0.0071
vn -0.6924 -0.1495 0.7058
vn -0.6970 -0.0565 0.7148
vn -0.9998 -0.0166 0.0142
vn -0.7166 0.0522 -0.6956
vn -0.9974 -0.0713 0.0071
vn -0.9998 -0.0166 0.0142
vn -0.7185 0.0809 -0.6908
vn -0.7029 0.2301 -0.6731
vn -0.6597 0.1839 -0.7287
vn -0.9773 0.0364 -0.2088
vn -0.9987 0.0221 -0.0460
vn -0.6597 0.1839 -0.7287
vn -0.5789 -0.0230 -0.8151
vn -0.8966 -0.1265 -0.4244
vn -0.9773 0.0364 -0.2088
vn -0.9773 0.0364 -0.2088
vn -0.8966 -0.1265 -0.4244
vn -0.9729 -0.2294 0.0281
vn -0.9168 -0.1751 0.3589
vn -0.9987 0.0221 -0.0460
vn -0.9773 0.0364 -0.2088
vn -0.9168 -0.1751 0.3589
vn -0.6911 -0.2053 0.6930
vn 0.8892 -0.0175 0.4572
vn 0.9801 0.1607 -0.1166
vn 0.9770 0.2131 -0.0070
vn 0.8341 0.0115 0.5514
vn 0.9801 0.1607 -0.1166
vn 0.6654 0.0346 -0.7457
vn 0.8594 0.2679 -0.4355
vn 0.9770 0.2131 -0.0070
vn 0.9770 0.2131 -0.0070
vn 0.8594 0.2679 -0.4355
vn 0.6581 0.3953 -0.6408
vn 0.9758 0.2149 0.0408
vn 0.8341 0.0115 0.5514
vn 0.9770 0.2131 -0.0070
vn 0.9758 0.2149 0.0408
vn 0.6758 -0.0634 0.7343
vn 0.6923 0.2081 -0.6909
vn -0.0155 0.1715 -0.9851
vn -0.0384 0.3631 -0.9309
vn 0.6299 0.4265 -0.6491
vn -0.0155 0.1715 -0.9851
vn -0.7185 0.0809 -0.6908
vn -0.7048 0.2845 -0.6498
vn -0.0384 0.3631 -0.9309
vn -0.0384 0.3631 -0.9309
vn -0.7048 0.2845 -0.6498
vn -0.5756 0.6666 -0.4736
vn -0.0923 0.8075 -0.5826
vn 0.6299 0.4265 -0.6491
vn -0.0384 0.3631 -0.9309
vn -0.0923 0.8075 -0.5826
vn 0.4117 0.7784 -0.4740
vn 0.7004 0.0706 0.7102
vn 0.9865 0.1633 0.0111
vn 0.9099 0.4144 0.0189
vn 0.6344 0.3551 0.6867
vn 0.9865 0.1633 0.0111
vn 0.6923 0.2081 -0.6909
vn 0.6299 0.4265 -0.6491
vn 0.9099 0.4144 0.0189
vn 0.9099 0.4144 0.0189
vn 0.6299 0.4265 -0.6491
vn 0.4117 0.7784 -0.4740
vn 0.5121 0.8586 0.0249
vn 0.6344 0.3551 0.6867
vn 0.9099 0.4144 0.0189
vn 0.5121 0.8586 0.0249
vn 0.4170 0.7444 0.5215
vn -0.6970 -0.0565 0.7148
vn 0.0057 -0.0226 0.9997
vn -0.0266 0.2644 0.9640
vn -0.6928 0.2143 0.6886
vn 0.0057 -0.0226 0.9997
vn 0.7004 0.0706 0.7102
vn 0.6344 0.3551 0.6867
vn -0.0266 0.2644 0.9640
vn -0.0266 0.2644 0.9640
vn 0.6344 0.3551 0.6867
vn 0.4170 0.7444 0.5215
vn -0.0876 0.7715 0.6302
vn -0.6928 0.2143 0.6886
vn -0.0266 0.2644 0.9640
vn -0.0876 0.7715 0.6302
vn -0.5726 0.6329 0.5212
vn -0.7185 0.0809 -0.6908
vn -0.9998 -0.0166 0.0142
vn -0.9768 0.2134 0.0194
vn -0.7048 0.2845 -0.6498
vn -0.9998 -0.0166 0.0142
vn -0.6970 -0.0565 0.7148
vn -0.6928 0.2143 0.6886
vn -0.9768 0.2134 0.0194
vn -0.9768 0.2134 0.0194
vn -0.6928 0.2143 0.6886
vn -0.5726 0.6329 0.5212
vn -0.6928 0.7207 0.0247
vn -0.7048 0.2845 -0.6498
vn -0.9768 0.2134 0.0194
vn -0.6928 0.7207 0.0247
vn -0.5756 0.6666 -0.4736
vn 0.4380 -0.3767 -0.8163
vn 0.6891 -0.6517 -0.3169
vn -0.0235 -0.9718 -0.2347
vn -0.1712 -0.5028 -0.8472
vn 0.6891 -0.6517 -0.3169
vn 0.6920 -0.6539 0.3060
vn 0.1388 -0.8412 0.5226
vn -0.0235 -0.9718 -0.2347
vn -0.0235 -0.9718 -0.2347
vn 0.1388 -0.8412 0.5226
vn -0.4637 -0.6872 0.5593
vn -0.7215 -0.6923 -0.0077
vn -0.1712 -0.5028 -0.8472
vn -0.0235 -0.9718 -0.2347
vn -0.7215 -0.6923 -0.0077
vn -0.7177 -0.4100 -0.5629
vn -0.5996 -0.4097 -0.6875
vn -0.0055 -0.5423 -0.8402
vn -0.0182 -0.9831 -0.1820
vn -0.7398 -0.6603 -0.1294
vn -0.0055 -0.5423 -0.8402
vn 0.5915 -0.4331 -0.6801
vn 0.7148 -0.6889 -0.1204
vn -0.0182 -0.9831 -0.1820
vn -0.0182 -0.9831 -0.1820
vn 0.7148 -0.6889 -0.1204
vn 0.5800 -0.6498 0.4913
vn -0.0195 -0.8069 0.5904
vn -0.7398 -0.6603 -0.1294
vn -0.0182 -0.9831 -0.1820
vn -0.0195 -0.8069 0.5904
vn -0.6111 -0.6264 0.4839
vn -0.7720 -0.5905 0.2354
vn -0.6974 -0.6039 -0.3859
vn -0.0217 -0.9760 -0.2169
vn -0.2606 -0.8145 0.5183
vn -0.6974 -0.6039 -0.3859
vn -0.3696 -0.3564 -0.8581
vn 0.2307 -0.5288 -0.8168
vn -0.0217 -0.9760 -0.2169
vn -0.0217 -0.9760 -0.2169
vn 0.2307 -0.5288 -0.8168
vn 0.7485 -0.4674 -0.4705
vn 0.6676 -0.7394 0.0874
vn -0.2606 -0.8145 0.5183
vn -0.0217 -0.9760 -0.2169
vn 0.6676 -0.7394 0.0874
vn 0.3461 -0.7014 0.6231
vn -0.2247 -0.5667 0.7927
vn 0.3461 -0.2765 0.8965
vn 0.4368 -0.2558 0.8624
vn 0.2582 -0.2926 0.9207
vn 0.8892 -0.0175 0.4572
vn 0.8341 0.0115 0.5514
vn 0.4368 -0.2558 0.8624
vn 0.3461 -0.2765 0.8965
vn 0.6758 -0.0634 0.7343
vn 0.2582 -0.2926 0.9207
vn 0.4368 -0.2558 0.8624
vn 0.8341 0.0115 0.5514
vn -0.5756 0.6666 -0.4736
vn -0.6928 0.7207 0.0247
vn -0.1149 0.9930 0.0265
vn -0.0923 0.8075 -0.5826
vn -0.6928 0.7207 0.0247
vn -0.5726 0.6329 0.5212
vn -0.0876 0.7715 0.6302
vn -0.1149 0.9930 0.0265
vn -0.1149 0.9930 0.0265
vn -0.0876 0.7715 0.6302
vn 0.4170 0.7444 0.5215
vn 0.5121 0.8586 0.0249
vn -0.0923 0.8075 -0.5826
vn -0.1149 0.9930 0.0265
vn 0.5121 0.8586 0.0249
vn 0.4117 0.7784 -0.4740
vn -0.0936 0.5797 0.8094
vn -0.0936 0.5797 0.8094
vn -0.0936 0.5797 0.8094
vn -0.0936 0.5797 0.8094
vn 0.2120 0.5715 0.7928
vn 0.2120 0.5715 0.7928
vn 0.2120 0.5715 0.7928
vn 0.2120 0.5715 0.7928
vn 0.2057 0.8035 0.5586
vn 0.2057 0.8035 0.5586
vn 0.2057 0.8035 0.5586
vn 0.2057 0.8035 0.5586
vn -0.1302 0.8223 0.5540
vn -0.1302 0.8223 0.5540
vn -0.1302 0.8223 0.5540
vn -0.1302 0.8223 0.5540
vn 0.6654 0.0346 -0.7457
vn 0.4635 0.0078 -0.8861
vn 0.6282 0.2219 -0.7458
vn 0.8594 0.2679 -0.4355
vn 0.1752 0.1547 -0.9723
vn 0.3646 0.3481 -0.8637
vn 0.6282 0.2219 -0.7458
vn 0.4635 0.0078 -0.8861
vn 0.6581 0.3953 -0.6408
vn 0.8594 0.2679 -0.4355
vn 0.6282 0.2219 -0.7458
vn 0.3646 0.3481 -0.8637
vn 0.6523 0.6559 0.3800
vn 0.6523 0.6559 0.3800
vn 0.6523 0.6559 0.3800
vn 0.6523 0.6559 0.3800
vn 0.7536 0.6510 0.0914
vn 0.7536 0.6510 0.0914
vn 0.7536 0.6510 0.0914
vn 0.7536 0.6510 0.0914
vn 0.5053 0.8629 0.0088
vn 0.5053 0.8629 0.0088
vn 0.5053 0.8629 0.0088
vn 0.5053 0.8629 0.0088
vn 0.3971 0.8616 0.3160
vn 0.3971 0.8616 0.3160
vn 0.3971 0.8616 0.3160
vn 0.3971 0.8616 0.3160
vn 0.6654 0.0346 -0.7457
vn -0.1522 -0.1527 -0.9765
vn -0.0539 -0.4843 -0.8732
vn 0.0638 -0.4065 -0.9114
vn -0.6797 -0.4240 -0.5985
vn -0.3207 -0.7601 -0.5652
vn -0.0539 -0.4843 -0.8732
vn -0.1522 -0.1527 -0.9765
vn -0.2835 -0.7508 -0.5966
vn 0.0638 -0.4065 -0.9114
vn -0.0539 -0.4843 -0.8732
vn -0.3207 -0.7601 -0.5652
vn -0.6797 -0.4240 -0.5985
vn -0.8424 -0.5282 0.1067
vn -0.5016 -0.8604 -0.0903
vn -0.3207 -0.7601 -0.5652
vn -0.2247 -0.5667 0.7927
vn -0.3519 -0.9289 0.1153
vn -0.5016 -0.8604 -0.0903
vn -0.8424 -0.5282 0.1067
vn -0.2835 -0.7508 -0.5966
vn -0.3207 -0.7601 -0.5652
vn -0.5016 -0.8604 -0.0903
vn -0.3519 -0.9289 0.1153
vn -0.2247 -0.5667 0.7927
vn 0.2582 -0.2926 0.9207
vn 0.0085 -0.3416 0.9398
vn -0.0893 -0.6162 0.7825
vn 0.2582 -0.2926 0.9207
vn 0.6758 -0.0634 0.7343
vn 0.0105 -0.2600 0.9656
vn 0.0085 -0.3416 0.9398
vn 0.0085 -0.3416 0.9398
vn 0.0105 -0.2600 0.9656
vn -0.6911 -0.2053 0.6930
vn -0.3799 -0.3652 0.8499
vn -0.0893 -0.6162 0.7825
vn 0.0085 -0.3416 0.9398
vn -0.3799 -0.3652 0.8499
vn -0.2502 -0.5481 0.7981
vn 0.1752 0.1547 -0.9723
vn -0.1527 0.0703 -0.9858
vn -0.1373 0.3112 -0.9404
vn 0.3646 0.3481 -0.8637
vn -0.1527 0.0703 -0.9858
vn -0.5789 -0.0230 -0.8151
vn -0.6597 0.1839 -0.7287
vn -0.1373 0.3112 -0.9404
vn -0.1373 0.3112 -0.9404
vn -0.6597 0.1839 -0.7287
vn -0.7029 0.2301 -0.6731
vn -0.0694 0.3761 -0.9240
vn 0.3646 0.3481 -0.8637
vn -0.1373 0.3112 -0.9404
vn -0.0694 0.3761 -0.9240
vn 0.6581 0.3953 -0.6408
vn -0.2502 -0.5481 0.7981
vn -0.3799 -0.3652 0.8499
vn -0.7060 -0.4281 0.5641
vn -0.4724 -0.7209 0.5071
vn -0.3799 -0.3652 0.8499
vn -0.6911 -0.2053 0.6930
vn -0.9168 -0.1751 0.3589
vn -0.7060 -0.4281 0.5641
vn -0.7060 -0.4281 0.5641
vn -0.9168 -0.1751 0.3589
vn -0.9729 -0.2294 0.0281
vn -0.8747 -0.4811 0.0582
vn -0.4724 -0.7209 0.5071
vn -0.7060 -0.4281 0.5641
vn -0.8747 -0.4811 0.0582
vn -0.6802 -0.7306 0.0592
vn 0.6654 0.0346 -0.7457
vn 0.0638 -0.4065 -0.9114
vn -0.0220 -0.2517 -0.9676
vn 0.4635 0.0078 -0.8861
vn 0.0638 -0.4065 -0.9114
vn -0.2835 -0.7508 -0.5966
vn -0.4239 -0.3818 -0.8213
vn -0.0220 -0.2517 -0.9676
vn -0.0220 -0.2517 -0.9676
vn -0.4239 -0.3818 -0.8213
vn -0.5789 -0.0230 -0.8151
vn -0.1527 0.0703 -0.9858
vn 0.4635 0.0078 -0.8861
vn -0.0220 -0.2517 -0.9676
vn -0.1527 0.0703 -0.9858
vn 0.1752 0.1547 -0.9723
vn -0.2835 -0.7508 -0.5966
vn -0.5051 -0.8132 -0.2890
vn -0.7444 -0.4500 -0.4933
vn -0.4239 -0.3818 -0.8213
vn -0.5051 -0.8132 -0.2890
vn -0.6802 -0.7306 0.0592
vn -0.8747 -0.4811 0.0582
vn -0.7444 -0.4500 -0.4933
vn -0.7444 -0.4500 -0.4933
vn -0.8747 -0.4811 0.0582
vn -0.9729 -0.2294 0.0281
vn -0.8966 -0.1265 -0.4244
vn -0.4239 -0.3818 -0.8213
vn -0.7444 -0.4500 -0.4933
vn -0.8966 -0.1265 -0.4244
vn -0.5789 -0.0230 -0.8151
vn -0.2247 -0.5667 0.7927
vn -0.0893 -0.6162 0.7825
vn -0.3000 -0.9164 0.2651
vn -0.3519 -0.9289 0.1153
vn -0.0893 -0.6162 0.7825
vn -0.2502 -0.5481 0.7981
vn -0.4724 -0.7209 0.5071
vn -0.3000 -0.9164 0.2651
vn -0.3000 -0.9164 0.2651
vn -0.4724 -0.7209 0.5071
vn -0.6802 -0.7306 0.0592
vn -0.5051 -0.8132 -0.2890
vn -0.3519 -0.9289 0.1153
vn -0.3000 -0.9164 0.2651
vn -0.5051 -0.8132 -0.2890
vn -0.2835 -0.7508 -0.5966
vn 0.7177 -0.0861 0.6910
vn 0.9987 0.0495 -0.0077
vn 0.9987 0.0496 -0.0075
vn 0.7176 -0.0858 0.6912
vn 0.9987 0.0495 -0.0077
vn 0.6955 0.1448 -0.7038
vn 0.6955 0.1449 -0.7038
vn 0.9987 0.0496 -0.0075
vn 0.9987 0.0496 -0.0075
vn 0.6955 0.1449 -0.7038
vn 0.6959 0.1464 -0.7031
vn 0.9986 0.0531 -0.0060
vn 0.7176 -0.0858 0.6912
vn 0.9987 0.0496 -0.0075
vn 0.9986 0.0531 -0.0060
vn 0.7169 -0.0802 0.6926
vn 0.6955 0.1448 -0.7038
vn -0.0145 0.1456 -0.9892
vn -0.0145 0.1457 -0.9892
vn 0.6955 0.1449 -0.7038
vn -0.0145 0.1456 -0.9892
vn -0.7152 0.0497 -0.6971
vn -0.7152 0.0498 -0.6971
vn -0.0145 0.1457 -0.9892
vn -0.0145 0.1457 -0.9892
vn -0.7152 0.0498 -0.6971
vn -0.7154 0.0503 -0.6969
vn -0.0145 0.1461 -0.9892
vn 0.6955 0.1449 -0.7038
vn -0.0145 0.1457 -0.9892
vn -0.0145 0.1461 -0.9892
vn 0.6959 0.1464 -0.7031
vn -0.7152 0.0496 -0.6971
vn -0.9964 -0.0850 0.0017
vn -0.9964 -0.0850 0.0017
vn -0.7152 0.0497 -0.6971
vn -0.9964 -0.0850 0.0017
vn -0.6931 -0.1813 0.6977
vn -0.6931 -0.1813 0.6977
vn -0.9964 -0.0850 0.0017
vn -0.9964 -0.0850 0.0017
vn -0.6931 -0.1813 0.6977
vn -0.6931 -0.1813 0.6977
vn -0.9964 -0.0850 0.0017
vn -0.7152 0.0497 -0.6971
vn -0.9964 -0.0850 0.0017
vn -0.9964 -0.0850 0.0017
vn -0.7152 0.0497 -0.6971
vn -0.6931 -0.1813 0.6977
vn 0.0169 -0.1811 0.9833
vn 0.0169 -0.1811 0.9833
vn -0.6931 -0.1813 0.6977
vn 0.0169 -0.1811 0.9833
vn 0.7177 -0.0862 0.6910
vn 0.7177 -0.0862 0.6910
vn 0.0169 -0.1811 0.9833
vn 0.0169 -0.1811 0.9833
vn 0.7177 -0.0862 0.6910
vn 0.7177 -0.0861 0.6910
vn 0.0169 -0.1810 0.9833
vn -0.6931 -0.1813 0.6977
vn 0.0169 -0.1811 0.9833
vn 0.0169 -0.1810 0.9833
vn -0.6931 -0.1813 0.6977
vn 0.7177 -0.0862 0.6910
vn 0.9987 0.0495 -0.0077
vn 0.9987 0.0495 -0.0077
vn 0.7177 -0.0862 0.6910
vn 0.9987 0.0495 -0.0077
vn 0.6955 0.1448 -0.7038
vn 0.6955 0.1448 -0.7038
vn 0.9987 0.0495 -0.0077
vn 0.9987 0.0495 -0.0077
vn 0.6955 0.1448 -0.7038
vn 0.6955 0.1448 -0.7038
vn 0.9987 0.0495 -0.0077
vn 0.7177 -0.0862 0.6910
vn 0.9987 0.0495 -0.0077
vn 0.9987 0.0495 -0.0077
vn 0.7177 -0.0861 0.6910
vn 0.6955 0.1448 -0.7038
vn -0.0145 0.1456 -0.9892
vn -0.0145 0.1456 -0.9892
vn 0.6955 0.1448 -0.7038
vn -0.0145 0.1456 -0.9892
vn -0.7152 0.0496 -0.6971
vn -0.7152 0.0497 -0.6971
vn -0.0145 0.1456 -0.9892
vn -0.0145 0.1456 -0.9892
vn -0.7152 0.0497 -0.6971
vn -0.7152 0.0497 -0.6971
vn -0.0145 0.1456 -0.9892
vn 0.6955 0.1448 -0.7038
vn -0.0145 0.1456 -0.9892
vn -0.0145 0.1456 -0.9892
vn 0.6955 0.1448 -0.7038
vn -0.7154 0.0503 -0.6969
vn -0.9964 -0.0852 0.0019
vn -0.9964 -0.0850 0.0017
vn -0.7152 0.0496 -0.6971
vn -0.9964 -0.0852 0.0019
vn -0.6929 -0.1822 0.6976
vn -0.6931 -0.1813 0.6977
vn -0.9964 -0.0850 0.0017
vn -0.9964 -0.0850 0.0017
vn -0.6931 -0.1813 0.6977
vn -0.6931 -0.1813 0.6977
vn -0.9964 -0.0850 0.0017
vn -0.7152 0.0496 -0.6971
vn -0.9964 -0.0850 0.0017
vn -0.9964 -0.0850 0.0017
vn -0.7152 0.0496 -0.6971
vn -0.6929 -0.1822 0.6976
vn 0.0169 -0.1822 0.9831
vn 0.0169 -0.1811 0.9833
vn -0.6931 -0.1813 0.6977
vn 0.0169 -0.1822 0.9831
vn 0.7176 -0.0869 0.6911
vn 0.7177 -0.0862 0.6910
vn 0.0169 -0.1811 0.9833
vn 0.0169 -0.1811 0.9833
vn 0.7177 -0.0862 0.6910
vn 0.7177 -0.0862 0.6910
vn 0.0169 -0.1811 0.9833
vn -0.6931 -0.1813 0.6977
vn 0.0169 -0.1811 0.9833
vn 0.0169 -0.1811 0.9833
vn -0.6931 -0.1813 0.6977
vn 0.7176 -0.0869 0.6911
vn 0.9987 0.0497 -0.0075
vn 0.9987 0.0495 -0.0077
vn 0.7177 -0.0862 0.6910
vn 0.9987 0.0497 -0.0075
vn 0.6955 0.1456 -0.7036
vn 0.6955 0.1448 -0.7038
vn 0.9987 0.0495 -0.0077
vn 0.9987 0.0495 -0.0077
vn 0.6955 0.1448 -0.7038
vn 0.6955 0.1448 -0.7038
vn 0.9987 0.0495 -0.0077
vn 0.7177 -0.0862 0.6910
vn 0.9987 0.0495 -0.0077
vn 0.9987 0.0495 -0.0077
vn 0.7177 -0.0862 0.6910
vn 0.6955 0.1456 -0.7036
vn -0.0146 0.1466 -0.9891
vn -0.0145 0.1455 -0.9893
vn 0.6955 0.1448 -0.7038
vn -0.0146 0.1466 -0.9891
vn -0.7154 0.0503 -0.6969
vn -0.7152 0.0496 -0.6971
vn -0.0145 0.1455 -0.9893
vn -0.0145 0.1455 -0.9893
vn -0.7152 0.0496 -0.6971
vn -0.7152 0.0496 -0.6971
vn -0.0145 0.1456 -0.9892
vn 0.6955 0.1448 -0.7038
vn -0.0145 0.1455 -0.9893
vn -0.0145 0.1456 -0.9892
vn 0.6955 0.1448 -0.7038
vn -0.7180 0.0664 -0.6929
vn -0.9961 -0.0884 0.0032
vn -0.9963 -0.0863 0.0029
vn -0.7166 0.0552 -0.6953
vn -0.9961 -0.0884 0.0032
vn -0.6903 -0.2023 0.6947
vn -0.6918 -0.1885 0.6971
vn -0.9963 -0.0863 0.0029
vn -0.9963 -0.0863 0.0029
vn -0.6918 -0.1885 0.6971
vn -0.6929 -0.1822 0.6976
vn -0.9964 -0.0852 0.0019
vn -0.7166 0.0552 -0.6953
vn -0.9963 -0.0863 0.0029
vn -0.9964 -0.0852 0.0019
vn -0.7154 0.0503 -0.6969
vn -0.6903 -0.2023 0.6947
vn 0.0184 -0.2071 0.9781
vn 0.0173 -0.1900 0.9816
vn -0.6918 -0.1885 0.6971
vn 0.0184 -0.2071 0.9781
vn 0.7172 -0.1021 0.6894
vn 0.7170 -0.0917 0.6910
vn 0.0173 -0.1900 0.9816
vn 0.0173 -0.1900 0.9816
vn 0.7170 -0.0917 0.6910
vn 0.7176 -0.0869 0.6911
vn 0.0169 -0.1822 0.9831
vn -0.6918 -0.1885 0.6971
vn 0.0173 -0.1900 0.9816
vn 0.0169 -0.1822 0.9831
vn -0.6929 -0.1822 0.6976
vn 0.7172 -0.1021 0.6894
vn 0.9985 0.0537 -0.0049
vn 0.9987 0.0508 -0.0061
vn 0.7170 -0.0917 0.6910
vn 0.9985 0.0537 -0.0049
vn 0.6953 0.1672 -0.6990
vn 0.6958 0.1523 -0.7019
vn 0.9987 0.0508 -0.0061
vn 0.9987 0.0508 -0.0061
vn 0.6958 0.1523 -0.7019
vn 0.6955 0.1456 -0.7036
vn 0.9987 0.0497 -0.0075
vn 0.7170 -0.0917 0.6910
vn 0.9987 0.0508 -0.0061
vn 0.9987 0.0497 -0.0075
vn 0.7176 -0.0869 0.6911
vn 0.6953 0.1672 -0.6990
vn -0.0167 0.1733 -0.9847
vn -0.0153 0.1549 -0.9878
vn 0.6958 0.1523 -0.7019
vn -0.0167 0.1733 -0.9847
vn -0.7180 0.0664 -0.6929
vn -0.7166 0.0552 -0.6953
vn -0.0153 0.1549 -0.9878
vn -0.0153 0.1549 -0.9878
vn -0.7166 0.0552 -0.6953
vn -0.7154 0.0503 -0.6969
vn -0.0146 0.1466 -0.9891
vn 0.6958 0.1523 -0.7019
vn -0.0153 0.1549 -0.9878
vn -0.0146 0.1466 -0.9891
vn 0.6955 0.1456 -0.7036
vn -0.7176 0.0824 -0.6916
vn -0.9959 -0.0906 0.0001
vn -0.9959 -0.0901 0.0015
vn -0.7181 0.0775 -0.6917
vn -0.9959 -0.0906 0.0001
vn -0.6900 -0.2208 0.6893
vn -0.6898 -0.2153 0.6912
vn -0.9959 -0.0901 0.0015
vn -0.9959 -0.0901 0.0015
vn -0.6898 -0.2153 0.6912
vn -0.6903 -0.2023 0.6947
vn -0.9961 -0.0884 0.0032
vn -0.7181 0.0775 -0.6917
vn -0.9959 -0.0901 0.0015
vn -0.9961 -0.0884 0.0032
vn -0.7180 0.0664 -0.6929
vn -0.6900 -0.2208 0.6893
vn 0.0204 -0.2304 0.9729
vn 0.0197 -0.2235 0.9745
vn -0.6898 -0.2153 0.6912
vn 0.0204 -0.2304 0.9729
vn 0.7197 -0.1156 0.6846
vn 0.7186 -0.1116 0.6864
vn 0.0197 -0.2235 0.9745
vn 0.0197 -0.2235 0.9745
vn 0.7186 -0.1116 0.6864
vn 0.7172 -0.1021 0.6894
vn 0.0184 -0.2071 0.9781
vn -0.6898 -0.2153 0.6912
vn 0.0197 -0.2235 0.9745
vn 0.0184 -0.2071 0.9781
vn -0.6903 -0.2023 0.6947
vn 0.7197 -0.1156 0.6846
vn 0.9983 0.0583 -0.0066
vn 0.9984 0.0568 -0.0056
vn 0.7186 -0.1116 0.6864
vn 0.9983 0.0583 -0.0066
vn 0.6928 0.1877 -0.6963
vn 0.6938 0.1816 -0.6969
vn 0.9984 0.0568 -0.0056
vn 0.9984 0.0568 -0.0056
vn 0.6938 0.1816 -0.6969
vn 0.6953 0.1672 -0.6990
vn 0.9985 0.0537 -0.0049
vn 0.7186 -0.1116 0.6864
vn 0.9984 0.0568 -0.0056
vn 0.9985 0.0537 -0.0049
vn 0.7172 -0.1021 0.6894
vn 0.6928 0.1877 -0.6963
vn -0.0181 0.1983 -0.9800
vn -0.0177 0.1909 -0.9814
vn 0.6938 0.1816 -0.6969
vn -0.0181 0.1983 -0.9800
vn -0.7176 0.0824 -0.6916
vn -0.7181 0.0775 -0.6917
vn -0.0177 0.1909 -0.9814
vn -0.0177 0.1909 -0.9814
vn -0.7181 0.0775 -0.6917
vn -0.7180 0.0664 -0.6929
vn -0.0167 0.1733 -0.9847
vn 0.6938 0.1816 -0.6969
vn -0.0177 0.1909 -0.9814
vn -0.0167 0.1733 -0.9847
vn 0.6953 0.1672 -0.6990
vn -0.7175 0.0831 -0.6916
vn -0.9959 -0.0907 -0.0003
vn -0.9959 -0.0907 -0.0003
vn -0.7175 0.0831 -0.6916
vn -0.9959 -0.0907 -0.0003
vn -0.6901 -0.2217 0.6889
vn -0.6901 -0.2216 0.6889
vn -0.9959 -0.0907 -0.0003
vn -0.9959 -0.0907 -0.0003
vn -0.6901 -0.2216 0.6889
vn -0.6900 -0.2208 0.6893
vn -0.9959 -0.0906 0.0001
vn -0.7175 0.0831 -0.6916
vn -0.9959 -0.0907 -0.0003
vn -0.9959 -0.0906 0.0001
vn -0.7176 0.0824 -0.6916
vn -0.6901 -0.2217 0.6889
vn 0.0205 -0.2316 0.9726
vn 0.0205 -0.2315 0.9726
vn -0.6901 -0.2216 0.6889
vn 0.0205 -0.2316 0.9726
vn 0.7199 -0.1162 0.6843
vn 0.7199 -0.1162 0.6843
vn 0.0205 -0.2315 0.9726
vn 0.0205 -0.2315 0.9726
vn 0.7199 -0.1162 0.6843
vn 0.7197 -0.1156 0.6846
vn 0.0204 -0.2304 0.9729
vn -0.6901 -0.2216 0.6889
vn 0.0205 -0.2315 0.9726
vn 0.0204 -0.2304 0.9729
vn -0.6900 -0.2208 0.6893
vn 0.7199 -0.1162 0.6843
vn 0.9983 0.0585 -0.0069
vn 0.9983 0.0585 -0.0068
vn 0.7199 -0.1162 0.6843
vn 0.9983 0.0585 -0.0069
vn 0.6926 0.1886 -0.6963
vn 0.6926 0.1886 -0.6963
vn 0.9983 0.0585 -0.0068
vn 0.9983 0.0585 -0.0068
vn 0.6926 0.1886 -0.6963
vn 0.6928 0.1877 -0.6963
vn 0.9983 0.0583 -0.0066
vn 0.7199 -0.1162 0.6843
vn 0.9983 0.0585 -0.0068
vn 0.9983 0.0583 -0.0066
vn 0.7197 -0.1156 0.6846
vn 0.6926 0.1886 -0.6963
vn -0.0182 0.1994 -0.9797
vn -0.0182 0.1994 -0.9798
vn 0.6926 0.1886 -0.6963
vn -0.0182 0.1994 -0.9797
vn -0.7175 0.0831 -0.6916
vn -0.7175 0.0831 -0.6916
vn -0.0182 0.1994 -0.9798
vn -0.0182 0.1994 -0.9798
vn -0.7175 0.0831 -0.6916
vn -0.7176 0.0824 -0.6916
vn -0.0181 0.1983 -0.9800
vn 0.6926 0.1886 -0.6963
vn -0.0182 0.1994 -0.9798
vn -0.0181 0.1983 -0.9800
vn 0.6928 0.1877 -0.6963
vn -0.7175 0.0831 -0.6916
vn -0.9959 -0.0907 -0.0003
vn -0.9959 -0.0907 -0.0003
vn -0.7175 0.0831 -0.6916
vn -0.9959 -0.0907 -0.0003
vn -0.6901 -0.2217 0.6889
vn -0.6901 -0.2217 0.6889
vn -0.9959 -0.0907 -0.0003
vn -0.9959 -0.0907 -0.0003
vn -0.6901 -0.2217 0.6889
vn -0.6901 -0.2217 0.6889
vn -0.9959 -0.0907 -0.0003
vn -0.7175 0.0831 -0.6916
vn -0.9959 -0.0907 -0.0003
vn -0.9959 -0.0907 -0.0003
vn -0.7175 0.0831 -0.6916
vn -0.6901 -0.2217 0.6889
vn 0.0205 -0.2316 0.9726
vn 0.0205 -0.2316 0.9726
vn -0.6901 -0.2217 0.6889
vn 0.0205 -0.2316 0.9726
vn 0.7199 -0.1162 0.6842
vn 0.7199 -0.1162 0.6842
vn 0.0205 -0.2316 0.9726
vn 0.0205 -0.2316 0.9726
vn 0.7199 -0.1162 0.6842
vn 0.7199 -0.1162 0.6843
vn 0.0205 -0.2316 0.9726
vn -0.6901 -0.2217 0.6889
vn 0.0205 -0.2316 0.9726
vn 0.0205 -0.2316 0.9726
vn -0.6901 -0.2217 0.6889
vn 0.7199 -0.1162 0.6842
vn 0.9983 0.0585 -0.0069
vn 0.9983 0.0585 -0.0069
vn 0.7199 -0.1162 0.6842
vn 0.9983 0.0585 -0.0069
vn 0.6926 0.1886 -0.6963
vn 0.6926 0.1886 -0.6963
vn 0.9983 0.0585 -0.0069
vn 0.9983 0.0585 -0.0069
vn 0.6926 0.1886 -0.6963
vn 0.6926 0.1886 -0.6963
vn 0.9983 0.0585 -0.0069
vn 0.7199 -0.1162 0.6842
vn 0.9983 0.0585 -0.0069
vn 0.9983 0.0585 -0.0069
vn 0.7199 -0.1162 0.6843
vn 0.6926 0.1886 -0.6963
vn -0.0181 0.1994 -0.9798
vn -0.0182 0.1994 -0.9797
vn 0.6926 0.1886 -0.6963
vn -0.0181 0.1994 -0.9798
vn -0.7175 0.0831 -0.6916
vn -0.7175 0.0831 -0.6916
vn -0.0182 0.1994 -0.9797
vn -0.0182 0.1994 -0.9797
vn -0.7175 0.0831 -0.6916
vn -0.7175 0.0831 -0.6916
vn -0.0182 0.1994 -0.9797
vn 0.6926 0.1886 -0.6963
vn -0.0182 0.1994 -0.9797
vn -0.0182 0.1994 -0.9797
vn 0.6926 0.1886 -0.6963
vn -0.7179 0.0861 -0.6908
vn -0.9960 -0.0892 0.0005
vn -0.9959 -0.0907 -0.0003
vn -0.7174 0.0830 -0.6917
vn -0.9960 -0.0892 0.0005
vn -0.6898 -0.2217 0.6892
vn -0.6901 -0.2217 0.6889
vn -0.9959 -0.0907 -0.0003
vn -0.9959 -0.0907 -0.0003
vn -0.6901 -0.2217 0.6889
vn -0.6901 -0.2217 0.6889
vn -0.9959 -0.0907 -0.0003
vn -0.7174 0.0830 -0.6917
vn -0.9959 -0.0907 -0.0003
vn -0.9959 -0.0907 -0.0003
vn -0.7175 0.0831 -0.6916
vn -0.6898 -0.2217 0.6892
vn 0.0205 -0.2322 0.9725
vn 0.0205 -0.2316 0.9726
vn -0.6901 -0.2217 0.6889
vn 0.0205 -0.2322 0.9725
vn 0.7196 -0.1159 0.6847
vn 0.7199 -0.1162 0.6843
vn 0.0205 -0.2316 0.9726
vn 0.0205 -0.2316 0.9726
vn 0.7199 -0.1162 0.6843
vn 0.7199 -0.1162 0.6842
vn 0.0205 -0.2316 0.9726
vn -0.6901 -0.2217 0.6889
vn 0.0205 -0.2316 0.9726
vn 0.0205 -0.2316 0.9726
vn -0.6901 -0.2217 0.6889
vn 0.7196 -0.1159 0.6847
vn 0.9982 0.0604 -0.0061
vn 0.9983 0.0585 -0.0069
vn 0.7199 -0.1162 0.6843
vn 0.9982 0.0604 -0.0061
vn 0.6925 0.1918 -0.6954
vn 0.6925 0.1885 -0.6963
vn 0.9983 0.0585 -0.0069
vn 0.9983 0.0585 -0.0069
vn 0.6925 0.1885 -0.6963
vn 0.6926 0.1886 -0.6963
vn 0.9983 0.0585 -0.0069
vn 0.7199 -0.1162 0.6843
vn 0.9983 0.0585 -0.0069
vn 0.9983 0.0585 -0.0069
vn 0.7199 -0.1162 0.6842
vn 0.6925 0.1918 -0.6954
vn -0.0184 0.2030 -0.9790
vn -0.0181 0.1993 -0.9798
vn 0.6925 0.1885 -0.6963
vn -0.0184 0.2030 -0.9790
vn -0.7179 0.0861 -0.6908
vn -0.7174 0.0830 -0.6917
vn -0.0181 0.1993 -0.9798
vn -0.0181 0.1993 -0.9798
vn -0.7174 0.0830 -0.6917
vn -0.7175 0.0831 -0.6916
vn -0.0181 0.1994 -0.9798
vn 0.6925 0.1885 -0.6963
vn -0.0181 0.1993 -0.9798
vn -0.0181 0.1994 -0.9798
vn 0.6926 0.1886 -0.6963
vn -0.7259 0.1583 -0.6694
vn -0.9985 -0.0542 0.0128
vn -0.9969 -0.0789 0.0055
vn -0.7214 0.1084 -0.6840
vn -0.9985 -0.0542 0.0128
vn -0.6871 -0.2194 0.6926
vn -0.6885 -0.2213 0.6907
vn -0.9969 -0.0789 0.0055
vn -0.9969 -0.0789 0.0055
vn -0.6885 -0.2213 0.6907
vn -0.6898 -0.2217 0.6892
vn -0.9960 -0.0892 0.0005
vn -0.7214 0.1084 -0.6840
vn -0.9969 -0.0789 0.0055
vn -0.9960 -0.0892 0.0005
vn -0.7179 0.0861 -0.6908
vn -0.6871 -0.2194 0.6926
vn 0.0201 -0.2423 0.9700
vn 0.0205 -0.2355 0.9716
vn -0.6885 -0.2213 0.6907
vn 0.0201 -0.2423 0.9700
vn 0.7144 -0.1057 0.6917
vn 0.7178 -0.1139 0.6869
vn 0.0205 -0.2355 0.9716
vn 0.0205 -0.2355 0.9716
vn 0.7178 -0.1139 0.6869
vn 0.7196 -0.1159 0.6847
vn 0.0205 -0.2322 0.9725
vn -0.6885 -0.2213 0.6907
vn 0.0205 -0.2355 0.9716
vn 0.0205 -0.2322 0.9725
vn -0.6898 -0.2217 0.6892
vn 0.7144 -0.1057 0.6917
vn 0.9941 0.1081 0.0111
vn 0.9973 0.0735 -0.0004
vn 0.7178 -0.1139 0.6869
vn 0.9941 0.1081 0.0111
vn 0.6876 0.2747 -0.6721
vn 0.6922 0.2164 -0.6885
vn 0.9973 0.0735 -0.0004
vn 0.9973 0.0735 -0.0004
vn 0.6922 0.2164 -0.6885
vn 0.6925 0.1918 -0.6954
vn 0.9982 0.0604 -0.0061
vn 0.7178 -0.1139 0.6869
vn 0.9973 0.0735 -0.0004
vn 0.9982 0.0604 -0.0061
vn 0.7196 -0.1159 0.6847
vn 0.6876 0.2747 -0.6721
vn -0.0272 0.2939 -0.9554
vn -0.0208 0.2310 -0.9727
vn 0.6922 0.2164 -0.6885
vn -0.0272 0.2939 -0.9554
vn -0.7259 0.1583 -0.6694
vn -0.7214 0.1084 -0.6840
vn -0.0208 0.2310 -0.9727
vn -0.0208 0.2310 -0.9727
vn -0.7214 0.1084 -0.6840
vn -0.7179 0.0861 -0.6908
vn -0.0184 0.2030 -0.9790
vn 0.6922 0.2164 -0.6885
vn -0.0208 0.2310 -0.9727
vn -0.0184 0.2030 -0.9790
vn 0.6925 0.1918 -0.6954
vn -0.7029 0.2301 -0.6731
vn -0.9987 0.0221 -0.0460
vn -0.9998 -0.0214 0.0062
vn -0.7226 0.2078 -0.6593
vn -0.9987 0.0221 -0.0460
vn -0.6911 -0.2053 0.6930
vn -0.6876 -0.2142 0.6938
vn -0.9998 -0.0214 0.0062
vn -0.9998 -0.0214 0.0062
vn -0.6876 -0.2142 0.6938
vn -0.6871 -0.2194 0.6926
vn -0.9985 -0.0542 0.0128
vn -0.7226 0.2078 -0.6593
vn -0.9998 -0.0214 0.0062
vn -0.9985 -0.0542 0.0128
vn -0.7259 0.1583 -0.6694
vn -0.6911 -0.2053 0.6930
vn 0.0105 -0.2600 0.9656
vn 0.0151 -0.2480 0.9686
vn -0.6876 -0.2142 0.6938
vn 0.0105 -0.2600 0.9656
vn 0.6758 -0.0634 0.7343
vn 0.7038 -0.0852 0.7053
vn 0.0151 -0.2480 0.9686
vn 0.0151 -0.2480 0.9686
vn 0.7038 -0.0852 0.7053
vn 0.7144 -0.1057 0.6917
vn 0.0201 -0.2423 0.9700
vn -0.6876 -0.2142 0.6938
vn 0.0151 -0.2480 0.9686
vn 0.0201 -0.2423 0.9700
vn -0.6871 -0.2194 0.6926
vn 0.6758 -0.0634 0.7343
vn 0.9758 0.2149 0.0408
vn 0.9865 0.1618 0.0265
vn 0.7038 -0.0852 0.7053
vn 0.9758 0.2149 0.0408
vn 0.6581 0.3953 -0.6408
vn 0.6741 0.3440 -0.6537
vn 0.9865 0.1618 0.0265
vn 0.9865 0.1618 0.0265
vn 0.6741 0.3440 -0.6537
vn 0.6876 0.2747 -0.6721
vn 0.9941 0.1081 0.0111
vn 0.7038 -0.0852 0.7053
vn 0.9865 0.1618 0.0265
vn 0.9941 0.1081 0.0111
vn 0.7144 -0.1057 0.6917
vn 0.6581 0.3953 -0.6408
vn -0.0694 0.3761 -0.9240
vn -0.0398 0.3540 -0.9344
vn 0.6741 0.3440 -0.6537
vn -0.0694 0.3761 -0.9240
vn -0.7029 0.2301 -0.6731
vn -0.7226 0.2078 -0.6593
vn -0.0398 0.3540 -0.9344
vn -0.0398 0.3540 -0.9344
vn -0.7226 0.2078 -0.6593
vn -0.7259 0.1583 -0.6694
vn -0.0272 0.2939 -0.9554
vn 0.6741 0.3440 -0.6537
vn -0.0398 0.3540 -0.9344
vn -0.0272 0.2939 -0.9554
vn 0.6876 0.2747 -0.6721
vn 0.3386 -0.3933 0.8548
vn 0.8716 -0.4043 0.2771
vn 0.8801 -0.3857 0.2768
vn 0.4279 -0.2453 0.8699
vn 0.8716 -0.4043 0.2771
vn 0.8318 -0.2674 -0.4864
vn 0.8593 -0.2388 -0.4522
vn 0.8801 -0.3857 0.2768
vn 0.8801 -0.3857 0.2768
vn 0.8593 -0.2388 -0.4522
vn 0.9341 -0.0257 -0.3560
vn 0.9445 -0.1680 0.2823
vn 0.4279 -0.2453 0.8699
vn 0.8801 -0.3857 0.2768
vn 0.9445 -0.1680 0.2823
vn 0.5694 0.0135 0.8220
vn 0.8318 -0.2674 -0.4864
vn 0.2577 -0.0370 -0.9655
vn 0.3751 0.1170 -0.9196
vn 0.8593 -0.2388 -0.4522
vn 0.2577 -0.0370 -0.9655
vn -0.4823 0.1751 -0.8583
vn -0.3034 0.5011 -0.8105
vn 0.3751 0.1170 -0.9196
vn 0.3751 0.1170 -0.9196
vn -0.3034 0.5011 -0.8105
vn -0.0668 0.7315 -0.6785
vn 0.5330 0.3204 -0.7831
vn 0.8593 -0.2388 -0.4522
vn 0.3751 0.1170 -0.9196
vn 0.5330 0.3204 -0.7831
vn 0.9341 -0.0257 -0.3560
vn -0.4823 0.1751 -0.8583
vn -0.9289 0.2267 -0.2930
vn -0.7408 0.6349 -0.2196
vn -0.3034 0.5011 -0.8105
vn -0.9289 0.2267 -0.2930
vn -0.9106 0.0752 0.4063
vn -0.7225 0.4771 0.5003
vn -0.7408 0.6349 -0.2196
vn -0.7408 0.6349 -0.2196
vn -0.7225 0.4771 0.5003
vn -0.4397 0.7406 0.5082
vn -0.4762 0.8676 -0.1432
vn -0.3034 0.5011 -0.8105
vn -0.7408 0.6349 -0.2196
vn -0.4762 0.8676 -0.1432
vn -0.0668 0.7315 -0.6785
vn -0.9106 0.0752 0.4063
vn -0.4044 -0.1881 0.8950
vn -0.2433 0.1053 0.9642
vn -0.7225 0.4771 0.5003
vn -0.4044 -0.1881 0.8950
vn 0.3386 -0.3933 0.8548
vn 0.4279 -0.2453 0.8699
vn -0.2433 0.1053 0.9642
vn -0.2433 0.1053 0.9642
vn 0.4279 -0.2453 0.8699
vn 0.5694 0.0135 0.8220
vn -0.0204 0.3668 0.9301
vn -0.7225 0.4771 0.5003
vn -0.2433 0.1053 0.9642
vn -0.0204 0.3668 0.9301
vn -0.4397 0.7406 0.5082
vn 0.4280 -0.1673 0.8882
vn 0.9416 -0.0434 0.3340
vn 0.9380 -0.1358 0.3190
vn 0.4124 -0.2364 0.8798
vn 0.9416 -0.0434 0.3340
vn 0.9066 0.0887 -0.4125
vn 0.9027 -0.0053 -0.4303
vn 0.9380 -0.1358 0.3190
vn 0.9380 -0.1358 0.3190
vn 0.9027 -0.0053 -0.4303
vn 0.8318 -0.2674 -0.4864
vn 0.8716 -0.4043 0.2771
vn 0.4124 -0.2364 0.8798
vn 0.9380 -0.1358 0.3190
vn 0.8716 -0.4043 0.2771
vn 0.3386 -0.3933 0.8548
vn 0.9066 0.0887 -0.4125
vn 0.3398 0.1586 -0.9270
vn 0.3232 0.0960 -0.9415
vn 0.9027 -0.0053 -0.4303
vn 0.3398 0.1586 -0.9270
vn -0.4329 0.1341 -0.8914
vn -0.4567 0.1329 -0.8796
vn 0.3232 0.0960 -0.9415
vn 0.3232 0.0960 -0.9415
vn -0.4567 0.1329 -0.8796
vn -0.4823 0.1751 -0.8583
vn 0.2577 -0.0370 -0.9655
vn 0.9027 -0.0053 -0.4303
vn 0.3232 0.0960 -0.9415
vn 0.2577 -0.0370 -0.9655
vn 0.8318 -0.2674 -0.4864
vn -0.4329 0.1341 -0.8914
vn -0.9417 0.0286 -0.3353
vn -0.9442 0.0774 -0.3203
vn -0.4567 0.1329 -0.8796
vn -0.9417 0.0286 -0.3353
vn -0.9073 -0.1082 0.4063
vn -0.9152 -0.0636 0.3981
vn -0.9442 0.0774 -0.3203
vn -0.9442 0.0774 -0.3203
vn -0.9152 -0.0636 0.3981
vn -0.9106 0.0752 0.4063
vn -0.9289 0.2267 -0.2930
vn -0.4567 0.1329 -0.8796
vn -0.9442 0.0774 -0.3203
vn -0.9289 0.2267 -0.2930
vn -0.4823 0.1751 -0.8583
vn -0.9073 -0.1082 0.4063
vn -0.3447 -0.1950 0.9183
vn -0.3683 -0.2049 0.9068
vn -0.9152 -0.0636 0.3981
vn -0.3447 -0.1950 0.9183
vn 0.4280 -0.1673 0.8882
vn 0.4124 -0.2364 0.8798
vn -0.3683 -0.2049 0.9068
vn -0.3683 -0.2049 0.9068
vn 0.4124 -0.2364 0.8798
vn 0.3386 -0.3933 0.8548
vn -0.4044 -0.1881 0.8950
vn -0.9152 -0.0636 0.3981
vn -0.3683 -0.2049 0.9068
vn -0.4044 -0.1881 0.8950
vn -0.9106 0.0752 0.4063
vn 0.4260 -0.1632 0.8899
vn 0.9407 -0.0431 0.3365
vn 0.9409 -0.0394 0.3364
vn 0.4270 -0.1617 0.8897
vn 0.9407 -0.0431 0.3365
vn 0.9049 0.0918 -0.4157
vn 0.9053 0.0946 -0.4141
vn 0.9409 -0.0394 0.3364
vn 0.9409 -0.0394 0.3364
vn 0.9053 0.0946 -0.4141
vn 0.9066 0.0887 -0.4125
vn 0.9416 -0.0434 0.3340
vn 0.4270 -0.1617 0.8897
vn 0.9409 -0.0394 0.3364
vn 0.9416 -0.0434 0.3340
vn 0.4280 -0.1673 0.8882
vn 0.9049 0.0918 -0.4157
vn 0.3393 0.1642 -0.9262
vn 0.3399 0.1650 -0.9259
vn 0.9053 0.0946 -0.4141
vn 0.3393 0.1642 -0.9262
vn -0.4249 0.1305 -0.8958
vn -0.4263 0.1320 -0.8949
vn 0.3399 0.1650 -0.9259
vn 0.3399 0.1650 -0.9259
vn -0.4263 0.1320 -0.8949
vn -0.4329 0.1341 -0.8914
vn 0.3398 0.1586 -0.9270
vn 0.9053 0.0946 -0.4141
vn 0.3399 0.1650 -0.9259
vn 0.3398 0.1586 -0.9270
vn 0.9066 0.0887 -0.4125
vn -0.4249 0.1305 -0.8958
vn -0.9396 0.0120 -0.3421
vn -0.9401 0.0157 -0.3406
vn -0.4263 0.1320 -0.8949
vn -0.9396 0.0120 -0.3421
vn -0.9037 -0.1240 0.4098
vn -0.9045 -0.1204 0.4092
vn -0.9401 0.0157 -0.3406
vn -0.9401 0.0157 -0.3406
vn -0.9045 -0.1204 0.4092
vn -0.9073 -0.1082 0.4063
vn -0.9417 0.0286 -0.3353
vn -0.4263 0.1320 -0.8949
vn -0.9401 0.0157 -0.3406
vn -0.9417 0.0286 -0.3353
vn -0.4329 0.1341 -0.8914
vn -0.9037 -0.1240 0.4098
vn -0.3382 -0.1962 0.9204
vn -0.3392 -0.1952 0.9202
vn -0.9045 -0.1204 0.4092
vn -0.3382 -0.1962 0.9204
vn 0.4260 -0.1632 0.8899
vn 0.4270 -0.1617 0.8897
vn -0.3392 -0.1952 0.9202
vn -0.3392 -0.1952 0.9202
vn 0.4270 -0.1617 0.8897
vn 0.4280 -0.1673 0.8882
vn -0.3447 -0.1950 0.9183
vn -0.9045 -0.1204 0.4092
vn -0.3392 -0.1952 0.9202
vn -0.3447 -0.1950 0.9183
vn -0.9073 -0.1082 0.4063
vn 0.4259 -0.1634 0.8899
vn 0.9407 -0.0436 0.3365
vn 0.9407 -0.0436 0.3365
vn 0.4259 -0.1634 0.8899
vn 0.9407 -0.0436 0.3365
vn 0.9048 0.0914 -0.4159
vn 0.9048 0.0914 -0.4159
vn 0.9407 -0.0436 0.3365
vn 0.9407 -0.0436 0.3365
vn 0.9048 0.0914 -0.4159
vn 0.9049 0.0918 -0.4157
vn 0.9407 -0.0431 0.3365
vn 0.4259 -0.1634 0.8899
vn 0.9407 -0.0436 0.3365
vn 0.9407 -0.0431 0.3365
vn 0.4260 -0.1632 0.8899
vn 0.9048 0.0914 -0.4159
vn 0.3392 0.1641 -0.9263
vn 0.3392 0.1641 -0.9263
vn 0.9048 0.0914 -0.4159
vn 0.3392 0.1641 -0.9263
vn -0.4247 0.1303 -0.8959
vn -0.4247 0.1303 -0.8959
vn 0.3392 0.1641 -0.9263
vn 0.3392 0.1641 -0.9263
vn -0.4247 0.1303 -0.8959
vn -0.4249 0.1305 -0.8958
vn 0.3393 0.1642 -0.9262
vn 0.9048 0.0914 -0.4159
vn 0.3392 0.1641 -0.9263
vn 0.3393 0.1642 -0.9262
vn 0.9049 0.0918 -0.4157
vn -0.4247 0.1303 -0.8959
vn -0.9395 0.0114 -0.3423
vn -0.9395 0.0114 -0.3423
vn -0.4247 0.1303 -0.8959
vn -0.9395 0.0114 -0.3423
vn -0.9036 -0.1245 0.4099
vn -0.9036 -0.1245 0.4099
vn -0.9395 0.0114 -0.3423
vn -0.9395 0.0114 -0.3423
vn -0.9036 -0.1245 0.4099
vn -0.9037 -0.1240 0.4098
vn -0.9396 0.0120 -0.3421
vn -0.4247 0.1303 -0.8959
vn -0.9395 0.0114 -0.3423
vn -0.9396 0.0120 -0.3421
vn -0.4249 0.1305 -0.8958
vn -0.9036 -0.1245 0.4099
vn -0.3380 -0.1963 0.9204
vn -0.3380 -0.1963 0.9204
vn -0.9036 -0.1245 0.4099
vn -0.3380 -0.1963 0.9204
vn 0.4259 -0.1634 0.8899
vn 0.4259 -0.1634 0.8899
vn -0.3380 -0.1963 0.9204
vn -0.3380 -0.1963 0.9204
vn 0.4259 -0.1634 0.8899
vn 0.4260 -0.1632 0.8899
vn -0.3382 -0.1962 0.9204
vn -0.9036 -0.1245 0.4099
vn -0.3380 -0.1963 0.9204
vn -0.3382 -0.1962 0.9204
vn -0.9037 -0.1240 0.4098
vn 0.4259 -0.1634 0.8899
vn 0.9407 -0.0436 0.3365
vn 0.9407 -0.0436 0.3365
vn 0.4259 -0.1634 0.8899
vn 0.9407 -0.0436 0.3365
vn 0.9048 0.0914 -0.4159
vn 0.9048 0.0914 -0.4159
vn 0.9407 -0.0436 0.3365
vn 0.9407 -0.0436 0.3365
vn 0.9048 0.0914 -0.4159
vn 0.9048 0.0914 -0.4159
vn 0.9407 -0.0436 0.3365
vn 0.4259 -0.1634 0.8899
vn 0.9407 -0.0436 0.3365
vn 0.9407 -0.0436 0.3365
vn 0.4259 -0.1634 0.8899
vn 0.9048 0.0914 -0.4159
vn 0.3392 0.1641 -0.9263
vn 0.3392 0.1641 -0.9263
vn 0.9048 0.0914 -0.4159
vn 0.3392 0.1641 -0.9263
vn -0.4247 0.1303 -0.8959
vn -0.4247 0.1303 -0.8959
vn 0.3392 0.1641 -0.9263
vn 0.3392 0.1641 -0.9263
vn -0.4247 0.1303 -0.8959
vn -0.4247 0.1303 -0.8959
vn 0.3392 0.1641 -0.9263
vn 0.9048 0.0914 -0.4159
vn 0.3392 0.1641 -0.9263
vn 0.3392 0.1641 -0.9263
vn 0.9048 0.0914 -0.4159
vn -0.4247 0.1303 -0.8959
vn -0.9395 0.0114 -0.3423
vn -0.9395 0.0114 -0.3423
vn -0.4247 0.1303 -0.8959
vn -0.9395 0.0114 -0.3423
vn -0.9036 -0.1245 0.4099
vn -0.9036 -0.1245 0.4099
vn -0.9395 0.0114 -0.3423
vn -0.9395 0.0114 -0.3423
vn -0.9036 -0.1245 0.4099
vn -0.9036 -0.1245 0.4099
vn -0.9395 0.0114 -0.3423
vn -0.4247 0.1303 -0.8959
vn -0.9395 0.0114 -0.3423
vn -0.9395 0.0114 -0.3423
vn -0.4247 0.1303 -0.8959
vn -0.9036 -0.1245 0.4099
vn -0.3380 -0.1963 0.9204
vn -0.3380 -0.1963 0.9204
vn -0.9036 -0.1245 0.4099
vn -0.3380 -0.1963 0.9204
vn 0.4259 -0.1634 0.8899
vn 0.4259 -0.1634 0.8899
vn -0.3380 -0.1963 0.9204
vn -0.3380 -0.1963 0.9204
vn 0.4259 -0.1634 0.8899
vn 0.4259 -0.1634 0.8899
vn -0.3380 -0.1963 0.9204
vn -0.9036 -0.1245 0.4099
vn -0.3380 -0.1963 0.9204
vn -0.3380 -0.1963 0.9204
vn -0.9036 -0.1245 0.4099
vn 0.4259 -0.1634 0.8899
vn 0.9407 -0.0436 0.3365
vn 0.9407 -0.0436 0.3365
vn 0.4259 -0.1635 0.8899
vn 0.9407 -0.0436 0.3365
vn 0.9048 0.0914 -0.4159
vn 0.9048 0.0914 -0.4159
vn 0.9407 -0.0436 0.3365
vn 0.9407 -0.0436 0.3365
vn 0.9048 0.0914 -0.4159
vn 0.9048 0.0914 -0.4159
vn 0.9407 -0.0436 0.3365
vn 0.4259 -0.1635 0.8899
vn 0.9407 -0.0436 0.3365
vn 0.9407 -0.0436 0.3365
vn 0.4259 -0.1634 0.8899
vn 0.9048 0.0914 -0.4159
vn 0.3392 0.1641 -0.9263
vn 0.3392 0.1641 -0.9263
vn 0.9048 0.0914 -0.4159
vn 0.3392 0.1641 -0.9263
vn -0.4247 0.1303 -0.8959
vn -0.4247 0.1303 -0.8959
vn 0.3392 0.1641 -0.9263
vn 0.3392 0.1641 -0.9263
vn -0.4247 0.1303 -0.8959
vn -0.4247 0.1303 -0.8959
vn 0.3392 0.1641 -0.9263
vn 0.9048 0.0914 -0.4159
vn 0.3392 0.1641 -0.9263
vn 0.3392 0.1641 -0.9263
vn 0.9048 0.0914 -0.4159
vn -0.4247 0.1303 -0.8959
vn -0.9395 0.0114 -0.3423
vn -0.9395 0.0114 -0.3423
vn -0.4247 0.1303 -0.8959
vn -0.9395 0.0114 -0.3423
vn -0.9036 -0.1245 0.4099
vn -0.9036 -0.1245 0.4099
vn -0.9395 0.0114 -0.3423
vn -0.9395 0.0114 -0.3423
vn -0.9036 -0.1245 0.4099
vn -0.9036 -0.1245 0.4099
vn -0.9395 0.0114 -0.3423
vn -0.4247 0.1303 -0.8959
vn -0.9395 0.0114 -0.3423
vn -0.9395 0.0114 -0.3423
vn -0.4247 0.1303 -0.8959
vn -0.9036 -0.1245 0.4099
vn -0.3380 -0.1963 0.9204
vn -0.3380 -0.1963 0.9204
vn -0.9036 -0.1245 0.4099
vn -0.3380 -0.1963 0.9204
vn 0.4259 -0.1634 0.8899
vn 0.4259 -0.1635 0.8899
vn -0.3380 -0.1963 0.9204
vn -0.3380 -0.1963 0.9204
vn 0.4259 -0.1635 0.8899
vn 0.4259 -0.1634 0.8899
vn -0.3380 -0.1963 0.9204
vn -0.9036 -0.1245 0.4099
vn -0.3380 -0.1963 0.9204
vn -0.3380 -0.1963 0.9204
vn -0.9036 -0.1245 0.4099
vn 0.4259 -0.1634 0.8899
vn 0.9407 -0.0436 0.3365
vn 0.9407 -0.0436 0.3365
vn 0.4259 -0.1634 0.8899
vn 0.9407 -0.0436 0.3365
vn 0.9048 0.0914 -0.4159
vn 0.9048 0.0914 -0.4159
vn 0.9407 -0.0436 0.3365
vn 0.9407 -0.0436 0.3365
vn 0.9048 0.0914 -0.4159
vn 0.9048 0.0914 -0.4159
vn 0.9407 -0.0436 0.3365
vn 0.4259 -0.1634 0.8899
vn 0.9407 -0.0436 0.3365
vn 0.9407 -0.0436 0.3365
vn 0.4259 -0.1634 0.8899
vn 0.9048 0.0914 -0.4159
vn 0.3392 0.1641 -0.9263
vn 0.3392 0.1641 -0.9263
vn 0.9048 0.0914 -0.4159
vn 0.3392 0.1641 -0.9263
vn -0.4247 0.1303 -0.8959
vn -0.4247 0.1303 -0.8959
vn 0.3392 0.1641 -0.9263
vn 0.3392 0.1641 -0.9263
vn -0.4247 0.1303 -0.8959
vn -0.4247 0.1303 -0.8959
vn 0.3392 0.1641 -0.9263
vn 0.9048 0.0914 -0.4159
vn 0.3392 0.1641 -0.9263
vn 0.3392 0.1641 -0.9263
vn 0.9048 0.0914 -0.4159
vn -0.4247 0.1303 -0.8959
vn -0.9395 0.0114 -0.3423
vn -0.9395 0.0114 -0.3423
vn -0.4247 0.1303 -0.8959
vn -0.9395 0.0114 -0.3423
vn -0.9036 -0.1245 0.4099
vn -0.9036 -0.1245 0.4099
vn -0.9395 0.0114 -0.3423
vn -0.9395 0.0114 -0.3423
vn -0.9036 -0.1245 0.4099
vn -0.9036 -0.1245 0.4099
vn -0.9395 0.0114 -0.3423
vn -0.4247 0.1303 -0.8959
vn -0.9395 0.0114 -0.3423
vn -0.9395 0.0114 -0.3423
vn -0.4247 0.1303 -0.8959
vn -0.9036 -0.1245 0.4099
vn -0.3380 -0.1963 0.9204
vn -0.3380 -0.1963 0.9204
vn -0.9036 -0.1245 0.4099
vn -0.3380 -0.1963 0.9204
vn 0.4259 -0.1634 0.8899
vn 0.4259 -0.1634 0.8899
vn -0.3380 -0.1963 0.9204
vn -0.3380 -0.1963 0.9204
vn 0.4259 -0.1634 0.8899
vn 0.4259 -0.1634 0.8899
vn -0.3380 -0.1963 0.9204
vn -0.9036 -0.1245 0.4099
vn -0.3380 -0.1963 0.9204
vn -0.3380 -0.1963 0.9204
vn -0.9036 -0.1245 0.4099
vn 0.4259 -0.1634 0.8899
vn 0.9407 -0.0436 0.3365
vn 0.9407 -0.0436 0.3365
vn 0.4259 -0.1635 0.8899
vn 0.9407 -0.0436 0.3365
vn 0.9048 0.0914 -0.4159
vn 0.9048 0.0914 -0.4159
vn 0.9407 -0.0436 0.3365
vn 0.9407 -0.0436 0.3365
vn 0.9048 0.0914 -0.4159
vn 0.9048 0.0914 -0.4159
vn 0.9407 -0.0436 0.3365
vn 0.4259 -0.1635 0.8899
vn 0.9407 -0.0436 0.3365
vn 0.9407 -0.0436 0.3365
vn 0.4259 -0.1634 0.8899
vn 0.9048 0.0914 -0.4159
vn 0.3392 0.1641 -0.9263
vn 0.3392 0.1641 -0.9263
vn 0.9048 0.0914 -0.4159
vn 0.3392 0.1641 -0.9263
vn -0.4247 0.1303 -0.8959
vn -0.4247 0.1303 -0.8959
vn 0.3392 0.1641 -0.9263
vn 0.3392 0.1641 -0.9263
vn -0.4247 0.1303 -0.8959
vn -0.4247 0.1303 -0.8959
vn 0.3392 0.1641 -0.9263
vn 0.9048 0.0914 -0.4159
vn 0.3392 0.1641 -0.9263
vn 0.3392 0.1641 -0.9263
vn 0.9048 0.0914 -0.4159
vn -0.4247 0.1303 -0.8959
vn -0.9395 0.0114 -0.3423
vn -0.9395 0.0114 -0.3423
vn -0.4247 0.1303 -0.8959
vn -0.9395 0.0114 -0.3423
vn -0.9036 -0.1245 0.4099
vn -0.9036 -0.1245 0.4099
vn -0.9395 0.0114 -0.3423
vn -0.9395 0.0114 -0.3423
vn -0.9036 -0.1245 0.4099
vn -0.9036 -0.1245 0.4099
vn -0.9395 0.0114 -0.3423
vn -0.4247 0.1303 -0.8959
vn -0.9395 0.0114 -0.3423
vn -0.9395 0.0114 -0.3423
vn -0.4247 0.1303 -0.8959
vn -0.9036 -0.1245 0.4099
vn -0.3380 -0.1963 0.9204
vn -0.3380 -0.1963 0.9204
vn -0.9036 -0.1245 0.4099
vn -0.3380 -0.1963 0.9204
vn 0.4259 -0.1634 0.8899
vn 0.4259 -0.1635 0.8899
vn -0.3380 -0.1963 0.9204
vn -0.3380 -0.1963 0.9204
vn 0.4259 -0.1635 0.8899
vn 0.4259 -0.1634 0.8899
vn -0.3380 -0.1963 0.9204
vn -0.9036 -0.1245 0.4099
vn -0.3380 -0.1963 0.9204
vn -0.3380 -0.1963 0.9204
vn -0.9036 -0.1245 0.4099
vn 0.4259 -0.1634 0.8899
vn 0.9407 -0.0436 0.3365
vn 0.9407 -0.0436 0.3365
vn 0.4259 -0.1634 0.8899
vn 0.9407 -0.0436 0.3365
vn 0.9048 0.0914 -0.4159
vn 0.9048 0.0914 -0.4159
vn 0.9407 -0.0436 0.3365
vn 0.9407 -0.0436 0.3365
vn 0.9048 0.0914 -0.4159
vn 0.9048 0.0914 -0.4159
vn 0.9407 -0.0436 0.3365
vn 0.4259 -0.1634 0.8899
vn 0.9407 -0.0436 0.3365
vn 0.9407 -0.0436 0.3365
vn 0.4259 -0.1634 0.8899
vn 0.9048 0.0914 -0.4159
vn 0.3392 0.1641 -0.9263
vn 0.3392 0.1641 -0.9263
vn 0.9048 0.0914 -0.4159
vn 0.3392 0.1641 -0.9263
vn -0.4247 0.1303 -0.8959
vn -0.4247 0.1303 -0.8959
vn 0.3392 0.1641 -0.9263
vn 0.3392 0.1641 -0.9263
vn -0.4247 0.1303 -0.8959
vn -0.4247 0.1303 -0.8959
vn 0.3392 0.1641 -0.9263
vn 0.9048 0.0914 -0.4159
vn 0.3392 0.1641 -0.9263
vn 0.3392 0.1641 -0.9263
vn 0.9048 0.0914 -0.4159
vn -0.4247 0.1303 -0.8959
vn -0.9395 0.0114 -0.3423
vn -0.9395 0.0114 -0.3423
vn -0.4247 0.1303 -0.8959
vn -0.9395 0.0114 -0.3423
vn -0.9036 -0.1245 0.4099
vn -0.9036 -0.1245 0.4099
vn -0.9395 0.0114 -0.3423
vn -0.9395 0.0114 -0.3423
vn -0.9036 -0.1245 0.4099
vn -0.9036 -0.1245 0.4099
vn -0.9395 0.0114 -0.3423
vn -0.4247 0.1303 -0.8959
vn -0.9395 0.0114 -0.3423
vn -0.9395 0.0114 -0.3423
vn -0.4247 0.1303 -0.8959
vn -0.9036 -0.1245 0.4099
vn -0.3380 -0.1963 0.9204
vn -0.3380 -0.1963 0.9204
vn -0.9036 -0.1245 0.4099
vn -0.3380 -0.1963 0.9204
vn 0.4259 -0.1634 0.8899
vn 0.4259 -0.1634 0.8899
vn -0.3380 -0.1963 0.9204
vn -0.3380 -0.1963 0.9204
vn 0.4259 -0.1634 0.8899
vn 0.4259 -0.1634 0.8899
vn -0.3380 -0.1963 0.9204
vn -0.9036 -0.1245 0.4099
vn -0.3380 -0.1963 0.9204
vn -0.3380 -0.1963 0.9204
vn -0.9036 -0.1245 0.4099
vn 0.4259 -0.1634 0.8899
vn 0.9407 -0.0436 0.3365
vn 0.9407 -0.0436 0.3365
vn 0.4259 -0.1634 0.8899
vn 0.9407 -0.0436 0.3365
vn 0.9048 0.0914 -0.4159
vn 0.9048 0.0914 -0.4159
vn 0.9407 -0.0436 0.3365
vn 0.9407 -0.0436 0.3365
vn 0.9048 0.0914 -0.4159
vn 0.9048 0.0914 -0.4159
vn 0.9407 -0.0436 0.3365
vn 0.4259 -0.1634 0.8899
vn 0.9407 -0.0436 0.3365
vn 0.9407 -0.0436 0.3365
vn 0.4259 -0.1634 0.8899
vn 0.9048 0.0914 -0.4159
vn 0.3392 0.1641 -0.9263
vn 0.3392 0.1641 -0.9263
vn 0.9048 0.0914 -0.4159
vn 0.3392 0.1641 -0.9263
vn -0.4247 0.1303 -0.8959
vn -0.4247 0.1303 -0.8959
vn 0.3392 0.1641 -0.9263
vn 0.3392 0.1641 -0.9263
vn -0.4247 0.1303 -0.8959
vn -0.4247 0.1303 -0.8959
vn 0.3392 0.1641 -0.9263
vn 0.9048 0.0914 -0.4159
vn 0.3392 0.1641 -0.9263
vn 0.3392 0.1641 -0.9263
vn 0.9048 0.0914 -0.4159
vn -0.4247 0.1303 -0.8959
vn -0.9395 0.0114 -0.3423
vn -0.9395 0.0114 -0.3423
vn -0.4247 0.1303 -0.8959
vn -0.9395 0.0114 -0.3423
vn -0.9036 -0.1245 0.4099
vn -0.9036 -0.1245 0.4099
vn -0.9395 0.0114 -0.3423
vn -0.9395 0.0114 -0.3423
vn -0.9036 -0.1245 0.4099
vn -0.9036 -0.1245 0.4099
vn -0.9395 0.0114 -0.3423
vn -0.4247 0.1303 -0.8959
vn -0.9395 0.0114 -0.3423
vn -0.9395 0.0114 -0.3423
vn -0.4247 0.1303 -0.8959
vn -0.9036 -0.1245 0.4099
vn -0.3380 -0.1963 0.9204
vn -0.3380 -0.1963 0.9204
vn -0.9036 -0.1245 0.4099
vn -0.3380 -0.1963 0.9204
vn 0.4259 -0.1634 0.8899
vn 0.4259 -0.1634 0.8899
vn -0.3380 -0.1963 0.9204
vn -0.3380 -0.1963 0.9204
vn 0.4259 -0.1634 0.8899
vn 0.4259 -0.1634 0.8899
vn -0.3380 -0.1963 0.9204
vn -0.9036 -0.1245 0.4099
vn -0.3380 -0.1963 0.9204
vn -0.3380 -0.1963 0.9204
vn -0.9036 -0.1245 0.4099
vn 0.4262 -0.1657 0.8893
vn 0.9407 -0.0462 0.3361
vn 0.9407 -0.0436 0.3365
vn 0.4259 -0.1634 0.8899
vn 0.9407 -0.0462 0.3361
vn 0.9050 0.0898 -0.4158
vn 0.9048 0.0914 -0.4159
vn 0.9407 -0.0436 0.3365
vn 0.9407 -0.0436 0.3365
vn 0.9048 0.0914 -0.4159
vn 0.9048 0.0914 -0.4159
vn 0.9407 -0.0436 0.3365
vn 0.4259 -0.1634 0.8899
vn 0.9407 -0.0436 0.3365
vn 0.9407 -0.0436 0.3365
vn 0.4259 -0.1634 0.8899
vn 0.9050 0.0898 -0.4158
vn 0.3396 0.1642 -0.9261
vn 0.3392 0.1641 -0.9263
vn 0.9048 0.0914 -0.4159
vn 0.3396 0.1642 -0.9261
vn -0.4246 0.1317 -0.8958
vn -0.4247 0.1302 -0.8959
vn 0.3392 0.1641 -0.9263
vn 0.3392 0.1641 -0.9263
vn -0.4247 0.1302 -0.8959
vn -0.4247 0.1303 -0.8959
vn 0.3392 0.1641 -0.9263
vn 0.9048 0.0914 -0.4159
vn 0.3392 0.1641 -0.9263
vn 0.3392 0.1641 -0.9263
vn 0.9048 0.0914 -0.4159
vn -0.4246 0.1317 -0.8958
vn -0.9396 0.0130 -0.3420
vn -0.9395 0.0113 -0.3424
vn -0.4247 0.1302 -0.8959
vn -0.9396 0.0130 -0.3420
vn -0.9035 -0.1239 0.4104
vn -0.9036 -0.1246 0.4099
vn -0.9395 0.0113 -0.3424
vn -0.9395 0.0113 -0.3424
vn -0.9036 -0.1246 0.4099
vn -0.9036 -0.1245 0.4099
vn -0.9395 0.0114 -0.3423
vn -0.4247 0.1302 -0.8959
vn -0.9395 0.0113 -0.3424
vn -0.9395 0.0114 -0.3423
vn -0.4247 0.1303 -0.8959
vn -0.9035 -0.1239 0.4104
vn -0.3376 -0.1972 0.9204
vn -0.3381 -0.1963 0.9204
vn -0.9036 -0.1246 0.4099
vn -0.3376 -0.1972 0.9204
vn 0.4262 -0.1657 0.8893
vn 0.4259 -0.1634 0.8899
vn -0.3381 -0.1963 0.9204
vn -0.3381 -0.1963 0.9204
vn 0.4259 -0.1634 0.8899
vn 0.4259 -0.1634 0.8899
vn -0.3380 -0.1963 0.9204
vn -0.9036 -0.1246 0.4099
vn -0.3381 -0.1963 0.9204
vn -0.3380 -0.1963 0.9204
vn -0.9036 -0.1245 0.4099
vn 0.4277 -0.2045 0.8805
vn 0.9405 -0.0893 0.3279
vn 0.9407 -0.0615 0.3336
vn 0.4275 -0.1793 0.8860
vn 0.9405 -0.0893 0.3279
vn 0.9059 0.0635 -0.4188
vn 0.9059 0.0803 -0.4158
vn 0.9407 -0.0615 0.3336
vn 0.9407 -0.0615 0.3336
vn 0.9059 0.0803 -0.4158
vn 0.9050 0.0898 -0.4158
vn 0.9407 -0.0462 0.3361
vn 0.4275 -0.1793 0.8860
vn 0.9407 -0.0615 0.3336
vn 0.9407 -0.0462 0.3361
vn 0.4262 -0.1657 0.8893
vn 0.9059 0.0635 -0.4188
vn 0.3413 0.1671 -0.9250
vn 0.3412 0.1652 -0.9254
vn 0.9059 0.0803 -0.4158
vn 0.3413 0.1671 -0.9250
vn -0.4242 0.1583 -0.8917
vn -0.4239 0.1411 -0.8947
vn 0.3412 0.1652 -0.9254
vn 0.3412 0.1652 -0.9254
vn -0.4239 0.1411 -0.8947
vn -0.4246 0.1317 -0.8958
vn 0.3396 0.1642 -0.9261
vn 0.9059 0.0803 -0.4158
vn 0.3412 0.1652 -0.9254
vn 0.3396 0.1642 -0.9261
vn 0.9050 0.0898 -0.4158
vn -0.4242 0.1583 -0.8917
vn -0.9409 0.0437 -0.3358
vn -0.9403 0.0237 -0.3396
vn -0.4239 0.1411 -0.8947
vn -0.9409 0.0437 -0.3358
vn -0.9031 -0.1113 0.4148
vn -0.9029 -0.1197 0.4130
vn -0.9403 0.0237 -0.3396
vn -0.9403 0.0237 -0.3396
vn -0.9029 -0.1197 0.4130
vn -0.9035 -0.1239 0.4104
vn -0.9396 0.0130 -0.3420
vn -0.4239 0.1411 -0.8947
vn -0.9403 0.0237 -0.3396
vn -0.9396 0.0130 -0.3420
vn -0.4246 0.1317 -0.8958
vn -0.9031 -0.1113 0.4148
vn -0.3354 -0.2130 0.9177
vn -0.3358 -0.2028 0.9199
vn -0.9029 -0.1197 0.4130
vn -0.3354 -0.2130 0.9177
vn 0.4277 -0.2045 0.8805
vn 0.4275 -0.1793 0.8860
vn -0.3358 -0.2028 0.9199
vn -0.3358 -0.2028 0.9199
vn 0.4275 -0.1793 0.8860
vn 0.4262 -0.1657 0.8893
vn -0.3376 -0.1972 0.9204
vn -0.9029 -0.1197 0.4130
vn -0.3358 -0.2028 0.9199
vn -0.3376 -0.1972 0.9204
vn -0.9035 -0.1239 0.4104
vn 0.4253 -0.2319 0.8749
vn 0.9397 -0.1192 0.3204
vn 0.9400 -0.1111 0.3226
vn 0.4263 -0.2245 0.8763
vn 0.9397 -0.1192 0.3204
vn 0.9038 0.0460 -0.4255
vn 0.9046 0.0506 -0.4232
vn 0.9400 -0.1111 0.3226
vn 0.9400 -0.1111 0.3226
vn 0.9046 0.0506 -0.4232
vn 0.9059 0.0635 -0.4188
vn 0.9405 -0.0893 0.3279
vn 0.4263 -0.2245 0.8763
vn 0.9400 -0.1111 0.3226
vn 0.9405 -0.0893 0.3279
vn 0.4277 -0.2045 0.8805
vn 0.9038 0.0460 -0.4255
vn 0.3382 0.1696 -0.9257
vn 0.3395 0.1689 -0.9253
vn 0.9046 0.0506 -0.4232
vn 0.3382 0.1696 -0.9257
vn -0.4261 0.1765 -0.8873
vn -0.4253 0.1717 -0.8886
vn 0.3395 0.1689 -0.9253
vn 0.3395 0.1689 -0.9253
vn -0.4253 0.1717 -0.8886
vn -0.4242 0.1583 -0.8917
vn 0.3413 0.1671 -0.9250
vn 0.9046 0.0506 -0.4232
vn 0.3395 0.1689 -0.9253
vn 0.3413 0.1671 -0.9250
vn 0.9059 0.0635 -0.4188
vn -0.4261 0.1765 -0.8873
vn -0.9410 0.0653 -0.3322
vn -0.9410 0.0595 -0.3331
vn -0.4253 0.1717 -0.8886
vn -0.9410 0.0653 -0.3322
vn -0.9047 -0.1016 0.4138
vn -0.9041 -0.1043 0.4145
vn -0.9410 0.0595 -0.3331
vn -0.9410 0.0595 -0.3331
vn -0.9041 -0.1043 0.4145
vn -0.9031 -0.1113 0.4148
vn -0.9409 0.0437 -0.3358
vn -0.4253 0.1717 -0.8886
vn -0.9410 0.0595 -0.3331
vn -0.9409 0.0437 -0.3358
vn -0.4242 0.1583 -0.8917
vn -0.9047 -0.1016 0.4138
vn -0.3386 -0.2236 0.9140
vn -0.3373 -0.2208 0.9151
vn -0.9041 -0.1043 0.4145
vn -0.3386 -0.2236 0.9140
vn 0.4253 -0.2319 0.8749
vn 0.4263 -0.2245 0.8763
vn -0.3373 -0.2208 0.9151
vn -0.3373 -0.2208 0.9151
vn 0.4263 -0.2245 0.8763
vn 0.4277 -0.2045 0.8805
vn -0.3354 -0.2130 0.9177
vn -0.9041 -0.1043 0.4145
vn -0.3373 -0.2208 0.9151
vn -0.3354 -0.2130 0.9177
vn -0.9031 -0.1113 0.4148
vn 0.4250 -0.2331 0.8747
vn 0.9397 -0.1205 0.3200
vn 0.9397 -0.1204 0.3200
vn 0.4250 -0.2331 0.8747
vn 0.9397 -0.1205 0.3200
vn 0.9036 0.0453 -0.4260
vn 0.9036 0.0453 -0.4260
vn 0.9397 -0.1204 0.3200
vn 0.9397 -0.1204 0.3200
vn 0.9036 0.0453 -0.4260
vn 0.9038 0.0460 -0.4255
vn 0.9397 -0.1192 0.3204
vn 0.4250 -0.2331 0.8747
vn 0.9397 -0.1204 0.3200
vn 0.9397 -0.1192 0.3204
vn 0.4253 -0.2319 0.8749
vn 0.9036 0.0453 -0.4260
vn 0.3378 0.1697 -0.9258
vn 0.3379 0.1697 -0.9258
vn 0.9036 0.0453 -0.4260
vn 0.3378 0.1697 -0.9258
vn -0.4262 0.1773 -0.8871
vn -0.4262 0.1773 -0.8871
vn 0.3379 0.1697 -0.9258
vn 0.3379 0.1697 -0.9258
vn -0.4262 0.1773 -0.8871
vn -0.4261 0.1765 -0.8873
vn 0.3382 0.1696 -0.9257
vn 0.9036 0.0453 -0.4260
vn 0.3379 0.1697 -0.9258
vn 0.3382 0.1696 -0.9257
vn 0.9038 0.0460 -0.4255
vn -0.4262 0.1773 -0.8871
vn -0.9409 0.0662 -0.3321
vn -0.9409 0.0662 -0.3321
vn -0.4262 0.1773 -0.8871
vn -0.9409 0.0662 -0.3321
vn -0.9048 -0.1011 0.4136
vn -0.9048 -0.1011 0.4136
vn -0.9409 0.0662 -0.3321
vn -0.9409 0.0662 -0.3321
vn -0.9048 -0.1011 0.4136
vn -0.9047 -0.1016 0.4138
vn -0.9410 0.0653 -0.3322
vn -0.4262 0.1773 -0.8871
vn -0.9409 0.0662 -0.3321
vn -0.9410 0.0653 -0.3322
vn -0.4261 0.1765 -0.8873
vn -0.9048 -0.1011 0.4136
vn -0.3390 -0.2240 0.9137
vn -0.3390 -0.2240 0.9137
vn -0.9048 -0.1011 0.4136
vn -0.3390 -0.2240 0.9137
vn 0.4250 -0.2331 0.8747
vn 0.4250 -0.2331 0.8747
vn -0.3390 -0.2240 0.9137
vn -0.3390 -0.2240 0.9137
vn 0.4250 -0.2331 0.8747
vn 0.4253 -0.2319 0.8749
vn -0.3386 -0.2236 0.9140
vn -0.9048 -0.1011 0.4136
vn -0.3390 -0.2240 0.9137
vn -0.3386 -0.2236 0.9140
vn -0.9047 -0.1016 0.4138
vn 0.4250 -0.2331 0.8747
vn 0.9397 -0.1205 0.3200
vn 0.9397 -0.1205 0.3200
vn 0.4250 -0.2331 0.8747
vn 0.9397 -0.1205 0.3200
vn 0.9036 0.0453 -0.4260
vn 0.9036 0.0453 -0.4260
vn 0.9397 -0.1205 0.3200
vn 0.9397 -0.1205 0.3200
vn 0.9036 0.0453 -0.4260
vn 0.9036 0.0453 -0.4260
vn 0.9397 -0.1205 0.3200
vn 0.4250 -0.2331 0.8747
vn 0.9397 -0.1205 0.3200
vn 0.9397 -0.1205 0.3200
vn 0.4250 -0.2331 0.8747
vn 0.9036 0.0453 -0.4260
vn 0.3378 0.1697 -0.9258
vn 0.3378 0.1697 -0.9258
vn 0.9036 0.0453 -0.4260
vn 0.3378 0.1697 -0.9258
vn -0.4262 0.1773 -0.8871
vn -0.4262 0.1773 -0.8871
vn 0.3378 0.1697 -0.9258
vn 0.3378 0.1697 -0.9258
vn -0.4262 0.1773 -0.8871
vn -0.4262 0.1773 -0.8871
vn 0.3378 0.1697 -0.9258
vn 0.9036 0.0453 -0.4260
vn 0.3378 0.1697 -0.9258
vn 0.3378 0.1697 -0.9258
vn 0.9036 0.0453 -0.4260
vn -0.4262 0.1773 -0.8871
vn -0.9409 0.0662 -0.3321
vn -0.9409 0.0662 -0.3321
vn -0.4262 0.1773 -0.8871
vn -0.9409 0.0662 -0.3321
vn -0.9048 -0.1011 0.4136
vn -0.9048 -0.1011 0.4136
vn -0.9409 0.0662 -0.3321
vn -0.9409 0.0662 -0.3321
vn -0.9048 -0.1011 0.4136
vn -0.9048 -0.1011 0.4136
vn -0.9409 0.0662 -0.3321
vn -0.4262 0.1773 -0.8871
vn -0.9409 0.0662 -0.3321
vn -0.9409 0.0662 -0.3321
vn -0.4262 0.1773 -0.8871
vn -0.9048 -0.1011 0.4136
vn -0.3390 -0.2240 0.9137
vn -0.3390 -0.2240 0.9137
vn -0.9048 -0.1011 0.4136
vn -0.3390 -0.2240 0.9137
vn 0.4250 -0.2331 0.8747
vn 0.4250 -0.2331 0.8747
vn -0.3390 -0.2240 0.9137
vn -0.3390 -0.2240 0.9137
vn 0.4250 -0.2331 0.8747
vn 0.4250 -0.2331 0.8747
vn -0.3390 -0.2240 0.9137
vn -0.9048 -0.1011 0.4136
vn -0.3390 -0.2240 0.9137
vn -0.3390 -0.2240 0.9137
vn -0.9048 -0.1011 0.4136
vn 0.4250 -0.2331 0.8747
vn 0.9397 -0.1205 0.3200
vn 0.9397 -0.1205 0.3200
vn 0.4250 -0.2331 0.8747
vn 0.9397 -0.1205 0.3200
vn 0.9036 0.0453 -0.4260
vn 0.9036 0.0453 -0.4260
vn 0.9397 -0.1205 0.3200
vn 0.9397 -0.1205 0.3200
vn 0.9036 0.0453 -0.4260
vn 0.9036 0.0453 -0.4260
vn 0.9397 -0.1205 0.3200
vn 0.4250 -0.2331 0.8747
vn 0.9397 -0.1205 0.3200
vn 0.9397 -0.1205 0.3200
vn 0.4250 -0.2331 0.8747
vn 0.9036 0.0453 -0.4260
vn 0.3378 0.1697 -0.9258
vn 0.3378 0.1697 -0.9258
vn 0.9036 0.0453 -0.4260
vn 0.3378 0.1697 -0.9258
vn -0.4262 0.1773 -0.8871
vn -0.4262 0.1773 -0.8871
vn 0.3378 0.1697 -0.9258
vn 0.3378 0.1697 -0.9258
vn -0.4262 0.1773 -0.8871
vn -0.4262 0.1773 -0.8871
vn 0.3378 0.1697 -0.9258
vn 0.9036 0.0453 -0.4260
vn 0.3378 0.1697 -0.9258
vn 0.3378 0.1697 -0.9258
vn 0.9036 0.0453 -0.4260
vn -0.4262 0.1773 -0.8871
vn -0.9409 0.0662 -0.3321
vn -0.9409 0.0662 -0.3321
vn -0.4262 0.1773 -0.8871
vn -0.9409 0.0662 -0.3321
vn -0.9048 -0.1011 0.4136
vn -0.9048 -0.1011 0.4136
vn -0.9409 0.0662 -0.3321
vn -0.9409 0.0662 -0.3321
vn -0.9048 -0.1011 0.4136
vn -0.9048 -0.1011 0.4136
vn -0.9409 0.0662 -0.3321
vn -0.4262 0.1773 -0.8871
vn -0.9409 0.0662 -0.3321
vn -0.9409 0.0662 -0.3321
vn -0.4262 0.1773 -0.8871
vn -0.9048 -0.1011 0.4136
vn -0.3390 -0.2240 0.9137
vn -0.3390 -0.2240 0.9137
vn -0.9048 -0.1011 0.4136
vn -0.3390 -0.2240 0.9137
vn 0.4250 -0.2331 0.8747
vn 0.4250 -0.2331 0.8747
vn -0.3390 -0.2240 0.9137
vn -0.3390 -0.2240 0.9137
vn 0.4250 -0.2331 0.8747
vn 0.4250 -0.2331 0.8747
vn -0.3390 -0.2240 0.9137
vn -0.9048 -0.1011 0.4136
vn -0.3390 -0.2240 0.9137
vn -0.3390 -0.2240 0.9137
vn -0.9048 -0.1011 0.4136
vn 0.4250 -0.2331 0.8747
vn 0.9397 -0.1205 0.3200
vn 0.9397 -0.1205 0.3200
vn 0.4250 -0.2331 0.8747
vn 0.9397 -0.1205 0.3200
vn 0.9036 0.0453 -0.4260
vn 0.9036 0.0453 -0.4260
vn 0.9397 -0.1205 0.3200
vn 0.9397 -0.1205 0.3200
vn 0.9036 0.0453 -0.4260
vn 0.9036 0.0453 -0.4260
vn 0.9397 -0.1205 0.3200
vn 0.4250 -0.2331 0.8747
vn 0.9397 -0.1205 0.3200
vn 0.9397 -0.1205 0.3200
vn 0.4250 -0.2331 0.8747
vn 0.9036 0.0453 -0.4260
vn 0.3378 0.1697 -0.9258
vn 0.3378 0.1697 -0.9258
vn 0.9036 0.0453 -0.4260
vn 0.3378 0.1697 -0.9258
vn -0.4262 0.1773 -0.8871
vn -0.4262 0.1773 -0.8871
vn 0.3378 0.1697 -0.9258
vn 0.3378 0.1697 -0.9258
vn -0.4262 0.1773 -0.8871
vn -0.4262 0.1773 -0.8871
vn 0.3378 0.1697 -0.9258
vn 0.9036 0.0453 -0.4260
vn 0.3378 0.1697 -0.9258
vn 0.3378 0.1697 -0.9258
vn 0.9036 0.0453 -0.4260
vn -0.4262 0.1773 -0.8871
vn -0.9409 0.0662 -0.3321
vn -0.9409 0.0662 -0.3321
vn -0.4262 0.1773 -0.8871
vn -0.9409 0.0662 -0.3321
vn -0.9048 -0.1011 0.4136
vn -0.9048 -0.1011 0.4136
vn -0.9409 0.0662 -0.3321
vn -0.9409 0.0662 -0.3321
vn -0.9048 -0.1011 0.4136
vn -0.9048 -0.1011 0.4136
vn -0.9409 0.0662 -0.3321
vn -0.4262 0.1773 -0.8871
vn -0.9409 0.0662 -0.3321
vn -0.9409 0.0662 -0.3321
vn -0.4262 0.1773 -0.8871
vn -0.9048 -0.1011 0.4136
vn -0.3390 -0.2240 0.9137
vn -0.3390 -0.2240 0.9137
vn -0.9048 -0.1011 0.4136
vn -0.3390 -0.2240 0.9137
vn 0.4250 -0.2331 0.8747
vn 0.4250 -0.2331 0.8747
vn -0.3390 -0.2240 0.9137
vn -0.3390 -0.2240 0.9137
vn 0.4250 -0.2331 0.8747
vn 0.4250 -0.2331 0.8747
vn -0.3390 -0.2240 0.9137
vn -0.9048 -0.1011 0.4136
vn -0.3390 -0.2240 0.9137
vn -0.3390 -0.2240 0.9137
vn -0.9048 -0.1011 0.4136
vn 0.4250 -0.2331 0.8747
vn 0.9397 -0.1205 0.3200
vn 0.9397 -0.1205 0.3200
vn 0.4250 -0.2331 0.8747
vn 0.9397 -0.1205 0.3200
vn 0.9036 0.0453 -0.4260
vn 0.9036 0.0453 -0.4260
vn 0.9397 -0.1205 0.3200
vn 0.9397 -0.1205 0.3200
vn 0.9036 0.0453 -0.4260
vn 0.9036 0.0453 -0.4260
vn 0.9397 -0.1205 0.3200
vn 0.4250 -0.2331 0.8747
vn 0.9397 -0.1205 0.3200
vn 0.9397 -0.1205 0.3200
vn 0.4250 -0.2331 0.8747
vn 0.9036 0.0453 -0.4260
vn 0.3378 0.1697 -0.9258
vn 0.3378 0.1697 -0.9258
vn 0.9036 0.0453 -0.4260
vn 0.3378 0.1697 -0.9258
vn -0.4262 0.1773 -0.8871
vn -0.4262 0.1773 -0.8871
vn 0.3378 0.1697 -0.9258
vn 0.3378 0.1697 -0.9258
vn -0.4262 0.1773 -0.8871
vn -0.4262 0.1773 -0.8871
vn 0.3378 0.1697 -0.9258
vn 0.9036 0.0453 -0.4260
vn 0.3378 0.1697 -0.9258
vn 0.3378 0.1697 -0.9258
vn 0.9036 0.0453 -0.4260
vn -0.4262 0.1773 -0.8871
vn -0.9409 0.0662 -0.3321
vn -0.9409 0.0662 -0.3321
vn -0.4262 0.1773 -0.8871
vn -0.9409 0.0662 -0.3321
vn -0.9048 -0.1011 0.4136
vn -0.9048 -0.1011 0.4136
vn -0.9409 0.0662 -0.3321
vn -0.9409 0.0662 -0.3321
vn -0.9048 -0.1011 0.4136
vn -0.9048 -0.1011 0.4136
vn -0.9409 0.0662 -0.3321
vn -0.4262 0.1773 -0.8871
vn -0.9409 0.0662 -0.3321
vn -0.9409 0.0662 -0.3321
vn -0.4262 0.1773 -0.8871
vn -0.9048 -0.1011 0.4136
vn -0.3390 -0.2240 0.9137
vn -0.3390 -0.2240 0.9137
vn -0.9048 -0.1011 0.4136
vn -0.3390 -0.2240 0.9137
vn 0.4250 -0.2331 0.8747
vn 0.4250 -0.2331 0.8747
vn -0.3390 -0.2240 0.9137
vn -0.3390 -0.2240 0.9137
vn 0.4250 -0.2331 0.8747
vn 0.4250 -0.2331 0.8747
vn -0.3390 -0.2240 0.9137
vn -0.9048 -0.1011 0.4136
vn -0.3390 -0.2240 0.9137
vn -0.3390 -0.2240 0.9137
vn -0.9048 -0.1011 0.4136
vn 0.4250 -0.2331 0.8747
vn 0.9397 -0.1205 0.3200
vn 0.9397 -0.1205 0.3200
vn 0.4250 -0.2331 0.8747
vn 0.9397 -0.1205 0.3200
vn 0.9036 0.0453 -0.4260
vn 0.9036 0.0453 -0.4260
vn 0.9397 -0.1205 0.3200
vn 0.9397 -0.1205 0.3200
vn 0.9036 0.0453 -0.4260
vn 0.9036 0.0453 -0.4260
vn 0.9397 -0.1205 0.3200
vn 0.4250 -0.2331 0.8747
vn 0.9397 -0.1205 0.3200
vn 0.9397 -0.1205 0.3200
vn 0.4250 -0.2331 0.8747
vn 0.9036 0.0453 -0.4260
vn 0.3378 0.1697 -0.9258
vn 0.3378 0.1697 -0.9258
vn 0.9036 0.0453 -0.4260
vn 0.3378 0.1697 -0.9258
vn -0.4262 0.1773 -0.8871
vn -0.4262 0.1773 -0.8871
vn 0.3378 0.1697 -0.9258
vn 0.3378 0.1697 -0.9258
vn -0.4262 0.1773 -0.8871
vn -0.4262 0.1773 -0.8871
vn 0.3378 0.1697 -0.9258
vn 0.9036 0.0453 -0.4260
vn 0.3378 0.1697 -0.9258
vn 0.3378 0.1697 -0.9258
vn 0.9036 0.0453 -0.4260
vn -0.4262 0.1773 -0.8871
vn -0.9409 0.0662 -0.3321
vn -0.9409 0.0662 -0.3321
vn -0.4262 0.1773 -0.8871
vn -0.9409 0.0662 -0.3321
vn -0.9048 -0.1011 0.4136
vn -0.9048 -0.1011 0.4136
vn -0.9409 0.0662 -0.3321
vn -0.9409 0.0662 -0.3321
vn -0.9048 -0.1011 0.4136
vn -0.9048 -0.1011 0.4136
vn -0.9409 0.0662 -0.3321
vn -0.4262 0.1773 -0.8871
vn -0.9409 0.0662 -0.3321
vn -0.9409 0.0662 -0.3321
vn -0.4262 0.1773 -0.8871
vn -0.9048 -0.1011 0.4136
vn -0.3390 -0.2240 0.9137
vn -0.3390 -0.2240 0.9137
vn -0.9048 -0.1011 0.4136
vn -0.3390 -0.2240 0.9137
vn 0.4250 -0.2331 0.8747
vn 0.4250 -0.2331 0.8747
vn -0.3390 -0.2240 0.9137
vn -0.3390 -0.2240 0.9137
vn 0.4250 -0.2331 0.8747
vn 0.4250 -0.2331 0.8747
vn -0.3390 -0.2240 0.9137
vn -0.9048 -0.1011 0.4136
vn -0.3390 -0.2240 0.9137
vn -0.3390 -0.2240 0.9137
vn -0.9048 -0.1011 0.4136
vn 0.4250 -0.2331 0.8747
vn 0.9397 -0.1205 0.3200
vn 0.9397 -0.1205 0.3200
vn 0.4250 -0.2331 0.8747
vn 0.9397 -0.1205 0.3200
vn 0.9036 0.0453 -0.4260
vn 0.9036 0.0453 -0.4260
vn 0.9397 -0.1205 0.3200
vn 0.9397 -0.1205 0.3200
vn 0.9036 0.0453 -0.4260
vn 0.9036 0.0453 -0.4260
vn 0.9397 -0.1205 0.3200
vn 0.4250 -0.2331 0.8747
vn 0.9397 -0.1205 0.3200
vn 0.9397 -0.1205 0.3200
vn 0.4250 -0.2331 0.8747
vn 0.9036 0.0453 -0.4260
vn 0.3378 0.1697 -0.9258
vn 0.3378 0.1697 -0.9258
vn 0.9036 0.0453 -0.4260
vn 0.3378 0.1697 -0.9258
vn -0.4262 0.1773 -0.8871
vn -0.4262 0.1773 -0.8871
vn 0.3378 0.1697 -0.9258
vn 0.3378 0.1697 -0.9258
vn -0.4262 0.1773 -0.8871
vn -0.4262 0.1773 -0.8871
vn 0.3378 0.1697 -0.9258
vn 0.9036 0.0453 -0.4260
vn 0.3378 0.1697 -0.9258
vn 0.3378 0.1697 -0.9258
vn 0.9036 0.0453 -0.4260
vn -0.4262 0.1773 -0.8871
vn -0.9409 0.0662 -0.3321
vn -0.9409 0.0662 -0.3321
vn -0.4262 0.1773 -0.8871
vn -0.9409 0.0662 -0.3321
vn -0.9048 -0.1011 0.4136
vn -0.9048 -0.1011 0.4136
vn -0.9409 0.0662 -0.3321
vn -0.9409 0.0662 -0.3321
vn -0.9048 -0.1011 0.4136
vn -0.9048 -0.1011 0.4136
vn -0.9409 0.0662 -0.3321
vn -0.4262 0.1773 -0.8871
vn -0.9409 0.0662 -0.3321
vn -0.9409 0.0662 -0.3321
vn -0.4262 0.1773 -0.8871
vn -0.9048 -0.1011 0.4136
vn -0.3390 -0.2240 0.9137
vn -0.3390 -0.2240 0.9137
vn -0.9048 -0.1011 0.4136
vn -0.3390 -0.2240 0.9137
vn 0.4250 -0.2331 0.8747
vn 0.4250 -0.2331 0.8747
vn -0.3390 -0.2240 0.9137
vn -0.3390 -0.2240 0.9137
vn 0.4250 -0.2331 0.8747
vn 0.4250 -0.2331 0.8747
vn -0.3390 -0.2240 0.9137
vn -0.9048 -0.1011 0.4136
vn -0.3390 -0.2240 0.9137
vn -0.3390 -0.2240 0.9137
vn -0.9048 -0.1011 0.4136
vn 0.4250 -0.2331 0.8747
vn 0.9397 -0.1205 0.3200
vn 0.9397 -0.1205 0.3200
vn 0.4250 -0.2331 0.8747
vn 0.9397 -0.1205 0.3200
vn 0.9036 0.0453 -0.4260
vn 0.9036 0.0453 -0.4260
vn 0.9397 -0.1205 0.3200
vn 0.9397 -0.1205 0.3200
vn 0.9036 0.0453 -0.4260
vn 0.9036 0.0453 -0.4260
vn 0.9397 -0.1205 0.3200
vn 0.4250 -0.2331 0.8747
vn 0.9397 -0.1205 0.3200
vn 0.9397 -0.1205 0.3200
vn 0.4250 -0.2331 0.8747
vn 0.9036 0.0453 -0.4260
vn 0.3378 0.1697 -0.9258
vn 0.3378 0.1697 -0.9258
vn 0.9036 0.0453 -0.4260
vn 0.3378 0.1697 -0.9258
vn -0.4262 0.1773 -0.8871
vn -0.4262 0.1773 -0.8871
vn 0.3378 0.1697 -0.9258
vn 0.3378 0.1697 -0.9258
vn -0.4262 0.1773 -0.8871
vn -0.4262 0.1773 -0.8871
vn 0.3378 0.1697 -0.9258
vn 0.9036 0.0453 -0.4260
vn 0.3378 0.1697 -0.9258
vn 0.3378 0.1697 -0.9258
vn 0.9036 0.0453 -0.4260
vn -0.4262 0.1773 -0.8871
vn -0.9409 0.0662 -0.3321
vn -0.9409 0.0662 -0.3321
vn -0.4262 0.1773 -0.8871
vn -0.9409 0.0662 -0.3321
vn -0.9048 -0.1011 0.4136
vn -0.9048 -0.1011 0.4136
vn -0.9409 0.0662 -0.3321
vn -0.9409 0.0662 -0.3321
vn -0.9048 -0.1011 0.4136
vn -0.9048 -0.1011 0.4136
vn -0.9409 0.0662 -0.3321
vn -0.4262 0.1773 -0.8871
vn -0.9409 0.0662 -0.3321
vn -0.9409 0.0662 -0.3321
vn -0.4262 0.1773 -0.8871
vn -0.9048 -0.1011 0.4136
vn -0.3390 -0.2240 0.9137
vn -0.3390 -0.2240 0.9137
vn -0.9048 -0.1011 0.4136
vn -0.3390 -0.2240 0.9137
vn 0.4250 -0.2331 0.8747
vn 0.4250 -0.2331 0.8747
vn -0.3390 -0.2240 0.9137
vn -0.3390 -0.2240 0.9137
vn 0.4250 -0.2331 0.8747
vn 0.4250 -0.2331 0.8747
vn -0.3390 -0.2240 0.9137
vn -0.9048 -0.1011 0.4136
vn -0.3390 -0.2240 0.9137
vn -0.3390 -0.2240 0.9137
vn -0.9048 -0.1011 0.4136
vn 0.4250 -0.2331 0.8747
vn 0.9397 -0.1205 0.3200
vn 0.9397 -0.1205 0.3200
vn 0.4250 -0.2331 0.8747
vn 0.9397 -0.1205 0.3200
vn 0.9036 0.0453 -0.4260
vn 0.9036 0.0453 -0.4260
vn 0.9397 -0.1205 0.3200
vn 0.9397 -0.1205 0.3200
vn 0.9036 0.0453 -0.4260
vn 0.9036 0.0453 -0.4260
vn 0.9397 -0.1205 0.3200
vn 0.4250 -0.2331 0.8747
vn 0.9397 -0.1205 0.3200
vn 0.9397 -0.1205 0.3200
vn 0.4250 -0.2331 0.8747
vn 0.9036 0.0453 -0.4260
vn 0.3378 0.1697 -0.9258
vn 0.3378 0.1697 -0.9258
vn 0.9036 0.0453 -0.4260
vn 0.3378 0.1697 -0.9258
vn -0.4262 0.1773 -0.8871
vn -0.4262 0.1773 -0.8871
vn 0.3378 0.1697 -0.9258
vn 0.3378 0.1697 -0.9258
vn -0.4262 0.1773 -0.8871
vn -0.4262 0.1773 -0.8871
vn 0.3378 0.1697 -0.9258
vn 0.9036 0.0453 -0.4260
vn 0.3378 0.1697 -0.9258
vn 0.3378 0.1697 -0.9258
vn 0.9036 0.0453 -0.4260
vn -0.4262 0.1773 -0.8871
vn -0.9409 0.0662 -0.3321
vn -0.9409 0.0662 -0.3321
vn -0.4262 0.1773 -0.8871
vn -0.9409 0.0662 -0.3321
vn -0.9048 -0.1011 0.4136
vn -0.9048 -0.1011 0.4136
vn -0.9409 0.0662 -0.3321
vn -0.9409 0.0662 -0.3321
vn -0.9048 -0.1011 0.4136
vn -0.9048 -0.1011 0.4136
vn -0.9409 0.0662 -0.3321
vn -0.4262 0.1773 -0.8871
vn -0.9409 0.0662 -0.3321
vn -0.9409 0.0662 -0.3321
vn -0.4262 0.1773 -0.8871
vn -0.9048 -0.1011 0.4136
vn -0.3390 -0.2240 0.9137
vn -0.3390 -0.2240 0.9137
vn -0.9048 -0.1011 0.4136
vn -0.3390 -0.2240 0.9137
vn 0.4250 -0.2331 0.8747
vn 0.4250 -0.2331 0.8747
vn -0.3390 -0.2240 0.9137
vn -0.3390 -0.2240 0.9137
vn 0.4250 -0.2331 0.8747
vn 0.4250 -0.2331 0.8747
vn -0.3390 -0.2240 0.9137
vn -0.9048 -0.1011 0.4136
vn -0.3390 -0.2240 0.9137
vn -0.3390 -0.2240 0.9137
vn -0.9048 -0.1011 0.4136
vn 0.4250 -0.2331 0.8747
vn 0.9397 -0.1205 0.3200
vn 0.9397 -0.1205 0.3200
vn 0.4250 -0.2331 0.8747
vn 0.9397 -0.1205 0.3200
vn 0.9036 0.0453 -0.4260
vn 0.9036 0.0453 -0.4260
vn 0.9397 -0.1205 0.3200
vn 0.9397 -0.1205 0.3200
vn 0.9036 0.0453 -0.4260
vn 0.9036 0.0453 -0.4260
vn 0.9397 -0.1205 0.3200
vn 0.4250 -0.2331 0.8747
vn 0.9397 -0.1205 0.3200
vn 0.9397 -0.1205 0.3200
vn 0.4250 -0.2331 0.8747
vn 0.9036 0.0453 -0.4260
vn 0.3378 0.1697 -0.9258
vn 0.3378 0.1697 -0.9258
vn 0.9036 0.0453 -0.4260
vn 0.3378 0.1697 -0.9258
vn -0.4262 0.1773 -0.8871
vn -0.4262 0.1773 -0.8871
vn 0.3378 0.1697 -0.9258
vn 0.3378 0.1697 -0.9258
vn -0.4262 0.1773 -0.8871
vn -0.4262 0.1773 -0.8871
vn 0.3378 0.1697 -0.9258
vn 0.9036 0.0453 -0.4260
vn 0.3378 0.1697 -0.9258
vn 0.3378 0.1697 -0.9258
vn 0.9036 0.0453 -0.4260
vn -0.4262 0.1773 -0.8871
vn -0.9409 0.0662 -0.3321
vn -0.9409 0.0662 -0.3321
vn -0.4262 0.1773 -0.8871
vn -0.9409 0.0662 -0.3321
vn -0.9048 -0.1011 0.4136
vn -0.9048 -0.1011 0.4136
vn -0.9409 0.0662 -0.3321
vn -0.9409 0.0662 -0.3321
vn -0.9048 -0.1011 0.4136
vn -0.9048 -0.1011 0.4136
vn -0.9409 0.0662 -0.3321
vn -0.4262 0.1773 -0.8871
vn -0.9409 0.0662 -0.3321
vn -0.9409 0.0662 -0.3321
vn -0.4262 0.1773 -0.8871
vn -0.9048 -0.1011 0.4136
vn -0.3390 -0.2240 0.9137
vn -0.3390 -0.2240 0.9137
vn -0.9048 -0.1011 0.4136
vn -0.3390 -0.2240 0.9137
vn 0.4250 -0.2331 0.8747
vn 0.4250 -0.2331 0.8747
vn -0.3390 -0.2240 0.9137
vn -0.3390 -0.2240 0.9137
vn 0.4250 -0.2331 0.8747
vn 0.4250 -0.2331 0.8747
vn -0.3390 -0.2240 0.9137
vn -0.9048 -0.1011 0.4136
vn -0.3390 -0.2240 0.9137
vn -0.3390 -0.2240 0.9137
vn -0.9048 -0.1011 0.4136
vn 0.4250 -0.2331 0.8747
vn 0.9397 -0.1205 0.3200
vn 0.9397 -0.1205 0.3200
vn 0.4250 -0.2331 0.8747
vn 0.9397 -0.1205 0.3200
vn 0.9036 0.0453 -0.4260
vn 0.9036 0.0453 -0.4260
vn 0.9397 -0.1205 0.3200
vn 0.9397 -0.1205 0.3200
vn 0.9036 0.0453 -0.4260
vn 0.9036 0.0453 -0.4260
vn 0.9397 -0.1205 0.3200
vn 0.4250 -0.2331 0.8747
vn 0.9397 -0.1205 0.3200
vn 0.9397 -0.1205 0.3200
vn 0.4250 -0.2331 0.8747
vn 0.9036 0.0453 -0.4260
vn 0.3378 0.1697 -0.9258
vn 0.3378 0.1697 -0.9258
vn 0.9036 0.0453 -0.4260
vn 0.3378 0.1697 -0.9258
vn -0.4262 0.1773 -0.8871
vn -0.4262 0.1773 -0.8871
vn 0.3378 0.1697 -0.9258
vn 0.3378 0.1697 -0.9258
vn -0.4262 0.1773 -0.8871
vn -0.4262 0.1773 -0.8871
vn 0.3378 0.1697 -0.9258
vn 0.9036 0.0453 -0.4260
vn 0.3378 0.1697 -0.9258
vn 0.3378 0.1697 -0.9258
vn 0.9036 0.0453 -0.4260
vn -0.4262 0.1773 -0.8871
vn -0.9409 0.0662 -0.3321
vn -0.9409 0.0662 -0.3321
vn -0.4262 0.1773 -0.8871
vn -0.9409 0.0662 -0.3321
vn -0.9048 -0.1011 0.4136
vn -0.9048 -0.1011 0.4136
vn -0.9409 0.0662 -0.3321
vn -0.9409 0.0662 -0.3321
vn -0.9048 -0.1011 0.4136
vn -0.9048 -0.1011 0.4136
vn -0.9409 0.0662 -0.3321
vn -0.4262 0.1773 -0.8871
vn -0.9409 0.0662 -0.3321
vn -0.9409 0.0662 -0.3321
vn -0.4262 0.1773 -0.8871
vn -0.9048 -0.1011 0.4136
vn -0.3390 -0.2240 0.9137
vn -0.3390 -0.2240 0.9137
vn -0.9048 -0.1011 0.4136
vn -0.3390 -0.2240 0.9137
vn 0.4250 -0.2331 0.8747
vn 0.4250 -0.2331 0.8747
vn -0.3390 -0.2240 0.9137
vn -0.3390 -0.2240 0.9137
vn 0.4250 -0.2331 0.8747
vn 0.4250 -0.2331 0.8747
vn -0.3390 -0.2240 0.9137
vn -0.9048 -0.1011 0.4136
vn -0.3390 -0.2240 0.9137
vn -0.3390 -0.2240 0.9137
vn -0.9048 -0.1011 0.4136
vn 0.4250 -0.2331 0.8747
vn 0.9397 -0.1205 0.3200
vn 0.9397 -0.1205 0.3200
vn 0.4250 -0.2331 0.8747
vn 0.9397 -0.1205 0.3200
vn 0.9036 0.0453 -0.4260
vn 0.9036 0.0453 -0.4260
vn 0.9397 -0.1205 0.3200
vn 0.9397 -0.1205 0.3200
vn 0.9036 0.0453 -0.4260
vn 0.9036 0.0453 -0.4260
vn 0.9397 -0.1205 0.3200
vn 0.4250 -0.2331 0.8747
vn 0.9397 -0.1205 0.3200
vn 0.9397 -0.1205 0.3200
vn 0.4250 -0.2331 0.8747
vn 0.9036 0.0453 -0.4260
vn 0.3378 0.1697 -0.9258
vn 0.3378 0.1697 -0.9258
vn 0.9036 0.0453 -0.4260
vn 0.3378 0.1697 -0.9258
vn -0.4262 0.1773 -0.8871
vn -0.4262 0.1773 -0.8871
vn 0.3378 0.1697 -0.9258
vn 0.3378 0.1697 -0.9258
vn -0.4262 0.1773 -0.8871
vn -0.4262 0.1773 -0.8871
vn 0.3378 0.1697 -0.9258
vn 0.9036 0.0453 -0.4260
vn 0.3378 0.1697 -0.9258
vn 0.3378 0.1697 -0.9258
vn 0.9036 0.0453 -0.4260
vn -0.4262 0.1773 -0.8871
vn -0.9409 0.0662 -0.3321
vn -0.9409 0.0662 -0.3321
vn -0.4262 0.1773 -0.8871
vn -0.9409 0.0662 -0.3321
vn -0.9048 -0.1011 0.4136
vn -0.9048 -0.1011 0.4136
vn -0.9409 0.0662 -0.3321
vn -0.9409 0.0662 -0.3321
vn -0.9048 -0.1011 0.4136
vn -0.9048 -0.1011 0.4136
vn -0.9409 0.0662 -0.3321
vn -0.4262 0.1773 -0.8871
vn -0.9409 0.0662 -0.3321
vn -0.9409 0.0662 -0.3321
vn -0.4262 0.1773 -0.8871
vn -0.9048 -0.1011 0.4136
vn -0.3390 -0.2240 0.9137
vn -0.3390 -0.2240 0.9137
vn -0.9048 -0.1011 0.4136
vn -0.3390 -0.2240 0.9137
vn 0.4250 -0.2331 0.8747
vn 0.4250 -0.2331 0.8747
vn -0.3390 -0.2240 0.9137
vn -0.3390 -0.2240 0.9137
vn 0.4250 -0.2331 0.8747
vn 0.4250 -0.2331 0.8747
vn -0.3390 -0.2240 0.9137
vn -0.9048 -0.1011 0.4136
vn -0.3390 -0.2240 0.9137
vn -0.3390 -0.2240 0.9137
vn -0.9048 -0.1011 0.4136
vn 0.4250 -0.2331 0.8747
vn 0.9397 -0.1205 0.3200
vn 0.9397 -0.1205 0.3200
vn 0.4250 -0.2331 0.8747
vn 0.9397 -0.1205 0.3200
vn 0.9036 0.0453 -0.4260
vn 0.9036 0.0453 -0.4260
vn 0.9397 -0.1205 0.3200
vn 0.9397 -0.1205 0.3200
vn 0.9036 0.0453 -0.4260
vn 0.9036 0.0453 -0.4260
vn 0.9397 -0.1205 0.3200
vn 0.4250 -0.2331 0.8747
vn 0.9397 -0.1205 0.3200
vn 0.9397 -0.1205 0.3200
vn 0.4250 -0.2331 0.8747
vn 0.9036 0.0453 -0.4260
vn 0.3378 0.1697 -0.9258
vn 0.3378 0.1697 -0.9258
vn 0.9036 0.0453 -0.4260
vn 0.3378 0.1697 -0.9258
vn -0.4262 0.1773 -0.8871
vn -0.4262 0.1773 -0.8871
vn 0.3378 0.1697 -0.9258
vn 0.3378 0.1697 -0.9258
vn -0.4262 0.1773 -0.8871
vn -0.4262 0.1773 -0.8871
vn 0.3378 0.1697 -0.9258
vn 0.9036 0.0453 -0.4260
vn 0.3378 0.1697 -0.9258
vn 0.3378 0.1697 -0.9258
vn 0.9036 0.0453 -0.4260
vn -0.4262 0.1773 -0.8871
vn -0.9409 0.0662 -0.3320
vn -0.9409 0.0662 -0.3321
vn -0.4262 0.1773 -0.8871
vn -0.9409 0.0662 -0.3320
vn -0.9048 -0.1011 0.4136
vn -0.9048 -0.1011 0.4136
vn -0.9409 0.0662 -0.3321
vn -0.9409 0.0662 -0.3321
vn -0.9048 -0.1011 0.4136
vn -0.9048 -0.1011 0.4136
vn -0.9409 0.0662 -0.3321
vn -0.4262 0.1773 -0.8871
vn -0.9409 0.0662 -0.3321
vn -0.9409 0.0662 -0.3321
vn -0.4262 0.1773 -0.8871
vn -0.9048 -0.1011 0.4136
vn -0.3390 -0.2240 0.9137
vn -0.3390 -0.2240 0.9137
vn -0.9048 -0.1011 0.4136
vn -0.3390 -0.2240 0.9137
vn 0.4250 -0.2331 0.8747
vn 0.4250 -0.2331 0.8747
vn -0.3390 -0.2240 0.9137
vn -0.3390 -0.2240 0.9137
vn 0.4250 -0.2331 0.8747
vn 0.4250 -0.2331 0.8747
vn -0.3390 -0.2240 0.9137
vn -0.9048 -0.1011 0.4136
vn -0.3390 -0.2240 0.9137
vn -0.3390 -0.2240 0.9137
vn -0.9048 -0.1011 0.4136
vn 0.4244 -0.2494 0.8705
vn 0.9388 -0.1364 0.3163
vn 0.9397 -0.1205 0.3200
vn 0.4250 -0.2331 0.8747
vn 0.9388 -0.1364 0.3163
vn 0.9027 0.0289 -0.4294
vn 0.9036 0.0453 -0.4260
vn 0.9397 -0.1205 0.3200
vn 0.9397 -0.1205 0.3200
vn 0.9036 0.0453 -0.4260
vn 0.9036 0.0453 -0.4260
vn 0.9397 -0.1205 0.3200
vn 0.4250 -0.2331 0.8747
vn 0.9397 -0.1205 0.3200
vn 0.9397 -0.1205 0.3200
vn 0.4250 -0.2331 0.8747
vn 0.9027 0.0289 -0.4294
vn 0.3373 0.1537 -0.9288
vn 0.3378 0.1697 -0.9258
vn 0.9036 0.0453 -0.4260
vn 0.3373 0.1537 -0.9288
vn -0.4263 0.1608 -0.8902
vn -0.4262 0.1773 -0.8871
vn 0.3378 0.1697 -0.9258
vn 0.3378 0.1697 -0.9258
vn -0.4262 0.1773 -0.8871
vn -0.4262 0.1773 -0.8871
vn 0.3378 0.1697 -0.9258
vn 0.9036 0.0453 -0.4260
vn 0.3378 0.1697 -0.9258
vn 0.3378 0.1697 -0.9258
vn 0.9036 0.0453 -0.4260
vn -0.4263 0.1608 -0.8902
vn -0.9407 0.0502 -0.3354
vn -0.9409 0.0662 -0.3321
vn -0.4262 0.1773 -0.8871
vn -0.9407 0.0502 -0.3354
vn -0.9046 -0.1174 0.4097
vn -0.9048 -0.1011 0.4136
vn -0.9409 0.0662 -0.3321
vn -0.9409 0.0662 -0.3321
vn -0.9048 -0.1011 0.4136
vn -0.9048 -0.1011 0.4136
vn -0.9409 0.0662 -0.3320
vn -0.4262 0.1773 -0.8871
vn -0.9409 0.0662 -0.3321
vn -0.9409 0.0662 -0.3320
vn -0.4262 0.1773 -0.8871
vn -0.9046 -0.1174 0.4097
vn -0.3392 -0.2398 0.9096
vn -0.3390 -0.2240 0.9137
vn -0.9048 -0.1011 0.4136
vn -0.3392 -0.2398 0.9096
vn 0.4244 -0.2494 0.8705
vn 0.4250 -0.2331 0.8747
vn -0.3390 -0.2240 0.9137
vn -0.3390 -0.2240 0.9137
vn 0.4250 -0.2331 0.8747
vn 0.4250 -0.2331 0.8747
vn -0.3390 -0.2240 0.9137
vn -0.9048 -0.1011 0.4136
vn -0.3390 -0.2240 0.9137
vn -0.3390 -0.2240 0.9137
vn -0.9048 -0.1011 0.4136
vn 0.3461 -0.7014 0.6231
vn 0.6676 -0.7394 0.0874
vn 0.9207 -0.2712 0.2807
vn 0.4142 -0.3842 0.8251
vn 0.6676 -0.7394 0.0874
vn 0.7485 -0.4674 -0.4705
vn 0.8845 -0.1106 -0.4531
vn 0.9207 -0.2712 0.2807
vn 0.9207 -0.2712 0.2807
vn 0.8845 -0.1106 -0.4531
vn 0.9027 0.0289 -0.4294
vn 0.9388 -0.1364 0.3163
vn 0.4142 -0.3842 0.8251
vn 0.9207 -0.2712 0.2807
vn 0.9388 -0.1364 0.3163
vn 0.4244 -0.2494 0.8705
vn 0.7485 -0.4674 -0.4705
vn 0.2307 -0.5288 -0.8168
vn 0.3288 0.0142 -0.9443
vn 0.8845 -0.1106 -0.4531
vn 0.2307 -0.5288 -0.8168
vn -0.3696 -0.3564 -0.8581
vn -0.4223 0.0191 -0.9062
vn 0.3288 0.0142 -0.9443
vn 0.3288 0.0142 -0.9443
vn -0.4223 0.0191 -0.9062
vn -0.4263 0.1608 -0.8902
vn 0.3373 0.1537 -0.9288
vn 0.8845 -0.1106 -0.4531
vn 0.3288 0.0142 -0.9443
vn 0.3373 0.1537 -0.9288
vn 0.9027 0.0289 -0.4294
vn -0.3696 -0.3564 -0.8581
vn -0.6974 -0.6039 -0.3859
vn -0.9287 -0.0876 -0.3605
vn -0.4223 0.0191 -0.9062
vn -0.6974 -0.6039 -0.3859
vn -0.7720 -0.5905 0.2354
vn -0.8927 -0.2545 0.3720
vn -0.9287 -0.0876 -0.3605
vn -0.9287 -0.0876 -0.3605
vn -0.8927 -0.2545 0.3720
vn -0.9046 -0.1174 0.4097
vn -0.9407 0.0502 -0.3354
vn -0.4223 0.0191 -0.9062
vn -0.9287 -0.0876 -0.3605
vn -0.9407 0.0502 -0.3354
vn -0.4263 0.1608 -0.8902
vn -0.7720 -0.5905 0.2354
vn -0.2606 -0.8145 0.5183
vn -0.3368 -0.3730 0.8646
vn -0.8927 -0.2545 0.3720
vn -0.2606 -0.8145 0.5183
vn 0.3461 -0.7014 0.6231
vn 0.4142 -0.3842 0.8251
vn -0.3368 -0.3730 0.8646
vn -0.3368 -0.3730 0.8646
vn 0.4142 -0.3842 0.8251
vn 0.4244 -0.2494 0.8705
vn -0.3392 -0.2398 0.9096
vn -0.8927 -0.2545 0.3720
vn -0.3368 -0.3730 0.8646
vn -0.3392 -0.2398 0.9096
vn -0.9046 -0.1174 0.4097
vn -0.7054 -0.4024 0.5836
vn 0.0207 -0.4471 0.8943
vn 0.0346 -0.4071 0.9127
vn -0.6754 -0.3149 0.6668
vn 0.0207 -0.4471 0.8943
vn 0.7198 -0.3026 0.6248
vn 0.6938 -0.2034 0.6909
vn 0.0346 -0.4071 0.9127
vn 0.0346 -0.4071 0.9127
vn 0.6938 -0.2034 0.6909
vn 0.6015 0.0135 0.7987
vn 0.0333 -0.1973 0.9798
vn -0.6754 -0.3149 0.6668
vn 0.0346 -0.4071 0.9127
vn 0.0333 -0.1973 0.9798
vn -0.6195 -0.0857 0.7803
vn 0.7198 -0.3026 0.6248
vn 0.9981 -0.0449 -0.0432
vn 0.9784 0.1657 0.1232
vn 0.6938 -0.2034 0.6909
vn 0.9981 -0.0449 -0.0432
vn 0.6737 0.2227 -0.7047
vn 0.6787 0.5572 -0.4785
vn 0.9784 0.1657 0.1232
vn 0.9784 0.1657 0.1232
vn 0.6787 0.5572 -0.4785
vn 0.5833 0.7862 -0.2039
vn 0.8638 0.3766 0.3347
vn 0.6938 -0.2034 0.6909
vn 0.9784 0.1657 0.1232
vn 0.8638 0.3766 0.3347
vn 0.6015 0.0135 0.7987
vn 0.6737 0.2227 -0.7047
vn -0.0131 0.3226 -0.9464
vn -0.0246 0.6881 -0.7252
vn 0.6787 0.5572 -0.4785
vn -0.0131 0.3226 -0.9464
vn -0.6752 0.1801 -0.7153
vn -0.7036 0.4984 -0.5065
vn -0.0246 0.6881 -0.7252
vn -0.0246 0.6881 -0.7252
vn -0.7036 0.4984 -0.5065
vn -0.6610 0.7092 -0.2454
vn -0.0479 0.8899 -0.4536
vn 0.6787 0.5572 -0.4785
vn -0.0246 0.6881 -0.7252
vn -0.0479 0.8899 -0.4536
vn 0.5833 0.7862 -0.2039
vn -0.6752 0.1801 -0.7153
vn -0.9867 -0.1302 -0.0973
vn -0.9957 0.0648 0.0664
vn -0.7036 0.4984 -0.5065
vn -0.9867 -0.1302 -0.0973
vn -0.7054 -0.4024 0.5836
vn -0.6754 -0.3149 0.6668
vn -0.9957 0.0648 0.0664
vn -0.9957 0.0648 0.0664
vn -0.6754 -0.3149 0.6668
vn -0.6195 -0.0857 0.7803
vn -0.9268 0.2741 0.2568
vn -0.7036 0.4984 -0.5065
vn -0.9957 0.0648 0.0664
vn -0.9268 0.2741 0.2568
vn -0.6610 0.7092 -0.2454
vn -0.7108 -0.1452 0.6882
vn -0.0081 -0.1647 0.9863
vn 0.0009 -0.2392 0.9710
vn -0.7096 -0.2197 0.6695
vn -0.0081 -0.1647 0.9863
vn 0.6983 -0.1027 0.7084
vn 0.7038 -0.1600 0.6921
vn 0.0009 -0.2392 0.9710
vn 0.0009 -0.2392 0.9710
vn 0.7038 -0.1600 0.6921
vn 0.7198 -0.3026 0.6248
vn 0.0207 -0.4471 0.8943
vn -0.7096 -0.2197 0.6695
vn 0.0009 -0.2392 0.9710
vn 0.0207 -0.4471 0.8943
vn -0.7054 -0.4024 0.5836
vn 0.6983 -0.1027 0.7084
vn 0.9999 0.0128 0.0101
vn 0.9999 -0.0119 -0.0073
vn 0.7038 -0.1600 0.6921
vn 0.9999 0.0128 0.0101
vn 0.7090 0.1199 -0.6949
vn 0.6940 0.1398 -0.7062
vn 0.9999 -0.0119 -0.0073
vn 0.9999 -0.0119 -0.0073
vn 0.6940 0.1398 -0.7062
vn 0.6737 0.2227 -0.7047
vn 0.9981 -0.0449 -0.0432
vn 0.7038 -0.1600 0.6921
vn 0.9999 -0.0119 -0.0073
vn 0.9981 -0.0449 -0.0432
vn 0.7198 -0.3026 0.6248
vn 0.7090 0.1199 -0.6949
vn 0.0088 0.1509 -0.9885
vn 0.0025 0.1936 -0.9811
vn 0.6940 0.1398 -0.7062
vn 0.0088 0.1509 -0.9885
vn -0.6948 0.0810 -0.7147
vn -0.6829 0.1016 -0.7234
vn 0.0025 0.1936 -0.9811
vn 0.0025 0.1936 -0.9811
vn -0.6829 0.1016 -0.7234
vn -0.6752 0.1801 -0.7153
vn -0.0131 0.3226 -0.9464
vn 0.6940 0.1398 -0.7062
vn 0.0025 0.1936 -0.9811
vn -0.0131 0.3226 -0.9464
vn 0.6737 0.2227 -0.7047
vn -0.6948 0.0810 -0.7147
vn -0.9988 -0.0447 -0.0201
vn -0.9959 -0.0781 -0.0452
vn -0.6829 0.1016 -0.7234
vn -0.9988 -0.0447 -0.0201
vn -0.7108 -0.1452 0.6882
vn -0.7096 -0.2197 0.6695
vn -0.9959 -0.0781 -0.0452
vn -0.9959 -0.0781 -0.0452
vn -0.7096 -0.2197 0.6695
vn -0.7054 -0.4024 0.5836
vn -0.9867 -0.1302 -0.0973
vn -0.6829 0.1016 -0.7234
vn -0.9959 -0.0781 -0.0452
vn -0.9867 -0.1302 -0.0973
vn -0.6752 0.1801 -0.7153
vn -0.7131 -0.1398 0.6870
vn -0.0094 -0.1632 0.9865
vn -0.0094 -0.1606 0.9870
vn -0.7125 -0.1384 0.6879
vn -0.0094 -0.1632 0.9865
vn 0.7000 -0.0999 0.7071
vn 0.6993 -0.0984 0.7080
vn -0.0094 -0.1606 0.9870
vn -0.0094 -0.1606 0.9870
vn 0.6993 -0.0984 0.7080
vn 0.6983 -0.1027 0.7084
vn -0.0081 -0.1647 0.9863
vn -0.7125 -0.1384 0.6879
vn -0.0094 -0.1606 0.9870
vn -0.0081 -0.1647 0.9863
vn -0.7108 -0.1452 0.6882
vn 0.7000 -0.0999 0.7071
vn 0.9998 0.0146 0.0122
vn 0.9998 0.0151 0.0122
vn 0.6993 -0.0984 0.7080
vn 0.9998 0.0146 0.0122
vn 0.7139 0.1123 -0.6911
vn 0.7131 0.1141 -0.6918
vn 0.9998 0.0151 0.0122
vn 0.9998 0.0151 0.0122
vn 0.7131 0.1141 -0.6918
vn 0.7090 0.1199 -0.6949
vn 0.9999 0.0128 0.0101
vn 0.6993 -0.0984 0.7080
vn 0.9998 0.0151 0.0122
vn 0.9999 0.0128 0.0101
vn 0.6983 -0.1027 0.7084
vn 0.7139 0.1123 -0.6911
vn 0.0102 0.1370 -0.9905
vn 0.0100 0.1399 -0.9901
vn 0.7131 0.1141 -0.6918
vn 0.0102 0.1370 -0.9905
vn -0.6992 0.0726 -0.7112
vn -0.6984 0.0747 -0.7118
vn 0.0100 0.1399 -0.9901
vn 0.0100 0.1399 -0.9901
vn -0.6984 0.0747 -0.7118
vn -0.6948 0.0810 -0.7147
vn 0.0088 0.1509 -0.9885
vn 0.7131 0.1141 -0.6918
vn 0.0100 0.1399 -0.9901
vn 0.0088 0.1509 -0.9885
vn 0.7090 0.1199 -0.6949
vn -0.6992 0.0726 -0.7112
vn -0.9990 -0.0416 -0.0163
vn -0.9990 -0.0411 -0.0165
vn -0.6984 0.0747 -0.7118
vn -0.9990 -0.0416 -0.0163
vn -0.7131 -0.1398 0.6870
vn -0.7125 -0.1384 0.6879
vn -0.9990 -0.0411 -0.0165
vn -0.9990 -0.0411 -0.0165
vn -0.7125 -0.1384 0.6879
vn -0.7108 -0.1452 0.6882
vn -0.9988 -0.0447 -0.0201
vn -0.6984 0.0747 -0.7118
vn -0.9990 -0.0411 -0.0165
vn -0.9988 -0.0447 -0.0201
vn -0.6948 0.0810 -0.7147
vn -0.7132 -0.1400 0.6868
vn -0.0094 -0.1636 0.9865
vn -0.0094 -0.1636 0.9865
vn -0.7132 -0.1400 0.6868
vn -0.0094 -0.1636 0.9865
vn 0.7002 -0.1002 0.7069
vn 0.7002 -0.1002 0.7069
vn -0.0094 -0.1636 0.9865
vn -0.0094 -0.1636 0.9865
vn 0.7002 -0.1002 0.7069
vn 0.7000 -0.0999 0.7071
vn -0.0094 -0.1632 0.9865
vn -0.7132 -0.1400 0.6868
vn -0.0094 -0.1636 0.9865
vn -0.0094 -0.1632 0.9865
vn -0.7131 -0.1398 0.6870
vn 0.7002 -0.1002 0.7069
vn 0.9998 0.0146 0.0122
vn 0.9998 0.0146 0.0122
vn 0.7002 -0.1002 0.7069
vn 0.9998 0.0146 0.0122
vn 0.7141 0.1121 -0.6911
vn 0.7141 0.1121 -0.6911
vn 0.9998 0.0146 0.0122
vn 0.9998 0.0146 0.0122
vn 0.7141 0.1121 -0.6911
vn 0.7139 0.1123 -0.6911
vn 0.9998 0.0146 0.0122
vn 0.7002 -0.1002 0.7069
vn 0.9998 0.0146 0.0122
vn 0.9998 0.0146 0.0122
vn 0.7000 -0.0999 0.7071
vn 0.7141 0.1121 -0.6911
vn 0.0103 0.1365 -0.9906
vn 0.0102 0.1365 -0.9906
vn 0.7141 0.1121 -0.6911
vn 0.0103 0.1365 -0.9906
vn -0.6993 0.0723 -0.7112
vn -0.6993 0.0723 -0.7112
vn 0.0102 0.1365 -0.9906
vn 0.0102 0.1365 -0.9906
vn -0.6993 0.0723 -0.7112
vn -0.6992 0.0726 -0.7112
vn 0.0102 0.1370 -0.9905
vn 0.7141 0.1121 -0.6911
vn 0.0102 0.1365 -0.9906
vn 0.0102 0.1370 -0.9905
vn 0.7139 0.1123 -0.6911
vn -0.6993 0.0723 -0.7112
vn -0.9990 -0.0417 -0.0163
vn -0.9990 -0.0417 -0.0163
vn -0.6993 0.0723 -0.7112
vn -0.9990 -0.0417 -0.0163
vn -0.7132 -0.1400 0.6868
vn -0.7132 -0.1400 0.6868
vn -0.9990 -0.0417 -0.0163
vn -0.9990 -0.0417 -0.0163
vn -0.7132 -0.1400 0.6868
vn -0.7131 -0.1398 0.6870
vn -0.9990 -0.0416 -0.0163
vn -0.6993 0.0723 -0.7112
vn -0.9990 -0.0417 -0.0163
vn -0.9990 -0.0416 -0.0163
vn -0.6992 0.0726 -0.7112
vn -0.7132 -0.1400 0.6868
vn -0.0094 -0.1636 0.9865
vn -0.0094 -0.1636 0.9865
vn -0.7132 -0.1400 0.6868
vn -0.0094 -0.1636 0.9865
vn 0.7002 -0.1002 0.7069
vn 0.7002 -0.1002 0.7069
vn -0.0094 -0.1636 0.9865
vn -0.0094 -0.1636 0.9865
vn 0.7002 -0.1002 0.7069
vn 0.7002 -0.1002 0.7069
vn -0.0094 -0.1636 0.9865
vn -0.7132 -0.1400 0.6868
vn -0.0094 -0.1636 0.9865
vn -0.0094 -0.1636 0.9865
vn -0.7132 -0.1400 0.6868
vn 0.7002 -0.1002 0.7069
vn 0.9998 0.0146 0.0122
vn 0.9998 0.0146 0.0122
vn 0.7002 -0.1002 0.7069
vn 0.9998 0.0146 0.0122
vn 0.7141 0.1121 -0.6911
vn 0.7141 0.1121 -0.6911
vn 0.9998 0.0146 0.0122
vn 0.9998 0.0146 0.0122
vn 0.7141 0.1121 -0.6911
vn 0.7141 0.1121 -0.6911
vn 0.9998 0.0146 0.0122
vn 0.7002 -0.1002 0.7069
vn 0.9998 0.0146 0.0122
vn 0.9998 0.0146 0.0122
vn 0.7002 -0.1002 0.7069
vn 0.7141 0.1121 -0.6911
vn 0.0103 0.1365 -0.9906
vn 0.0103 0.1365 -0.9906
vn 0.7141 0.1121 -0.6911
vn 0.0103 0.1365 -0.9906
vn -0.6993 0.0723 -0.7112
vn -0.6993 0.0723 -0.7112
vn 0.0103 0.1365 -0.9906
vn 0.0103 0.1365 -0.9906
vn -0.6993 0.0723 -0.7112
vn -0.6993 0.0723 -0.7112
vn 0.0103 0.1365 -0.9906
vn 0.7141 0.1121 -0.6911
vn 0.0103 0.1365 -0.9906
vn 0.0103 0.1365 -0.9906
vn 0.7141 0.1121 -0.6911
vn -0.6993 0.0723 -0.7112
vn -0.9990 -0.0417 -0.0163
vn -0.9990 -0.0417 -0.0163
vn -0.6993 0.0723 -0.7112
vn -0.9990 -0.0417 -0.0163
vn -0.7132 -0.1400 0.6868
vn -0.7132 -0.1400 0.6868
vn -0.9990 -0.0417 -0.0163
vn -0.9990 -0.0417 -0.0163
vn -0.7132 -0.1400 0.6868
vn -0.7132 -0.1400 0.6868
vn -0.9990 -0.0417 -0.0163
vn -0.6993 0.0723 -0.7112
vn -0.9990 -0.0417 -0.0163
vn -0.9990 -0.0417 -0.0163
vn -0.6993 0.0723 -0.7112
vn -0.7132 -0.1400 0.6868
vn -0.0094 -0.1636 0.9865
vn -0.0094 -0.1636 0.9865
vn -0.7132 -0.1400 0.6868
vn -0.0094 -0.1636 0.9865
vn 0.7002 -0.1002 0.7069
vn 0.7002 -0.1002 0.7069
vn -0.0094 -0.1636 0.9865
vn -0.0094 -0.1636 0.9865
vn 0.7002 -0.1002 0.7069
vn 0.7002 -0.1002 0.7069
vn -0.0094 -0.1636 0.9865
vn -0.7132 -0.1400 0.6868
vn -0.0094 -0.1636 0.9865
vn -0.0094 -0.1636 0.9865
vn -0.7132 -0.1400 0.6868
vn 0.7002 -0.1002 0.7069
vn 0.9998 0.0146 0.0122
vn 0.9998 0.0146 0.0122
vn 0.7002 -0.1002 0.7069
vn 0.9998 0.0146 0.0122
vn 0.7141 0.1121 -0.6911
vn 0.7141 0.1121 -0.6911
vn 0.9998 0.0146 0.0122
vn 0.9998 0.0146 0.0122
vn 0.7141 0.1121 -0.6911
vn 0.7141 0.1121 -0.6911
vn 0.9998 0.0146 0.0122
vn 0.7002 -0.1002 0.7069
vn 0.9998 0.0146 0.0122
vn 0.9998 0.0146 0.0122
vn 0.7002 -0.1002 0.7069
vn 0.7141 0.1121 -0.6911
vn 0.0102 0.1365 -0.9906
vn 0.0103 0.1365 -0.9906
vn 0.7141 0.1121 -0.6911
vn 0.0102 0.1365 -0.9906
vn -0.6993 0.0723 -0.7112
vn -0.6993 0.0723 -0.7112
vn 0.0103 0.1365 -0.9906
vn 0.0103 0.1365 -0.9906
vn -0.6993 0.0723 -0.7112
vn -0.6993 0.0723 -0.7112
vn 0.0103 0.1365 -0.9906
vn 0.7141 0.1121 -0.6911
vn 0.0103 0.1365 -0.9906
vn 0.0103 0.1365 -0.9906
vn 0.7141 0.1121 -0.6911
vn -0.6993 0.0723 -0.7112
vn -0.9990 -0.0417 -0.0163
vn -0.9990 -0.0417 -0.0163
vn -0.6993 0.0723 -0.7112
vn -0.9990 -0.0417 -0.0163
vn -0.7132 -0.1400 0.6868
vn -0.7132 -0.1400 0.6868
vn -0.9990 -0.0417 -0.0163
vn -0.9990 -0.0417 -0.0163
vn -0.7132 -0.1400 0.6868
vn -0.7132 -0.1400 0.6868
vn -0.9990 -0.0417 -0.0163
vn -0.6993 0.0723 -0.7112
vn -0.9990 -0.0417 -0.0163
vn -0.9990 -0.0417 -0.0163
vn -0.6993 0.0723 -0.7112
vn -0.7132 -0.1400 0.6868
vn -0.0094 -0.1636 0.9865
vn -0.0094 -0.1636 0.9865
vn -0.7132 -0.1400 0.6868
vn -0.0094 -0.1636 0.9865
vn 0.7002 -0.1002 0.7069
vn 0.7002 -0.1002 0.7069
vn -0.0094 -0.1636 0.9865
vn -0.0094 -0.1636 0.9865
vn 0.7002 -0.1002 0.7069
vn 0.7002 -0.1002 0.7069
vn -0.0094 -0.1636 0.9865
vn -0.7132 -0.1400 0.6868
vn -0.0094 -0.1636 0.9865
vn -0.0094 -0.1636 0.9865
vn -0.7132 -0.1400 0.6868
vn 0.7002 -0.1002 0.7069
vn 0.9998 0.0146 0.0122
vn 0.9998 0.0146 0.0122
vn 0.7002 -0.1002 0.7069
vn 0.9998 0.0146 0.0122
vn 0.7141 0.1121 -0.6911
vn 0.7141 0.1121 -0.6911
vn 0.9998 0.0146 0.0122
vn 0.9998 0.0146 0.0122
vn 0.7141 0.1121 -0.6911
vn 0.7141 0.1121 -0.6911
vn 0.9998 0.0146 0.0122
vn 0.7002 -0.1002 0.7069
vn 0.9998 0.0146 0.0122
vn 0.9998 0.0146 0.0122
vn 0.7002 -0.1002 0.7069
vn 0.7141 0.1121 -0.6911
vn 0.0102 0.1365 -0.9906
vn 0.0102 0.1365 -0.9906
vn 0.7141 0.1121 -0.6911
vn 0.0102 0.1365 -0.9906
vn -0.6993 0.0723 -0.7112
vn -0.6993 0.0723 -0.7112
vn 0.0102 0.1365 -0.9906
vn 0.0102 0.1365 -0.9906
vn -0.6993 0.0723 -0.7112
vn -0.6993 0.0723 -0.7112
vn 0.0102 0.1365 -0.9906
vn 0.7141 0.1121 -0.6911
vn 0.0102 0.1365 -0.9906
vn 0.0102 0.1365 -0.9906
vn 0.7141 0.1121 -0.6911
vn -0.6993 0.0723 -0.7112
vn -0.9990 -0.0417 -0.0163
vn -0.9990 -0.0417 -0.0163
vn -0.6993 0.0723 -0.7112
vn -0.9990 -0.0417 -0.0163
vn -0.7132 -0.1400 0.6868
vn -0.7132 -0.1400 0.6868
vn -0.9990 -0.0417 -0.0163
vn -0.9990 -0.0417 -0.0163
vn -0.7132 -0.1400 0.6868
vn -0.7132 -0.1400 0.6868
vn -0.9990 -0.0417 -0.0163
vn -0.6993 0.0723 -0.7112
vn -0.9990 -0.0417 -0.0163
vn -0.9990 -0.0417 -0.0163
vn -0.6993 0.0723 -0.7112
vn -0.7132 -0.1400 0.6868
vn -0.0094 -0.1636 0.9865
vn -0.0094 -0.1636 0.9865
vn -0.7132 -0.1400 0.6868
vn -0.0094 -0.1636 0.9865
vn 0.7002 -0.1002 0.7069
vn 0.7002 -0.1002 0.7069
vn -0.0094 -0.1636 0.9865
vn -0.0094 -0.1636 0.9865
vn 0.7002 -0.1002 0.7069
vn 0.7002 -0.1002 0.7069
vn -0.0094 -0.1636 0.9865
vn -0.7132 -0.1400 0.6868
vn -0.0094 -0.1636 0.9865
vn -0.0094 -0.1636 0.9865
vn -0.7132 -0.1400 0.6868
vn 0.7002 -0.1002 0.7069
vn 0.9998 0.0146 0.0122
vn 0.9998 0.0146 0.0122
vn 0.7002 -0.1002 0.7069
vn 0.9998 0.0146 0.0122
vn 0.7141 0.1121 -0.6911
vn 0.7141 0.1121 -0.6911
vn 0.9998 0.0146 0.0122
vn 0.9998 0.0146 0.0122
vn 0.7141 0.1121 -0.6911
vn 0.7141 0.1121 -0.6911
vn 0.9998 0.0146 0.0122
vn 0.7002 -0.1002 0.7069
vn 0.9998 0.0146 0.0122
vn 0.9998 0.0146 0.0122
vn 0.7002 -0.1002 0.7069
vn 0.7141 0.1121 -0.6911
vn 0.0102 0.1365 -0.9906
vn 0.0102 0.1365 -0.9906
vn 0.7141 0.1121 -0.6911
vn 0.0102 0.1365 -0.9906
vn -0.6993 0.0723 -0.7112
vn -0.6993 0.0723 -0.7112
vn 0.0102 0.1365 -0.9906
vn 0.0102 0.1365 -0.9906
vn -0.6993 0.0723 -0.7112
vn -0.6993 0.0723 -0.7112
vn 0.0102 0.1365 -0.9906
vn 0.7141 0.1121 -0.6911
vn 0.0102 0.1365 -0.9906
vn 0.0102 0.1365 -0.9906
vn 0.7141 0.1121 -0.6911
vn -0.6993 0.0723 -0.7112
vn -0.9990 -0.0417 -0.0163
vn -0.9990 -0.0417 -0.0163
vn -0.6993 0.0723 -0.7112
vn -0.9990 -0.0417 -0.0163
vn -0.7132 -0.1400 0.6868
vn -0.7132 -0.1400 0.6868
vn -0.9990 -0.0417 -0.0163
vn -0.9990 -0.0417 -0.0163
vn -0.7132 -0.1400 0.6868
vn -0.7132 -0.1400 0.6868
vn -0.9990 -0.0417 -0.0163
vn -0.6993 0.0723 -0.7112
vn -0.9990 -0.0417 -0.0163
vn -0.9990 -0.0417 -0.0163
vn -0.6993 0.0723 -0.7112
vn -0.7132 -0.1400 0.6868
vn -0.0094 -0.1636 0.9865
vn -0.0094 -0.1636 0.9865
vn -0.7132 -0.1400 0.6868
vn -0.0094 -0.1636 0.9865
vn 0.7002 -0.1002 0.7069
vn 0.7002 -0.1002 0.7069
vn -0.0094 -0.1636 0.9865
vn -0.0094 -0.1636 0.9865
vn 0.7002 -0.1002 0.7069
vn 0.7002 -0.1002 0.7069
vn -0.0094 -0.1636 0.9865
vn -0.7132 -0.1400 0.6868
vn -0.0094 -0.1636 0.9865
vn -0.0094 -0.1636 0.9865
vn -0.7132 -0.1400 0.6868
vn 0.7002 -0.1002 0.7069
vn 0.9998 0.0146 0.0122
vn 0.9998 0.0146 0.0122
vn 0.7002 -0.1002 0.7069
vn 0.9998 0.0146 0.0122
vn 0.7141 0.1121 -0.6911
vn 0.7141 0.1121 -0.6911
vn 0.9998 0.0146 0.0122
vn 0.9998 0.0146 0.0122
vn 0.7141 0.1121 -0.6911
vn 0.7141 0.1121 -0.6911
vn 0.9998 0.0146 0.0122
vn 0.7002 -0.1002 0.7069
vn 0.9998 0.0146 0.0122
vn 0.9998 0.0146 0.0122
vn 0.7002 -0.1002 0.7069
vn 0.7141 0.1121 -0.6911
vn 0.0102 0.1365 -0.9906
vn 0.0102 0.1365 -0.9906
vn 0.7141 0.1121 -0.6911
vn 0.0102 0.1365 -0.9906
vn -0.6993 0.0723 -0.7112
vn -0.6993 0.0723 -0.7112
vn 0.0102 0.1365 -0.9906
vn 0.0102 0.1365 -0.9906
vn -0.6993 0.0723 -0.7112
vn -0.6993 0.0723 -0.7112
vn 0.0102 0.1365 -0.9906
vn 0.7141 0.1121 -0.6911
vn 0.0102 0.1365 -0.9906
vn 0.0102 0.1365 -0.9906
vn 0.7141 0.1121 -0.6911
vn -0.6993 0.0723 -0.7112
vn -0.9990 -0.0417 -0.0163
vn -0.9990 -0.0417 -0.0163
vn -0.6993 0.0723 -0.7112
vn -0.9990 -0.0417 -0.0163
vn -0.7132 -0.1400 0.6868
vn -0.7132 -0.1400 0.6868
vn -0.9990 -0.0417 -0.0163
vn -0.9990 -0.0417 -0.0163
vn -0.7132 -0.1400 0.6868
vn -0.7132 -0.1400 0.6868
vn -0.9990 -0.0417 -0.0163
vn -0.6993 0.0723 -0.7112
vn -0.9990 -0.0417 -0.0163
vn -0.9990 -0.0417 -0.0163
vn -0.6993 0.0723 -0.7112
vn -0.7132 -0.1400 0.6868
vn -0.0094 -0.1636 0.9865
vn -0.0094 -0.1636 0.9865
vn -0.7132 -0.1400 0.6868
vn -0.0094 -0.1636 0.9865
vn 0.7002 -0.1002 0.7069
vn 0.7001 -0.1002 0.7069
vn -0.0094 -0.1636 0.9865
vn -0.0094 -0.1636 0.9865
vn 0.7001 -0.1002 0.7069
vn 0.7002 -0.1002 0.7069
vn -0.0094 -0.1636 0.9865
vn -0.7132 -0.1400 0.6868
vn -0.0094 -0.1636 0.9865
vn -0.0094 -0.1636 0.9865
vn -0.7132 -0.1400 0.6868
vn 0.7002 -0.1002 0.7069
vn 0.9998 0.0146 0.0122
vn 0.9998 0.0146 0.0122
vn 0.7001 -0.1002 0.7069
vn 0.9998 0.0146 0.0122
vn 0.7141 0.1121 -0.6911
vn 0.7141 0.1121 -0.6911
vn 0.9998 0.0146 0.0122
vn 0.9998 0.0146 0.0122
vn 0.7141 0.1121 -0.6911
vn 0.7141 0.1121 -0.6911
vn 0.9998 0.0146 0.0122
vn 0.7001 -0.1002 0.7069
vn 0.9998 0.0146 0.0122
vn 0.9998 0.0146 0.0122
vn 0.7002 -0.1002 0.7069
vn 0.7141 0.1121 -0.6911
vn 0.0102 0.1365 -0.9906
vn 0.0102 0.1365 -0.9906
vn 0.7141 0.1121 -0.6911
vn 0.0102 0.1365 -0.9906
vn -0.6993 0.0723 -0.7112
vn -0.6993 0.0723 -0.7112
vn 0.0102 0.1365 -0.9906
vn 0.0102 0.1365 -0.9906
vn -0.6993 0.0723 -0.7112
vn -0.6993 0.0723 -0.7112
vn 0.0102 0.1365 -0.9906
vn 0.7141 0.1121 -0.6911
vn 0.0102 0.1365 -0.9906
vn 0.0102 0.1365 -0.9906
vn 0.7141 0.1121 -0.6911
vn -0.6993 0.0723 -0.7112
vn -0.9990 -0.0417 -0.0163
vn -0.9990 -0.0417 -0.0163
vn -0.6993 0.0723 -0.7112
vn -0.9990 -0.0417 -0.0163
vn -0.7132 -0.1400 0.6868
vn -0.7132 -0.1400 0.6868
vn -0.9990 -0.0417 -0.0163
vn -0.9990 -0.0417 -0.0163
vn -0.7132 -0.1400 0.6868
vn -0.7132 -0.1400 0.6868
vn -0.9990 -0.0417 -0.0163
vn -0.6993 0.0723 -0.7112
vn -0.9990 -0.0417 -0.0163
vn -0.9990 -0.0417 -0.0163
vn -0.6993 0.0723 -0.7112
vn -0.7132 -0.1400 0.6868
vn -0.0094 -0.1636 0.9865
vn -0.0094 -0.1636 0.9865
vn -0.7132 -0.1400 0.6868
vn -0.0094 -0.1636 0.9865
vn 0.7002 -0.1002 0.7069
vn 0.7002 -0.1002 0.7069
vn -0.0094 -0.1636 0.9865
vn -0.0094 -0.1636 0.9865
vn 0.7002 -0.1002 0.7069
vn 0.7002 -0.1002 0.7069
vn -0.0094 -0.1636 0.9865
vn -0.7132 -0.1400 0.6868
vn -0.0094 -0.1636 0.9865
vn -0.0094 -0.1636 0.9865
vn -0.7132 -0.1400 0.6868
vn 0.7002 -0.1002 0.7069
vn 0.9998 0.0146 0.0122
vn 0.9998 0.0146 0.0122
vn 0.7002 -0.1002 0.7069
vn 0.9998 0.0146 0.0122
vn 0.7141 0.1121 -0.6911
vn 0.7141 0.1121 -0.6911
vn 0.9998 0.0146 0.0122
vn 0.9998 0.0146 0.0122
vn 0.7141 0.1121 -0.6911
vn 0.7141 0.1121 -0.6911
vn 0.9998 0.0146 0.0122
vn 0.7002 -0.1002 0.7069
vn 0.9998 0.0146 0.0122
vn 0.9998 0.0146 0.0122
vn 0.7002 -0.1002 0.7069
vn 0.7141 0.1121 -0.6911
vn 0.0102 0.1365 -0.9906
vn 0.0102 0.1365 -0.9906
vn 0.7141 0.1121 -0.6911
vn 0.0102 0.1365 -0.9906
vn -0.6993 0.0723 -0.7112
vn -0.6993 0.0723 -0.7112
vn 0.0102 0.1365 -0.9906
vn 0.0102 0.1365 -0.9906
vn -0.6993 0.0723 -0.7112
vn -0.6993 0.0723 -0.7112
vn 0.0102 0.1365 -0.9906
vn 0.7141 0.1121 -0.6911
vn 0.0102 0.1365 -0.9906
vn 0.0102 0.1365 -0.9906
vn 0.7141 0.1121 -0.6911
vn -0.6993 0.0723 -0.7112
vn -0.9990 -0.0417 -0.0163
vn -0.9990 -0.0417 -0.0163
vn -0.6993 0.0723 -0.7112
vn -0.9990 -0.0417 -0.0163
vn -0.7132 -0.1400 0.6868
vn -0.7132 -0.1400 0.6868
vn -0.9990 -0.0417 -0.0163
vn -0.9990 -0.0417 -0.0163
vn -0.7132 -0.1400 0.6868
vn -0.7132 -0.1400 0.6868
vn -0.9990 -0.0417 -0.0163
vn -0.6993 0.0723 -0.7112
vn -0.9990 -0.0417 -0.0163
vn -0.9990 -0.0417 -0.0163
vn -0.6993 0.0723 -0.7112
vn -0.7132 -0.1400 0.6868
vn -0.0094 -0.1636 0.9865
vn -0.0094 -0.1636 0.9865
vn -0.7132 -0.1400 0.6868
vn -0.0094 -0.1636 0.9865
vn 0.7002 -0.1002 0.7069
vn 0.7002 -0.1002 0.7069
vn -0.0094 -0.1636 0.9865
vn -0.0094 -0.1636 0.9865
vn 0.7002 -0.1002 0.7069
vn 0.7002 -0.1002 0.7069
vn -0.0094 -0.1636 0.9865
vn -0.7132 -0.1400 0.6868
vn -0.0094 -0.1636 0.9865
vn -0.0094 -0.1636 0.9865
vn -0.7132 -0.1400 0.6868
vn 0.7002 -0.1002 0.7069
vn 0.9998 0.0146 0.0122
vn 0.9998 0.0146 0.0122
vn 0.7002 -0.1002 0.7069
vn 0.9998 0.0146 0.0122
vn 0.7141 0.1121 -0.6911
vn 0.7141 0.1121 -0.6911
vn 0.9998 0.0146 0.0122
vn 0.9998 0.0146 0.0122
vn 0.7141 0.1121 -0.6911
vn 0.7141 0.1121 -0.6911
vn 0.9998 0.0146 0.0122
vn 0.7002 -0.1002 0.7069
vn 0.9998 0.0146 0.0122
vn 0.9998 0.0146 0.0122
vn 0.7002 -0.1002 0.7069
vn 0.7141 0.1121 -0.6911
vn 0.0102 0.1365 -0.9906
vn 0.0102 0.1365 -0.9906
vn 0.7141 0.1121 -0.6911
vn 0.0102 0.1365 -0.9906
vn -0.6993 0.0723 -0.7112
vn -0.6993 0.0723 -0.7112
vn 0.0102 0.1365 -0.9906
vn 0.0102 0.1365 -0.9906
vn -0.6993 0.0723 -0.7112
vn -0.6993 0.0723 -0.7112
vn 0.0102 0.1365 -0.9906
vn 0.7141 0.1121 -0.6911
vn 0.0102 0.1365 -0.9906
vn 0.0102 0.1365 -0.9906
vn 0.7141 0.1121 -0.6911
vn -0.6993 0.0723 -0.7112
vn -0.9990 -0.0417 -0.0163
vn -0.9990 -0.0417 -0.0163
vn -0.6993 0.0723 -0.7112
vn -0.9990 -0.0417 -0.0163
vn -0.7132 -0.1400 0.6868
vn -0.7132 -0.1400 0.6868
vn -0.9990 -0.0417 -0.0163
vn -0.9990 -0.0417 -0.0163
vn -0.7132 -0.1400 0.6868
vn -0.7132 -0.1400 0.6868
vn -0.9990 -0.0417 -0.0163
vn -0.6993 0.0723 -0.7112
vn -0.9990 -0.0417 -0.0163
vn -0.9990 -0.0417 -0.0163
vn -0.6993 0.0723 -0.7112
vn -0.7129 -0.1400 0.6871
vn -0.0091 -0.1650 0.9862
vn -0.0094 -0.1636 0.9865
vn -0.7132 -0.1400 0.6868
vn -0.0091 -0.1650 0.9862
vn 0.7003 -0.1024 0.7065
vn 0.7002 -0.1002 0.7069
vn -0.0094 -0.1636 0.9865
vn -0.0094 -0.1636 0.9865
vn 0.7002 -0.1002 0.7069
vn 0.7002 -0.1002 0.7069
vn -0.0094 -0.1636 0.9865
vn -0.7132 -0.1400 0.6868
vn -0.0094 -0.1636 0.9865
vn -0.0094 -0.1636 0.9865
vn -0.7132 -0.1400 0.6868
vn 0.7003 -0.1024 0.7065
vn 0.9998 0.0126 0.0121
vn 0.9998 0.0146 0.0122
vn 0.7002 -0.1002 0.7069
vn 0.9998 0.0126 0.0121
vn 0.7144 0.1113 -0.6908
vn 0.7141 0.1121 -0.6911
vn 0.9998 0.0146 0.0122
vn 0.9998 0.0146 0.0122
vn 0.7141 0.1121 -0.6911
vn 0.7141 0.1121 -0.6911
vn 0.9998 0.0146 0.0122
vn 0.7002 -0.1002 0.7069
vn 0.9998 0.0146 0.0122
vn 0.9998 0.0146 0.0122
vn 0.7002 -0.1002 0.7069
vn 0.7144 0.1113 -0.6908
vn 0.0105 0.1372 -0.9905
vn 0.0102 0.1365 -0.9906
vn 0.7141 0.1121 -0.6911
vn 0.0105 0.1372 -0.9905
vn -0.6993 0.0737 -0.7110
vn -0.6993 0.0722 -0.7112
vn 0.0102 0.1365 -0.9906
vn 0.0102 0.1365 -0.9906
vn -0.6993 0.0722 -0.7112
vn -0.6993 0.0723 -0.7112
vn 0.0102 0.1365 -0.9906
vn 0.7141 0.1121 -0.6911
vn 0.0102 0.1365 -0.9906
vn 0.0102 0.1365 -0.9906
vn 0.7141 0.1121 -0.6911
vn -0.6993 0.0737 -0.7110
vn -0.9991 -0.0405 -0.0159
vn -0.9990 -0.0417 -0.0163
vn -0.6993 0.0722 -0.7112
vn -0.9991 -0.0405 -0.0159
vn -0.7129 -0.1400 0.6871
vn -0.7132 -0.1400 0.6868
vn -0.9990 -0.0417 -0.0163
vn -0.9990 -0.0417 -0.0163
vn -0.7132 -0.1400 0.6868
vn -0.7132 -0.1400 0.6868
vn -0.9990 -0.0417 -0.0163
vn -0.6993 0.0722 -0.7112
vn -0.9990 -0.0417 -0.0163
vn -0.9990 -0.0417 -0.0163
vn -0.6993 0.0723 -0.7112
vn -0.7115 -0.1394 0.6887
vn -0.0073 -0.1885 0.9820
vn -0.0075 -0.1734 0.9848
vn -0.7116 -0.1399 0.6885
vn -0.0073 -0.1885 0.9820
vn 0.7006 -0.1398 0.6997
vn 0.7007 -0.1158 0.7040
vn -0.0075 -0.1734 0.9848
vn -0.0075 -0.1734 0.9848
vn 0.7007 -0.1158 0.7040
vn 0.7003 -0.1024 0.7065
vn -0.0091 -0.1650 0.9862
vn -0.7116 -0.1399 0.6885
vn -0.0075 -0.1734 0.9848
vn -0.0091 -0.1650 0.9862
vn -0.7129 -0.1400 0.6871
vn 0.7006 -0.1398 0.6997
vn 0.9998 -0.0201 0.0077
vn 0.9999 0.0008 0.0111
vn 0.7007 -0.1158 0.7040
vn 0.9998 -0.0201 0.0077
vn 0.7158 0.0990 -0.6912
vn 0.7158 0.1068 -0.6901
vn 0.9999 0.0008 0.0111
vn 0.9999 0.0008 0.0111
vn 0.7158 0.1068 -0.6901
vn 0.7144 0.1113 -0.6908
vn 0.9998 0.0126 0.0121
vn 0.7007 -0.1158 0.7040
vn 0.9999 0.0008 0.0111
vn 0.9998 0.0126 0.0121
vn 0.7003 -0.1024 0.7065
vn 0.7158 0.0990 -0.6912
vn 0.0117 0.1500 -0.9886
vn 0.0117 0.1418 -0.9898
vn 0.7158 0.1068 -0.6901
vn 0.0117 0.1500 -0.9886
vn -0.6997 0.1004 -0.7073
vn -0.6994 0.0833 -0.7099
vn 0.0117 0.1418 -0.9898
vn 0.0117 0.1418 -0.9898
vn -0.6994 0.0833 -0.7099
vn -0.6993 0.0737 -0.7110
vn 0.0105 0.1372 -0.9905
vn 0.7158 0.1068 -0.6901
vn 0.0117 0.1418 -0.9898
vn 0.0105 0.1372 -0.9905
vn 0.7144 0.1113 -0.6908
vn -0.6997 0.1004 -0.7073
vn -0.9998 -0.0188 -0.0115
vn -0.9994 -0.0329 -0.0138
vn -0.6994 0.0833 -0.7099
vn -0.9998 -0.0188 -0.0115
vn -0.7115 -0.1394 0.6887
vn -0.7116 -0.1399 0.6885
vn -0.9994 -0.0329 -0.0138
vn -0.9994 -0.0329 -0.0138
vn -0.7116 -0.1399 0.6885
vn -0.7129 -0.1400 0.6871
vn -0.9991 -0.0405 -0.0159
vn -0.6994 0.0833 -0.7099
vn -0.9994 -0.0329 -0.0138
vn -0.9991 -0.0405 -0.0159
vn -0.6993 0.0737 -0.7110
vn -0.7138 -0.1384 0.6866
vn -0.0098 -0.2042 0.9789
vn -0.0087 -0.2000 0.9797
vn -0.7129 -0.1387 0.6874
vn -0.0098 -0.2042 0.9789
vn 0.6996 -0.1650 0.6952
vn 0.7000 -0.1583 0.6964
vn -0.0087 -0.2000 0.9797
vn -0.0087 -0.2000 0.9797
vn 0.7000 -0.1583 0.6964
vn 0.7006 -0.1398 0.6997
vn -0.0073 -0.1885 0.9820
vn -0.7129 -0.1387 0.6874
vn -0.0087 -0.2000 0.9797
vn -0.0073 -0.1885 0.9820
vn -0.7115 -0.1394 0.6887
vn 0.6996 -0.1650 0.6952
vn 0.9991 -0.0417 0.0023
vn 0.9993 -0.0361 0.0040
vn 0.7000 -0.1583 0.6964
vn 0.9991 -0.0417 0.0023
vn 0.7134 0.0914 -0.6948
vn 0.7144 0.0933 -0.6935
vn 0.9993 -0.0361 0.0040
vn 0.9993 -0.0361 0.0040
vn 0.7144 0.0933 -0.6935
vn 0.7158 0.0990 -0.6912
vn 0.9998 -0.0201 0.0077
vn 0.7000 -0.1583 0.6964
vn 0.9993 -0.0361 0.0040
vn 0.9998 -0.0201 0.0077
vn 0.7006 -0.1398 0.6997
vn 0.7134 0.0914 -0.6948
vn 0.0095 0.1585 -0.9873
vn 0.0103 0.1563 -0.9877
vn 0.7144 0.0933 -0.6935
vn 0.0095 0.1585 -0.9873
vn -0.7003 0.1182 -0.7040
vn -0.7001 0.1135 -0.7049
vn 0.0103 0.1563 -0.9877
vn 0.0103 0.1563 -0.9877
vn -0.7001 0.1135 -0.7049
vn -0.6997 0.1004 -0.7073
vn 0.0117 0.1500 -0.9886
vn 0.7144 0.0933 -0.6935
vn 0.0103 0.1563 -0.9877
vn 0.0117 0.1500 -0.9886
vn 0.7158 0.0990 -0.6912
vn -0.7003 0.1182 -0.7040
vn -0.9999 -0.0039 -0.0104
vn -0.9999 -0.0079 -0.0105
vn -0.7001 0.1135 -0.7049
vn -0.9999 -0.0039 -0.0104
vn -0.7138 -0.1384 0.6866
vn -0.7129 -0.1387 0.6874
vn -0.9999 -0.0079 -0.0105
vn -0.9999 -0.0079 -0.0105
vn -0.7129 -0.1387 0.6874
vn -0.7115 -0.1394 0.6887
vn -0.9998 -0.0188 -0.0115
vn -0.7001 0.1135 -0.7049
vn -0.9999 -0.0079 -0.0105
vn -0.9998 -0.0188 -0.0115
vn -0.6997 0.1004 -0.7073
vn -0.7140 -0.1383 0.6863
vn -0.0101 -0.2048 0.9787
vn -0.0100 -0.2048 0.9788
vn -0.7140 -0.1383 0.6864
vn -0.0101 -0.2048 0.9787
vn 0.6995 -0.1661 0.6951
vn 0.6995 -0.1660 0.6951
vn -0.0100 -0.2048 0.9788
vn -0.0100 -0.2048 0.9788
vn 0.6995 -0.1660 0.6951
vn 0.6996 -0.1650 0.6952
vn -0.0098 -0.2042 0.9789
vn -0.7140 -0.1383 0.6864
vn -0.0100 -0.2048 0.9788
vn -0.0098 -0.2042 0.9789
vn -0.7138 -0.1384 0.6866
vn 0.6995 -0.1661 0.6951
vn 0.9991 -0.0426 0.0019
vn 0.9991 -0.0426 0.0020
vn 0.6995 -0.1660 0.6951
vn 0.9991 -0.0426 0.0019
vn 0.7131 0.0911 -0.6951
vn 0.7132 0.0911 -0.6951
vn 0.9991 -0.0426 0.0020
vn 0.9991 -0.0426 0.0020
vn 0.7132 0.0911 -0.6951
vn 0.7134 0.0914 -0.6948
vn 0.9991 -0.0417 0.0023
vn 0.6995 -0.1660 0.6951
vn 0.9991 -0.0426 0.0020
vn 0.9991 -0.0417 0.0023
vn 0.6996 -0.1650 0.6952
vn 0.7131 0.0911 -0.6951
vn 0.0092 0.1589 -0.9873
vn 0.0092 0.1589 -0.9873
vn 0.7132 0.0911 -0.6951
vn 0.0092 0.1589 -0.9873
vn -0.7004 0.1189 -0.7038
vn -0.7004 0.1189 -0.7038
vn 0.0092 0.1589 -0.9873
vn 0.0092 0.1589 -0.9873
vn -0.7004 0.1189 -0.7038
vn -0.7003 0.1182 -0.7040
vn 0.0095 0.1585 -0.9873
vn 0.7132 0.0911 -0.6951
vn 0.0092 0.1589 -0.9873
vn 0.0095 0.1585 -0.9873
vn 0.7134 0.0914 -0.6948
vn -0.7004 0.1189 -0.7038
vn -0.9999 -0.0033 -0.0104
vn -0.9999 -0.0033 -0.0104
vn -0.7004 0.1189 -0.7038
vn -0.9999 -0.0033 -0.0104
vn -0.7140 -0.1383 0.6863
vn -0.7140 -0.1383 0.6864
vn -0.9999 -0.0033 -0.0104
vn -0.9999 -0.0033 -0.0104
vn -0.7140 -0.1383 0.6864
vn -0.7138 -0.1384 0.6866
vn -0.9999 -0.0039 -0.0104
vn -0.7004 0.1189 -0.7038
vn -0.9999 -0.0033 -0.0104
vn -0.9999 -0.0039 -0.0104
vn -0.7003 0.1182 -0.7040
vn -0.7140 -0.1383 0.6863
vn -0.0101 -0.2048 0.9787
vn -0.0101 -0.2048 0.9787
vn -0.7140 -0.1383 0.6863
vn -0.0101 -0.2048 0.9787
vn 0.6995 -0.1661 0.6951
vn 0.6995 -0.1661 0.6951
vn -0.0101 -0.2048 0.9787
vn -0.0101 -0.2048 0.9787
vn 0.6995 -0.1661 0.6951
vn 0.6995 -0.1661 0.6951
vn -0.0101 -0.2048 0.9787
vn -0.7140 -0.1383 0.6863
vn -0.0101 -0.2048 0.9787
vn -0.0101 -0.2048 0.9787
vn -0.7140 -0.1383 0.6863
vn 0.6995 -0.1661 0.6951
vn 0.9991 -0.0426 0.0019
vn 0.9991 -0.0426 0.0019
vn 0.6995 -0.1661 0.6951
vn 0.9991 -0.0426 0.0019
vn 0.7131 0.0911 -0.6951
vn 0.7131 0.0911 -0.6951
vn 0.9991 -0.0426 0.0019
vn 0.9991 -0.0426 0.0019
vn 0.7131 0.0911 -0.6951
vn 0.7131 0.0911 -0.6951
vn 0.9991 -0.0426 0.0019
vn 0.6995 -0.1661 0.6951
vn 0.9991 -0.0426 0.0019
vn 0.9991 -0.0426 0.0019
vn 0.6995 -0.1661 0.6951
vn 0.7131 0.0911 -0.6951
vn 0.0092 0.1589 -0.9873
vn 0.0092 0.1589 -0.9873
vn 0.7131 0.0911 -0.6951
vn 0.0092 0.1589 -0.9873
vn -0.7004 0.1189 -0.7038
vn -0.7004 0.1189 -0.7038
vn 0.0092 0.1589 -0.9873
vn 0.0092 0.1589 -0.9873
vn -0.7004 0.1189 -0.7038
vn -0.7004 0.1189 -0.7038
vn 0.0092 0.1589 -0.9873
vn 0.7131 0.0911 -0.6951
vn 0.0092 0.1589 -0.9873
vn 0.0092 0.1589 -0.9873
vn 0.7131 0.0911 -0.6951
vn -0.7004 0.1189 -0.7038
vn -0.9999 -0.0033 -0.0104
vn -0.9999 -0.0033 -0.0104
vn -0.7004 0.1189 -0.7038
vn -0.9999 -0.0033 -0.0104
vn -0.7140 -0.1383 0.6863
vn -0.7140 -0.1383 0.6863
vn -0.9999 -0.0033 -0.0104
vn -0.9999 -0.0033 -0.0104
vn -0.7140 -0.1383 0.6863
vn -0.7140 -0.1383 0.6863
vn -0.9999 -0.0033 -0.0104
vn -0.7004 0.1189 -0.7038
vn -0.9999 -0.0033 -0.0104
vn -0.9999 -0.0033 -0.0104
vn -0.7004 0.1189 -0.7038
vn -0.7140 -0.1383 0.6863
vn -0.0101 -0.2048 0.9787
vn -0.0101 -0.2048 0.9787
vn -0.7140 -0.1383 0.6863
vn -0.0101 -0.2048 0.9787
vn 0.6995 -0.1661 0.6951
vn 0.6995 -0.1661 0.6951
vn -0.0101 -0.2048 0.9787
vn -0.0101 -0.2048 0.9787
vn 0.6995 -0.1661 0.6951
vn 0.6995 -0.1661 0.6951
vn -0.0101 -0.2048 0.9787
vn -0.7140 -0.1383 0.6863
vn -0.0101 -0.2048 0.9787
vn -0.0101 -0.2048 0.9787
vn -0.7140 -0.1383 0.6863
vn 0.6995 -0.1661 0.6951
vn 0.9991 -0.0426 0.0019
vn 0.9991 -0.0426 0.0019
vn 0.6995 -0.1661 0.6951
vn 0.9991 -0.0426 0.0019
vn 0.7131 0.0911 -0.6951
vn 0.7131 0.0911 -0.6951
vn 0.9991 -0.0426 0.0019
vn 0.9991 -0.0426 0.0019
vn 0.7131 0.0911 -0.6951
vn 0.7131 0.0911 -0.6951
vn 0.9991 -0.0426 0.0019
vn 0.6995 -0.1661 0.6951
vn 0.9991 -0.0426 0.0019
vn 0.9991 -0.0426 0.0019
vn 0.6995 -0.1661 0.6951
vn 0.7131 0.0911 -0.6951
vn 0.0092 0.1589 -0.9873
vn 0.0092 0.1589 -0.9873
vn 0.7131 0.0911 -0.6951
vn 0.0092 0.1589 -0.9873
vn -0.7004 0.1189 -0.7038
vn -0.7004 0.1189 -0.7038
vn 0.0092 0.1589 -0.9873
vn 0.0092 0.1589 -0.9873
vn -0.7004 0.1189 -0.7038
vn -0.7004 0.1189 -0.7038
vn 0.0092 0.1589 -0.9873
vn 0.7131 0.0911 -0.6951
vn 0.0092 0.1589 -0.9873
vn 0.0092 0.1589 -0.9873
vn 0.7131 0.0911 -0.6951
vn -0.7004 0.1189 -0.7038
vn -0.9999 -0.0033 -0.0104
vn -0.9999 -0.0033 -0.0104
vn -0.7004 0.1189 -0.7038
vn -0.9999 -0.0033 -0.0104
vn -0.7140 -0.1383 0.6863
vn -0.7140 -0.1383 0.6863
vn -0.9999 -0.0033 -0.0104
vn -0.9999 -0.0033 -0.0104
vn -0.7140 -0.1383 0.6863
vn -0.7140 -0.1383 0.6863
vn -0.9999 -0.0033 -0.0104
vn -0.7004 0.1189 -0.7038
vn -0.9999 -0.0033 -0.0104
vn -0.9999 -0.0033 -0.0104
vn -0.7004 0.1189 -0.7038
vn -0.7140 -0.1383 0.6863
vn -0.0101 -0.2048 0.9787
vn -0.0101 -0.2048 0.9787
vn -0.7140 -0.1383 0.6863
vn -0.0101 -0.2048 0.9787
vn 0.6995 -0.1661 0.6951
vn 0.6995 -0.1661 0.6951
vn -0.0101 -0.2048 0.9787
vn -0.0101 -0.2048 0.9787
vn 0.6995 -0.1661 0.6951
vn 0.6995 -0.1661 0.6951
vn -0.0101 -0.2048 0.9787
vn -0.7140 -0.1383 0.6863
vn -0.0101 -0.2048 0.9787
vn -0.0101 -0.2048 0.9787
vn -0.7140 -0.1383 0.6863
vn 0.6995 -0.1661 0.6951
vn 0.9991 -0.0426 0.0019
vn 0.9991 -0.0426 0.0019
vn 0.6995 -0.1661 0.6951
vn 0.9991 -0.0426 0.0019
vn 0.7131 0.0911 -0.6951
vn 0.7131 0.0911 -0.6951
vn 0.9991 -0.0426 0.0019
vn 0.9991 -0.0426 0.0019
vn 0.7131 0.0911 -0.6951
vn 0.7131 0.0911 -0.6951
vn 0.9991 -0.0426 0.0019
vn 0.6995 -0.1661 0.6951
vn 0.9991 -0.0426 0.0019
vn 0.9991 -0.0426 0.0019
vn 0.6995 -0.1661 0.6951
vn 0.7131 0.0911 -0.6951
vn 0.0092 0.1589 -0.9873
vn 0.0092 0.1589 -0.9873
vn 0.7131 0.0911 -0.6951
vn 0.0092 0.1589 -0.9873
vn -0.7004 0.1189 -0.7038
vn -0.7004 0.1189 -0.7038
vn 0.0092 0.1589 -0.9873
vn 0.0092 0.1589 -0.9873
vn -0.7004 0.1189 -0.7038
vn -0.7004 0.1189 -0.7038
vn 0.0092 0.1589 -0.9873
vn 0.7131 0.0911 -0.6951
vn 0.0092 0.1589 -0.9873
vn 0.0092 0.1589 -0.9873
vn 0.7131 0.0911 -0.6951
vn -0.7004 0.1189 -0.7038
vn -0.9999 -0.0033 -0.0104
vn -0.9999 -0.0033 -0.0104
vn -0.7004 0.1189 -0.7038
vn -0.9999 -0.0033 -0.0104
vn -0.7140 -0.1383 0.6863
vn -0.7140 -0.1383 0.6863
vn -0.9999 -0.0033 -0.0104
vn -0.9999 -0.0033 -0.0104
vn -0.7140 -0.1383 0.6863
vn -0.7140 -0.1383 0.6863
vn -0.9999 -0.0033 -0.0104
vn -0.7004 0.1189 -0.7038
vn -0.9999 -0.0033 -0.0104
vn -0.9999 -0.0033 -0.0104
vn -0.7004 0.1189 -0.7038
vn -0.7140 -0.1383 0.6863
vn -0.0101 -0.2048 0.9787
vn -0.0101 -0.2048 0.9787
vn -0.7140 -0.1383 0.6863
vn -0.0101 -0.2048 0.9787
vn 0.6995 -0.1661 0.6951
vn 0.6995 -0.1661 0.6951
vn -0.0101 -0.2048 0.9787
vn -0.0101 -0.2048 0.9787
vn 0.6995 -0.1661 0.6951
vn 0.6995 -0.1661 0.6951
vn -0.0101 -0.2048 0.9787
vn -0.7140 -0.1383 0.6863
vn -0.0101 -0.2048 0.9787
vn -0.0101 -0.2048 0.9787
vn -0.7140 -0.1383 0.6863
vn 0.6995 -0.1661 0.6951
vn 0.9991 -0.0426 0.0019
vn 0.9991 -0.0426 0.0019
vn 0.6995 -0.1661 0.6951
vn 0.9991 -0.0426 0.0019
vn 0.7131 0.0911 -0.6951
vn 0.7131 0.0911 -0.6951
vn 0.9991 -0.0426 0.0019
vn 0.9991 -0.0426 0.0019
vn 0.7131 0.0911 -0.6951
vn 0.7131 0.0911 -0.6951
vn 0.9991 -0.0426 0.0019
vn 0.6995 -0.1661 0.6951
vn 0.9991 -0.0426 0.0019
vn 0.9991 -0.0426 0.0019
vn 0.6995 -0.1661 0.6951
vn 0.7131 0.0911 -0.6951
vn 0.0092 0.1589 -0.9873
vn 0.0092 0.1589 -0.9873
vn 0.7131 0.0911 -0.6951
vn 0.0092 0.1589 -0.9873
vn -0.7004 0.1189 -0.7038
vn -0.7004 0.1189 -0.7038
vn 0.0092 0.1589 -0.9873
vn 0.0092 0.1589 -0.9873
vn -0.7004 0.1189 -0.7038
vn -0.7004 0.1189 -0.7038
vn 0.0092 0.1589 -0.9873
vn 0.7131 0.0911 -0.6951
vn 0.0092 0.1589 -0.9873
vn 0.0092 0.1589 -0.9873
vn 0.7131 0.0911 -0.6951
vn -0.7004 0.1189 -0.7038
vn -0.9999 -0.0033 -0.0104
vn -0.9999 -0.0033 -0.0104
vn -0.7004 0.1189 -0.7038
vn -0.9999 -0.0033 -0.0104
vn -0.7140 -0.1383 0.6863
vn -0.7140 -0.1383 0.6863
vn -0.9999 -0.0033 -0.0104
vn -0.9999 -0.0033 -0.0104
vn -0.7140 -0.1383 0.6863
vn -0.7140 -0.1383 0.6863
vn -0.9999 -0.0033 -0.0104
vn -0.7004 0.1189 -0.7038
vn -0.9999 -0.0033 -0.0104
vn -0.9999 -0.0033 -0.0104
vn -0.7004 0.1189 -0.7038
vn -0.7140 -0.1383 0.6863
vn -0.0101 -0.2048 0.9787
vn -0.0101 -0.2048 0.9787
vn -0.7140 -0.1383 0.6863
vn -0.0101 -0.2048 0.9787
vn 0.6995 -0.1661 0.6951
vn 0.6995 -0.1661 0.6951
vn -0.0101 -0.2048 0.9787
vn -0.0101 -0.2048 0.9787
vn 0.6995 -0.1661 0.6951
vn 0.6995 -0.1661 0.6951
vn -0.0101 -0.2048 0.9787
vn -0.7140 -0.1383 0.6863
vn -0.0101 -0.2048 0.9787
vn -0.0101 -0.2048 0.9787
vn -0.7140 -0.1383 0.6863
vn 0.6995 -0.1661 0.6951
vn 0.9991 -0.0426 0.0019
vn 0.9991 -0.0426 0.0019
vn 0.6995 -0.1661 0.6951
vn 0.9991 -0.0426 0.0019
vn 0.7131 0.0911 -0.6951
vn 0.7131 0.0911 -0.6951
vn 0.9991 -0.0426 0.0019
vn 0.9991 -0.0426 0.0019
vn 0.7131 0.0911 -0.6951
vn 0.7131 0.0911 -0.6951
vn 0.9991 -0.0426 0.0019
vn 0.6995 -0.1661 0.6951
vn 0.9991 -0.0426 0.0019
vn 0.9991 -0.0426 0.0019
vn 0.6995 -0.1661 0.6951
vn 0.7131 0.0911 -0.6951
vn 0.0092 0.1589 -0.9873
vn 0.0092 0.1589 -0.9873
vn 0.7131 0.0911 -0.6951
vn 0.0092 0.1589 -0.9873
vn -0.7004 0.1189 -0.7038
vn -0.7004 0.1189 -0.7038
vn 0.0092 0.1589 -0.9873
vn 0.0092 0.1589 -0.9873
vn -0.7004 0.1189 -0.7038
vn -0.7004 0.1189 -0.7038
vn 0.0092 0.1589 -0.9873
vn 0.7131 0.0911 -0.6951
vn 0.0092 0.1589 -0.9873
vn 0.0092 0.1589 -0.9873
vn 0.7131 0.0911 -0.6951
vn -0.7004 0.1189 -0.7038
vn -0.9999 -0.0033 -0.0104
vn -0.9999 -0.0033 -0.0104
vn -0.7004 0.1189 -0.7038
vn -0.9999 -0.0033 -0.0104
vn -0.7140 -0.1383 0.6863
vn -0.7140 -0.1383 0.6863
vn -0.9999 -0.0033 -0.0104
vn -0.9999 -0.0033 -0.0104
vn -0.7140 -0.1383 0.6863
vn -0.7140 -0.1383 0.6863
vn -0.9999 -0.0033 -0.0104
vn -0.7004 0.1189 -0.7038
vn -0.9999 -0.0033 -0.0104
vn -0.9999 -0.0033 -0.0104
vn -0.7004 0.1189 -0.7038
vn -0.7140 -0.1383 0.6863
vn -0.0101 -0.2048 0.9787
vn -0.0101 -0.2048 0.9787
vn -0.7140 -0.1383 0.6863
vn -0.0101 -0.2048 0.9787
vn 0.6995 -0.1661 0.6951
vn 0.6995 -0.1661 0.6951
vn -0.0101 -0.2048 0.9787
vn -0.0101 -0.2048 0.9787
vn 0.6995 -0.1661 0.6951
vn 0.6995 -0.1661 0.6951
vn -0.0101 -0.2048 0.9787
vn -0.7140 -0.1383 0.6863
vn -0.0101 -0.2048 0.9787
vn -0.0101 -0.2048 0.9787
vn -0.7140 -0.1383 0.6863
vn 0.6995 -0.1661 0.6951
vn 0.9991 -0.0426 0.0019
vn 0.9991 -0.0426 0.0019
vn 0.6995 -0.1661 0.6951
vn 0.9991 -0.0426 0.0019
vn 0.7131 0.0911 -0.6951
vn 0.7131 0.0911 -0.6951
vn 0.9991 -0.0426 0.0019
vn 0.9991 -0.0426 0.0019
vn 0.7131 0.0911 -0.6951
vn 0.7131 0.0911 -0.6951
vn 0.9991 -0.0426 0.0019
vn 0.6995 -0.1661 0.6951
vn 0.9991 -0.0426 0.0019
vn 0.9991 -0.0426 0.0019
vn 0.6995 -0.1661 0.6951
vn 0.7131 0.0911 -0.6951
vn 0.0092 0.1589 -0.9873
vn 0.0092 0.1589 -0.9873
vn 0.7131 0.0911 -0.6951
vn 0.0092 0.1589 -0.9873
vn -0.7004 0.1189 -0.7038
vn -0.7004 0.1189 -0.7038
vn 0.0092 0.1589 -0.9873
vn 0.0092 0.1589 -0.9873
vn -0.7004 0.1189 -0.7038
vn -0.7004 0.1189 -0.7038
vn 0.0092 0.1589 -0.9873
vn 0.7131 0.0911 -0.6951
vn 0.0092 0.1589 -0.9873
vn 0.0092 0.1589 -0.9873
vn 0.7131 0.0911 -0.6951
vn -0.7004 0.1189 -0.7038
vn -0.9999 -0.0033 -0.0104
vn -0.9999 -0.0033 -0.0104
vn -0.7004 0.1189 -0.7038
vn -0.9999 -0.0033 -0.0104
vn -0.7140 -0.1383 0.6863
vn -0.7140 -0.1383 0.6863
vn -0.9999 -0.0033 -0.0104
vn -0.9999 -0.0033 -0.0104
vn -0.7140 -0.1383 0.6863
vn -0.7140 -0.1383 0.6863
vn -0.9999 -0.0033 -0.0104
vn -0.7004 0.1189 -0.7038
vn -0.9999 -0.0033 -0.0104
vn -0.9999 -0.0033 -0.0104
vn -0.7004 0.1189 -0.7038
vn -0.7140 -0.1383 0.6863
vn -0.0101 -0.2048 0.9787
vn -0.0101 -0.2048 0.9787
vn -0.7140 -0.1383 0.6863
vn -0.0101 -0.2048 0.9787
vn 0.6995 -0.1661 0.6951
vn 0.6995 -0.1661 0.6951
vn -0.0101 -0.2048 0.9787
vn -0.0101 -0.2048 0.9787
vn 0.6995 -0.1661 0.6951
vn 0.6995 -0.1661 0.6951
vn -0.0101 -0.2048 0.9787
vn -0.7140 -0.1383 0.6863
vn -0.0101 -0.2048 0.9787
vn -0.0101 -0.2048 0.9787
vn -0.7140 -0.1383 0.6863
vn 0.6995 -0.1661 0.6951
vn 0.9991 -0.0426 0.0019
vn 0.9991 -0.0426 0.0019
vn 0.6995 -0.1661 0.6951
vn 0.9991 -0.0426 0.0019
vn 0.7131 0.0911 -0.6951
vn 0.7131 0.0911 -0.6951
vn 0.9991 -0.0426 0.0019
vn 0.9991 -0.0426 0.0019
vn 0.7131 0.0911 -0.6951
vn 0.7131 0.0911 -0.6951
vn 0.9991 -0.0426 0.0019
vn 0.6995 -0.1661 0.6951
vn 0.9991 -0.0426 0.0019
vn 0.9991 -0.0426 0.0019
vn 0.6995 -0.1661 0.6951
vn 0.7131 0.0911 -0.6951
vn 0.0092 0.1589 -0.9873
vn 0.0092 0.1589 -0.9873
vn 0.7131 0.0911 -0.6951
vn 0.0092 0.1589 -0.9873
vn -0.7004 0.1189 -0.7038
vn -0.7004 0.1189 -0.7038
vn 0.0092 0.1589 -0.9873
vn 0.0092 0.1589 -0.9873
vn -0.7004 0.1189 -0.7038
vn -0.7004 0.1189 -0.7038
vn 0.0092 0.1589 -0.9873
vn 0.7131 0.0911 -0.6951
vn 0.0092 0.1589 -0.9873
vn 0.0092 0.1589 -0.9873
vn 0.7131 0.0911 -0.6951
vn -0.7004 0.1189 -0.7038
vn -0.9999 -0.0033 -0.0104
vn -0.9999 -0.0033 -0.0104
vn -0.7004 0.1189 -0.7038
vn -0.9999 -0.0033 -0.0104
vn -0.7140 -0.1383 0.6863
vn -0.7140 -0.1383 0.6863
vn -0.9999 -0.0033 -0.0104
vn -0.9999 -0.0033 -0.0104
vn -0.7140 -0.1383 0.6863
vn -0.7140 -0.1383 0.6863
vn -0.9999 -0.0033 -0.0104
vn -0.7004 0.1189 -0.7038
vn -0.9999 -0.0033 -0.0104
vn -0.9999 -0.0033 -0.0104
vn -0.7004 0.1189 -0.7038
vn -0.7140 -0.1383 0.6863
vn -0.0101 -0.2048 0.9787
vn -0.0101 -0.2048 0.9787
vn -0.7140 -0.1383 0.6863
vn -0.0101 -0.2048 0.9787
vn 0.6995 -0.1661 0.6951
vn 0.6995 -0.1661 0.6951
vn -0.0101 -0.2048 0.9787
vn -0.0101 -0.2048 0.9787
vn 0.6995 -0.1661 0.6951
vn 0.6995 -0.1661 0.6951
vn -0.0101 -0.2048 0.9787
vn -0.7140 -0.1383 0.6863
vn -0.0101 -0.2048 0.9787
vn -0.0101 -0.2048 0.9787
vn -0.7140 -0.1383 0.6863
vn 0.6995 -0.1661 0.6951
vn 0.9991 -0.0426 0.0019
vn 0.9991 -0.0426 0.0019
vn 0.6995 -0.1661 0.6951
vn 0.9991 -0.0426 0.0019
vn 0.7131 0.0911 -0.6951
vn 0.7131 0.0911 -0.6951
vn 0.9991 -0.0426 0.0019
vn 0.9991 -0.0426 0.0019
vn 0.7131 0.0911 -0.6951
vn 0.7131 0.0911 -0.6951
vn 0.9991 -0.0426 0.0019
vn 0.6995 -0.1661 0.6951
vn 0.9991 -0.0426 0.0019
vn 0.9991 -0.0426 0.0019
vn 0.6995 -0.1661 0.6951
vn 0.7131 0.0911 -0.6951
vn 0.0092 0.1589 -0.9873
vn 0.0092 0.1589 -0.9873
vn 0.7131 0.0911 -0.6951
vn 0.0092 0.1589 -0.9873
vn -0.7004 0.1189 -0.7038
vn -0.7004 0.1189 -0.7038
vn 0.0092 0.1589 -0.9873
vn 0.0092 0.1589 -0.9873
vn -0.7004 0.1189 -0.7038
vn -0.7004 0.1189 -0.7038
vn 0.0092 0.1589 -0.9873
vn 0.7131 0.0911 -0.6951
vn 0.0092 0.1589 -0.9873
vn 0.0092 0.1589 -0.9873
vn 0.7131 0.0911 -0.6951
vn -0.7004 0.1189 -0.7038
vn -0.9999 -0.0033 -0.0104
vn -0.9999 -0.0033 -0.0104
vn -0.7004 0.1189 -0.7038
vn -0.9999 -0.0033 -0.0104
vn -0.7140 -0.1383 0.6863
vn -0.7140 -0.1383 0.6863
vn -0.9999 -0.0033 -0.0104
vn -0.9999 -0.0033 -0.0104
vn -0.7140 -0.1383 0.6863
vn -0.7140 -0.1383 0.6863
vn -0.9999 -0.0033 -0.0104
vn -0.7004 0.1189 -0.7038
vn -0.9999 -0.0033 -0.0104
vn -0.9999 -0.0033 -0.0104
vn -0.7004 0.1189 -0.7038
vn -0.7140 -0.1383 0.6863
vn -0.0101 -0.2048 0.9787
vn -0.0101 -0.2048 0.9787
vn -0.7140 -0.1383 0.6863
vn -0.0101 -0.2048 0.9787
vn 0.6995 -0.1661 0.6951
vn 0.6995 -0.1661 0.6951
vn -0.0101 -0.2048 0.9787
vn -0.0101 -0.2048 0.9787
vn 0.6995 -0.1661 0.6951
vn 0.6995 -0.1661 0.6951
vn -0.0101 -0.2048 0.9787
vn -0.7140 -0.1383 0.6863
vn -0.0101 -0.2048 0.9787
vn -0.0101 -0.2048 0.9787
vn -0.7140 -0.1383 0.6863
vn 0.6995 -0.1661 0.6951
vn 0.9991 -0.0426 0.0019
vn 0.9991 -0.0426 0.0019
vn 0.6995 -0.1661 0.6951
vn 0.9991 -0.0426 0.0019
vn 0.7131 0.0911 -0.6951
vn 0.7131 0.0911 -0.6951
vn 0.9991 -0.0426 0.0019
vn 0.9991 -0.0426 0.0019
vn 0.7131 0.0911 -0.6951
vn 0.7131 0.0911 -0.6951
vn 0.9991 -0.0426 0.0019
vn 0.6995 -0.1661 0.6951
vn 0.9991 -0.0426 0.0019
vn 0.9991 -0.0426 0.0019
vn 0.6995 -0.1661 0.6951
vn 0.7131 0.0911 -0.6951
vn 0.0092 0.1589 -0.9873
vn 0.0092 0.1589 -0.9873
vn 0.7131 0.0911 -0.6951
vn 0.0092 0.1589 -0.9873
vn -0.7004 0.1189 -0.7038
vn -0.7004 0.1189 -0.7038
vn 0.0092 0.1589 -0.9873
vn 0.0092 0.1589 -0.9873
vn -0.7004 0.1189 -0.7038
vn -0.7004 0.1189 -0.7038
vn 0.0092 0.1589 -0.9873
vn 0.7131 0.0911 -0.6951
vn 0.0092 0.1589 -0.9873
vn 0.0092 0.1589 -0.9873
vn 0.7131 0.0911 -0.6951
vn -0.7004 0.1189 -0.7038
vn -0.9999 -0.0033 -0.0104
vn -0.9999 -0.0033 -0.0104
vn -0.7004 0.1189 -0.7038
vn -0.9999 -0.0033 -0.0104
vn -0.7140 -0.1383 0.6863
vn -0.7140 -0.1383 0.6863
vn -0.9999 -0.0033 -0.0104
vn -0.9999 -0.0033 -0.0104
vn -0.7140 -0.1383 0.6863
vn -0.7140 -0.1383 0.6863
vn -0.9999 -0.0033 -0.0104
vn -0.7004 0.1189 -0.7038
vn -0.9999 -0.0033 -0.0104
vn -0.9999 -0.0033 -0.0104
vn -0.7004 0.1189 -0.7038
vn -0.7140 -0.1383 0.6863
vn -0.0101 -0.2048 0.9787
vn -0.0101 -0.2048 0.9787
vn -0.7140 -0.1383 0.6863
vn -0.0101 -0.2048 0.9787
vn 0.6995 -0.1661 0.6951
vn 0.6995 -0.1661 0.6951
vn -0.0101 -0.2048 0.9787
vn -0.0101 -0.2048 0.9787
vn 0.6995 -0.1661 0.6951
vn 0.6995 -0.1661 0.6951
vn -0.0101 -0.2048 0.9787
vn -0.7140 -0.1383 0.6863
vn -0.0101 -0.2048 0.9787
vn -0.0101 -0.2048 0.9787
vn -0.7140 -0.1383 0.6863
vn 0.6995 -0.1661 0.6951
vn 0.9991 -0.0426 0.0019
vn 0.9991 -0.0426 0.0019
vn 0.6995 -0.1661 0.6951
vn 0.9991 -0.0426 0.0019
vn 0.7131 0.0911 -0.6951
vn 0.7131 0.0911 -0.6951
vn 0.9991 -0.0426 0.0019
vn 0.9991 -0.0426 0.0019
vn 0.7131 0.0911 -0.6951
vn 0.7131 0.0911 -0.6951
vn 0.9991 -0.0426 0.0019
vn 0.6995 -0.1661 0.6951
vn 0.9991 -0.0426 0.0019
vn 0.9991 -0.0426 0.0019
vn 0.6995 -0.1661 0.6951
vn 0.7131 0.0911 -0.6951
vn 0.0092 0.1589 -0.9873
vn 0.0092 0.1589 -0.9873
vn 0.7131 0.0911 -0.6951
vn 0.0092 0.1589 -0.9873
vn -0.7004 0.1189 -0.7038
vn -0.7004 0.1189 -0.7038
vn 0.0092 0.1589 -0.9873
vn 0.0092 0.1589 -0.9873
vn -0.7004 0.1189 -0.7038
vn -0.7004 0.1189 -0.7038
vn 0.0092 0.1589 -0.9873
vn 0.7131 0.0911 -0.6951
vn 0.0092 0.1589 -0.9873
vn 0.0092 0.1589 -0.9873
vn 0.7131 0.0911 -0.6951
vn -0.7004 0.1189 -0.7038
vn -0.9999 -0.0033 -0.0104
vn -0.9999 -0.0033 -0.0104
vn -0.7004 0.1189 -0.7038
vn -0.9999 -0.0033 -0.0104
vn -0.7140 -0.1383 0.6863
vn -0.7140 -0.1383 0.6863
vn -0.9999 -0.0033 -0.0104
vn -0.9999 -0.0033 -0.0104
vn -0.7140 -0.1383 0.6863
vn -0.7140 -0.1383 0.6863
vn -0.9999 -0.0033 -0.0104
vn -0.7004 0.1189 -0.7038
vn -0.9999 -0.0033 -0.0104
vn -0.9999 -0.0033 -0.0104
vn -0.7004 0.1189 -0.7038
vn -0.7140 -0.1383 0.6863
vn -0.0101 -0.2048 0.9787
vn -0.0101 -0.2048 0.9787
vn -0.7140 -0.1383 0.6863
vn -0.0101 -0.2048 0.9787
vn 0.6995 -0.1661 0.6951
vn 0.6995 -0.1661 0.6951
vn -0.0101 -0.2048 0.9787
vn -0.0101 -0.2048 0.9787
vn 0.6995 -0.1661 0.6951
vn 0.6995 -0.1661 0.6951
vn -0.0101 -0.2048 0.9787
vn -0.7140 -0.1383 0.6863
vn -0.0101 -0.2048 0.9787
vn -0.0101 -0.2048 0.9787
vn -0.7140 -0.1383 0.6863
vn 0.6995 -0.1661 0.6951
vn 0.9991 -0.0426 0.0019
vn 0.9991 -0.0426 0.0019
vn 0.6995 -0.1661 0.6951
vn 0.9991 -0.0426 0.0019
vn 0.7131 0.0911 -0.6951
vn 0.7131 0.0911 -0.6951
vn 0.9991 -0.0426 0.0019
vn 0.9991 -0.0426 0.0019
vn 0.7131 0.0911 -0.6951
vn 0.7131 0.0911 -0.6951
vn 0.9991 -0.0426 0.0019
vn 0.6995 -0.1661 0.6951
vn 0.9991 -0.0426 0.0019
vn 0.9991 -0.0426 0.0019
vn 0.6995 -0.1661 0.6951
vn 0.7131 0.0911 -0.6951
vn 0.0092 0.1589 -0.9873
vn 0.0092 0.1589 -0.9873
vn 0.7131 0.0911 -0.6951
vn 0.0092 0.1589 -0.9873
vn -0.7004 0.1189 -0.7038
vn -0.7004 0.1189 -0.7038
vn 0.0092 0.1589 -0.9873
vn 0.0092 0.1589 -0.9873
vn -0.7004 0.1189 -0.7038
vn -0.7004 0.1189 -0.7038
vn 0.0092 0.1589 -0.9873
vn 0.7131 0.0911 -0.6951
vn 0.0092 0.1589 -0.9873
vn 0.0092 0.1589 -0.9873
vn 0.7131 0.0911 -0.6951
vn -0.7004 0.1189 -0.7038
vn -0.9999 -0.0033 -0.0104
vn -0.9999 -0.0033 -0.0104
vn -0.7004 0.1189 -0.7038
vn -0.9999 -0.0033 -0.0104
vn -0.7140 -0.1383 0.6863
vn -0.7140 -0.1383 0.6863
vn -0.9999 -0.0033 -0.0104
vn -0.9999 -0.0033 -0.0104
vn -0.7140 -0.1383 0.6863
vn -0.7140 -0.1383 0.6863
vn -0.9999 -0.0033 -0.0104
vn -0.7004 0.1189 -0.7038
vn -0.9999 -0.0033 -0.0104
vn -0.9999 -0.0033 -0.0104
vn -0.7004 0.1189 -0.7038
vn -0.7140 -0.1383 0.6863
vn -0.0101 -0.2048 0.9787
vn -0.0101 -0.2048 0.9787
vn -0.7140 -0.1383 0.6863
vn -0.0101 -0.2048 0.9787
vn 0.6995 -0.1661 0.6951
vn 0.6995 -0.1661 0.6951
vn -0.0101 -0.2048 0.9787
vn -0.0101 -0.2048 0.9787
vn 0.6995 -0.1661 0.6951
vn 0.6995 -0.1661 0.6951
vn -0.0101 -0.2048 0.9787
vn -0.7140 -0.1383 0.6863
vn -0.0101 -0.2048 0.9787
vn -0.0101 -0.2048 0.9787
vn -0.7140 -0.1383 0.6863
vn 0.6995 -0.1661 0.6951
vn 0.9991 -0.0426 0.0019
vn 0.9991 -0.0426 0.0019
vn 0.6995 -0.1661 0.6951
vn 0.9991 -0.0426 0.0019
vn 0.7131 0.0911 -0.6951
vn 0.7131 0.0911 -0.6951
vn 0.9991 -0.0426 0.0019
vn 0.9991 -0.0426 0.0019
vn 0.7131 0.0911 -0.6951
vn 0.7131 0.0911 -0.6951
vn 0.9991 -0.0426 0.0019
vn 0.6995 -0.1661 0.6951
vn 0.9991 -0.0426 0.0019
vn 0.9991 -0.0426 0.0019
vn 0.6995 -0.1661 0.6951
vn 0.7131 0.0911 -0.6951
vn 0.0092 0.1589 -0.9873
vn 0.0092 0.1589 -0.9873
vn 0.7131 0.0911 -0.6951
vn 0.0092 0.1589 -0.9873
vn -0.7004 0.1189 -0.7038
vn -0.7004 0.1189 -0.7038
vn 0.0092 0.1589 -0.9873
vn 0.0092 0.1589 -0.9873
vn -0.7004 0.1189 -0.7038
vn -0.7004 0.1189 -0.7038
vn 0.0092 0.1589 -0.9873
vn 0.7131 0.0911 -0.6951
vn 0.0092 0.1589 -0.9873
vn 0.0092 0.1589 -0.9873
vn 0.7131 0.0911 -0.6951
vn -0.7004 0.1189 -0.7038
vn -0.9999 -0.0033 -0.0104
vn -0.9999 -0.0033 -0.0104
vn -0.7004 0.1189 -0.7038
vn -0.9999 -0.0033 -0.0104
vn -0.7140 -0.1383 0.6863
vn -0.7140 -0.1383 0.6863
vn -0.9999 -0.0033 -0.0104
vn -0.9999 -0.0033 -0.0104
vn -0.7140 -0.1383 0.6863
vn -0.7140 -0.1383 0.6863
vn -0.9999 -0.0033 -0.0104
vn -0.7004 0.1189 -0.7038
vn -0.9999 -0.0033 -0.0104
vn -0.9999 -0.0033 -0.0104
vn -0.7004 0.1189 -0.7038
vn -0.7140 -0.1383 0.6863
vn -0.0101 -0.2048 0.9787
vn -0.0101 -0.2048 0.9787
vn -0.7140 -0.1383 0.6863
vn -0.0101 -0.2048 0.9787
vn 0.6995 -0.1661 0.6951
vn 0.6995 -0.1661 0.6951
vn -0.0101 -0.2048 0.9787
vn -0.0101 -0.2048 0.9787
vn 0.6995 -0.1661 0.6951
vn 0.6995 -0.1661 0.6951
vn -0.0101 -0.2048 0.9787
vn -0.7140 -0.1383 0.6863
vn -0.0101 -0.2048 0.9787
vn -0.0101 -0.2048 0.9787
vn -0.7140 -0.1383 0.6863
vn 0.6995 -0.1661 0.6951
vn 0.9991 -0.0426 0.0019
vn 0.9991 -0.0426 0.0019
vn 0.6995 -0.1661 0.6951
vn 0.9991 -0.0426 0.0019
vn 0.7131 0.0911 -0.6951
vn 0.7131 0.0911 -0.6951
vn 0.9991 -0.0426 0.0019
vn 0.9991 -0.0426 0.0019
vn 0.7131 0.0911 -0.6951
vn 0.7131 0.0911 -0.6951
vn 0.9991 -0.0426 0.0019
vn 0.6995 -0.1661 0.6951
vn 0.9991 -0.0426 0.0019
vn 0.9991 -0.0426 0.0019
vn 0.6995 -0.1661 0.6951
vn 0.7131 0.0911 -0.6951
vn 0.0092 0.1589 -0.9873
vn 0.0092 0.1589 -0.9873
vn 0.7131 0.0911 -0.6951
vn 0.0092 0.1589 -0.9873
vn -0.7004 0.1189 -0.7038
vn -0.7004 0.1189 -0.7038
vn 0.0092 0.1589 -0.9873
vn 0.0092 0.1589 -0.9873
vn -0.7004 0.1189 -0.7038
vn -0.7004 0.1189 -0.7038
vn 0.0092 0.1589 -0.9873
vn 0.7131 0.0911 -0.6951
vn 0.0092 0.1589 -0.9873
vn 0.0092 0.1589 -0.9873
vn 0.7131 0.0911 -0.6951
vn -0.7004 0.1189 -0.7038
vn -0.9999 -0.0033 -0.0104
vn -0.9999 -0.0033 -0.0104
vn -0.7004 0.1189 -0.7038
vn -0.9999 -0.0033 -0.0104
vn -0.7140 -0.1383 0.6863
vn -0.7140 -0.1383 0.6863
vn -0.9999 -0.0033 -0.0104
vn -0.9999 -0.0033 -0.0104
vn -0.7140 -0.1383 0.6863
vn -0.7140 -0.1383 0.6863
vn -0.9999 -0.0033 -0.0104
vn -0.7004 0.1189 -0.7038
vn -0.9999 -0.0033 -0.0104
vn -0.9999 -0.0033 -0.0104
vn -0.7004 0.1189 -0.7038
vn -0.7140 -0.1383 0.6863
vn -0.0101 -0.2048 0.9787
vn -0.0101 -0.2048 0.9787
vn -0.7140 -0.1383 0.6863
vn -0.0101 -0.2048 0.9787
vn 0.6995 -0.1661 0.6951
vn 0.6995 -0.1661 0.6951
vn -0.0101 -0.2048 0.9787
vn -0.0101 -0.2048 0.9787
vn 0.6995 -0.1661 0.6951
vn 0.6995 -0.1661 0.6951
vn -0.0101 -0.2048 0.9787
vn -0.7140 -0.1383 0.6863
vn -0.0101 -0.2048 0.9787
vn -0.0101 -0.2048 0.9787
vn -0.7140 -0.1383 0.6863
vn 0.6995 -0.1661 0.6951
vn 0.9991 -0.0426 0.0019
vn 0.9991 -0.0426 0.0019
vn 0.6995 -0.1661 0.6951
vn 0.9991 -0.0426 0.0019
vn 0.7131 0.0911 -0.6951
vn 0.7131 0.0911 -0.6951
vn 0.9991 -0.0426 0.0019
vn 0.9991 -0.0426 0.0019
vn 0.7131 0.0911 -0.6951
vn 0.7131 0.0911 -0.6951
vn 0.9991 -0.0426 0.0019
vn 0.6995 -0.1661 0.6951
vn 0.9991 -0.0426 0.0019
vn 0.9991 -0.0426 0.0019
vn 0.6995 -0.1661 0.6951
vn 0.7131 0.0911 -0.6951
vn 0.0092 0.1589 -0.9873
vn 0.0092 0.1589 -0.9873
vn 0.7131 0.0911 -0.6951
vn 0.0092 0.1589 -0.9873
vn -0.7004 0.1189 -0.7038
vn -0.7004 0.1189 -0.7038
vn 0.0092 0.1589 -0.9873
vn 0.0092 0.1589 -0.9873
vn -0.7004 0.1189 -0.7038
vn -0.7004 0.1189 -0.7038
vn 0.0092 0.1589 -0.9873
vn 0.7131 0.0911 -0.6951
vn 0.0092 0.1589 -0.9873
vn 0.0092 0.1589 -0.9873
vn 0.7131 0.0911 -0.6951
vn -0.7004 0.1189 -0.7038
vn -0.9999 -0.0033 -0.0104
vn -0.9999 -0.0033 -0.0104
vn -0.7004 0.1189 -0.7038
vn -0.9999 -0.0033 -0.0104
vn -0.7140 -0.1383 0.6863
vn -0.7140 -0.1383 0.6863
vn -0.9999 -0.0033 -0.0104
vn -0.9999 -0.0033 -0.0104
vn -0.7140 -0.1383 0.6863
vn -0.7140 -0.1383 0.6863
vn -0.9999 -0.0033 -0.0104
vn -0.7004 0.1189 -0.7038
vn -0.9999 -0.0033 -0.0104
vn -0.9999 -0.0033 -0.0104
vn -0.7004 0.1189 -0.7038
vn -0.7140 -0.1383 0.6863
vn -0.0101 -0.2048 0.9787
vn -0.0101 -0.2048 0.9787
vn -0.7140 -0.1383 0.6863
vn -0.0101 -0.2048 0.9787
vn 0.6995 -0.1661 0.6951
vn 0.6995 -0.1661 0.6951
vn -0.0101 -0.2048 0.9787
vn -0.0101 -0.2048 0.9787
vn 0.6995 -0.1661 0.6951
vn 0.6995 -0.1661 0.6951
vn -0.0101 -0.2048 0.9787
vn -0.7140 -0.1383 0.6863
vn -0.0101 -0.2048 0.9787
vn -0.0101 -0.2048 0.9787
vn -0.7140 -0.1383 0.6863
vn 0.6995 -0.1661 0.6951
vn 0.9991 -0.0426 0.0019
vn 0.9991 -0.0426 0.0019
vn 0.6995 -0.1661 0.6951
vn 0.9991 -0.0426 0.0019
vn 0.7131 0.0911 -0.6951
vn 0.7131 0.0911 -0.6951
vn 0.9991 -0.0426 0.0019
vn 0.9991 -0.0426 0.0019
vn 0.7131 0.0911 -0.6951
vn 0.7131 0.0911 -0.6951
vn 0.9991 -0.0426 0.0019
vn 0.6995 -0.1661 0.6951
vn 0.9991 -0.0426 0.0019
vn 0.9991 -0.0426 0.0019
vn 0.6995 -0.1661 0.6951
vn 0.7131 0.0911 -0.6951
vn 0.0092 0.1589 -0.9873
vn 0.0092 0.1589 -0.9873
vn 0.7131 0.0911 -0.6951
vn 0.0092 0.1589 -0.9873
vn -0.7004 0.1189 -0.7038
vn -0.7004 0.1189 -0.7038
vn 0.0092 0.1589 -0.9873
vn 0.0092 0.1589 -0.9873
vn -0.7004 0.1189 -0.7038
vn -0.7004 0.1189 -0.7038
vn 0.0092 0.1589 -0.9873
vn 0.7131 0.0911 -0.6951
vn 0.0092 0.1589 -0.9873
vn 0.0092 0.1589 -0.9873
vn 0.7131 0.0911 -0.6951
vn -0.7004 0.1189 -0.7038
vn -0.9999 -0.0033 -0.0104
vn -0.9999 -0.0033 -0.0104
vn -0.7004 0.1189 -0.7038
vn -0.9999 -0.0033 -0.0104
vn -0.7140 -0.1383 0.6863
vn -0.7140 -0.1383 0.6863
vn -0.9999 -0.0033 -0.0104
vn -0.9999 -0.0033 -0.0104
vn -0.7140 -0.1383 0.6863
vn -0.7140 -0.1383 0.6863
vn -0.9999 -0.0033 -0.0104
vn -0.7004 0.1189 -0.7038
vn -0.9999 -0.0033 -0.0104
vn -0.9999 -0.0033 -0.0104
vn -0.7004 0.1189 -0.7038
vn -0.7139 -0.1547 0.6829
vn -0.0104 -0.2208 0.9753
vn -0.0101 -0.2048 0.9787
vn -0.7140 -0.1383 0.6863
vn -0.0104 -0.2208 0.9753
vn 0.6988 -0.1825 0.6916
vn 0.6995 -0.1661 0.6951
vn -0.0101 -0.2048 0.9787
vn -0.0101 -0.2048 0.9787
vn 0.6995 -0.1661 0.6951
vn 0.6995 -0.1661 0.6951
vn -0.0101 -0.2048 0.9787
vn -0.7140 -0.1383 0.6863
vn -0.0101 -0.2048 0.9787
vn -0.0101 -0.2048 0.9787
vn -0.7140 -0.1383 0.6863
vn 0.6988 -0.1825 0.6916
vn 0.9983 -0.0587 -0.0011
vn 0.9991 -0.0426 0.0019
vn 0.6995 -0.1661 0.6951
vn 0.9983 -0.0587 -0.0011
vn 0.7124 0.0745 -0.6978
vn 0.7131 0.0911 -0.6951
vn 0.9991 -0.0426 0.0019
vn 0.9991 -0.0426 0.0019
vn 0.7131 0.0911 -0.6951
vn 0.7131 0.0911 -0.6951
vn 0.9991 -0.0426 0.0019
vn 0.6995 -0.1661 0.6951
vn 0.9991 -0.0426 0.0019
vn 0.9991 -0.0426 0.0019
vn 0.6995 -0.1661 0.6951
vn 0.7124 0.0745 -0.6978
vn 0.0089 0.1427 -0.9897
vn 0.0092 0.1589 -0.9873
vn 0.7131 0.0911 -0.6951
vn 0.0089 0.1427 -0.9897
vn -0.7003 0.1023 -0.7065
vn -0.7004 0.1189 -0.7038
vn 0.0092 0.1589 -0.9873
vn 0.0092 0.1589 -0.9873
vn -0.7004 0.1189 -0.7038
vn -0.7004 0.1189 -0.7038
vn 0.0092 0.1589 -0.9873
vn 0.7131 0.0911 -0.6951
vn 0.0092 0.1589 -0.9873
vn 0.0092 0.1589 -0.9873
vn 0.7131 0.0911 -0.6951
vn -0.7003 0.1023 -0.7065
vn -0.9997 -0.0194 -0.0134
vn -0.9999 -0.0033 -0.0104
vn -0.7004 0.1189 -0.7038
vn -0.9997 -0.0194 -0.0134
vn -0.7139 -0.1547 0.6829
vn -0.7140 -0.1383 0.6863
vn -0.9999 -0.0033 -0.0104
vn -0.9999 -0.0033 -0.0104
vn -0.7140 -0.1383 0.6863
vn -0.7140 -0.1383 0.6863
vn -0.9999 -0.0033 -0.0104
vn -0.7004 0.1189 -0.7038
vn -0.9999 -0.0033 -0.0104
vn -0.9999 -0.0033 -0.0104
vn -0.7004 0.1189 -0.7038
vn -0.6111 -0.6264 0.4839
vn -0.0195 -0.8069 0.5904
vn -0.0128 -0.3555 0.9346
vn -0.7051 -0.2924 0.6460
vn -0.0195 -0.8069 0.5904
vn 0.5800 -0.6498 0.4913
vn 0.6850 -0.3197 0.6546
vn -0.0128 -0.3555 0.9346
vn -0.0128 -0.3555 0.9346
vn 0.6850 -0.3197 0.6546
vn 0.6988 -0.1825 0.6916
vn -0.0104 -0.2208 0.9753
vn -0.7051 -0.2924 0.6460
vn -0.0128 -0.3555 0.9346
vn -0.0104 -0.2208 0.9753
vn -0.7139 -0.1547 0.6829
vn 0.5800 -0.6498 0.4913
vn 0.7148 -0.6889 -0.1204
vn 0.9803 -0.1959 -0.0266
vn 0.6850 -0.3197 0.6546
vn 0.7148 -0.6889 -0.1204
vn 0.5915 -0.4331 -0.6801
vn 0.6984 -0.0668 -0.7125
vn 0.9803 -0.1959 -0.0266
vn 0.9803 -0.1959 -0.0266
vn 0.6984 -0.0668 -0.7125
vn 0.7124 0.0745 -0.6978
vn 0.9983 -0.0587 -0.0011
vn 0.6850 -0.3197 0.6546
vn 0.9803 -0.1959 -0.0266
vn 0.9983 -0.0587 -0.0011
vn 0.6988 -0.1825 0.6916
vn 0.5915 -0.4331 -0.6801
vn -0.0055 -0.5423 -0.8402
vn 0.0062 0.0024 -1.0000
vn 0.6984 -0.0668 -0.7125
vn -0.0055 -0.5423 -0.8402
vn -0.5996 -0.4097 -0.6875
vn -0.6917 -0.0395 -0.7211
vn 0.0062 0.0024 -1.0000
vn 0.0062 0.0024 -1.0000
vn -0.6917 -0.0395 -0.7211
vn -0.7003 0.1023 -0.7065
vn 0.0089 0.1427 -0.9897
vn 0.6984 -0.0668 -0.7125
vn 0.0062 0.0024 -1.0000
vn 0.0089 0.1427 -0.9897
vn 0.7124 0.0745 -0.6978
vn -0.5996 -0.4097 -0.6875
vn -0.7398 -0.6603 -0.1294
vn -0.9868 -0.1572 -0.0388
vn -0.6917 -0.0395 -0.7211
vn -0.7398 -0.6603 -0.1294
vn -0.6111 -0.6264 0.4839
vn -0.7051 -0.2924 0.6460
vn -0.9868 -0.1572 -0.0388
vn -0.9868 -0.1572 -0.0388
vn -0.7051 -0.2924 0.6460
vn -0.7139 -0.1547 0.6829
vn -0.9997 -0.0194 -0.0134
vn -0.6917 -0.0395 -0.7211
vn -0.9868 -0.1572 -0.0388
vn -0.9997 -0.0194 -0.0134
vn -0.7003 0.1023 -0.7065
vn -0.8458 0.0986 -0.5243
vn -0.9797 -0.0743 0.1860
vn -0.9773 -0.1627 0.1359
vn -0.8436 0.0135 -0.5369
vn -0.9797 -0.0743 0.1860
vn -0.5378 -0.2114 0.8161
vn -0.5330 -0.2978 0.7920
vn -0.9773 -0.1627 0.1359
vn -0.9773 -0.1627 0.1359
vn -0.5330 -0.2978 0.7920
vn -0.2247 -0.5667 0.7927
vn -0.8424 -0.5282 0.1067
vn -0.8436 0.0135 -0.5369
vn -0.9773 -0.1627 0.1359
vn -0.8424 -0.5282 0.1067
vn -0.6797 -0.4240 -0.5985
vn -0.5378 -0.2114 0.8161
vn 0.2291 -0.2045 0.9517
vn 0.2637 -0.2356 0.9354
vn -0.5330 -0.2978 0.7920
vn 0.2291 -0.2045 0.9517
vn 0.8469 -0.0779 0.5260
vn 0.8626 -0.0564 0.5027
vn 0.2637 -0.2356 0.9354
vn 0.2637 -0.2356 0.9354
vn 0.8626 -0.0564 0.5027
vn 0.8892 -0.0175 0.4572
vn 0.3461 -0.2765 0.8965
vn -0.5330 -0.2978 0.7920
vn 0.2637 -0.2356 0.9354
vn 0.3461 -0.2765 0.8965
vn -0.2247 -0.5667 0.7927
vn 0.8469 -0.0779 0.5260
vn 0.9773 0.0771 -0.1976
vn 0.9763 0.1201 -0.1801
vn 0.8626 -0.0564 0.5027
vn 0.9773 0.0771 -0.1976
vn 0.5324 0.1809 -0.8269
vn 0.5359 0.1643 -0.8281
vn 0.9763 0.1201 -0.1801
vn 0.9763 0.1201 -0.1801
vn 0.5359 0.1643 -0.8281
vn 0.6654 0.0346 -0.7457
vn 0.9801 0.1607 -0.1166
vn 0.8626 -0.0564 0.5027
vn 0.9763 0.1201 -0.1801
vn 0.9801 0.1607 -0.1166
vn 0.8892 -0.0175 0.4572
vn 0.5324 0.1809 -0.8269
vn -0.2463 0.1928 -0.9498
vn -0.2773 0.1124 -0.9542
vn 0.5359 0.1643 -0.8281
vn -0.2463 0.1928 -0.9498
vn -0.8458 0.0986 -0.5243
vn -0.8436 0.0135 -0.5369
vn -0.2773 0.1124 -0.9542
vn -0.2773 0.1124 -0.9542
vn -0.8436 0.0135 -0.5369
vn -0.6797 -0.4240 -0.5985
vn -0.1522 -0.1527 -0.9765
vn 0.5359 0.1643 -0.8281
vn -0.2773 0.1124 -0.9542
vn -0.1522 -0.1527 -0.9765
vn 0.6654 0.0346 -0.7457
vn -0.8409 0.0574 -0.5382
vn -0.9754 -0.0945 0.1990
vn -0.9769 -0.0841 0.1963
vn -0.8420 0.0756 -0.5341
vn -0.9754 -0.0945 0.1990
vn -0.5381 -0.2016 0.8184
vn -0.5385 -0.2013 0.8182
vn -0.9769 -0.0841 0.1963
vn -0.9769 -0.0841 0.1963
vn -0.5385 -0.2013 0.8182
vn -0.5378 -0.2114 0.8161
vn -0.9797 -0.0743 0.1860
vn -0.8420 0.0756 -0.5341
vn -0.9769 -0.0841 0.1963
vn -0.9797 -0.0743 0.1860
vn -0.8458 0.0986 -0.5243
vn -0.5381 -0.2016 0.8184
vn 0.2151 -0.1986 0.9562
vn 0.2179 -0.1988 0.9555
vn -0.5385 -0.2013 0.8182
vn 0.2151 -0.1986 0.9562
vn 0.8423 -0.0899 0.5315
vn 0.8429 -0.0870 0.5311
vn 0.2179 -0.1988 0.9555
vn 0.2179 -0.1988 0.9555
vn 0.8429 -0.0870 0.5311
vn 0.8469 -0.0779 0.5260
vn 0.2291 -0.2045 0.9517
vn -0.5385 -0.2013 0.8182
vn 0.2179 -0.1988 0.9555
vn 0.2291 -0.2045 0.9517
vn -0.5378 -0.2114 0.8161
vn 0.8423 -0.0899 0.5315
vn 0.9766 0.0617 -0.2061
vn 0.9767 0.0646 -0.2045
vn 0.8429 -0.0870 0.5311
vn 0.9766 0.0617 -0.2061
vn 0.5390 0.1667 -0.8257
vn 0.5365 0.1719 -0.8262
vn 0.9767 0.0646 -0.2045
vn 0.9767 0.0646 -0.2045
vn 0.5365 0.1719 -0.8262
vn 0.5324 0.1809 -0.8269
vn 0.9773 0.0771 -0.1976
vn 0.8429 -0.0870 0.5311
vn 0.9767 0.0646 -0.2045
vn 0.9773 0.0771 -0.1976
vn 0.8469 -0.0779 0.5260
vn 0.5390 0.1667 -0.8257
vn -0.2145 0.1658 -0.9626
vn -0.2223 0.1786 -0.9585
vn 0.5365 0.1719 -0.8262
vn -0.2145 0.1658 -0.9626
vn -0.8409 0.0574 -0.5382
vn -0.8420 0.0756 -0.5341
vn -0.2223 0.1786 -0.9585
vn -0.2223 0.1786 -0.9585
vn -0.8420 0.0756 -0.5341
vn -0.8458 0.0986 -0.5243
vn -0.2463 0.1928 -0.9498
vn 0.5365 0.1719 -0.8262
vn -0.2223 0.1786 -0.9585
vn -0.2463 0.1928 -0.9498
vn 0.5324 0.1809 -0.8269
vn -0.8408 0.0546 -0.5387
vn -0.9752 -0.0961 0.1995
vn -0.9752 -0.0961 0.1995
vn -0.8408 0.0546 -0.5387
vn -0.9752 -0.0961 0.1995
vn -0.5379 -0.2017 0.8185
vn -0.5379 -0.2017 0.8185
vn -0.9752 -0.0961 0.1995
vn -0.9752 -0.0961 0.1995
vn -0.5379 -0.2017 0.8185
vn -0.5381 -0.2016 0.8184
vn -0.9754 -0.0945 0.1990
vn -0.8408 0.0546 -0.5387
vn -0.9752 -0.0961 0.1995
vn -0.9754 -0.0945 0.1990
vn -0.8409 0.0574 -0.5382
vn -0.5379 -0.2017 0.8185
vn 0.2148 -0.1986 0.9562
vn 0.2148 -0.1986 0.9562
vn -0.5379 -0.2017 0.8185
vn 0.2148 -0.1986 0.9562
vn 0.8422 -0.0904 0.5316
vn 0.8422 -0.0904 0.5316
vn 0.2148 -0.1986 0.9562
vn 0.2148 -0.1986 0.9562
vn 0.8422 -0.0904 0.5316
vn 0.8423 -0.0899 0.5315
vn 0.2151 -0.1986 0.9562
vn -0.5379 -0.2017 0.8185
vn 0.2148 -0.1986 0.9562
vn 0.2151 -0.1986 0.9562
vn -0.5381 -0.2016 0.8184
vn 0.8422 -0.0904 0.5316
vn 0.9766 0.0613 -0.2063
vn 0.9766 0.0613 -0.2063
vn 0.8422 -0.0904 0.5316
vn 0.9766 0.0613 -0.2063
vn 0.5393 0.1659 -0.8256
vn 0.5393 0.1659 -0.8256
vn 0.9766 0.0613 -0.2063
vn 0.9766 0.0613 -0.2063
vn 0.5393 0.1659 -0.8256
vn 0.5390 0.1667 -0.8257
vn 0.9766 0.0617 -0.2061
vn 0.8422 -0.0904 0.5316
vn 0.9766 0.0613 -0.2063
vn 0.9766 0.0617 -0.2061
vn 0.8423 -0.0899 0.5315
vn 0.5393 0.1659 -0.8256
vn -0.2135 0.1638 -0.9631
vn -0.2135 0.1638 -0.9631
vn 0.5393 0.1659 -0.8256
vn -0.2135 0.1638 -0.9631
vn -0.8408 0.0546 -0.5387
vn -0.8408 0.0546 -0.5387
vn -0.2135 0.1638 -0.9631
vn -0.2135 0.1638 -0.9631
vn -0.8408 0.0546 -0.5387
vn -0.8409 0.0574 -0.5382
vn -0.2145 0.1658 -0.9626
vn 0.5393 0.1659 -0.8256
vn -0.2135 0.1638 -0.9631
vn -0.2145 0.1658 -0.9626
vn 0.5390 0.1667 -0.8257
vn -0.8408 0.0546 -0.5387
vn -0.9752 -0.0961 0.1995
vn -0.9752 -0.0961 0.1995
vn -0.8408 0.0546 -0.5387
vn -0.9752 -0.0961 0.1995
vn -0.5379 -0.2017 0.8185
vn -0.5379 -0.2017 0.8185
vn -0.9752 -0.0961 0.1995
vn -0.9752 -0.0961 0.1995
vn -0.5379 -0.2017 0.8185
vn -0.5379 -0.2017 0.8185
vn -0.9752 -0.0961 0.1995
vn -0.8408 0.0546 -0.5387
vn -0.9752 -0.0961 0.1995
vn -0.9752 -0.0961 0.1995
vn -0.8408 0.0546 -0.5387
vn -0.5379 -0.2017 0.8185
vn 0.2148 -0.1986 0.9562
vn 0.2148 -0.1986 0.9562
vn -0.5379 -0.2017 0.8185
vn 0.2148 -0.1986 0.9562
vn 0.8422 -0.0904 0.5316
vn 0.8422 -0.0904 0.5316
vn 0.2148 -0.1986 0.9562
vn 0.2148 -0.1986 0.9562
vn 0.8422 -0.0904 0.5316
vn 0.8422 -0.0904 0.5316
vn 0.2148 -0.1986 0.9562
vn -0.5379 -0.2017 0.8185
vn 0.2148 -0.1986 0.9562
vn 0.2148 -0.1986 0.9562
vn -0.5379 -0.2017 0.8185
vn 0.8422 -0.0904 0.5316
vn 0.9766 0.0613 -0.2063
vn 0.9766 0.0613 -0.2063
vn 0.8422 -0.0904 0.5316
vn 0.9766 0.0613 -0.2063
vn 0.5393 0.1658 -0.8256
vn 0.5393 0.1659 -0.8256
vn 0.9766 0.0613 -0.2063
vn 0.9766 0.0613 -0.2063
vn 0.5393 0.1659 -0.8256
vn 0.5393 0.1659 -0.8256
vn 0.9766 0.0613 -0.2063
vn 0.8422 -0.0904 0.5316
vn 0.9766 0.0613 -0.2063
vn 0.9766 0.0613 -0.2063
vn 0.8422 -0.0904 0.5316
vn 0.5393 0.1658 -0.8256
vn -0.2135 0.1638 -0.9631
vn -0.2135 0.1638 -0.9631
vn 0.5393 0.1659 -0.8256
vn -0.2135 0.1638 -0.9631
vn -0.8408 0.0546 -0.5387
vn -0.8408 0.0546 -0.5387
vn -0.2135 0.1638 -0.9631
vn -0.2135 0.1638 -0.9631
vn -0.8408 0.0546 -0.5387
vn -0.8408 0.0546 -0.5387
vn -0.2135 0.1638 -0.9631
vn 0.5393 0.1659 -0.8256
vn -0.2135 0.1638 -0.9631
vn -0.2135 0.1638 -0.9631
vn 0.5393 0.1659 -0.8256
vn -0.8408 0.0546 -0.5387
vn -0.9752 -0.0961 0.1995
vn -0.9752 -0.0961 0.1995
vn -0.8408 0.0546 -0.5387
vn -0.9752 -0.0961 0.1995
vn -0.5379 -0.2017 0.8185
vn -0.5379 -0.2017 0.8185
vn -0.9752 -0.0961 0.1995
vn -0.9752 -0.0961 0.1995
vn -0.5379 -0.2017 0.8185
vn -0.5379 -0.2017 0.8185
vn -0.9752 -0.0961 0.1995
vn -0.8408 0.0546 -0.5387
vn -0.9752 -0.0961 0.1995
vn -0.9752 -0.0961 0.1995
vn -0.8408 0.0546 -0.5387
vn -0.5379 -0.2017 0.8185
vn 0.2148 -0.1986 0.9562
vn 0.2148 -0.1986 0.9562
vn -0.5379 -0.2017 0.8185
vn 0.2148 -0.1986 0.9562
vn 0.8422 -0.0904 0.5316
vn 0.8422 -0.0904 0.5316
vn 0.2148 -0.1986 0.9562
vn 0.2148 -0.1986 0.9562
vn 0.8422 -0.0904 0.5316
vn 0.8422 -0.0904 0.5316
vn 0.2148 -0.1986 0.9562
vn -0.5379 -0.2017 0.8185
vn 0.2148 -0.1986 0.9562
vn 0.2148 -0.1986 0.9562
vn -0.5379 -0.2017 0.8185
vn 0.8422 -0.0904 0.5316
vn 0.9766 0.0613 -0.2063
vn 0.9766 0.0613 -0.2063
vn 0.8422 -0.0904 0.5316
vn 0.9766 0.0613 -0.2063
vn 0.5393 0.1659 -0.8256
vn 0.5393 0.1658 -0.8256
vn 0.9766 0.0613 -0.2063
vn 0.9766 0.0613 -0.2063
vn 0.5393 0.1658 -0.8256
vn 0.5393 0.1658 -0.8256
vn 0.9766 0.0613 -0.2063
vn 0.8422 -0.0904 0.5316
vn 0.9766 0.0613 -0.2063
vn 0.9766 0.0613 -0.2063
vn 0.8422 -0.0904 0.5316
vn 0.5393 0.1659 -0.8256
vn -0.2135 0.1638 -0.9631
vn -0.2135 0.1638 -0.9631
vn 0.5393 0.1658 -0.8256
vn -0.2135 0.1638 -0.9631
vn -0.8408 0.0546 -0.5387
vn -0.8408 0.0546 -0.5387
vn -0.2135 0.1638 -0.9631
vn -0.2135 0.1638 -0.9631
vn -0.8408 0.0546 -0.5387
vn -0.8408 0.0546 -0.5387
vn -0.2135 0.1638 -0.9631
vn 0.5393 0.1658 -0.8256
vn -0.2135 0.1638 -0.9631
vn -0.2135 0.1638 -0.9631
vn 0.5393 0.1658 -0.8256
vn -0.8408 0.0546 -0.5387
vn -0.9752 -0.0961 0.1995
vn -0.9752 -0.0961 0.1995
vn -0.8408 0.0546 -0.5387
vn -0.9752 -0.0961 0.1995
vn -0.5379 -0.2017 0.8185
vn -0.5379 -0.2017 0.8185
vn -0.9752 -0.0961 0.1995
vn -0.9752 -0.0961 0.1995
vn -0.5379 -0.2017 0.8185
vn -0.5379 -0.2017 0.8185
vn -0.9752 -0.0961 0.1995
vn -0.8408 0.0546 -0.5387
vn -0.9752 -0.0961 0.1995
vn -0.9752 -0.0961 0.1995
vn -0.8408 0.0546 -0.5387
vn -0.5379 -0.2017 0.8185
vn 0.2148 -0.1986 0.9562
vn 0.2148 -0.1986 0.9562
vn -0.5379 -0.2017 0.8185
vn 0.2148 -0.1986 0.9562
vn 0.8422 -0.0904 0.5316
vn 0.8422 -0.0904 0.5316
vn 0.2148 -0.1986 0.9562
vn 0.2148 -0.1986 0.9562
vn 0.8422 -0.0904 0.5316
vn 0.8422 -0.0904 0.5316
vn 0.2148 -0.1986 0.9562
vn -0.5379 -0.2017 0.8185
vn 0.2148 -0.1986 0.9562
vn 0.2148 -0.1986 0.9562
vn -0.5379 -0.2017 0.8185
vn 0.8422 -0.0904 0.5316
vn 0.9766 0.0613 -0.2063
vn 0.9766 0.0613 -0.2063
vn 0.8422 -0.0904 0.5316
vn 0.9766 0.0613 -0.2063
vn 0.5393 0.1659 -0.8256
vn 0.5393 0.1659 -0.8256
vn 0.9766 0.0613 -0.2063
vn 0.9766 0.0613 -0.2063
vn 0.5393 0.1659 -0.8256
vn 0.5393 0.1659 -0.8256
vn 0.9766 0.0613 -0.2063
vn 0.8422 -0.0904 0.5316
vn 0.9766 0.0613 -0.2063
vn 0.9766 0.0613 -0.2063
vn 0.8422 -0.0904 0.5316
vn 0.5393 0.1659 -0.8256
vn -0.2135 0.1638 -0.9631
vn -0.2135 0.1638 -0.9631
vn 0.5393 0.1659 -0.8256
vn -0.2135 0.1638 -0.9631
vn -0.8408 0.0546 -0.5387
vn -0.8408 0.0546 -0.5387
vn -0.2135 0.1638 -0.9631
vn -0.2135 0.1638 -0.9631
vn -0.8408 0.0546 -0.5387
vn -0.8408 0.0546 -0.5387
vn -0.2135 0.1638 -0.9631
vn 0.5393 0.1659 -0.8256
vn -0.2135 0.1638 -0.9631
vn -0.2135 0.1638 -0.9631
vn 0.5393 0.1659 -0.8256
vn -0.8408 0.0546 -0.5387
vn -0.9752 -0.0961 0.1995
vn -0.9752 -0.0961 0.1995
vn -0.8408 0.0546 -0.5387
vn -0.9752 -0.0961 0.1995
vn -0.5379 -0.2017 0.8185
vn -0.5379 -0.2017 0.8185
vn -0.9752 -0.0961 0.1995
vn -0.9752 -0.0961 0.1995
vn -0.5379 -0.2017 0.8185
vn -0.5379 -0.2017 0.8185
vn -0.9752 -0.0961 0.1995
vn -0.8408 0.0546 -0.5387
vn -0.9752 -0.0961 0.1995
vn -0.9752 -0.0961 0.1995
vn -0.8408 0.0546 -0.5387
vn -0.5379 -0.2017 0.8185
vn 0.2148 -0.1986 0.9562
vn 0.2148 -0.1986 0.9562
vn -0.5379 -0.2017 0.8185
vn 0.2148 -0.1986 0.9562
vn 0.8422 -0.0904 0.5316
vn 0.8422 -0.0904 0.5316
vn 0.2148 -0.1986 0.9562
vn 0.2148 -0.1986 0.9562
vn 0.8422 -0.0904 0.5316
vn 0.8422 -0.0904 0.5316
vn 0.2148 -0.1986 0.9562
vn -0.5379 -0.2017 0.8185
vn 0.2148 -0.1986 0.9562
vn 0.2148 -0.1986 0.9562
vn -0.5379 -0.2017 0.8185
vn 0.8422 -0.0904 0.5316
vn 0.9766 0.0613 -0.2063
vn 0.9766 0.0613 -0.2063
vn 0.8422 -0.0904 0.5316
vn 0.9766 0.0613 -0.2063
vn 0.5393 0.1659 -0.8256
vn 0.5393 0.1659 -0.8256
vn 0.9766 0.0613 -0.2063
vn 0.9766 0.0613 -0.2063
vn 0.5393 0.1659 -0.8256
vn 0.5393 0.1659 -0.8256
vn 0.9766 0.0613 -0.2063
vn 0.8422 -0.0904 0.5316
vn 0.9766 0.0613 -0.2063
vn 0.9766 0.0613 -0.2063
vn 0.8422 -0.0904 0.5316
vn 0.5393 0.1659 -0.8256
vn -0.2135 0.1638 -0.9631
vn -0.2135 0.1638 -0.9631
vn 0.5393 0.1659 -0.8256
vn -0.2135 0.1638 -0.9631
vn -0.8408 0.0546 -0.5387
vn -0.8408 0.0546 -0.5387
vn -0.2135 0.1638 -0.9631
vn -0.2135 0.1638 -0.9631
vn -0.8408 0.0546 -0.5387
vn -0.8408 0.0546 -0.5387
vn -0.2135 0.1638 -0.9631
vn 0.5393 0.1659 -0.8256
vn -0.2135 0.1638 -0.9631
vn -0.2135 0.1638 -0.9631
vn 0.5393 0.1659 -0.8256
vn -0.8408 0.0546 -0.5387
vn -0.9752 -0.0961 0.1995
vn -0.9752 -0.0961 0.1995
vn -0.8408 0.0546 -0.5387
vn -0.9752 -0.0961 0.1995
vn -0.5379 -0.2017 0.8185
vn -0.5379 -0.2017 0.8185
vn -0.9752 -0.0961 0.1995
vn -0.9752 -0.0961 0.1995
vn -0.5379 -0.2017 0.8185
vn -0.5379 -0.2017 0.8185
vn -0.9752 -0.0961 0.1995
vn -0.8408 0.0546 -0.5387
vn -0.9752 -0.0961 0.1995
vn -0.9752 -0.0961 0.1995
vn -0.8408 0.0546 -0.5387
vn -0.5379 -0.2017 0.8185
vn 0.2148 -0.1986 0.9562
vn 0.2148 -0.1986 0.9562
vn -0.5379 -0.2017 0.8185
vn 0.2148 -0.1986 0.9562
vn 0.8422 -0.0904 0.5316
vn 0.8422 -0.0904 0.5316
vn 0.2148 -0.1986 0.9562
vn 0.2148 -0.1986 0.9562
vn 0.8422 -0.0904 0.5316
vn 0.8422 -0.0904 0.5316
vn 0.2148 -0.1986 0.9562
vn -0.5379 -0.2017 0.8185
vn 0.2148 -0.1986 0.9562
vn 0.2148 -0.1986 0.9562
vn -0.5379 -0.2017 0.8185
vn 0.8422 -0.0904 0.5316
vn 0.9766 0.0613 -0.2063
vn 0.9766 0.0613 -0.2063
vn 0.8422 -0.0904 0.5316
vn 0.9766 0.0613 -0.2063
vn 0.5393 0.1658 -0.8256
vn 0.5393 0.1658 -0.8256
vn 0.9766 0.0613 -0.2063
vn 0.9766 0.0613 -0.2063
vn 0.5393 0.1658 -0.8256
vn 0.5393 0.1659 -0.8256
vn 0.9766 0.0613 -0.2063
vn 0.8422 -0.0904 0.5316
vn 0.9766 0.0613 -0.2063
vn 0.9766 0.0613 -0.2063
vn 0.8422 -0.0904 0.5316
vn 0.5393 0.1658 -0.8256
vn -0.2135 0.1638 -0.9631
vn -0.2135 0.1638 -0.9631
vn 0.5393 0.1658 -0.8256
vn -0.2135 0.1638 -0.9631
vn -0.8408 0.0546 -0.5387
vn -0.8408 0.0546 -0.5387
vn -0.2135 0.1638 -0.9631
vn -0.2135 0.1638 -0.9631
vn -0.8408 0.0546 -0.5387
vn -0.8408 0.0546 -0.5387
vn -0.2135 0.1638 -0.9631
vn 0.5393 0.1658 -0.8256
vn -0.2135 0.1638 -0.9631
vn -0.2135 0.1638 -0.9631
vn 0.5393 0.1659 -0.8256
vn -0.8408 0.0562 -0.5383
vn -0.9752 -0.0951 0.1999
vn -0.9752 -0.0961 0.1994
vn -0.8407 0.0545 -0.5387
vn -0.9752 -0.0951 0.1999
vn -0.5375 -0.2021 0.8187
vn -0.5379 -0.2017 0.8185
vn -0.9752 -0.0961 0.1994
vn -0.9752 -0.0961 0.1994
vn -0.5379 -0.2017 0.8185
vn -0.5379 -0.2017 0.8185
vn -0.9752 -0.0961 0.1995
vn -0.8407 0.0545 -0.5387
vn -0.9752 -0.0961 0.1994
vn -0.9752 -0.0961 0.1995
vn -0.8408 0.0546 -0.5387
vn -0.5375 -0.2021 0.8187
vn 0.2152 -0.2006 0.9557
vn 0.2148 -0.1986 0.9562
vn -0.5379 -0.2017 0.8185
vn 0.2152 -0.2006 0.9557
vn 0.8422 -0.0930 0.5310
vn 0.8422 -0.0904 0.5316
vn 0.2148 -0.1986 0.9562
vn 0.2148 -0.1986 0.9562
vn 0.8422 -0.0904 0.5316
vn 0.8422 -0.0904 0.5316
vn 0.2148 -0.1986 0.9562
vn -0.5379 -0.2017 0.8185
vn 0.2148 -0.1986 0.9562
vn 0.2148 -0.1986 0.9562
vn -0.5379 -0.2017 0.8185
vn 0.8422 -0.0930 0.5310
vn 0.9767 0.0593 -0.2064
vn 0.9766 0.0613 -0.2063
vn 0.8422 -0.0904 0.5316
vn 0.9767 0.0593 -0.2064
vn 0.5397 0.1655 -0.8254
vn 0.5393 0.1658 -0.8256
vn 0.9766 0.0613 -0.2063
vn 0.9766 0.0613 -0.2063
vn 0.5393 0.1658 -0.8256
vn 0.5393 0.1658 -0.8256
vn 0.9766 0.0613 -0.2063
vn 0.8422 -0.0904 0.5316
vn 0.9766 0.0613 -0.2063
vn 0.9766 0.0613 -0.2063
vn 0.8422 -0.0904 0.5316
vn 0.5397 0.1655 -0.8254
vn -0.2133 0.1649 -0.9630
vn -0.2135 0.1637 -0.9631
vn 0.5393 0.1658 -0.8256
vn -0.2133 0.1649 -0.9630
vn -0.8408 0.0562 -0.5383
vn -0.8407 0.0545 -0.5387
vn -0.2135 0.1637 -0.9631
vn -0.2135 0.1637 -0.9631
vn -0.8407 0.0545 -0.5387
vn -0.8408 0.0546 -0.5387
vn -0.2135 0.1638 -0.9631
vn 0.5393 0.1658 -0.8256
vn -0.2135 0.1637 -0.9631
vn -0.2135 0.1638 -0.9631
vn 0.5393 0.1658 -0.8256
vn -0.8422 0.0900 -0.5316
vn -0.9757 -0.0741 0.2060
vn -0.9753 -0.0880 0.2028
vn -0.8414 0.0679 -0.5361
vn -0.9757 -0.0741 0.2060
vn -0.5350 -0.2103 0.8183
vn -0.5354 -0.2051 0.8193
vn -0.9753 -0.0880 0.2028
vn -0.9753 -0.0880 0.2028
vn -0.5354 -0.2051 0.8193
vn -0.5375 -0.2021 0.8187
vn -0.9752 -0.0951 0.1999
vn -0.8414 0.0679 -0.5361
vn -0.9753 -0.0880 0.2028
vn -0.9752 -0.0951 0.1999
vn -0.8408 0.0562 -0.5383
vn -0.5350 -0.2103 0.8183
vn 0.2172 -0.2362 0.9471
vn 0.2168 -0.2129 0.9527
vn -0.5354 -0.2051 0.8193
vn 0.2172 -0.2362 0.9471
vn 0.8422 -0.1400 0.5206
vn 0.8424 -0.1094 0.5276
vn 0.2168 -0.2129 0.9527
vn 0.2168 -0.2129 0.9527
vn 0.8424 -0.1094 0.5276
vn 0.8422 -0.0930 0.5310
vn 0.2152 -0.2006 0.9557
vn -0.5354 -0.2051 0.8193
vn 0.2168 -0.2129 0.9527
vn 0.2152 -0.2006 0.9557
vn -0.5375 -0.2021 0.8187
vn 0.8422 -0.1400 0.5206
vn 0.9770 0.0244 -0.2120
vn 0.9771 0.0470 -0.2075
vn 0.8424 -0.1094 0.5276
vn 0.9770 0.0244 -0.2120
vn 0.5420 0.1592 -0.8252
vn 0.5417 0.1632 -0.8246
vn 0.9771 0.0470 -0.2075
vn 0.9771 0.0470 -0.2075
vn 0.5417 0.1632 -0.8246
vn 0.5397 0.1655 -0.8254
vn 0.9767 0.0593 -0.2064
vn 0.8424 -0.1094 0.5276
vn 0.9771 0.0470 -0.2075
vn 0.9767 0.0593 -0.2064
vn 0.8422 -0.0930 0.5310
vn 0.5420 0.1592 -0.8252
vn -0.2124 0.1877 -0.9590
vn -0.2123 0.1729 -0.9618
vn 0.5417 0.1632 -0.8246
vn -0.2124 0.1877 -0.9590
vn -0.8422 0.0900 -0.5316
vn -0.8414 0.0679 -0.5361
vn -0.2123 0.1729 -0.9618
vn -0.2123 0.1729 -0.9618
vn -0.8414 0.0679 -0.5361
vn -0.8408 0.0562 -0.5383
vn -0.2133 0.1649 -0.9630
vn 0.5417 0.1632 -0.8246
vn -0.2123 0.1729 -0.9618
vn -0.2133 0.1649 -0.9630
vn 0.5397 0.1655 -0.8254
vn -0.8425 0.1145 -0.5264
vn -0.9766 -0.0581 0.2070
vn -0.9763 -0.0625 0.2070
vn -0.8425 0.1079 -0.5278
vn -0.9766 -0.0581 0.2070
vn -0.5387 -0.2153 0.8145
vn -0.5371 -0.2141 0.8159
vn -0.9763 -0.0625 0.2070
vn -0.9763 -0.0625 0.2070
vn -0.5371 -0.2141 0.8159
vn -0.5350 -0.2103 0.8183
vn -0.9757 -0.0741 0.2060
vn -0.8425 0.1079 -0.5278
vn -0.9763 -0.0625 0.2070
vn -0.9757 -0.0741 0.2060
vn -0.8422 0.0900 -0.5316
vn -0.5387 -0.2153 0.8145
vn 0.2142 -0.2622 0.9409
vn 0.2155 -0.2551 0.9426
vn -0.5371 -0.2141 0.8159
vn 0.2142 -0.2622 0.9409
vn 0.8411 -0.1741 0.5121
vn 0.8415 -0.1648 0.5145
vn 0.2155 -0.2551 0.9426
vn 0.2155 -0.2551 0.9426
vn 0.8415 -0.1648 0.5145
vn 0.8422 -0.1400 0.5206
vn 0.2172 -0.2362 0.9471
vn -0.5371 -0.2141 0.8159
vn 0.2155 -0.2551 0.9426
vn 0.2172 -0.2362 0.9471
vn -0.5350 -0.2103 0.8183
vn 0.8411 -0.1741 0.5121
vn 0.9754 -0.0001 -0.2203
vn 0.9760 0.0065 -0.2176
vn 0.8415 -0.1648 0.5145
vn 0.9754 -0.0001 -0.2203
vn 0.5382 0.1554 -0.8284
vn 0.5398 0.1563 -0.8272
vn 0.9760 0.0065 -0.2176
vn 0.9760 0.0065 -0.2176
vn 0.5398 0.1563 -0.8272
vn 0.5420 0.1592 -0.8252
vn 0.9770 0.0244 -0.2120
vn 0.8415 -0.1648 0.5145
vn 0.9760 0.0065 -0.2176
vn 0.9770 0.0244 -0.2120
vn 0.8422 -0.1400 0.5206
vn 0.5382 0.1554 -0.8284
vn -0.2149 0.2042 -0.9551
vn -0.2139 0.1997 -0.9562
vn 0.5398 0.1563 -0.8272
vn -0.2149 0.2042 -0.9551
vn -0.8425 0.1145 -0.5264
vn -0.8425 0.1079 -0.5278
vn -0.2139 0.1997 -0.9562
vn -0.2139 0.1997 -0.9562
vn -0.8425 0.1079 -0.5278
vn -0.8422 0.0900 -0.5316
vn -0.2124 0.1877 -0.9590
vn 0.5398 0.1563 -0.8272
vn -0.2139 0.1997 -0.9562
vn -0.2124 0.1877 -0.9590
vn 0.5420 0.1592 -0.8252
vn -0.8425 0.1156 -0.5262
vn -0.9767 -0.0574 0.2069
vn -0.9767 -0.0574 0.2069
vn -0.8425 0.1155 -0.5262
vn -0.9767 -0.0574 0.2069
vn -0.5392 -0.2155 0.8142
vn -0.5391 -0.2155 0.8142
vn -0.9767 -0.0574 0.2069
vn -0.9767 -0.0574 0.2069
vn -0.5391 -0.2155 0.8142
vn -0.5387 -0.2153 0.8145
vn -0.9766 -0.0581 0.2070
vn -0.8425 0.1155 -0.5262
vn -0.9767 -0.0574 0.2069
vn -0.9766 -0.0581 0.2070
vn -0.8425 0.1145 -0.5264
vn -0.5392 -0.2155 0.8142
vn 0.2138 -0.2634 0.9407
vn 0.2138 -0.2633 0.9407
vn -0.5391 -0.2155 0.8142
vn 0.2138 -0.2634 0.9407
vn 0.8410 -0.1757 0.5116
vn 0.8410 -0.1756 0.5117
vn 0.2138 -0.2633 0.9407
vn 0.2138 -0.2633 0.9407
vn 0.8410 -0.1756 0.5117
vn 0.8411 -0.1741 0.5121
vn 0.2142 -0.2622 0.9409
vn -0.5391 -0.2155 0.8142
vn 0.2138 -0.2633 0.9407
vn 0.2142 -0.2622 0.9409
vn -0.5387 -0.2153 0.8145
vn 0.8410 -0.1757 0.5116
vn 0.9753 -0.0011 -0.2210
vn 0.9753 -0.0011 -0.2209
vn 0.8410 -0.1756 0.5117
vn 0.9753 -0.0011 -0.2210
vn 0.5377 0.1553 -0.8287
vn 0.5378 0.1553 -0.8287
vn 0.9753 -0.0011 -0.2209
vn 0.9753 -0.0011 -0.2209
vn 0.5378 0.1553 -0.8287
vn 0.5382 0.1554 -0.8284
vn 0.9754 -0.0001 -0.2203
vn 0.8410 -0.1756 0.5117
vn 0.9753 -0.0011 -0.2209
vn 0.9754 -0.0001 -0.2203
vn 0.8411 -0.1741 0.5121
vn 0.5377 0.1553 -0.8287
vn -0.2152 0.2048 -0.9548
vn -0.2152 0.2048 -0.9549
vn 0.5378 0.1553 -0.8287
vn -0.2152 0.2048 -0.9548
vn -0.8425 0.1156 -0.5262
vn -0.8425 0.1155 -0.5262
vn -0.2152 0.2048 -0.9549
vn -0.2152 0.2048 -0.9549
vn -0.8425 0.1155 -0.5262
vn -0.8425 0.1145 -0.5264
vn -0.2149 0.2042 -0.9551
vn 0.5378 0.1553 -0.8287
vn -0.2152 0.2048 -0.9549
vn -0.2149 0.2042 -0.9551
vn 0.5382 0.1554 -0.8284
vn -0.8425 0.1156 -0.5262
vn -0.9767 -0.0574 0.2069
vn -0.9767 -0.0574 0.2069
vn -0.8425 0.1156 -0.5262
vn -0.9767 -0.0574 0.2069
vn -0.5392 -0.2155 0.8142
vn -0.5392 -0.2155 0.8142
vn -0.9767 -0.0574 0.2069
vn -0.9767 -0.0574 0.2069
vn -0.5392 -0.2155 0.8142
vn -0.5392 -0.2155 0.8142
vn -0.9767 -0.0574 0.2069
vn -0.8425 0.1156 -0.5262
vn -0.9767 -0.0574 0.2069
vn -0.9767 -0.0574 0.2069
vn -0.8425 0.1156 -0.5262
vn -0.5392 -0.2155 0.8142
vn 0.2138 -0.2634 0.9407
vn 0.2138 -0.2634 0.9407
vn -0.5392 -0.2155 0.8142
vn 0.2138 -0.2634 0.9407
vn 0.8410 -0.1758 0.5116
vn 0.8410 -0.1758 0.5116
vn 0.2138 -0.2634 0.9407
vn 0.2138 -0.2634 0.9407
vn 0.8410 -0.1758 0.5116
vn 0.8410 -0.1757 0.5116
vn 0.2138 -0.2634 0.9407
vn -0.5392 -0.2155 0.8142
vn 0.2138 -0.2634 0.9407
vn 0.2138 -0.2634 0.9407
vn -0.5392 -0.2155 0.8142
vn 0.8410 -0.1758 0.5116
vn 0.9753 -0.0012 -0.2210
vn 0.9753 -0.0012 -0.2210
vn 0.8410 -0.1758 0.5116
vn 0.9753 -0.0012 -0.2210
vn 0.5377 0.1553 -0.8287
vn 0.5377 0.1553 -0.8287
vn 0.9753 -0.0012 -0.2210
vn 0.9753 -0.0012 -0.2210
vn 0.5377 0.1553 -0.8287
vn 0.5377 0.1553 -0.8287
vn 0.9753 -0.0011 -0.2210
vn 0.8410 -0.1758 0.5116
vn 0.9753 -0.0012 -0.2210
vn 0.9753 -0.0011 -0.2210
vn 0.8410 -0.1757 0.5116
vn 0.5377 0.1553 -0.8287
vn -0.2152 0.2048 -0.9548
vn -0.2152 0.2049 -0.9548
vn 0.5377 0.1553 -0.8287
vn -0.2152 0.2048 -0.9548
vn -0.8425 0.1156 -0.5262
vn -0.8425 0.1156 -0.5262
vn -0.2152 0.2049 -0.9548
vn -0.2152 0.2049 -0.9548
vn -0.8425 0.1156 -0.5262
vn -0.8425 0.1156 -0.5262
vn -0.2152 0.2048 -0.9548
vn 0.5377 0.1553 -0.8287
vn -0.2152 0.2049 -0.9548
vn -0.2152 0.2048 -0.9548
vn 0.5377 0.1553 -0.8287
vn -0.8425 0.1156 -0.5262
vn -0.9767 -0.0574 0.2069
vn -0.9767 -0.0574 0.2069
vn -0.8425 0.1156 -0.5262
vn -0.9767 -0.0574 0.2069
vn -0.5392 -0.2155 0.8142
vn -0.5392 -0.2155 0.8142
vn -0.9767 -0.0574 0.2069
vn -0.9767 -0.0574 0.2069
vn -0.5392 -0.2155 0.8142
vn -0.5392 -0.2155 0.8142
vn -0.9767 -0.0574 0.2069
vn -0.8425 0.1156 -0.5262
vn -0.9767 -0.0574 0.2069
vn -0.9767 -0.0574 0.2069
vn -0.8425 0.1156 -0.5262
vn -0.5392 -0.2155 0.8142
vn 0.2138 -0.2634 0.9407
vn 0.2138 -0.2634 0.9407
vn -0.5392 -0.2155 0.8142
vn 0.2138 -0.2634 0.9407
vn 0.8410 -0.1758 0.5116
vn 0.8410 -0.1758 0.5116
vn 0.2138 -0.2634 0.9407
vn 0.2138 -0.2634 0.9407
vn 0.8410 -0.1758 0.5116
vn 0.8410 -0.1758 0.5116
vn 0.2138 -0.2634 0.9407
vn -0.5392 -0.2155 0.8142
vn 0.2138 -0.2634 0.9407
vn 0.2138 -0.2634 0.9407
vn -0.5392 -0.2155 0.8142
vn 0.8410 -0.1758 0.5116
vn 0.9753 -0.0012 -0.2210
vn 0.9753 -0.0012 -0.2210
vn 0.8410 -0.1758 0.5116
vn 0.9753 -0.0012 -0.2210
vn 0.5377 0.1553 -0.8287
vn 0.5377 0.1553 -0.8287
vn 0.9753 -0.0012 -0.2210
vn 0.9753 -0.0012 -0.2210
vn 0.5377 0.1553 -0.8287
vn 0.5377 0.1553 -0.8287
vn 0.9753 -0.0012 -0.2210
vn 0.8410 -0.1758 0.5116
vn 0.9753 -0.0012 -0.2210
vn 0.9753 -0.0012 -0.2210
vn 0.8410 -0.1758 0.5116
vn 0.5377 0.1553 -0.8287
vn -0.2152 0.2049 -0.9548
vn -0.2152 0.2049 -0.9548
vn 0.5377 0.1553 -0.8287
vn -0.2152 0.2049 -0.9548
vn -0.8425 0.1156 -0.5262
vn -0.8425 0.1156 -0.5262
vn -0.2152 0.2049 -0.9548
vn -0.2152 0.2049 -0.9548
vn -0.8425 0.1156 -0.5262
vn -0.8425 0.1156 -0.5262
vn -0.2152 0.2048 -0.9548
vn 0.5377 0.1553 -0.8287
vn -0.2152 0.2049 -0.9548
vn -0.2152 0.2048 -0.9548
vn 0.5377 0.1553 -0.8287
vn -0.8425 0.1156 -0.5262
vn -0.9767 -0.0574 0.2069
vn -0.9767 -0.0574 0.2069
vn -0.8425 0.1156 -0.5262
vn -0.9767 -0.0574 0.2069
vn -0.5392 -0.2155 0.8142
vn -0.5392 -0.2155 0.8142
vn -0.9767 -0.0574 0.2069
vn -0.9767 -0.0574 0.2069
vn -0.5392 -0.2155 0.8142
vn -0.5392 -0.2155 0.8142
vn -0.9767 -0.0574 0.2069
vn -0.8425 0.1156 -0.5262
vn -0.9767 -0.0574 0.2069
vn -0.9767 -0.0574 0.2069
vn -0.8425 0.1156 -0.5262
vn -0.5392 -0.2155 0.8142
vn 0.2138 -0.2634 0.9407
vn 0.2138 -0.2634 0.9407
vn -0.5392 -0.2155 0.8142
vn 0.2138 -0.2634 0.9407
vn 0.8410 -0.1758 0.5116
vn 0.8410 -0.1758 0.5116
vn 0.2138 -0.2634 0.9407
vn 0.2138 -0.2634 0.9407
vn 0.8410 -0.1758 0.5116
vn 0.8410 -0.1758 0.5116
vn 0.2138 -0.2634 0.9407
vn -0.5392 -0.2155 0.8142
vn 0.2138 -0.2634 0.9407
vn 0.2138 -0.2634 0.9407
vn -0.5392 -0.2155 0.8142
vn 0.8410 -0.1758 0.5116
vn 0.9753 -0.0012 -0.2210
vn 0.9753 -0.0012 -0.2210
vn 0.8410 -0.1758 0.5116
vn 0.9753 -0.0012 -0.2210
vn 0.5377 0.1553 -0.8287
vn 0.5377 0.1553 -0.8287
vn 0.9753 -0.0012 -0.2210
vn 0.9753 -0.0012 -0.2210
vn 0.5377 0.1553 -0.8287
vn 0.5377 0.1553 -0.8287
vn 0.9753 -0.0012 -0.2210
vn 0.8410 -0.1758 0.5116
vn 0.9753 -0.0012 -0.2210
vn 0.9753 -0.0012 -0.2210
vn 0.8410 -0.1758 0.5116
vn 0.5377 0.1553 -0.8287
vn -0.2152 0.2049 -0.9548
vn -0.2152 0.2049 -0.9548
vn 0.5377 0.1553 -0.8287
vn -0.2152 0.2049 -0.9548
vn -0.8425 0.1156 -0.5262
vn -0.8425 0.1156 -0.5262
vn -0.2152 0.2049 -0.9548
vn -0.2152 0.2049 -0.9548
vn -0.8425 0.1156 -0.5262
vn -0.8425 0.1156 -0.5262
vn -0.2152 0.2049 -0.9548
vn 0.5377 0.1553 -0.8287
vn -0.2152 0.2049 -0.9548
vn -0.2152 0.2049 -0.9548
vn 0.5377 0.1553 -0.8287
vn -0.8425 0.1156 -0.5262
vn -0.9767 -0.0574 0.2069
vn -0.9767 -0.0574 0.2069
vn -0.8425 0.1156 -0.5262
vn -0.9767 -0.0574 0.2069
vn -0.5392 -0.2155 0.8142
vn -0.5392 -0.2155 0.8142
vn -0.9767 -0.0574 0.2069
vn -0.9767 -0.0574 0.2069
vn -0.5392 -0.2155 0.8142
vn -0.5392 -0.2155 0.8142
vn -0.9767 -0.0574 0.2069
vn -0.8425 0.1156 -0.5262
vn -0.9767 -0.0574 0.2069
vn -0.9767 -0.0574 0.2069
vn -0.8425 0.1156 -0.5262
vn -0.5392 -0.2155 0.8142
vn 0.2138 -0.2634 0.9407
vn 0.2138 -0.2634 0.9407
vn -0.5392 -0.2155 0.8142
vn 0.2138 -0.2634 0.9407
vn 0.8410 -0.1758 0.5116
vn 0.8410 -0.1758 0.5116
vn 0.2138 -0.2634 0.9407
vn 0.2138 -0.2634 0.9407
vn 0.8410 -0.1758 0.5116
vn 0.8410 -0.1758 0.5116
vn 0.2138 -0.2634 0.9407
vn -0.5392 -0.2155 0.8142
vn 0.2138 -0.2634 0.9407
vn 0.2138 -0.2634 0.9407
vn -0.5392 -0.2155 0.8142
vn 0.8410 -0.1758 0.5116
vn 0.9753 -0.0012 -0.2210
vn 0.9753 -0.0012 -0.2210
vn 0.8410 -0.1758 0.5116
vn 0.9753 -0.0012 -0.2210
vn 0.5377 0.1553 -0.8287
vn 0.5377 0.1553 -0.8287
vn 0.9753 -0.0012 -0.2210
vn 0.9753 -0.0012 -0.2210
vn 0.5377 0.1553 -0.8287
vn 0.5377 0.1553 -0.8287
vn 0.9753 -0.0012 -0.2210
vn 0.8410 -0.1758 0.5116
vn 0.9753 -0.0012 -0.2210
vn 0.9753 -0.0012 -0.2210
vn 0.8410 -0.1758 0.5116
vn 0.5377 0.1553 -0.8287
vn -0.2152 0.2049 -0.9548
vn -0.2152 0.2049 -0.9548
vn 0.5377 0.1553 -0.8287
vn -0.2152 0.2049 -0.9548
vn -0.8425 0.1156 -0.5262
vn -0.8425 0.1156 -0.5262
vn -0.2152 0.2049 -0.9548
vn -0.2152 0.2049 -0.9548
vn -0.8425 0.1156 -0.5262
vn -0.8425 0.1156 -0.5262
vn -0.2152 0.2049 -0.9548
vn 0.5377 0.1553 -0.8287
vn -0.2152 0.2049 -0.9548
vn -0.2152 0.2049 -0.9548
vn 0.5377 0.1553 -0.8287
vn -0.8425 0.1156 -0.5262
vn -0.9767 -0.0574 0.2069
vn -0.9767 -0.0574 0.2069
vn -0.8425 0.1156 -0.5262
vn -0.9767 -0.0574 0.2069
vn -0.5392 -0.2155 0.8142
vn -0.5392 -0.2155 0.8142
vn -0.9767 -0.0574 0.2069
vn -0.9767 -0.0574 0.2069
vn -0.5392 -0.2155 0.8142
vn -0.5392 -0.2155 0.8142
vn -0.9767 -0.0574 0.2069
vn -0.8425 0.1156 -0.5262
vn -0.9767 -0.0574 0.2069
vn -0.9767 -0.0574 0.2069
vn -0.8425 0.1156 -0.5262
vn -0.5392 -0.2155 0.8142
vn 0.2138 -0.2634 0.9407
vn 0.2138 -0.2634 0.9407
vn -0.5392 -0.2155 0.8142
vn 0.2138 -0.2634 0.9407
vn 0.8410 -0.1758 0.5116
vn 0.8410 -0.1758 0.5116
vn 0.2138 -0.2634 0.9407
vn 0.2138 -0.2634 0.9407
vn 0.8410 -0.1758 0.5116
vn 0.8410 -0.1758 0.5116
vn 0.2138 -0.2634 0.9407
vn -0.5392 -0.2155 0.8142
vn 0.2138 -0.2634 0.9407
vn 0.2138 -0.2634 0.9407
vn -0.5392 -0.2155 0.8142
vn 0.8410 -0.1758 0.5116
vn 0.9753 -0.0012 -0.2210
vn 0.9753 -0.0012 -0.2210
vn 0.8410 -0.1758 0.5116
vn 0.9753 -0.0012 -0.2210
vn 0.5377 0.1553 -0.8287
vn 0.5377 0.1553 -0.8287
vn 0.9753 -0.0012 -0.2210
vn 0.9753 -0.0012 -0.2210
vn 0.5377 0.1553 -0.8287
vn 0.5377 0.1553 -0.8287
vn 0.9753 -0.0012 -0.2210
vn 0.8410 -0.1758 0.5116
vn 0.9753 -0.0012 -0.2210
vn 0.9753 -0.0012 -0.2210
vn 0.8410 -0.1758 0.5116
vn 0.5377 0.1553 -0.8287
vn -0.2152 0.2049 -0.9548
vn -0.2152 0.2049 -0.9548
vn 0.5377 0.1553 -0.8287
vn -0.2152 0.2049 -0.9548
vn -0.8425 0.1156 -0.5262
vn -0.8425 0.1156 -0.5262
vn -0.2152 0.2049 -0.9548
vn -0.2152 0.2049 -0.9548
vn -0.8425 0.1156 -0.5262
vn -0.8425 0.1156 -0.5262
vn -0.2152 0.2049 -0.9548
vn 0.5377 0.1553 -0.8287
vn -0.2152 0.2049 -0.9548
vn -0.2152 0.2049 -0.9548
vn 0.5377 0.1553 -0.8287
vn -0.8425 0.1156 -0.5262
vn -0.9767 -0.0574 0.2069
vn -0.9767 -0.0574 0.2069
vn -0.8425 0.1156 -0.5262
vn -0.9767 -0.0574 0.2069
vn -0.5392 -0.2155 0.8142
vn -0.5392 -0.2155 0.8142
vn -0.9767 -0.0574 0.2069
vn -0.9767 -0.0574 0.2069
vn -0.5392 -0.2155 0.8142
vn -0.5392 -0.2155 0.8142
vn -0.9767 -0.0574 0.2069
vn -0.8425 0.1156 -0.5262
vn -0.9767 -0.0574 0.2069
vn -0.9767 -0.0574 0.2069
vn -0.8425 0.1156 -0.5262
vn -0.5392 -0.2155 0.8142
vn 0.2138 -0.2634 0.9407
vn 0.2138 -0.2634 0.9407
vn -0.5392 -0.2155 0.8142
vn 0.2138 -0.2634 0.9407
vn 0.8410 -0.1758 0.5116
vn 0.8410 -0.1758 0.5116
vn 0.2138 -0.2634 0.9407
vn 0.2138 -0.2634 0.9407
vn 0.8410 -0.1758 0.5116
vn 0.8410 -0.1758 0.5116
vn 0.2138 -0.2634 0.9407
vn -0.5392 -0.2155 0.8142
vn 0.2138 -0.2634 0.9407
vn 0.2138 -0.2634 0.9407
vn -0.5392 -0.2155 0.8142
vn 0.8410 -0.1758 0.5116
vn 0.9753 -0.0012 -0.2210
vn 0.9753 -0.0012 -0.2210
vn 0.8410 -0.1758 0.5116
vn 0.9753 -0.0012 -0.2210
vn 0.5377 0.1553 -0.8287
vn 0.5377 0.1553 -0.8287
vn 0.9753 -0.0012 -0.2210
vn 0.9753 -0.0012 -0.2210
vn 0.5377 0.1553 -0.8287
vn 0.5377 0.1553 -0.8287
vn 0.9753 -0.0012 -0.2210
vn 0.8410 -0.1758 0.5116
vn 0.9753 -0.0012 -0.2210
vn 0.9753 -0.0012 -0.2210
vn 0.8410 -0.1758 0.5116
vn 0.5377 0.1553 -0.8287
vn -0.2152 0.2049 -0.9548
vn -0.2152 0.2049 -0.9548
vn 0.5377 0.1553 -0.8287
vn -0.2152 0.2049 -0.9548
vn -0.8425 0.1156 -0.5262
vn -0.8425 0.1156 -0.5262
vn -0.2152 0.2049 -0.9548
vn -0.2152 0.2049 -0.9548
vn -0.8425 0.1156 -0.5262
vn -0.8425 0.1156 -0.5262
vn -0.2152 0.2049 -0.9548
vn 0.5377 0.1553 -0.8287
vn -0.2152 0.2049 -0.9548
vn -0.2152 0.2049 -0.9548
vn 0.5377 0.1553 -0.8287
vn -0.8425 0.1156 -0.5262
vn -0.9767 -0.0574 0.2069
vn -0.9767 -0.0574 0.2069
vn -0.8425 0.1156 -0.5262
vn -0.9767 -0.0574 0.2069
vn -0.5392 -0.2155 0.8142
vn -0.5392 -0.2155 0.8142
vn -0.9767 -0.0574 0.2069
vn -0.9767 -0.0574 0.2069
vn -0.5392 -0.2155 0.8142
vn -0.5392 -0.2155 0.8142
vn -0.9767 -0.0574 0.2069
vn -0.8425 0.1156 -0.5262
vn -0.9767 -0.0574 0.2069
vn -0.9767 -0.0574 0.2069
vn -0.8425 0.1156 -0.5262
vn -0.5392 -0.2155 0.8142
vn 0.2138 -0.2634 0.9407
vn 0.2138 -0.2634 0.9407
vn -0.5392 -0.2155 0.8142
vn 0.2138 -0.2634 0.9407
vn 0.8410 -0.1758 0.5116
vn 0.8410 -0.1758 0.5116
vn 0.2138 -0.2634 0.9407
vn 0.2138 -0.2634 0.9407
vn 0.8410 -0.1758 0.5116
vn 0.8410 -0.1758 0.5116
vn 0.2138 -0.2634 0.9407
vn -0.5392 -0.2155 0.8142
vn 0.2138 -0.2634 0.9407
vn 0.2138 -0.2634 0.9407
vn -0.5392 -0.2155 0.8142
vn 0.8410 -0.1758 0.5116
vn 0.9753 -0.0012 -0.2210
vn 0.9753 -0.0012 -0.2210
vn 0.8410 -0.1758 0.5116
vn 0.9753 -0.0012 -0.2210
vn 0.5377 0.1553 -0.8287
vn 0.5377 0.1553 -0.8287
vn 0.9753 -0.0012 -0.2210
vn 0.9753 -0.0012 -0.2210
vn 0.5377 0.1553 -0.8287
vn 0.5377 0.1553 -0.8287
vn 0.9753 -0.0012 -0.2210
vn 0.8410 -0.1758 0.5116
vn 0.9753 -0.0012 -0.2210
vn 0.9753 -0.0012 -0.2210
vn 0.8410 -0.1758 0.5116
vn 0.5377 0.1553 -0.8287
vn -0.2152 0.2049 -0.9548
vn -0.2152 0.2049 -0.9548
vn 0.5377 0.1553 -0.8287
vn -0.2152 0.2049 -0.9548
vn -0.8425 0.1156 -0.5262
vn -0.8425 0.1156 -0.5262
vn -0.2152 0.2049 -0.9548
vn -0.2152 0.2049 -0.9548
vn -0.8425 0.1156 -0.5262
vn -0.8425 0.1156 -0.5262
vn -0.2152 0.2049 -0.9548
vn 0.5377 0.1553 -0.8287
vn -0.2152 0.2049 -0.9548
vn -0.2152 0.2049 -0.9548
vn 0.5377 0.1553 -0.8287
vn -0.8425 0.1156 -0.5262
vn -0.9767 -0.0574 0.2069
vn -0.9767 -0.0574 0.2069
vn -0.8425 0.1156 -0.5262
vn -0.9767 -0.0574 0.2069
vn -0.5392 -0.2155 0.8142
vn -0.5392 -0.2155 0.8142
vn -0.9767 -0.0574 0.2069
vn -0.9767 -0.0574 0.2069
vn -0.5392 -0.2155 0.8142
vn -0.5392 -0.2155 0.8142
vn -0.9767 -0.0574 0.2069
vn -0.8425 0.1156 -0.5262
vn -0.9767 -0.0574 0.2069
vn -0.9767 -0.0574 0.2069
vn -0.8425 0.1156 -0.5262
vn -0.5392 -0.2155 0.8142
vn 0.2138 -0.2634 0.9407
vn 0.2138 -0.2634 0.9407
vn -0.5392 -0.2155 0.8142
vn 0.2138 -0.2634 0.9407
vn 0.8410 -0.1758 0.5116
vn 0.8410 -0.1758 0.5116
vn 0.2138 -0.2634 0.9407
vn 0.2138 -0.2634 0.9407
vn 0.8410 -0.1758 0.5116
vn 0.8410 -0.1758 0.5116
vn 0.2138 -0.2634 0.9407
vn -0.5392 -0.2155 0.8142
vn 0.2138 -0.2634 0.9407
vn 0.2138 -0.2634 0.9407
vn -0.5392 -0.2155 0.8142
vn 0.8410 -0.1758 0.5116
vn 0.9753 -0.0012 -0.2210
vn 0.9753 -0.0012 -0.2210
vn 0.8410 -0.1758 0.5116
vn 0.9753 -0.0012 -0.2210
vn 0.5377 0.1553 -0.8287
vn 0.5377 0.1553 -0.8287
vn 0.9753 -0.0012 -0.2210
vn 0.9753 -0.0012 -0.2210
vn 0.5377 0.1553 -0.8287
vn 0.5377 0.1553 -0.8287
vn 0.9753 -0.0012 -0.2210
vn 0.8410 -0.1758 0.5116
vn 0.9753 -0.0012 -0.2210
vn 0.9753 -0.0012 -0.2210
vn 0.8410 -0.1758 0.5116
vn 0.5377 0.1553 -0.8287
vn -0.2152 0.2048 -0.9548
vn -0.2152 0.2048 -0.9548
vn 0.5377 0.1553 -0.8287
vn -0.2152 0.2048 -0.9548
vn -0.8425 0.1156 -0.5262
vn -0.8425 0.1156 -0.5262
vn -0.2152 0.2048 -0.9548
vn -0.2152 0.2048 -0.9548
vn -0.8425 0.1156 -0.5262
vn -0.8425 0.1156 -0.5262
vn -0.2152 0.2049 -0.9548
vn 0.5377 0.1553 -0.8287
vn -0.2152 0.2048 -0.9548
vn -0.2152 0.2049 -0.9548
vn 0.5377 0.1553 -0.8287
vn -0.8425 0.1156 -0.5262
vn -0.9767 -0.0574 0.2069
vn -0.9767 -0.0574 0.2069
vn -0.8425 0.1156 -0.5262
vn -0.9767 -0.0574 0.2069
vn -0.5392 -0.2155 0.8142
vn -0.5392 -0.2155 0.8142
vn -0.9767 -0.0574 0.2069
vn -0.9767 -0.0574 0.2069
vn -0.5392 -0.2155 0.8142
vn -0.5392 -0.2155 0.8142
vn -0.9767 -0.0574 0.2069
vn -0.8425 0.1156 -0.5262
vn -0.9767 -0.0574 0.2069
vn -0.9767 -0.0574 0.2069
vn -0.8425 0.1156 -0.5262
vn -0.5392 -0.2155 0.8142
vn 0.2138 -0.2634 0.9407
vn 0.2138 -0.2634 0.9407
vn -0.5392 -0.2155 0.8142
vn 0.2138 -0.2634 0.9407
vn 0.8410 -0.1758 0.5116
vn 0.8410 -0.1758 0.5116
vn 0.2138 -0.2634 0.9407
vn 0.2138 -0.2634 0.9407
vn 0.8410 -0.1758 0.5116
vn 0.8410 -0.1758 0.5116
vn 0.2138 -0.2634 0.9407
vn -0.5392 -0.2155 0.8142
vn 0.2138 -0.2634 0.9407
vn 0.2138 -0.2634 0.9407
vn -0.5392 -0.2155 0.8142
vn 0.8410 -0.1758 0.5116
vn 0.9753 -0.0012 -0.2210
vn 0.9753 -0.0012 -0.2210
vn 0.8410 -0.1758 0.5116
vn 0.9753 -0.0012 -0.2210
vn 0.5377 0.1553 -0.8287
vn 0.5377 0.1553 -0.8287
vn 0.9753 -0.0012 -0.2210
vn 0.9753 -0.0012 -0.2210
vn 0.5377 0.1553 -0.8287
vn 0.5377 0.1553 -0.8287
vn 0.9753 -0.0012 -0.2210
vn 0.8410 -0.1758 0.5116
vn 0.9753 -0.0012 -0.2210
vn 0.9753 -0.0012 -0.2210
vn 0.8410 -0.1758 0.5116
vn 0.5377 0.1553 -0.8287
vn -0.2152 0.2049 -0.9548
vn -0.2152 0.2049 -0.9548
vn 0.5377 0.1553 -0.8287
vn -0.2152 0.2049 -0.9548
vn -0.8425 0.1156 -0.5262
vn -0.8425 0.1156 -0.5262
vn -0.2152 0.2049 -0.9548
vn -0.2152 0.2049 -0.9548
vn -0.8425 0.1156 -0.5262
vn -0.8425 0.1156 -0.5262
vn -0.2152 0.2048 -0.9548
vn 0.5377 0.1553 -0.8287
vn -0.2152 0.2049 -0.9548
vn -0.2152 0.2048 -0.9548
vn 0.5377 0.1553 -0.8287
vn -0.8425 0.1156 -0.5262
vn -0.9767 -0.0574 0.2069
vn -0.9767 -0.0574 0.2069
vn -0.8425 0.1156 -0.5262
vn -0.9767 -0.0574 0.2069
vn -0.5392 -0.2155 0.8142
vn -0.5392 -0.2155 0.8142
vn -0.9767 -0.0574 0.2069
vn -0.9767 -0.0574 0.2069
vn -0.5392 -0.2155 0.8142
vn -0.5392 -0.2155 0.8142
vn -0.9767 -0.0574 0.2069
vn -0.8425 0.1156 -0.5262
vn -0.9767 -0.0574 0.2069
vn -0.9767 -0.0574 0.2069
vn -0.8425 0.1156 -0.5262
vn -0.5392 -0.2155 0.8142
vn 0.2138 -0.2634 0.9407
vn 0.2138 -0.2634 0.9407
vn -0.5392 -0.2155 0.8142
vn 0.2138 -0.2634 0.9407
vn 0.8410 -0.1758 0.5116
vn 0.8410 -0.1758 0.5116
vn 0.2138 -0.2634 0.9407
vn 0.2138 -0.2634 0.9407
vn 0.8410 -0.1758 0.5116
vn 0.8410 -0.1758 0.5116
vn 0.2138 -0.2634 0.9407
vn -0.5392 -0.2155 0.8142
vn 0.2138 -0.2634 0.9407
vn 0.2138 -0.2634 0.9407
vn -0.5392 -0.2155 0.8142
vn 0.8410 -0.1758 0.5116
vn 0.9753 -0.0012 -0.2210
vn 0.9753 -0.0012 -0.2210
vn 0.8410 -0.1758 0.5116
vn 0.9753 -0.0012 -0.2210
vn 0.5377 0.1553 -0.8287
vn 0.5377 0.1553 -0.8287
vn 0.9753 -0.0012 -0.2210
vn 0.9753 -0.0012 -0.2210
vn 0.5377 0.1553 -0.8287
vn 0.5377 0.1553 -0.8287
vn 0.9753 -0.0012 -0.2210
vn 0.8410 -0.1758 0.5116
vn 0.9753 -0.0012 -0.2210
vn 0.9753 -0.0012 -0.2210
vn 0.8410 -0.1758 0.5116
vn 0.5377 0.1553 -0.8287
vn -0.2152 0.2049 -0.9548
vn -0.2152 0.2048 -0.9548
vn 0.5377 0.1553 -0.8287
vn -0.2152 0.2049 -0.9548
vn -0.8425 0.1156 -0.5262
vn -0.8425 0.1156 -0.5262
vn -0.2152 0.2048 -0.9548
vn -0.2152 0.2048 -0.9548
vn -0.8425 0.1156 -0.5262
vn -0.8425 0.1156 -0.5262
vn -0.2152 0.2049 -0.9548
vn 0.5377 0.1553 -0.8287
vn -0.2152 0.2048 -0.9548
vn -0.2152 0.2049 -0.9548
vn 0.5377 0.1553 -0.8287
vn -0.8425 0.1156 -0.5262
vn -0.9767 -0.0574 0.2069
vn -0.9767 -0.0574 0.2069
vn -0.8425 0.1156 -0.5262
vn -0.9767 -0.0574 0.2069
vn -0.5392 -0.2155 0.8142
vn -0.5392 -0.2155 0.8142
vn -0.9767 -0.0574 0.2069
vn -0.9767 -0.0574 0.2069
vn -0.5392 -0.2155 0.8142
vn -0.5392 -0.2155 0.8142
vn -0.9767 -0.0574 0.2069
vn -0.8425 0.1156 -0.5262
vn -0.9767 -0.0574 0.2069
vn -0.9767 -0.0574 0.2069
vn -0.8425 0.1156 -0.5262
vn -0.5392 -0.2155 0.8142
vn 0.2138 -0.2634 0.9407
vn 0.2138 -0.2634 0.9407
vn -0.5392 -0.2155 0.8142
vn 0.2138 -0.2634 0.9407
vn 0.8410 -0.1758 0.5116
vn 0.8410 -0.1758 0.5116
vn 0.2138 -0.2634 0.9407
vn 0.2138 -0.2634 0.9407
vn 0.8410 -0.1758 0.5116
vn 0.8410 -0.1758 0.5116
vn 0.2138 -0.2634 0.9407
vn -0.5392 -0.2155 0.8142
vn 0.2138 -0.2634 0.9407
vn 0.2138 -0.2634 0.9407
vn -0.5392 -0.2155 0.8142
vn 0.8410 -0.1758 0.5116
vn 0.9753 -0.0012 -0.2210
vn 0.9753 -0.0012 -0.2210
vn 0.8410 -0.1758 0.5116
vn 0.9753 -0.0012 -0.2210
vn 0.5377 0.1553 -0.8287
vn 0.5377 0.1553 -0.8287
vn 0.9753 -0.0012 -0.2210
vn 0.9753 -0.0012 -0.2210
vn 0.5377 0.1553 -0.8287
vn 0.5377 0.1553 -0.8287
vn 0.9753 -0.0012 -0.2210
vn 0.8410 -0.1758 0.5116
vn 0.9753 -0.0012 -0.2210
vn 0.9753 -0.0012 -0.2210
vn 0.8410 -0.1758 0.5116
vn 0.5377 0.1553 -0.8287
vn -0.2152 0.2048 -0.9548
vn -0.2152 0.2049 -0.9548
vn 0.5377 0.1553 -0.8287
vn -0.2152 0.2048 -0.9548
vn -0.8425 0.1156 -0.5262
vn -0.8425 0.1156 -0.5262
vn -0.2152 0.2049 -0.9548
vn -0.2152 0.2049 -0.9548
vn -0.8425 0.1156 -0.5262
vn -0.8425 0.1156 -0.5262
vn -0.2152 0.2049 -0.9548
vn 0.5377 0.1553 -0.8287
vn -0.2152 0.2049 -0.9548
vn -0.2152 0.2049 -0.9548
vn 0.5377 0.1553 -0.8287
vn -0.8423 0.0990 -0.5298
vn -0.9765 -0.0734 0.2028
vn -0.9767 -0.0574 0.2069
vn -0.8425 0.1156 -0.5262
vn -0.9765 -0.0734 0.2028
vn -0.5392 -0.2319 0.8096
vn -0.5392 -0.2155 0.8142
vn -0.9767 -0.0574 0.2069
vn -0.9767 -0.0574 0.2069
vn -0.5392 -0.2155 0.8142
vn -0.5392 -0.2155 0.8142
vn -0.9767 -0.0574 0.2069
vn -0.8425 0.1156 -0.5262
vn -0.9767 -0.0574 0.2069
vn -0.9767 -0.0574 0.2069
vn -0.8425 0.1156 -0.5262
vn -0.5392 -0.2319 0.8096
vn 0.2133 -0.2793 0.9362
vn 0.2138 -0.2634 0.9407
vn -0.5392 -0.2155 0.8142
vn 0.2133 -0.2793 0.9362
vn 0.8401 -0.1921 0.5073
vn 0.8410 -0.1758 0.5116
vn 0.2138 -0.2634 0.9407
vn 0.2138 -0.2634 0.9407
vn 0.8410 -0.1758 0.5116
vn 0.8410 -0.1758 0.5116
vn 0.2138 -0.2634 0.9407
vn -0.5392 -0.2155 0.8142
vn 0.2138 -0.2634 0.9407
vn 0.2138 -0.2634 0.9407
vn -0.5392 -0.2155 0.8142
vn 0.8401 -0.1921 0.5073
vn 0.9743 -0.0172 -0.2247
vn 0.9753 -0.0012 -0.2210
vn 0.8410 -0.1758 0.5116
vn 0.9743 -0.0172 -0.2247
vn 0.5370 0.1387 -0.8321
vn 0.5377 0.1553 -0.8287
vn 0.9753 -0.0012 -0.2210
vn 0.9753 -0.0012 -0.2210
vn 0.5377 0.1553 -0.8287
vn 0.5377 0.1553 -0.8287
vn 0.9753 -0.0012 -0.2210
vn 0.8410 -0.1758 0.5116
vn 0.9753 -0.0012 -0.2210
vn 0.9753 -0.0012 -0.2210
vn 0.8410 -0.1758 0.5116
vn 0.5370 0.1387 -0.8321
vn -0.2154 0.1886 -0.9581
vn -0.2152 0.2048 -0.9548
vn 0.5377 0.1553 -0.8287
vn -0.2154 0.1886 -0.9581
vn -0.8423 0.0990 -0.5298
vn -0.8425 0.1156 -0.5262
vn -0.2152 0.2048 -0.9548
vn -0.2152 0.2048 -0.9548
vn -0.8425 0.1156 -0.5262
vn -0.8425 0.1156 -0.5262
vn -0.2152 0.2048 -0.9548
vn 0.5377 0.1553 -0.8287
vn -0.2152 0.2048 -0.9548
vn -0.2152 0.2048 -0.9548
vn 0.5377 0.1553 -0.8287
vn -0.7177 -0.4100 -0.5629
vn -0.7215 -0.6923 -0.0077
vn -0.9635 -0.2101 0.1661
vn -0.8311 -0.0428 -0.5544
vn -0.7215 -0.6923 -0.0077
vn -0.4637 -0.6872 0.5593
vn -0.5333 -0.3679 0.7618
vn -0.9635 -0.2101 0.1661
vn -0.9635 -0.2101 0.1661
vn -0.5333 -0.3679 0.7618
vn -0.5392 -0.2319 0.8096
vn -0.9765 -0.0734 0.2028
vn -0.8311 -0.0428 -0.5544
vn -0.9635 -0.2101 0.1661
vn -0.9765 -0.0734 0.2028
vn -0.8423 0.0990 -0.5298
vn -0.4637 -0.6872 0.5593
vn 0.1388 -0.8412 0.5226
vn 0.2064 -0.4126 0.8872
vn -0.5333 -0.3679 0.7618
vn 0.1388 -0.8412 0.5226
vn 0.6920 -0.6539 0.3060
vn 0.8221 -0.3289 0.4647
vn 0.2064 -0.4126 0.8872
vn 0.2064 -0.4126 0.8872
vn 0.8221 -0.3289 0.4647
vn 0.8401 -0.1921 0.5073
vn 0.2133 -0.2793 0.9362
vn -0.5333 -0.3679 0.7618
vn 0.2064 -0.4126 0.8872
vn 0.2133 -0.2793 0.9362
vn -0.5392 -0.2319 0.8096
vn 0.6920 -0.6539 0.3060
vn 0.6891 -0.6517 -0.3169
vn 0.9546 -0.1549 -0.2543
vn 0.8221 -0.3289 0.4647
vn 0.6891 -0.6517 -0.3169
vn 0.4380 -0.3767 -0.8163
vn 0.5243 -0.0037 -0.8515
vn 0.9546 -0.1549 -0.2543
vn 0.9546 -0.1549 -0.2543
vn 0.5243 -0.0037 -0.8515
vn 0.5370 0.1387 -0.8321
vn 0.9743 -0.0172 -0.2247
vn 0.8221 -0.3289 0.4647
vn 0.9546 -0.1549 -0.2543
vn 0.9743 -0.0172 -0.2247
vn 0.8401 -0.1921 0.5073
vn 0.4380 -0.3767 -0.8163
vn -0.1712 -0.5028 -0.8472
vn -0.2152 0.0475 -0.9754
vn 0.5243 -0.0037 -0.8515
vn -0.1712 -0.5028 -0.8472
vn -0.7177 -0.4100 -0.5629
vn -0.8311 -0.0428 -0.5544
vn -0.2152 0.0475 -0.9754
vn -0.2152 0.0475 -0.9754
vn -0.8311 -0.0428 -0.5544
vn -0.8423 0.0990 -0.5298
vn -0.2154 0.1886 -0.9581
vn 0.5243 -0.0037 -0.8515
vn -0.2152 0.0475 -0.9754
vn -0.2154 0.1886 -0.9581
vn 0.5370 0.1387 -0.8321
f 57/1/1 484/2/2 1233/3/3 483/4/4
f 484/5/5 58/6/6 485/7/7 1233/8/8
f 1233/9/9 485/10/10 54/11/11 476/12/12
f 483/13/13 1233/14/14 476/15/15 53/16/16
f 56/17/17 482/18/18 1234/19/19 481/20/20
f 482/21/21 57/22/22 483/23/23 1234/24/24
f 1234/25/25 483/26/26 53/27/27 474/28/28
f 481/29/29 1234/30/30 474/31/31 52/32/32
f 55/33/33 480/34/34 1235/35/35 479/36/36
f 480/37/37 52/38/38 473/39/39 1235/40/40
f 1235/41/41 473/42/42 5/43/43 472/44/44
f 479/45/45 1235/46/46 472/47/47 8/48/48
f 54/49/49 478/50/50 1236/51/51 477/52/52
f 478/53/53 55/54/54 479/55/55 1236/56/56
f 1236/57/57 479/58/58 8/59/59 470/60/60
f 477/61/61 1236/62/62 470/63/63 7/64/64
f 53/65/65 476/66/66 1237/67/67 475/68/68
f 476/69/69 54/70/70 477/71/71 1237/72/72
f 1237/73/73 477/74/74 7/75/75 468/76/76
f 475/77/77 1237/78/78 468/79/79 6/80/80
f 52/81/81 474/82/82 1238/83/83 473/84/84
f 474/85/85 53/86/86 475/87/87 1238/88/88
f 1238/89/89 475/90/90 6/91/91 466/92/92
f 473/93/93 1238/94/94 466/95/95 5/96/96
f 84/97/97 418/98/98 1239/99/99 415/100/100
f 418/101/101 90/102/102 419/103/103 1239/104/104
f 1239/105/105 419/106/106 91/107/107 417/108/108
f 415/109/109 1239/110/110 417/111/111 85/112/112
f 42/113/113 443/114/114 1240/115/115 441/116/116
f 443/117/117 43/118/118 444/119/119 1240/120/120
f 1240/121/121 444/122/122 87/123/123 427/124/124
f 441/125/125 1240/126/126 427/127/127 86/128/128
f 8/129/129 472/130/130 1241/131/131 471/132/132
f 472/133/133 5/134/134 465/135/135 1241/136/136
f 1241/137/137 465/138/138 1/139/139 450/140/140
f 471/141/141 1241/142/142 450/143/143 4/144/144
f 7/145/145 470/146/146 1242/147/147 469/148/148
f 470/149/149 8/150/150 471/151/151 1242/152/152
f 1242/153/153 471/154/154 4/155/155 452/156/156
f 469/157/157 1242/158/158 452/159/159 3/160/160
f 6/161/161 468/162/162 1243/163/163 467/164/164
f 468/165/165 7/166/166 469/167/167 1243/168/168
f 1243/169/169 469/170/170 3/171/171 451/172/172
f 467/173/173 1243/174/174 451/175/175 2/176/176
f 5/177/177 466/178/178 1244/179/179 465/180/180
f 466/181/181 6/182/182 467/183/183 1244/184/184
f 1244/185/185 467/186/186 2/187/187 428/188/188
f 465/189/189 1244/190/190 428/191/191 1/192/192
f 51/193/193 462/194/194 1245/195/195 461/196/196
f 462/197/197 50/198/198 463/199/199 1245/200/200
f 1245/201/201 463/202/202 49/203/203 464/204/204
f 461/205/205 1245/206/206 464/207/207 48/208/208
f 40/209/209 458/210/210 1246/211/211 457/212/212
f 458/213/213 39/214/214 459/215/215 1246/216/216
f 1246/217/217 459/218/218 38/219/219 460/220/220
f 457/221/221 1246/222/222 460/223/223 37/224/224
f 28/225/225 454/226/226 1247/227/227 453/228/228
f 454/229/229 27/230/230 455/231/231 1247/232/232
f 1247/233/233 455/234/234 26/235/235 456/236/236
f 453/237/237 1247/238/238 456/239/239 25/240/240
f 41/241/241 440/242/242 1248/243/243 439/244/244
f 42/245/245 441/246/246 1248/247/247 440/248/248
f 86/249/249 439/250/250 1248/251/251 441/252/252
f 1/253/253 428/254/254 1249/255/255 450/256/256
f 428/257/257 2/258/258 451/259/259 1249/260/260
f 1249/261/261 451/262/262 3/263/263 452/264/264
f 450/265/265 1249/266/266 452/267/267 4/268/268
f 411/269/269 423/270/270 1250/271/271 425/272/272
f 423/273/273 412/274/274 420/275/275 1250/276/276
f 1250/277/277 420/278/278 413/279/279 416/280/280
f 425/281/281 1250/282/282 416/283/283 414/284/284
f 43/285/285 445/286/286 1251/287/287 444/288/288
f 194/289/289 430/290/290 1251/291/291 445/292/292
f 87/293/293 444/294/294 1251/295/295 430/296/296
f 407/297/297 437/298/298 1252/299/299 442/300/300
f 437/301/301 408/302/302 433/303/303 1252/304/304
f 1252/305/305 433/306/306 409/307/307 431/308/308
f 442/309/309 1252/310/310 431/311/311 410/312/312
f 43/313/313 447/314/314 1253/315/315 446/316/316
f 193/317/317 448/318/318 1253/319/319 447/320/320
f 89/321/321 446/322/322 1253/323/323 448/324/324
f 193/325/325 449/326/326 1254/327/327 448/328/328
f 41/329/329 436/330/330 1254/331/331 449/332/332
f 89/333/333 448/334/334 1254/335/335 436/336/336
f 41/337/337 439/338/338 1255/339/339 438/340/340
f 439/341/341 86/342/342 426/343/343 1255/344/344
f 1255/345/345 426/346/346 85/347/347 424/348/348
f 438/349/349 1255/350/350 424/351/351 88/352/352
f 194/353/353 432/354/354 1256/355/355 430/356/356
f 432/357/357 90/358/358 418/359/359 1256/360/360
f 1256/361/361 418/362/362 84/363/363 429/364/364
f 430/365/365 1256/366/366 429/367/367 87/368/368
f 88/369/369 424/370/370 1257/371/371 422/372/372
f 424/373/373 85/374/374 417/375/375 1257/376/376
f 1257/377/377 417/378/378 91/379/379 421/380/380
f 422/381/381 1257/382/382 421/383/383 192/384/384
f 43/385/385 446/386/386 1258/387/387 445/388/388
f 446/389/389 89/390/390 434/391/391 1258/392/392
f 1258/393/393 434/394/394 90/395/395 432/396/396
f 445/397/397 1258/398/398 432/399/399 194/400/400
f 89/401/401 435/402/402 1259/403/403 434/404/404
f 435/405/405 192/406/406 421/407/407 1259/408/408
f 1259/409/409 421/410/410 91/411/411 419/412/412
f 434/413/413 1259/414/414 419/415/415 90/416/416
f 41/417/417 438/418/418 1260/419/419 436/420/420
f 438/421/421 88/422/422 422/423/423 1260/424/424
f 1260/425/425 422/426/426 192/427/427 435/428/428
f 436/429/429 1260/430/430 435/431/431 89/432/432
f 58/433/433 486/434/434 1261/435/435 485/436/436
f 486/437/437 59/438/438 487/439/439 1261/440/440
f 1261/441/441 487/442/442 55/443/443 478/444/444
f 485/445/445 1261/446/446 478/447/447 54/448/448
f 59/449/449 488/450/450 1262/451/451 487/452/452
f 488/453/453 56/454/454 481/455/455 1262/456/456
f 1262/457/457 481/458/458 52/459/459 480/460/460
f 487/461/461 1262/462/462 480/463/463 55/464/464
f 60/465/465 490/466/466 1263/467/467 489/468/468
f 490/469/469 61/470/470 491/471/471 1263/472/472
f 1263/473/473 491/474/474 57/475/475 482/476/476
f 489/477/477 1263/478/478 482/479/479 56/480/480
f 61/481/481 492/482/482 1264/483/483 491/484/484
f 492/485/485 62/486/486 493/487/487 1264/488/488
f 1264/489/489 493/490/490 58/491/491 484/492/492
f 491/493/493 1264/494/494 484/495/495 57/496/496
f 62/497/497 494/498/498 1265/499/499 493/500/500
f 494/501/501 63/502/502 495/503/503 1265/504/504
f 1265/505/505 495/506/506 59/507/507 486/508/508
f 493/509/509 1265/510/510 486/511/511 58/512/512
f 63/513/513 496/514/514 1266/515/515 495/516/516
f 496/517/517 60/518/518 489/519/519 1266/520/520
f 1266/521/521 489/522/522 56/523/523 488/524/524
f 495/525/525 1266/526/526 488/527/527 59/528/528
f 64/529/529 498/530/530 1267/531/531 497/532/532
f 498/533/533 65/534/534 499/535/535 1267/536/536
f 1267/537/537 499/538/538 61/539/539 490/540/540
f 497/541/541 1267/542/542 490/543/543 60/544/544
f 65/545/545 500/546/546 1268/547/547 499/548/548
f 500/549/549 66/550/550 501/551/551 1268/552/552
f 1268/553/553 501/554/554 62/555/555 492/556/556
f 499/557/557 1268/558/558 492/559/559 61/560/560
f 66/561/561 502/562/562 1269/563/563 501/564/564
f 502/565/565 67/566/566 503/567/567 1269/568/568
f 1269/569/569 503/570/570 63/571/571 494/572/572
f 501/573/573 1269/574/574 494/575/575 62/576/576
f 67/577/577 504/578/578 1270/579/579 503/580/580
f 504/581/581 64/582/582 497/583/583 1270/584/584
f 1270/585/585 497/586/586 60/587/587 496/588/588
f 503/589/589 1270/590/590 496/591/591 63/592/592
f 9/593/593 506/594/594 1271/595/595 505/596/596
f 506/597/597 10/598/598 507/599/599 1271/600/600
f 1271/601/601 507/602/602 65/603/603 498/604/604
f 505/605/605 1271/606/606 498/607/607 64/608/608
f 10/609/609 508/610/610 1272/611/611 507/612/612
f 508/613/613 11/614/614 509/615/615 1272/616/616
f 1272/617/617 509/618/618 66/619/619 500/620/620
f 507/621/621 1272/622/622 500/623/623 65/624/624
f 11/625/625 510/626/626 1273/627/627 509/628/628
f 510/629/629 12/630/630 511/631/631 1273/632/632
f 1273/633/633 511/634/634 67/635/635 502/636/636
f 509/637/637 1273/638/638 502/639/639 66/640/640
f 12/641/641 512/642/642 1274/643/643 511/644/644
f 512/645/645 9/646/646 505/647/647 1274/648/648
f 1274/649/649 505/650/650 64/651/651 504/652/652
f 511/653/653 1274/654/654 504/655/655 67/656/656
f 68/657/657 514/658/658 1275/659/659 513/660/660
f 514/661/661 69/662/662 515/663/663 1275/664/664
f 1275/665/665 515/666/666 10/667/667 506/668/668
f 513/669/669 1275/670/670 506/671/671 9/672/672
f 69/673/673 516/674/674 1276/675/675 515/676/676
f 516/677/677 70/678/678 517/679/679 1276/680/680
f 1276/681/681 517/682/682 11/683/683 508/684/684
f 515/685/685 1276/686/686 508/687/687 10/688/688
f 70/689/689 518/690/690 1277/691/691 517/692/692
f 518/693/693 71/694/694 519/695/695 1277/696/696
f 1277/697/697 519/698/698 12/699/699 510/700/700
f 517/701/701 1277/702/702 510/703/703 11/704/704
f 71/705/705 520/706/706 1278/707/707 519/708/708
f 520/709/709 68/710/710 513/711/711 1278/712/712
f 1278/713/713 513/714/714 9/715/715 512/716/716
f 519/717/717 1278/718/718 512/719/719 12/720/720
f 72/721/721 522/722/722 1279/723/723 521/724/724
f 522/725/725 73/726/726 523/727/727 1279/728/728
f 1279/729/729 523/730/730 69/731/731 514/732/732
f 521/733/733 1279/734/734 514/735/735 68/736/736
f 73/737/737 524/738/738 1280/739/739 523/740/740
f 524/741/741 74/742/742 525/743/743 1280/744/744
f 1280/745/745 525/746/746 70/747/747 516/748/748
f 523/749/749 1280/750/750 516/751/751 69/752/752
f 74/753/753 526/754/754 1281/755/755 525/756/756
f 526/757/757 75/758/758 527/759/759 1281/760/760
f 1281/761/761 527/762/762 71/763/763 518/764/764
f 525/765/765 1281/766/766 518/767/767 70/768/768
f 75/769/769 528/770/770 1282/771/771 527/772/772
f 528/773/773 72/774/774 521/775/775 1282/776/776
f 1282/777/777 521/778/778 68/779/779 520/780/780
f 527/781/781 1282/782/782 520/783/783 71/784/784
f 76/785/785 530/786/786 1283/787/787 529/788/788
f 530/789/789 77/790/790 531/791/791 1283/792/792
f 1283/793/793 531/794/794 73/795/795 522/796/796
f 529/797/797 1283/798/798 522/799/799 72/800/800
f 77/801/801 532/802/802 1284/803/803 531/804/804
f 532/805/805 78/806/806 533/807/807 1284/808/808
f 1284/809/809 533/810/810 74/811/811 524/812/812
f 531/813/813 1284/814/814 524/815/815 73/816/816
f 78/817/817 534/818/818 1285/819/819 533/820/820
f 534/821/821 79/822/822 535/823/823 1285/824/824
f 1285/825/825 535/826/826 75/827/827 526/828/828
f 533/829/829 1285/830/830 526/831/831 74/832/832
f 79/833/833 536/834/834 1286/835/835 535/836/836
f 536/837/837 76/838/838 529/839/839 1286/840/840
f 1286/841/841 529/842/842 72/843/843 528/844/844
f 535/845/845 1286/846/846 528/847/847 75/848/848
f 80/849/849 538/850/850 1287/851/851 537/852/852
f 538/853/853 81/854/854 539/855/855 1287/856/856
f 1287/857/857 539/858/858 77/859/859 530/860/860
f 537/861/861 1287/862/862 530/863/863 76/864/864
f 81/865/865 540/866/866 1288/867/867 539/868/868
f 540/869/869 82/870/870 541/871/871 1288/872/872
f 1288/873/873 541/874/874 78/875/875 532/876/876
f 539/877/877 1288/878/878 532/879/879 77/880/880
f 82/881/881 542/882/882 1289/883/883 541/884/884
f 542/885/885 83/886/886 543/887/887 1289/888/888
f 1289/889/889 543/890/890 79/891/891 534/892/892
f 541/893/893 1289/894/894 534/895/895 78/896/896
f 83/897/897 544/898/898 1290/899/899 543/900/900
f 544/901/901 80/902/902 537/903/903 1290/904/904
f 1290/905/905 537/906/906 76/907/907 536/908/908
f 543/909/909 1290/910/910 536/911/911 79/912/912
f 13/913/913 546/914/914 1291/915/915 545/916/916
f 546/917/917 14/918/918 547/919/919 1291/920/920
f 1291/921/921 547/922/922 81/923/923 538/924/924
f 545/925/925 1291/926/926 538/927/927 80/928/928
f 14/929/929 548/930/930 1292/931/931 547/932/932
f 548/933/933 15/934/934 549/935/935 1292/936/936
f 1292/937/937 549/938/938 82/939/939 540/940/940
f 547/941/941 1292/942/942 540/943/943 81/944/944
f 15/945/945 550/946/946 1293/947/947 549/948/948
f 550/949/949 16/950/950 551/951/951 1293/952/952
f 1293/953/953 551/954/954 83/955/955 542/956/956
f 549/957/957 1293/958/958 542/959/959 82/960/960
f 16/961/961 552/962/962 1294/963/963 551/964/964
f 552/965/965 13/966/966 545/967/967 1294/968/968
f 1294/969/969 545/970/970 80/971/971 544/972/972
f 551/973/973 1294/974/974 544/975/975 83/976/976
f 84/977/977 415/978/978 1295/979/979 553/980/980
f 415/981/981 85/982/982 554/983/983 1295/984/984
f 1295/985/985 554/986/986 14/987/987 546/988/988
f 553/989/989 1295/990/990 546/991/991 13/992/992
f 85/993/993 426/994/994 1296/995/995 554/996/996
f 426/997/997 86/998/998 555/999/999 1296/1000/1000
f 1296/1001/1001 555/1002/1002 15/1003/1003 548/1004/1004
f 554/1005/1005 1296/1006/1006 548/1007/1007 14/1008/1008
f 86/1009/1009 427/1010/1010 1297/1011/1011 555/1012/1012
f 427/1013/1013 87/1014/1014 556/1015/1015 1297/1016/1016
f 1297/1017/1017 556/1018/1018 16/1019/1019 550/1020/1020
f 555/1021/1021 1297/1022/1022 550/1023/1023 15/1024/1024
f 87/1025/1025 429/1026/1026 1298/1027/1027 556/1028/1028
f 429/1029/1029 84/1030/1030 553/1031/1031 1298/1032/1032
f 1298/1033/1033 553/1034/1034 13/1035/1035 552/1036/1036
f 556/1037/1037 1298/1038/1038 552/1039/1039 16/1040/1040
f 17/1041/1041 558/1042/1042 1299/1043/1043 557/1044/1044
f 558/1045/1045 18/1046/1046 559/1047/1047 1299/1048/1048
f 1299/1049/1049 559/1050/1050 408/1051/1051 437/1052/1052
f 557/1053/1053 1299/1054/1054 437/1055/1055 407/1056/1056
f 18/1057/1057 560/1058/1058 1300/1059/1059 559/1060/1060
f 560/1061/1061 19/1062/1062 561/1063/1063 1300/1064/1064
f 1300/1065/1065 561/1066/1066 409/1067/1067 433/1068/1068
f 559/1069/1069 1300/1070/1070 433/1071/1071 408/1072/1072
f 19/1073/1073 562/1074/1074 1301/1075/1075 561/1076/1076
f 562/1077/1077 20/1078/1078 563/1079/1079 1301/1080/1080
f 1301/1081/1081 563/1082/1082 410/1083/1083 431/1084/1084
f 561/1085/1085 1301/1086/1086 431/1087/1087 409/1088/1088
f 20/1089/1089 564/1090/1090 1302/1091/1091 563/1092/1092
f 564/1093/1093 17/1094/1094 557/1095/1095 1302/1096/1096
f 1302/1097/1097 557/1098/1098 407/1099/1099 442/1100/1100
f 563/1101/1101 1302/1102/1102 442/1103/1103 410/1104/1104
f 92/1105/1105 566/1106/1106 1303/1107/1107 565/1108/1108
f 566/1109/1109 93/1110/1110 567/1111/1111 1303/1112/1112
f 1303/1113/1113 567/1114/1114 18/1115/1115 558/1116/1116
f 565/1117/1117 1303/1118/1118 558/1119/1119 17/1120/1120
f 93/1121/1121 568/1122/1122 1304/1123/1123 567/1124/1124
f 568/1125/1125 94/1126/1126 569/1127/1127 1304/1128/1128
f 1304/1129/1129 569/1130/1130 19/1131/1131 560/1132/1132
f 567/1133/1133 1304/1134/1134 560/1135/1135 18/1136/1136
f 94/1137/1137 570/1138/1138 1305/1139/1139 569/1140/1140
f 570/1141/1141 95/1142/1142 571/1143/1143 1305/1144/1144
f 1305/1145/1145 571/1146/1146 20/1147/1147 562/1148/1148
f 569/1149/1149 1305/1150/1150 562/1151/1151 19/1152/1152
f 95/1153/1153 572/1154/1154 1306/1155/1155 571/1156/1156
f 572/1157/1157 92/1158/1158 565/1159/1159 1306/1160/1160
f 1306/1161/1161 565/1162/1162 17/1163/1163 564/1164/1164
f 571/1165/1165 1306/1166/1166 564/1167/1167 20/1168/1168
f 96/1169/1169 574/1170/1170 1307/1171/1171 573/1172/1172
f 574/1173/1173 97/1174/1174 575/1175/1175 1307/1176/1176
f 1307/1177/1177 575/1178/1178 93/1179/1179 566/1180/1180
f 573/1181/1181 1307/1182/1182 566/1183/1183 92/1184/1184
f 97/1185/1185 576/1186/1186 1308/1187/1187 575/1188/1188
f 576/1189/1189 98/1190/1190 577/1191/1191 1308/1192/1192
f 1308/1193/1193 577/1194/1194 94/1195/1195 568/1196/1196
f 575/1197/1197 1308/1198/1198 568/1199/1199 93/1200/1200
f 98/1201/1201 578/1202/1202 1309/1203/1203 577/1204/1204
f 578/1205/1205 99/1206/1206 579/1207/1207 1309/1208/1208
f 1309/1209/1209 579/1210/1210 95/1211/1211 570/1212/1212
f 577/1213/1213 1309/1214/1214 570/1215/1215 94/1216/1216
f 99/1217/1217 580/1218/1218 1310/1219/1219 579/1220/1220
f 580/1221/1221 96/1222/1222 573/1223/1223 1310/1224/1224
f 1310/1225/1225 573/1226/1226 92/1227/1227 572/1228/1228
f 579/1229/1229 1310/1230/1230 572/1231/1231 95/1232/1232
f 100/1233/1233 582/1234/1234 1311/1235/1235 581/1236/1236
f 582/1237/1237 101/1238/1238 583/1239/1239 1311/1240/1240
f 1311/1241/1241 583/1242/1242 97/1243/1243 574/1244/1244
f 581/1245/1245 1311/1246/1246 574/1247/1247 96/1248/1248
f 101/1249/1249 584/1250/1250 1312/1251/1251 583/1252/1252
f 584/1253/1253 102/1254/1254 585/1255/1255 1312/1256/1256
f 1312/1257/1257 585/1258/1258 98/1259/1259 576/1260/1260
f 583/1261/1261 1312/1262/1262 576/1263/1263 97/1264/1264
f 102/1265/1265 586/1266/1266 1313/1267/1267 585/1268/1268
f 586/1269/1269 103/1270/1270 587/1271/1271 1313/1272/1272
f 1313/1273/1273 587/1274/1274 99/1275/1275 578/1276/1276
f 585/1277/1277 1313/1278/1278 578/1279/1279 98/1280/1280
f 103/1281/1281 588/1282/1282 1314/1283/1283 587/1284/1284
f 588/1285/1285 100/1286/1286 581/1287/1287 1314/1288/1288
f 1314/1289/1289 581/1290/1290 96/1291/1291 580/1292/1292
f 587/1293/1293 1314/1294/1294 580/1295/1295 99/1296/1296
f 104/1297/1297 590/1298/1298 1315/1299/1299 589/1300/1300
f 590/1301/1301 105/1302/1302 591/1303/1303 1315/1304/1304
f 1315/1305/1305 591/1306/1306 101/1307/1307 582/1308/1308
f 589/1309/1309 1315/1310/1310 582/1311/1311 100/1312/1312
f 105/1313/1313 592/1314/1314 1316/1315/1315 591/1316/1316
f 592/1317/1317 106/1318/1318 593/1319/1319 1316/1320/1320
f 1316/1321/1321 593/1322/1322 102/1323/1323 584/1324/1324
f 591/1325/1325 1316/1326/1326 584/1327/1327 101/1328/1328
f 106/1329/1329 594/1330/1330 1317/1331/1331 593/1332/1332
f 594/1333/1333 107/1334/1334 595/1335/1335 1317/1336/1336
f 1317/1337/1337 595/1338/1338 103/1339/1339 586/1340/1340
f 593/1341/1341 1317/1342/1342 586/1343/1343 102/1344/1344
f 107/1345/1345 596/1346/1346 1318/1347/1347 595/1348/1348
f 596/1349/1349 104/1350/1350 589/1351/1351 1318/1352/1352
f 1318/1353/1353 589/1354/1354 100/1355/1355 588/1356/1356
f 595/1357/1357 1318/1358/1358 588/1359/1359 103/1360/1360
f 108/1361/1361 598/1362/1362 1319/1363/1363 597/1364/1364
f 598/1365/1365 109/1366/1366 599/1367/1367 1319/1368/1368
f 1319/1369/1369 599/1370/1370 105/1371/1371 590/1372/1372
f 597/1373/1373 1319/1374/1374 590/1375/1375 104/1376/1376
f 109/1377/1377 600/1378/1378 1320/1379/1379 599/1380/1380
f 600/1381/1381 110/1382/1382 601/1383/1383 1320/1384/1384
f 1320/1385/1385 601/1386/1386 106/1387/1387 592/1388/1388
f 599/1389/1389 1320/1390/1390 592/1391/1391 105/1392/1392
f 110/1393/1393 602/1394/1394 1321/1395/1395 601/1396/1396
f 602/1397/1397 111/1398/1398 603/1399/1399 1321/1400/1400
f 1321/1401/1401 603/1402/1402 107/1403/1403 594/1404/1404
f 601/1405/1405 1321/1406/1406 594/1407/1407 106/1408/1408
f 111/1409/1409 604/1410/1410 1322/1411/1411 603/1412/1412
f 604/1413/1413 108/1414/1414 597/1415/1415 1322/1416/1416
f 1322/1417/1417 597/1418/1418 104/1419/1419 596/1420/1420
f 603/1421/1421 1322/1422/1422 596/1423/1423 107/1424/1424
f 112/1425/1425 606/1426/1426 1323/1427/1427 605/1428/1428
f 606/1429/1429 113/1430/1430 607/1431/1431 1323/1432/1432
f 1323/1433/1433 607/1434/1434 109/1435/1435 598/1436/1436
f 605/1437/1437 1323/1438/1438 598/1439/1439 108/1440/1440
f 113/1441/1441 608/1442/1442 1324/1443/1443 607/1444/1444
f 608/1445/1445 114/1446/1446 609/1447/1447 1324/1448/1448
f 1324/1449/1449 609/1450/1450 110/1451/1451 600/1452/1452
f 607/1453/1453 1324/1454/1454 600/1455/1455 109/1456/1456
f 114/1457/1457 610/1458/1458 1325/1459/1459 609/1460/1460
f 610/1461/1461 115/1462/1462 611/1463/1463 1325/1464/1464
f 1325/1465/1465 611/1466/1466 111/1467/1467 602/1468/1468
f 609/1469/1469 1325/1470/1470 602/1471/1471 110/1472/1472
f 115/1473/1473 612/1474/1474 1326/1475/1475 611/1476/1476
f 612/1477/1477 112/1478/1478 605/1479/1479 1326/1480/1480
f 1326/1481/1481 605/1482/1482 108/1483/1483 604/1484/1484
f 611/1485/1485 1326/1486/1486 604/1487/1487 111/1488/1488
f 116/1489/1489 614/1490/1490 1327/1491/1491 613/1492/1492
f 614/1493/1493 117/1494/1494 615/1495/1495 1327/1496/1496
f 1327/1497/1497 615/1498/1498 113/1499/1499 606/1500/1500
f 613/1501/1501 1327/1502/1502 606/1503/1503 112/1504/1504
f 117/1505/1505 616/1506/1506 1328/1507/1507 615/1508/1508
f 616/1509/1509 118/1510/1510 617/1511/1511 1328/1512/1512
f 1328/1513/1513 617/1514/1514 114/1515/1515 608/1516/1516
f 615/1517/1517 1328/1518/1518 608/1519/1519 113/1520/1520
f 118/1521/1521 618/1522/1522 1329/1523/1523 617/1524/1524
f 618/1525/1525 119/1526/1526 619/1527/1527 1329/1528/1528
f 1329/1529/1529 619/1530/1530 115/1531/1531 610/1532/1532
f 617/1533/1533 1329/1534/1534 610/1535/1535 114/1536/1536
f 119/1537/1537 620/1538/1538 1330/1539/1539 619/1540/1540
f 620/1541/1541 116/1542/1542 613/1543/1543 1330/1544/1544
f 1330/1545/1545 613/1546/1546 112/1547/1547 612/1548/1548
f 619/1549/1549 1330/1550/1550 612/1551/1551 115/1552/1552
f 120/1553/1553 622/1554/1554 1331/1555/1555 621/1556/1556
f 622/1557/1557 121/1558/1558 623/1559/1559 1331/1560/1560
f 1331/1561/1561 623/1562/1562 117/1563/1563 614/1564/1564
f 621/1565/1565 1331/1566/1566 614/1567/1567 116/1568/1568
f 121/1569/1569 624/1570/1570 1332/1571/1571 623/1572/1572
f 624/1573/1573 122/1574/1574 625/1575/1575 1332/1576/1576
f 1332/1577/1577 625/1578/1578 118/1579/1579 616/1580/1580
f 623/1581/1581 1332/1582/1582 616/1583/1583 117/1584/1584
f 122/1585/1585 626/1586/1586 1333/1587/1587 625/1588/1588
f 626/1589/1589 123/1590/1590 627/1591/1591 1333/1592/1592
f 1333/1593/1593 627/1594/1594 119/1595/1595 618/1596/1596
f 625/1597/1597 1333/1598/1598 618/1599/1599 118/1600/1600
f 123/1601/1601 628/1602/1602 1334/1603/1603 627/1604/1604
f 628/1605/1605 120/1606/1606 621/1607/1607 1334/1608/1608
f 1334/1609/1609 621/1610/1610 116/1611/1611 620/1612/1612
f 627/1613/1613 1334/1614/1614 620/1615/1615 119/1616/1616
f 124/1617/1617 630/1618/1618 1335/1619/1619 629/1620/1620
f 630/1621/1621 125/1622/1622 631/1623/1623 1335/1624/1624
f 1335/1625/1625 631/1626/1626 121/1627/1627 622/1628/1628
f 629/1629/1629 1335/1630/1630 622/1631/1631 120/1632/1632
f 125/1633/1633 632/1634/1634 1336/1635/1635 631/1636/1636
f 632/1637/1637 126/1638/1638 633/1639/1639 1336/1640/1640
f 1336/1641/1641 633/1642/1642 122/1643/1643 624/1644/1644
f 631/1645/1645 1336/1646/1646 624/1647/1647 121/1648/1648
f 126/1649/1649 634/1650/1650 1337/1651/1651 633/1652/1652
f 634/1653/1653 127/1654/1654 635/1655/1655 1337/1656/1656
f 1337/1657/1657 635/1658/1658 123/1659/1659 626/1660/1660
f 633/1661/1661 1337/1662/1662 626/1663/1663 122/1664/1664
f 127/1665/1665 636/1666/1666 1338/1667/1667 635/1668/1668
f 636/1669/1669 124/1670/1670 629/1671/1671 1338/1672/1672
f 1338/1673/1673 629/1674/1674 120/1675/1675 628/1676/1676
f 635/1677/1677 1338/1678/1678 628/1679/1679 123/1680/1680
f 128/1681/1681 638/1682/1682 1339/1683/1683 637/1684/1684
f 638/1685/1685 129/1686/1686 639/1687/1687 1339/1688/1688
f 1339/1689/1689 639/1690/1690 125/1691/1691 630/1692/1692
f 637/1693/1693 1339/1694/1694 630/1695/1695 124/1696/1696
f 129/1697/1697 640/1698/1698 1340/1699/1699 639/1700/1700
f 640/1701/1701 130/1702/1702 641/1703/1703 1340/1704/1704
f 1340/1705/1705 641/1706/1706 126/1707/1707 632/1708/1708
f 639/1709/1709 1340/1710/1710 632/1711/1711 125/1712/1712
f 130/1713/1713 642/1714/1714 1341/1715/1715 641/1716/1716
f 642/1717/1717 131/1718/1718 643/1719/1719 1341/1720/1720
f 1341/1721/1721 643/1722/1722 127/1723/1723 634/1724/1724
f 641/1725/1725 1341/1726/1726 634/1727/1727 126/1728/1728
f 131/1729/1729 644/1730/1730 1342/1731/1731 643/1732/1732
f 644/1733/1733 128/1734/1734 637/1735/1735 1342/1736/1736
f 1342/1737/1737 637/1738/1738 124/1739/1739 636/1740/1740
f 643/1741/1741 1342/1742/1742 636/1743/1743 127/1744/1744
f 21/1745/1745 646/1746/1746 1343/1747/1747 645/1748/1748
f 646/1749/1749 22/1750/1750 647/1751/1751 1343/1752/1752
f 1343/1753/1753 647/1754/1754 129/1755/1755 638/1756/1756
f 645/1757/1757 1343/1758/1758 638/1759/1759 128/1760/1760
f 22/1761/1761 648/1762/1762 1344/1763/1763 647/1764/1764
f 648/1765/1765 23/1766/1766 649/1767/1767 1344/1768/1768
f 1344/1769/1769 649/1770/1770 130/1771/1771 640/1772/1772
f 647/1773/1773 1344/1774/1774 640/1775/1775 129/1776/1776
f 23/1777/1777 650/1778/1778 1345/1779/1779 649/1780/1780
f 650/1781/1781 24/1782/1782 651/1783/1783 1345/1784/1784
f 1345/1785/1785 651/1786/1786 131/1787/1787 642/1788/1788
f 649/1789/1789 1345/1790/1790 642/1791/1791 130/1792/1792
f 24/1793/1793 652/1794/1794 1346/1795/1795 651/1796/1796
f 652/1797/1797 21/1798/1798 645/1799/1799 1346/1800/1800
f 1346/1801/1801 645/1802/1802 128/1803/1803 644/1804/1804
f 651/1805/1805 1346/1806/1806 644/1807/1807 131/1808/1808
f 132/1809/1809 654/1810/1810 1347/1811/1811 653/1812/1812
f 654/1813/1813 133/1814/1814 655/1815/1815 1347/1816/1816
f 1347/1817/1817 655/1818/1818 22/1819/1819 646/1820/1820
f 653/1821/1821 1347/1822/1822 646/1823/1823 21/1824/1824
f 133/1825/1825 656/1826/1826 1348/1827/1827 655/1828/1828
f 656/1829/1829 134/1830/1830 657/1831/1831 1348/1832/1832
f 1348/1833/1833 657/1834/1834 23/1835/1835 648/1836/1836
f 655/1837/1837 1348/1838/1838 648/1839/1839 22/1840/1840
f 134/1841/1841 658/1842/1842 1349/1843/1843 657/1844/1844
f 658/1845/1845 135/1846/1846 659/1847/1847 1349/1848/1848
f 1349/1849/1849 659/1850/1850 24/1851/1851 650/1852/1852
f 657/1853/1853 1349/1854/1854 650/1855/1855 23/1856/1856
f 135/1857/1857 660/1858/1858 1350/1859/1859 659/1860/1860
f 660/1861/1861 132/1862/1862 653/1863/1863 1350/1864/1864
f 1350/1865/1865 653/1866/1866 21/1867/1867 652/1868/1868
f 659/1869/1869 1350/1870/1870 652/1871/1871 24/1872/1872
f 136/1873/1873 662/1874/1874 1351/1875/1875 661/1876/1876
f 662/1877/1877 137/1878/1878 663/1879/1879 1351/1880/1880
f 1351/1881/1881 663/1882/1882 133/1883/1883 654/1884/1884
f 661/1885/1885 1351/1886/1886 654/1887/1887 132/1888/1888
f 137/1889/1889 664/1890/1890 1352/1891/1891 663/1892/1892
f 664/1893/1893 138/1894/1894 665/1895/1895 1352/1896/1896
f 1352/1897/1897 665/1898/1898 134/1899/1899 656/1900/1900
f 663/1901/1901 1352/1902/1902 656/1903/1903 133/1904/1904
f 138/1905/1905 666/1906/1906 1353/1907/1907 665/1908/1908
f 666/1909/1909 139/1910/1910 667/1911/1911 1353/1912/1912
f 1353/1913/1913 667/1914/1914 135/1915/1915 658/1916/1916
f 665/1917/1917 1353/1918/1918 658/1919/1919 134/1920/1920
f 139/1921/1921 668/1922/1922 1354/1923/1923 667/1924/1924
f 668/1925/1925 136/1926/1926 661/1927/1927 1354/1928/1928
f 1354/1929/1929 661/1930/1930 132/1931/1931 660/1932/1932
f 667/1933/1933 1354/1934/1934 660/1935/1935 135/1936/1936
f 140/1937/1937 670/1938/1938 1355/1939/1939 669/1940/1940
f 670/1941/1941 141/1942/1942 671/1943/1943 1355/1944/1944
f 1355/1945/1945 671/1946/1946 137/1947/1947 662/1948/1948
f 669/1949/1949 1355/1950/1950 662/1951/1951 136/1952/1952
f 141/1953/1953 672/1954/1954 1356/1955/1955 671/1956/1956
f 672/1957/1957 142/1958/1958 673/1959/1959 1356/1960/1960
f 1356/1961/1961 673/1962/1962 138/1963/1963 664/1964/1964
f 671/1965/1965 1356/1966/1966 664/1967/1967 137/1968/1968
f 142/1969/1969 674/1970/1970 1357/1971/1971 673/1972/1972
f 674/1973/1973 143/1974/1974 675/1975/1975 1357/1976/1976
f 1357/1977/1977 675/1978/1978 139/1979/1979 666/1980/1980
f 673/1981/1981 1357/1982/1982 666/1983/1983 138/1984/1984
f 143/1985/1985 676/1986/1986 1358/1987/1987 675/1988/1988
f 676/1989/1989 140/1990/1990 669/1991/1991 1358/1992/1992
f 1358/1993/1993 669/1994/1994 136/1995/1995 668/1996/1996
f 675/1997/1997 1358/1998/1998 668/1999/1999 139/2000/2000
f 144/2001/2001 678/2002/2002 1359/2003/2003 677/2004/2004
f 678/2005/2005 145/2006/2006 679/2007/2007 1359/2008/2008
f 1359/2009/2009 679/2010/2010 141/2011/2011 670/2012/2012
f 677/2013/2013 1359/2014/2014 670/2015/2015 140/2016/2016
f 145/2017/2017 680/2018/2018 1360/2019/2019 679/2020/2020
f 680/2021/2021 146/2022/2022 681/2023/2023 1360/2024/2024
f 1360/2025/2025 681/2026/2026 142/2027/2027 672/2028/2028
f 679/2029/2029 1360/2030/2030 672/2031/2031 141/2032/2032
f 146/2033/2033 682/2034/2034 1361/2035/2035 681/2036/2036
f 682/2037/2037 147/2038/2038 683/2039/2039 1361/2040/2040
f 1361/2041/2041 683/2042/2042 143/2043/2043 674/2044/2044
f 681/2045/2045 1361/2046/2046 674/2047/2047 142/2048/2048
f 147/2049/2049 684/2050/2050 1362/2051/2051 683/2052/2052
f 684/2053/2053 144/2054/2054 677/2055/2055 1362/2056/2056
f 1362/2057/2057 677/2058/2058 140/2059/2059 676/2060/2060
f 683/2061/2061 1362/2062/2062 676/2063/2063 143/2064/2064
f 148/2065/2065 686/2066/2066 1363/2067/2067 685/2068/2068
f 686/2069/2069 149/2070/2070 687/2071/2071 1363/2072/2072
f 1363/2073/2073 687/2074/2074 145/2075/2075 678/2076/2076
f 685/2077/2077 1363/2078/2078 678/2079/2079 144/2080/2080
f 149/2081/2081 688/2082/2082 1364/2083/2083 687/2084/2084
f 688/2085/2085 150/2086/2086 689/2087/2087 1364/2088/2088
f 1364/2089/2089 689/2090/2090 146/2091/2091 680/2092/2092
f 687/2093/2093 1364/2094/2094 680/2095/2095 145/2096/2096
f 150/2097/2097 690/2098/2098 1365/2099/2099 689/2100/2100
f 690/2101/2101 151/2102/2102 691/2103/2103 1365/2104/2104
f 1365/2105/2105 691/2106/2106 147/2107/2107 682/2108/2108
f 689/2109/2109 1365/2110/2110 682/2111/2111 146/2112/2112
f 151/2113/2113 692/2114/2114 1366/2115/2115 691/2116/2116
f 692/2117/2117 148/2118/2118 685/2119/2119 1366/2120/2120
f 1366/2121/2121 685/2122/2122 144/2123/2123 684/2124/2124
f 691/2125/2125 1366/2126/2126 684/2127/2127 147/2128/2128
f 152/2129/2129 694/2130/2130 1367/2131/2131 693/2132/2132
f 694/2133/2133 153/2134/2134 695/2135/2135 1367/2136/2136
f 1367/2137/2137 695/2138/2138 149/2139/2139 686/2140/2140
f 693/2141/2141 1367/2142/2142 686/2143/2143 148/2144/2144
f 153/2145/2145 696/2146/2146 1368/2147/2147 695/2148/2148
f 696/2149/2149 154/2150/2150 697/2151/2151 1368/2152/2152
f 1368/2153/2153 697/2154/2154 150/2155/2155 688/2156/2156
f 695/2157/2157 1368/2158/2158 688/2159/2159 149/2160/2160
f 154/2161/2161 698/2162/2162 1369/2163/2163 697/2164/2164
f 698/2165/2165 155/2166/2166 699/2167/2167 1369/2168/2168
f 1369/2169/2169 699/2170/2170 151/2171/2171 690/2172/2172
f 697/2173/2173 1369/2174/2174 690/2175/2175 150/2176/2176
f 155/2177/2177 700/2178/2178 1370/2179/2179 699/2180/2180
f 700/2181/2181 152/2182/2182 693/2183/2183 1370/2184/2184
f 1370/2185/2185 693/2186/2186 148/2187/2187 692/2188/2188
f 699/2189/2189 1370/2190/2190 692/2191/2191 151/2192/2192
f 156/2193/2193 702/2194/2194 1371/2195/2195 701/2196/2196
f 702/2197/2197 157/2198/2198 703/2199/2199 1371/2200/2200
f 1371/2201/2201 703/2202/2202 153/2203/2203 694/2204/2204
f 701/2205/2205 1371/2206/2206 694/2207/2207 152/2208/2208
f 157/2209/2209 704/2210/2210 1372/2211/2211 703/2212/2212
f 704/2213/2213 158/2214/2214 705/2215/2215 1372/2216/2216
f 1372/2217/2217 705/2218/2218 154/2219/2219 696/2220/2220
f 703/2221/2221 1372/2222/2222 696/2223/2223 153/2224/2224
f 158/2225/2225 706/2226/2226 1373/2227/2227 705/2228/2228
f 706/2229/2229 159/2230/2230 707/2231/2231 1373/2232/2232
f 1373/2233/2233 707/2234/2234 155/2235/2235 698/2236/2236
f 705/2237/2237 1373/2238/2238 698/2239/2239 154/2240/2240
f 159/2241/2241 708/2242/2242 1374/2243/2243 707/2244/2244
f 708/2245/2245 156/2246/2246 701/2247/2247 1374/2248/2248
f 1374/2249/2249 701/2250/2250 152/2251/2251 700/2252/2252
f 707/2253/2253 1374/2254/2254 700/2255/2255 155/2256/2256
f 160/2257/2257 710/2258/2258 1375/2259/2259 709/2260/2260
f 710/2261/2261 161/2262/2262 711/2263/2263 1375/2264/2264
f 1375/2265/2265 711/2266/2266 157/2267/2267 702/2268/2268
f 709/2269/2269 1375/2270/2270 702/2271/2271 156/2272/2272
f 161/2273/2273 712/2274/2274 1376/2275/2275 711/2276/2276
f 712/2277/2277 162/2278/2278 713/2279/2279 1376/2280/2280
f 1376/2281/2281 713/2282/2282 158/2283/2283 704/2284/2284
f 711/2285/2285 1376/2286/2286 704/2287/2287 157/2288/2288
f 162/2289/2289 714/2290/2290 1377/2291/2291 713/2292/2292
f 714/2293/2293 163/2294/2294 715/2295/2295 1377/2296/2296
f 1377/2297/2297 715/2298/2298 159/2299/2299 706/2300/2300
f 713/2301/2301 1377/2302/2302 706/2303/2303 158/2304/2304
f 163/2305/2305 716/2306/2306 1378/2307/2307 715/2308/2308
f 716/2309/2309 160/2310/2310 709/2311/2311 1378/2312/2312
f 1378/2313/2313 709/2314/2314 156/2315/2315 708/2316/2316
f 715/2317/2317 1378/2318/2318 708/2319/2319 159/2320/2320
f 164/2321/2321 718/2322/2322 1379/2323/2323 717/2324/2324
f 718/2325/2325 165/2326/2326 719/2327/2327 1379/2328/2328
f 1379/2329/2329 719/2330/2330 161/2331/2331 710/2332/2332
f 717/2333/2333 1379/2334/2334 710/2335/2335 160/2336/2336
f 165/2337/2337 720/2338/2338 1380/2339/2339 719/2340/2340
f 720/2341/2341 166/2342/2342 721/2343/2343 1380/2344/2344
f 1380/2345/2345 721/2346/2346 162/2347/2347 712/2348/2348
f 719/2349/2349 1380/2350/2350 712/2351/2351 161/2352/2352
f 166/2353/2353 722/2354/2354 1381/2355/2355 721/2356/2356
f 722/2357/2357 167/2358/2358 723/2359/2359 1381/2360/2360
f 1381/2361/2361 723/2362/2362 163/2363/2363 714/2364/2364
f 721/2365/2365 1381/2366/2366 714/2367/2367 162/2368/2368
f 167/2369/2369 724/2370/2370 1382/2371/2371 723/2372/2372
f 724/2373/2373 164/2374/2374 717/2375/2375 1382/2376/2376
f 1382/2377/2377 717/2378/2378 160/2379/2379 716/2380/2380
f 723/2381/2381 1382/2382/2382 716/2383/2383 163/2384/2384
f 168/2385/2385 726/2386/2386 1383/2387/2387 725/2388/2388
f 726/2389/2389 169/2390/2390 727/2391/2391 1383/2392/2392
f 1383/2393/2393 727/2394/2394 165/2395/2395 718/2396/2396
f 725/2397/2397 1383/2398/2398 718/2399/2399 164/2400/2400
f 169/2401/2401 728/2402/2402 1384/2403/2403 727/2404/2404
f 728/2405/2405 170/2406/2406 729/2407/2407 1384/2408/2408
f 1384/2409/2409 729/2410/2410 166/2411/2411 720/2412/2412
f 727/2413/2413 1384/2414/2414 720/2415/2415 165/2416/2416
f 170/2417/2417 730/2418/2418 1385/2419/2419 729/2420/2420
f 730/2421/2421 171/2422/2422 731/2423/2423 1385/2424/2424
f 1385/2425/2425 731/2426/2426 167/2427/2427 722/2428/2428
f 729/2429/2429 1385/2430/2430 722/2431/2431 166/2432/2432
f 171/2433/2433 732/2434/2434 1386/2435/2435 731/2436/2436
f 732/2437/2437 168/2438/2438 725/2439/2439 1386/2440/2440
f 1386/2441/2441 725/2442/2442 164/2443/2443 724/2444/2444
f 731/2445/2445 1386/2446/2446 724/2447/2447 167/2448/2448
f 172/2449/2449 734/2450/2450 1387/2451/2451 733/2452/2452
f 734/2453/2453 173/2454/2454 735/2455/2455 1387/2456/2456
f 1387/2457/2457 735/2458/2458 169/2459/2459 726/2460/2460
f 733/2461/2461 1387/2462/2462 726/2463/2463 168/2464/2464
f 173/2465/2465 736/2466/2466 1388/2467/2467 735/2468/2468
f 736/2469/2469 174/2470/2470 737/2471/2471 1388/2472/2472
f 1388/2473/2473 737/2474/2474 170/2475/2475 728/2476/2476
f 735/2477/2477 1388/2478/2478 728/2479/2479 169/2480/2480
f 174/2481/2481 738/2482/2482 1389/2483/2483 737/2484/2484
f 738/2485/2485 175/2486/2486 739/2487/2487 1389/2488/2488
f 1389/2489/2489 739/2490/2490 171/2491/2491 730/2492/2492
f 737/2493/2493 1389/2494/2494 730/2495/2495 170/2496/2496
f 175/2497/2497 740/2498/2498 1390/2499/2499 739/2500/2500
f 740/2501/2501 172/2502/2502 733/2503/2503 1390/2504/2504
f 1390/2505/2505 733/2506/2506 168/2507/2507 732/2508/2508
f 739/2509/2509 1390/2510/2510 732/2511/2511 171/2512/2512
f 176/2513/2513 742/2514/2514 1391/2515/2515 741/2516/2516
f 742/2517/2517 177/2518/2518 743/2519/2519 1391/2520/2520
f 1391/2521/2521 743/2522/2522 173/2523/2523 734/2524/2524
f 741/2525/2525 1391/2526/2526 734/2527/2527 172/2528/2528
f 177/2529/2529 744/2530/2530 1392/2531/2531 743/2532/2532
f 744/2533/2533 178/2534/2534 745/2535/2535 1392/2536/2536
f 1392/2537/2537 745/2538/2538 174/2539/2539 736/2540/2540
f 743/2541/2541 1392/2542/2542 736/2543/2543 173/2544/2544
f 178/2545/2545 746/2546/2546 1393/2547/2547 745/2548/2548
f 746/2549/2549 179/2550/2550 747/2551/2551 1393/2552/2552
f 1393/2553/2553 747/2554/2554 175/2555/2555 738/2556/2556
f 745/2557/2557 1393/2558/2558 738/2559/2559 174/2560/2560
f 179/2561/2561 748/2562/2562 1394/2563/2563 747/2564/2564
f 748/2565/2565 176/2566/2566 741/2567/2567 1394/2568/2568
f 1394/2569/2569 741/2570/2570 172/2571/2571 740/2572/2572
f 747/2573/2573 1394/2574/2574 740/2575/2575 175/2576/2576
f 180/2577/2577 750/2578/2578 1395/2579/2579 749/2580/2580
f 750/2581/2581 181/2582/2582 751/2583/2583 1395/2584/2584
f 1395/2585/2585 751/2586/2586 177/2587/2587 742/2588/2588
f 749/2589/2589 1395/2590/2590 742/2591/2591 176/2592/2592
f 181/2593/2593 752/2594/2594 1396/2595/2595 751/2596/2596
f 752/2597/2597 182/2598/2598 753/2599/2599 1396/2600/2600
f 1396/2601/2601 753/2602/2602 178/2603/2603 744/2604/2604
f 751/2605/2605 1396/2606/2606 744/2607/2607 177/2608/2608
f 182/2609/2609 754/2610/2610 1397/2611/2611 753/2612/2612
f 754/2613/2613 183/2614/2614 755/2615/2615 1397/2616/2616
f 1397/2617/2617 755/2618/2618 179/2619/2619 746/2620/2620
f 753/2621/2621 1397/2622/2622 746/2623/2623 178/2624/2624
f 183/2625/2625 756/2626/2626 1398/2627/2627 755/2628/2628
f 756/2629/2629 180/2630/2630 749/2631/2631 1398/2632/2632
f 1398/2633/2633 749/2634/2634 176/2635/2635 748/2636/2636
f 755/2637/2637 1398/2638/2638 748/2639/2639 179/2640/2640
f 184/2641/2641 758/2642/2642 1399/2643/2643 757/2644/2644
f 758/2645/2645 185/2646/2646 759/2647/2647 1399/2648/2648
f 1399/2649/2649 759/2650/2650 181/2651/2651 750/2652/2652
f 757/2653/2653 1399/2654/2654 750/2655/2655 180/2656/2656
f 185/2657/2657 760/2658/2658 1400/2659/2659 759/2660/2660
f 760/2661/2661 186/2662/2662 761/2663/2663 1400/2664/2664
f 1400/2665/2665 761/2666/2666 182/2667/2667 752/2668/2668
f 759/2669/2669 1400/2670/2670 752/2671/2671 181/2672/2672
f 186/2673/2673 762/2674/2674 1401/2675/2675 761/2676/2676
f 762/2677/2677 187/2678/2678 763/2679/2679 1401/2680/2680
f 1401/2681/2681 763/2682/2682 183/2683/2683 754/2684/2684
f 761/2685/2685 1401/2686/2686 754/2687/2687 182/2688/2688
f 187/2689/2689 764/2690/2690 1402/2691/2691 763/2692/2692
f 764/2693/2693 184/2694/2694 757/2695/2695 1402/2696/2696
f 1402/2697/2697 757/2698/2698 180/2699/2699 756/2700/2700
f 763/2701/2701 1402/2702/2702 756/2703/2703 183/2704/2704
f 188/2705/2705 766/2706/2706 1403/2707/2707 765/2708/2708
f 766/2709/2709 189/2710/2710 767/2711/2711 1403/2712/2712
f 1403/2713/2713 767/2714/2714 185/2715/2715 758/2716/2716
f 765/2717/2717 1403/2718/2718 758/2719/2719 184/2720/2720
f 189/2721/2721 768/2722/2722 1404/2723/2723 767/2724/2724
f 768/2725/2725 190/2726/2726 769/2727/2727 1404/2728/2728
f 1404/2729/2729 769/2730/2730 186/2731/2731 760/2732/2732
f 767/2733/2733 1404/2734/2734 760/2735/2735 185/2736/2736
f 190/2737/2737 770/2738/2738 1405/2739/2739 769/2740/2740
f 770/2741/2741 191/2742/2742 771/2743/2743 1405/2744/2744
f 1405/2745/2745 771/2746/2746 187/2747/2747 762/2748/2748
f 769/2749/2749 1405/2750/2750 762/2751/2751 186/2752/2752
f 191/2753/2753 772/2754/2754 1406/2755/2755 771/2756/2756
f 772/2757/2757 188/2758/2758 765/2759/2759 1406/2760/2760
f 1406/2761/2761 765/2762/2762 184/2763/2763 764/2764/2764
f 771/2765/2765 1406/2766/2766 764/2767/2767 187/2768/2768
f 25/2769/2769 456/2770/2770 1407/2771/2771 773/2772/2772
f 456/2773/2773 26/2774/2774 774/2775/2775 1407/2776/2776
f 1407/2777/2777 774/2778/2778 189/2779/2779 766/2780/2780
f 773/2781/2781 1407/2782/2782 766/2783/2783 188/2784/2784
f 26/2785/2785 455/2786/2786 1408/2787/2787 774/2788/2788
f 455/2789/2789 27/2790/2790 775/2791/2791 1408/2792/2792
f 1408/2793/2793 775/2794/2794 190/2795/2795 768/2796/2796
f 774/2797/2797 1408/2798/2798 768/2799/2799 189/2800/2800
f 27/2801/2801 454/2802/2802 1409/2803/2803 775/2804/2804
f 454/2805/2805 28/2806/2806 776/2807/2807 1409/2808/2808
f 1409/2809/2809 776/2810/2810 191/2811/2811 770/2812/2812
f 775/2813/2813 1409/2814/2814 770/2815/2815 190/2816/2816
f 28/2817/2817 453/2818/2818 1410/2819/2819 776/2820/2820
f 453/2821/2821 25/2822/2822 773/2823/2823 1410/2824/2824
f 1410/2825/2825 773/2826/2826 188/2827/2827 772/2828/2828
f 776/2829/2829 1410/2830/2830 772/2831/2831 191/2832/2832
f 29/2833/2833 778/2834/2834 1411/2835/2835 777/2836/2836
f 778/2837/2837 30/2838/2838 779/2839/2839 1411/2840/2840
f 1411/2841/2841 779/2842/2842 412/2843/2843 423/2844/2844
f 777/2845/2845 1411/2846/2846 423/2847/2847 411/2848/2848
f 30/2849/2849 780/2850/2850 1412/2851/2851 779/2852/2852
f 780/2853/2853 31/2854/2854 781/2855/2855 1412/2856/2856
f 1412/2857/2857 781/2858/2858 413/2859/2859 420/2860/2860
f 779/2861/2861 1412/2862/2862 420/2863/2863 412/2864/2864
f 31/2865/2865 782/2866/2866 1413/2867/2867 781/2868/2868
f 782/2869/2869 32/2870/2870 783/2871/2871 1413/2872/2872
f 1413/2873/2873 783/2874/2874 414/2875/2875 416/2876/2876
f 781/2877/2877 1413/2878/2878 416/2879/2879 413/2880/2880
f 32/2881/2881 784/2882/2882 1414/2883/2883 783/2884/2884
f 784/2885/2885 29/2886/2886 777/2887/2887 1414/2888/2888
f 1414/2889/2889 777/2890/2890 411/2891/2891 425/2892/2892
f 783/2893/2893 1414/2894/2894 425/2895/2895 414/2896/2896
f 195/2897/2897 786/2898/2898 1415/2899/2899 785/2900/2900
f 786/2901/2901 196/2902/2902 787/2903/2903 1415/2904/2904
f 1415/2905/2905 787/2906/2906 30/2907/2907 778/2908/2908
f 785/2909/2909 1415/2910/2910 778/2911/2911 29/2912/2912
f 196/2913/2913 788/2914/2914 1416/2915/2915 787/2916/2916
f 788/2917/2917 197/2918/2918 789/2919/2919 1416/2920/2920
f 1416/2921/2921 789/2922/2922 31/2923/2923 780/2924/2924
f 787/2925/2925 1416/2926/2926 780/2927/2927 30/2928/2928
f 197/2929/2929 790/2930/2930 1417/2931/2931 789/2932/2932
f 790/2933/2933 198/2934/2934 791/2935/2935 1417/2936/2936
f 1417/2937/2937 791/2938/2938 32/2939/2939 782/2940/2940
f 789/2941/2941 1417/2942/2942 782/2943/2943 31/2944/2944
f 198/2945/2945 792/2946/2946 1418/2947/2947 791/2948/2948
f 792/2949/2949 195/2950/2950 785/2951/2951 1418/2952/2952
f 1418/2953/2953 785/2954/2954 29/2955/2955 784/2956/2956
f 791/2957/2957 1418/2958/2958 784/2959/2959 32/2960/2960
f 199/2961/2961 794/2962/2962 1419/2963/2963 793/2964/2964
f 794/2965/2965 200/2966/2966 795/2967/2967 1419/2968/2968
f 1419/2969/2969 795/2970/2970 196/2971/2971 786/2972/2972
f 793/2973/2973 1419/2974/2974 786/2975/2975 195/2976/2976
f 200/2977/2977 796/2978/2978 1420/2979/2979 795/2980/2980
f 796/2981/2981 201/2982/2982 797/2983/2983 1420/2984/2984
f 1420/2985/2985 797/2986/2986 197/2987/2987 788/2988/2988
f 795/2989/2989 1420/2990/2990 788/2991/2991 196/2992/2992
f 201/2993/2993 798/2994/2994 1421/2995/2995 797/2996/2996
f 798/2997/2997 202/2998/2998 799/2999/2999 1421/3000/3000
f 1421/3001/3001 799/3002/3002 198/3003/3003 790/3004/3004
f 797/3005/3005 1421/3006/3006 790/3007/3007 197/3008/3008
f 202/3009/3009 800/3010/3010 1422/3011/3011 799/3012/3012
f 800/3013/3013 199/3014/3014 793/3015/3015 1422/3016/3016
f 1422/3017/3017 793/3018/3018 195/3019/3019 792/3020/3020
f 799/3021/3021 1422/3022/3022 792/3023/3023 198/3024/3024
f 203/3025/3025 802/3026/3026 1423/3027/3027 801/3028/3028
f 802/3029/3029 204/3030/3030 803/3031/3031 1423/3032/3032
f 1423/3033/3033 803/3034/3034 200/3035/3035 794/3036/3036
f 801/3037/3037 1423/3038/3038 794/3039/3039 199/3040/3040
f 204/3041/3041 804/3042/3042 1424/3043/3043 803/3044/3044
f 804/3045/3045 205/3046/3046 805/3047/3047 1424/3048/3048
f 1424/3049/3049 805/3050/3050 201/3051/3051 796/3052/3052
f 803/3053/3053 1424/3054/3054 796/3055/3055 200/3056/3056
f 205/3057/3057 806/3058/3058 1425/3059/3059 805/3060/3060
f 806/3061/3061 206/3062/3062 807/3063/3063 1425/3064/3064
f 1425/3065/3065 807/3066/3066 202/3067/3067 798/3068/3068
f 805/3069/3069 1425/3070/3070 798/3071/3071 201/3072/3072
f 206/3073/3073 808/3074/3074 1426/3075/3075 807/3076/3076
f 808/3077/3077 203/3078/3078 801/3079/3079 1426/3080/3080
f 1426/3081/3081 801/3082/3082 199/3083/3083 800/3084/3084
f 807/3085/3085 1426/3086/3086 800/3087/3087 202/3088/3088
f 207/3089/3089 810/3090/3090 1427/3091/3091 809/3092/3092
f 810/3093/3093 208/3094/3094 811/3095/3095 1427/3096/3096
f 1427/3097/3097 811/3098/3098 204/3099/3099 802/3100/3100
f 809/3101/3101 1427/3102/3102 802/3103/3103 203/3104/3104
f 208/3105/3105 812/3106/3106 1428/3107/3107 811/3108/3108
f 812/3109/3109 209/3110/3110 813/3111/3111 1428/3112/3112
f 1428/3113/3113 813/3114/3114 205/3115/3115 804/3116/3116
f 811/3117/3117 1428/3118/3118 804/3119/3119 204/3120/3120
f 209/3121/3121 814/3122/3122 1429/3123/3123 813/3124/3124
f 814/3125/3125 210/3126/3126 815/3127/3127 1429/3128/3128
f 1429/3129/3129 815/3130/3130 206/3131/3131 806/3132/3132
f 813/3133/3133 1429/3134/3134 806/3135/3135 205/3136/3136
f 210/3137/3137 816/3138/3138 1430/3139/3139 815/3140/3140
f 816/3141/3141 207/3142/3142 809/3143/3143 1430/3144/3144
f 1430/3145/3145 809/3146/3146 203/3147/3147 808/3148/3148
f 815/3149/3149 1430/3150/3150 808/3151/3151 206/3152/3152
f 211/3153/3153 818/3154/3154 1431/3155/3155 817/3156/3156
f 818/3157/3157 212/3158/3158 819/3159/3159 1431/3160/3160
f 1431/3161/3161 819/3162/3162 208/3163/3163 810/3164/3164
f 817/3165/3165 1431/3166/3166 810/3167/3167 207/3168/3168
f 212/3169/3169 820/3170/3170 1432/3171/3171 819/3172/3172
f 820/3173/3173 213/3174/3174 821/3175/3175 1432/3176/3176
f 1432/3177/3177 821/3178/3178 209/3179/3179 812/3180/3180
f 819/3181/3181 1432/3182/3182 812/3183/3183 208/3184/3184
f 213/3185/3185 822/3186/3186 1433/3187/3187 821/3188/3188
f 822/3189/3189 214/3190/3190 823/3191/3191 1433/3192/3192
f 1433/3193/3193 823/3194/3194 210/3195/3195 814/3196/3196
f 821/3197/3197 1433/3198/3198 814/3199/3199 209/3200/3200
f 214/3201/3201 824/3202/3202 1434/3203/3203 823/3204/3204
f 824/3205/3205 211/3206/3206 817/3207/3207 1434/3208/3208
f 1434/3209/3209 817/3210/3210 207/3211/3211 816/3212/3212
f 823/3213/3213 1434/3214/3214 816/3215/3215 210/3216/3216
f 215/3217/3217 826/3218/3218 1435/3219/3219 825/3220/3220
f 826/3221/3221 216/3222/3222 827/3223/3223 1435/3224/3224
f 1435/3225/3225 827/3226/3226 212/3227/3227 818/3228/3228
f 825/3229/3229 1435/3230/3230 818/3231/3231 211/3232/3232
f 216/3233/3233 828/3234/3234 1436/3235/3235 827/3236/3236
f 828/3237/3237 217/3238/3238 829/3239/3239 1436/3240/3240
f 1436/3241/3241 829/3242/3242 213/3243/3243 820/3244/3244
f 827/3245/3245 1436/3246/3246 820/3247/3247 212/3248/3248
f 217/3249/3249 830/3250/3250 1437/3251/3251 829/3252/3252
f 830/3253/3253 218/3254/3254 831/3255/3255 1437/3256/3256
f 1437/3257/3257 831/3258/3258 214/3259/3259 822/3260/3260
f 829/3261/3261 1437/3262/3262 822/3263/3263 213/3264/3264
f 218/3265/3265 832/3266/3266 1438/3267/3267 831/3268/3268
f 832/3269/3269 215/3270/3270 825/3271/3271 1438/3272/3272
f 1438/3273/3273 825/3274/3274 211/3275/3275 824/3276/3276
f 831/3277/3277 1438/3278/3278 824/3279/3279 214/3280/3280
f 219/3281/3281 834/3282/3282 1439/3283/3283 833/3284/3284
f 834/3285/3285 220/3286/3286 835/3287/3287 1439/3288/3288
f 1439/3289/3289 835/3290/3290 216/3291/3291 826/3292/3292
f 833/3293/3293 1439/3294/3294 826/3295/3295 215/3296/3296
f 220/3297/3297 836/3298/3298 1440/3299/3299 835/3300/3300
f 836/3301/3301 221/3302/3302 837/3303/3303 1440/3304/3304
f 1440/3305/3305 837/3306/3306 217/3307/3307 828/3308/3308
f 835/3309/3309 1440/3310/3310 828/3311/3311 216/3312/3312
f 221/3313/3313 838/3314/3314 1441/3315/3315 837/3316/3316
f 838/3317/3317 222/3318/3318 839/3319/3319 1441/3320/3320
f 1441/3321/3321 839/3322/3322 218/3323/3323 830/3324/3324
f 837/3325/3325 1441/3326/3326 830/3327/3327 217/3328/3328
f 222/3329/3329 840/3330/3330 1442/3331/3331 839/3332/3332
f 840/3333/3333 219/3334/3334 833/3335/3335 1442/3336/3336
f 1442/3337/3337 833/3338/3338 215/3339/3339 832/3340/3340
f 839/3341/3341 1442/3342/3342 832/3343/3343 218/3344/3344
f 223/3345/3345 842/3346/3346 1443/3347/3347 841/3348/3348
f 842/3349/3349 224/3350/3350 843/3351/3351 1443/3352/3352
f 1443/3353/3353 843/3354/3354 220/3355/3355 834/3356/3356
f 841/3357/3357 1443/3358/3358 834/3359/3359 219/3360/3360
f 224/3361/3361 844/3362/3362 1444/3363/3363 843/3364/3364
f 844/3365/3365 225/3366/3366 845/3367/3367 1444/3368/3368
f 1444/3369/3369 845/3370/3370 221/3371/3371 836/3372/3372
f 843/3373/3373 1444/3374/3374 836/3375/3375 220/3376/3376
f 225/3377/3377 846/3378/3378 1445/3379/3379 845/3380/3380
f 846/3381/3381 226/3382/3382 847/3383/3383 1445/3384/3384
f 1445/3385/3385 847/3386/3386 222/3387/3387 838/3388/3388
f 845/3389/3389 1445/3390/3390 838/3391/3391 221/3392/3392
f 226/3393/3393 848/3394/3394 1446/3395/3395 847/3396/3396
f 848/3397/3397 223/3398/3398 841/3399/3399 1446/3400/3400
f 1446/3401/3401 841/3402/3402 219/3403/3403 840/3404/3404
f 847/3405/3405 1446/3406/3406 840/3407/3407 222/3408/3408
f 227/3409/3409 850/3410/3410 1447/3411/3411 849/3412/3412
f 850/3413/3413 228/3414/3414 851/3415/3415 1447/3416/3416
f 1447/3417/3417 851/3418/3418 224/3419/3419 842/3420/3420
f 849/3421/3421 1447/3422/3422 842/3423/3423 223/3424/3424
f 228/3425/3425 852/3426/3426 1448/3427/3427 851/3428/3428
f 852/3429/3429 229/3430/3430 853/3431/3431 1448/3432/3432
f 1448/3433/3433 853/3434/3434 225/3435/3435 844/3436/3436
f 851/3437/3437 1448/3438/3438 844/3439/3439 224/3440/3440
f 229/3441/3441 854/3442/3442 1449/3443/3443 853/3444/3444
f 854/3445/3445 230/3446/3446 855/3447/3447 1449/3448/3448
f 1449/3449/3449 855/3450/3450 226/3451/3451 846/3452/3452
f 853/3453/3453 1449/3454/3454 846/3455/3455 225/3456/3456
f 230/3457/3457 856/3458/3458 1450/3459/3459 855/3460/3460
f 856/3461/3461 227/3462/3462 849/3463/3463 1450/3464/3464
f 1450/3465/3465 849/3466/3466 223/3467/3467 848/3468/3468
f 855/3469/3469 1450/3470/3470 848/3471/3471 226/3472/3472
f 231/3473/3473 858/3474/3474 1451/3475/3475 857/3476/3476
f 858/3477/3477 232/3478/3478 859/3479/3479 1451/3480/3480
f 1451/3481/3481 859/3482/3482 228/3483/3483 850/3484/3484
f 857/3485/3485 1451/3486/3486 850/3487/3487 227/3488/3488
f 232/3489/3489 860/3490/3490 1452/3491/3491 859/3492/3492
f 860/3493/3493 233/3494/3494 861/3495/3495 1452/3496/3496
f 1452/3497/3497 861/3498/3498 229/3499/3499 852/3500/3500
f 859/3501/3501 1452/3502/3502 852/3503/3503 228/3504/3504
f 233/3505/3505 862/3506/3506 1453/3507/3507 861/3508/3508
f 862/3509/3509 234/3510/3510 863/3511/3511 1453/3512/3512
f 1453/3513/3513 863/3514/3514 230/3515/3515 854/3516/3516
f 861/3517/3517 1453/3518/3518 854/3519/3519 229/3520/3520
f 234/3521/3521 864/3522/3522 1454/3523/3523 863/3524/3524
f 864/3525/3525 231/3526/3526 857/3527/3527 1454/3528/3528
f 1454/3529/3529 857/3530/3530 227/3531/3531 856/3532/3532
f 863/3533/3533 1454/3534/3534 856/3535/3535 230/3536/3536
f 235/3537/3537 866/3538/3538 1455/3539/3539 865/3540/3540
f 866/3541/3541 236/3542/3542 867/3543/3543 1455/3544/3544
f 1455/3545/3545 867/3546/3546 232/3547/3547 858/3548/3548
f 865/3549/3549 1455/3550/3550 858/3551/3551 231/3552/3552
f 236/3553/3553 868/3554/3554 1456/3555/3555 867/3556/3556
f 868/3557/3557 237/3558/3558 869/3559/3559 1456/3560/3560
f 1456/3561/3561 869/3562/3562 233/3563/3563 860/3564/3564
f 867/3565/3565 1456/3566/3566 860/3567/3567 232/3568/3568
f 237/3569/3569 870/3570/3570 1457/3571/3571 869/3572/3572
f 870/3573/3573 238/3574/3574 871/3575/3575 1457/3576/3576
f 1457/3577/3577 871/3578/3578 234/3579/3579 862/3580/3580
f 869/3581/3581 1457/3582/3582 862/3583/3583 233/3584/3584
f 238/3585/3585 872/3586/3586 1458/3587/3587 871/3588/3588
f 872/3589/3589 235/3590/3590 865/3591/3591 1458/3592/3592
f 1458/3593/3593 865/3594/3594 231/3595/3595 864/3596/3596
f 871/3597/3597 1458/3598/3598 864/3599/3599 234/3600/3600
f 239/3601/3601 874/3602/3602 1459/3603/3603 873/3604/3604
f 874/3605/3605 240/3606/3606 875/3607/3607 1459/3608/3608
f 1459/3609/3609 875/3610/3610 236/3611/3611 866/3612/3612
f 873/3613/3613 1459/3614/3614 866/3615/3615 235/3616/3616
f 240/3617/3617 876/3618/3618 1460/3619/3619 875/3620/3620
f 876/3621/3621 241/3622/3622 877/3623/3623 1460/3624/3624
f 1460/3625/3625 877/3626/3626 237/3627/3627 868/3628/3628
f 875/3629/3629 1460/3630/3630 868/3631/3631 236/3632/3632
f 241/3633/3633 878/3634/3634 1461/3635/3635 877/3636/3636
f 878/3637/3637 242/3638/3638 879/3639/3639 1461/3640/3640
f 1461/3641/3641 879/3642/3642 238/3643/3643 870/3644/3644
f 877/3645/3645 1461/3646/3646 870/3647/3647 237/3648/3648
f 242/3649/3649 880/3650/3650 1462/3651/3651 879/3652/3652
f 880/3653/3653 239/3654/3654 873/3655/3655 1462/3656/3656
f 1462/3657/3657 873/3658/3658 235/3659/3659 872/3660/3660
f 879/3661/3661 1462/3662/3662 872/3663/3663 238/3664/3664
f 33/3665/3665 882/3666/3666 1463/3667/3667 881/3668/3668
f 882/3669/3669 34/3670/3670 883/3671/3671 1463/3672/3672
f 1463/3673/3673 883/3674/3674 240/3675/3675 874/3676/3676
f 881/3677/3677 1463/3678/3678 874/3679/3679 239/3680/3680
f 34/3681/3681 884/3682/3682 1464/3683/3683 883/3684/3684
f 884/3685/3685 35/3686/3686 885/3687/3687 1464/3688/3688
f 1464/3689/3689 885/3690/3690 241/3691/3691 876/3692/3692
f 883/3693/3693 1464/3694/3694 876/3695/3695 240/3696/3696
f 35/3697/3697 886/3698/3698 1465/3699/3699 885/3700/3700
f 886/3701/3701 36/3702/3702 887/3703/3703 1465/3704/3704
f 1465/3705/3705 887/3706/3706 242/3707/3707 878/3708/3708
f 885/3709/3709 1465/3710/3710 878/3711/3711 241/3712/3712
f 36/3713/3713 888/3714/3714 1466/3715/3715 887/3716/3716
f 888/3717/3717 33/3718/3718 881/3719/3719 1466/3720/3720
f 1466/3721/3721 881/3722/3722 239/3723/3723 880/3724/3724
f 887/3725/3725 1466/3726/3726 880/3727/3727 242/3728/3728
f 243/3729/3729 890/3730/3730 1467/3731/3731 889/3732/3732
f 890/3733/3733 244/3734/3734 891/3735/3735 1467/3736/3736
f 1467/3737/3737 891/3738/3738 34/3739/3739 882/3740/3740
f 889/3741/3741 1467/3742/3742 882/3743/3743 33/3744/3744
f 244/3745/3745 892/3746/3746 1468/3747/3747 891/3748/3748
f 892/3749/3749 245/3750/3750 893/3751/3751 1468/3752/3752
f 1468/3753/3753 893/3754/3754 35/3755/3755 884/3756/3756
f 891/3757/3757 1468/3758/3758 884/3759/3759 34/3760/3760
f 245/3761/3761 894/3762/3762 1469/3763/3763 893/3764/3764
f 894/3765/3765 246/3766/3766 895/3767/3767 1469/3768/3768
f 1469/3769/3769 895/3770/3770 36/3771/3771 886/3772/3772
f 893/3773/3773 1469/3774/3774 886/3775/3775 35/3776/3776
f 246/3777/3777 896/3778/3778 1470/3779/3779 895/3780/3780
f 896/3781/3781 243/3782/3782 889/3783/3783 1470/3784/3784
f 1470/3785/3785 889/3786/3786 33/3787/3787 888/3788/3788
f 895/3789/3789 1470/3790/3790 888/3791/3791 36/3792/3792
f 247/3793/3793 898/3794/3794 1471/3795/3795 897/3796/3796
f 898/3797/3797 248/3798/3798 899/3799/3799 1471/3800/3800
f 1471/3801/3801 899/3802/3802 244/3803/3803 890/3804/3804
f 897/3805/3805 1471/3806/3806 890/3807/3807 243/3808/3808
f 248/3809/3809 900/3810/3810 1472/3811/3811 899/3812/3812
f 900/3813/3813 249/3814/3814 901/3815/3815 1472/3816/3816
f 1472/3817/3817 901/3818/3818 245/3819/3819 892/3820/3820
f 899/3821/3821 1472/3822/3822 892/3823/3823 244/3824/3824
f 249/3825/3825 902/3826/3826 1473/3827/3827 901/3828/3828
f 902/3829/3829 250/3830/3830 903/3831/3831 1473/3832/3832
f 1473/3833/3833 903/3834/3834 246/3835/3835 894/3836/3836
f 901/3837/3837 1473/3838/3838 894/3839/3839 245/3840/3840
f 250/3841/3841 904/3842/3842 1474/3843/3843 903/3844/3844
f 904/3845/3845 247/3846/3846 897/3847/3847 1474/3848/3848
f 1474/3849/3849 897/3850/3850 243/3851/3851 896/3852/3852
f 903/3853/3853 1474/3854/3854 896/3855/3855 246/3856/3856
f 251/3857/3857 906/3858/3858 1475/3859/3859 905/3860/3860
f 906/3861/3861 252/3862/3862 907/3863/3863 1475/3864/3864
f 1475/3865/3865 907/3866/3866 248/3867/3867 898/3868/3868
f 905/3869/3869 1475/3870/3870 898/3871/3871 247/3872/3872
f 252/3873/3873 908/3874/3874 1476/3875/3875 907/3876/3876
f 908/3877/3877 253/3878/3878 909/3879/3879 1476/3880/3880
f 1476/3881/3881 909/3882/3882 249/3883/3883 900/3884/3884
f 907/3885/3885 1476/3886/3886 900/3887/3887 248/3888/3888
f 253/3889/3889 910/3890/3890 1477/3891/3891 909/3892/3892
f 910/3893/3893 254/3894/3894 911/3895/3895 1477/3896/3896
f 1477/3897/3897 911/3898/3898 250/3899/3899 902/3900/3900
f 909/3901/3901 1477/3902/3902 902/3903/3903 249/3904/3904
f 254/3905/3905 912/3906/3906 1478/3907/3907 911/3908/3908
f 912/3909/3909 251/3910/3910 905/3911/3911 1478/3912/3912
f 1478/3913/3913 905/3914/3914 247/3915/3915 904/3916/3916
f 911/3917/3917 1478/3918/3918 904/3919/3919 250/3920/3920
f 255/3921/3921 914/3922/3922 1479/3923/3923 913/3924/3924
f 914/3925/3925 256/3926/3926 915/3927/3927 1479/3928/3928
f 1479/3929/3929 915/3930/3930 252/3931/3931 906/3932/3932
f 913/3933/3933 1479/3934/3934 906/3935/3935 251/3936/3936
f 256/3937/3937 916/3938/3938 1480/3939/3939 915/3940/3940
f 916/3941/3941 257/3942/3942 917/3943/3943 1480/3944/3944
f 1480/3945/3945 917/3946/3946 253/3947/3947 908/3948/3948
f 915/3949/3949 1480/3950/3950 908/3951/3951 252/3952/3952
f 257/3953/3953 918/3954/3954 1481/3955/3955 917/3956/3956
f 918/3957/3957 258/3958/3958 919/3959/3959 1481/3960/3960
f 1481/3961/3961 919/3962/3962 254/3963/3963 910/3964/3964
f 917/3965/3965 1481/3966/3966 910/3967/3967 253/3968/3968
f 258/3969/3969 920/3970/3970 1482/3971/3971 919/3972/3972
f 920/3973/3973 255/3974/3974 913/3975/3975 1482/3976/3976
f 1482/3977/3977 913/3978/3978 251/3979/3979 912/3980/3980
f 919/3981/3981 1482/3982/3982 912/3983/3983 254/3984/3984
f 259/3985/3985 922/3986/3986 1483/3987/3987 921/3988/3988
f 922/3989/3989 260/3990/3990 923/3991/3991 1483/3992/3992
f 1483/3993/3993 923/3994/3994 256/3995/3995 914/3996/3996
f 921/3997/3997 1483/3998/3998 914/3999/3999 255/4000/4000
f 260/4001/4001 924/4002/4002 1484/4003/4003 923/4004/4004
f 924/4005/4005 261/4006/4006 925/4007/4007 1484/4008/4008
f 1484/4009/4009 925/4010/4010 257/4011/4011 916/4012/4012
f 923/4013/4013 1484/4014/4014 916/4015/4015 256/4016/4016
f 261/4017/4017 926/4018/4018 1485/4019/4019 925/4020/4020
f 926/4021/4021 262/4022/4022 927/4023/4023 1485/4024/4024
f 1485/4025/4025 927/4026/4026 258/4027/4027 918/4028/4028
f 925/4029/4029 1485/4030/4030 918/4031/4031 257/4032/4032
f 262/4033/4033 928/4034/4034 1486/4035/4035 927/4036/4036
f 928/4037/4037 259/4038/4038 921/4039/4039 1486/4040/4040
f 1486/4041/4041 921/4042/4042 255/4043/4043 920/4044/4044
f 927/4045/4045 1486/4046/4046 920/4047/4047 258/4048/4048
f 263/4049/4049 930/4050/4050 1487/4051/4051 929/4052/4052
f 930/4053/4053 264/4054/4054 931/4055/4055 1487/4056/4056
f 1487/4057/4057 931/4058/4058 260/4059/4059 922/4060/4060
f 929/4061/4061 1487/4062/4062 922/4063/4063 259/4064/4064
f 264/4065/4065 932/4066/4066 1488/4067/4067 931/4068/4068
f 932/4069/4069 265/4070/4070 933/4071/4071 1488/4072/4072
f 1488/4073/4073 933/4074/4074 261/4075/4075 924/4076/4076
f 931/4077/4077 1488/4078/4078 924/4079/4079 260/4080/4080
f 265/4081/4081 934/4082/4082 1489/4083/4083 933/4084/4084
f 934/4085/4085 266/4086/4086 935/4087/4087 1489/4088/4088
f 1489/4089/4089 935/4090/4090 262/4091/4091 926/4092/4092
f 933/4093/4093 1489/4094/4094 926/4095/4095 261/4096/4096
f 266/4097/4097 936/4098/4098 1490/4099/4099 935/4100/4100
f 936/4101/4101 263/4102/4102 929/4103/4103 1490/4104/4104
f 1490/4105/4105 929/4106/4106 259/4107/4107 928/4108/4108
f 935/4109/4109 1490/4110/4110 928/4111/4111 262/4112/4112
f 267/4113/4113 938/4114/4114 1491/4115/4115 937/4116/4116
f 938/4117/4117 268/4118/4118 939/4119/4119 1491/4120/4120
f 1491/4121/4121 939/4122/4122 264/4123/4123 930/4124/4124
f 937/4125/4125 1491/4126/4126 930/4127/4127 263/4128/4128
f 268/4129/4129 940/4130/4130 1492/4131/4131 939/4132/4132
f 940/4133/4133 269/4134/4134 941/4135/4135 1492/4136/4136
f 1492/4137/4137 941/4138/4138 265/4139/4139 932/4140/4140
f 939/4141/4141 1492/4142/4142 932/4143/4143 264/4144/4144
f 269/4145/4145 942/4146/4146 1493/4147/4147 941/4148/4148
f 942/4149/4149 270/4150/4150 943/4151/4151 1493/4152/4152
f 1493/4153/4153 943/4154/4154 266/4155/4155 934/4156/4156
f 941/4157/4157 1493/4158/4158 934/4159/4159 265/4160/4160
f 270/4161/4161 944/4162/4162 1494/4163/4163 943/4164/4164
f 944/4165/4165 267/4166/4166 937/4167/4167 1494/4168/4168
f 1494/4169/4169 937/4170/4170 263/4171/4171 936/4172/4172
f 943/4173/4173 1494/4174/4174 936/4175/4175 266/4176/4176
f 271/4177/4177 946/4178/4178 1495/4179/4179 945/4180/4180
f 946/4181/4181 272/4182/4182 947/4183/4183 1495/4184/4184
f 1495/4185/4185 947/4186/4186 268/4187/4187 938/4188/4188
f 945/4189/4189 1495/4190/4190 938/4191/4191 267/4192/4192
f 272/4193/4193 948/4194/4194 1496/4195/4195 947/4196/4196
f 948/4197/4197 273/4198/4198 949/4199/4199 1496/4200/4200
f 1496/4201/4201 949/4202/4202 269/4203/4203 940/4204/4204
f 947/4205/4205 1496/4206/4206 940/4207/4207 268/4208/4208
f 273/4209/4209 950/4210/4210 1497/4211/4211 949/4212/4212
f 950/4213/4213 274/4214/4214 951/4215/4215 1497/4216/4216
f 1497/4217/4217 951/4218/4218 270/4219/4219 942/4220/4220
f 949/4221/4221 1497/4222/4222 942/4223/4223 269/4224/4224
f 274/4225/4225 952/4226/4226 1498/4227/4227 951/4228/4228
f 952/4229/4229 271/4230/4230 945/4231/4231 1498/4232/4232
f 1498/4233/4233 945/4234/4234 267/4235/4235 944/4236/4236
f 951/4237/4237 1498/4238/4238 944/4239/4239 270/4240/4240
f 275/4241/4241 954/4242/4242 1499/4243/4243 953/4244/4244
f 954/4245/4245 276/4246/4246 955/4247/4247 1499/4248/4248
f 1499/4249/4249 955/4250/4250 272/4251/4251 946/4252/4252
f 953/4253/4253 1499/4254/4254 946/4255/4255 271/4256/4256
f 276/4257/4257 956/4258/4258 1500/4259/4259 955/4260/4260
f 956/4261/4261 277/4262/4262 957/4263/4263 1500/4264/4264
f 1500/4265/4265 957/4266/4266 273/4267/4267 948/4268/4268
f 955/4269/4269 1500/4270/4270 948/4271/4271 272/4272/4272
f 277/4273/4273 958/4274/4274 1501/4275/4275 957/4276/4276
f 958/4277/4277 278/4278/4278 959/4279/4279 1501/4280/4280
f 1501/4281/4281 959/4282/4282 274/4283/4283 950/4284/4284
f 957/4285/4285 1501/4286/4286 950/4287/4287 273/4288/4288
f 278/4289/4289 960/4290/4290 1502/4291/4291 959/4292/4292
f 960/4293/4293 275/4294/4294 953/4295/4295 1502/4296/4296
f 1502/4297/4297 953/4298/4298 271/4299/4299 952/4300/4300
f 959/4301/4301 1502/4302/4302 952/4303/4303 274/4304/4304
f 279/4305/4305 962/4306/4306 1503/4307/4307 961/4308/4308
f 962/4309/4309 280/4310/4310 963/4311/4311 1503/4312/4312
f 1503/4313/4313 963/4314/4314 276/4315/4315 954/4316/4316
f 961/4317/4317 1503/4318/4318 954/4319/4319 275/4320/4320
f 280/4321/4321 964/4322/4322 1504/4323/4323 963/4324/4324
f 964/4325/4325 281/4326/4326 965/4327/4327 1504/4328/4328
f 1504/4329/4329 965/4330/4330 277/4331/4331 956/4332/4332
f 963/4333/4333 1504/4334/4334 956/4335/4335 276/4336/4336
f 281/4337/4337 966/4338/4338 1505/4339/4339 965/4340/4340
f 966/4341/4341 282/4342/4342 967/4343/4343 1505/4344/4344
f 1505/4345/4345 967/4346/4346 278/4347/4347 958/4348/4348
f 965/4349/4349 1505/4350/4350 958/4351/4351 277/4352/4352
f 282/4353/4353 968/4354/4354 1506/4355/4355 967/4356/4356
f 968/4357/4357 279/4358/4358 961/4359/4359 1506/4360/4360
f 1506/4361/4361 961/4362/4362 275/4363/4363 960/4364/4364
f 967/4365/4365 1506/4366/4366 960/4367/4367 278/4368/4368
f 283/4369/4369 970/4370/4370 1507/4371/4371 969/4372/4372
f 970/4373/4373 284/4374/4374 971/4375/4375 1507/4376/4376
f 1507/4377/4377 971/4378/4378 280/4379/4379 962/4380/4380
f 969/4381/4381 1507/4382/4382 962/4383/4383 279/4384/4384
f 284/4385/4385 972/4386/4386 1508/4387/4387 971/4388/4388
f 972/4389/4389 285/4390/4390 973/4391/4391 1508/4392/4392
f 1508/4393/4393 973/4394/4394 281/4395/4395 964/4396/4396
f 971/4397/4397 1508/4398/4398 964/4399/4399 280/4400/4400
f 285/4401/4401 974/4402/4402 1509/4403/4403 973/4404/4404
f 974/4405/4405 286/4406/4406 975/4407/4407 1509/4408/4408
f 1509/4409/4409 975/4410/4410 282/4411/4411 966/4412/4412
f 973/4413/4413 1509/4414/4414 966/4415/4415 281/4416/4416
f 286/4417/4417 976/4418/4418 1510/4419/4419 975/4420/4420
f 976/4421/4421 283/4422/4422 969/4423/4423 1510/4424/4424
f 1510/4425/4425 969/4426/4426 279/4427/4427 968/4428/4428
f 975/4429/4429 1510/4430/4430 968/4431/4431 282/4432/4432
f 287/4433/4433 978/4434/4434 1511/4435/4435 977/4436/4436
f 978/4437/4437 288/4438/4438 979/4439/4439 1511/4440/4440
f 1511/4441/4441 979/4442/4442 284/4443/4443 970/4444/4444
f 977/4445/4445 1511/4446/4446 970/4447/4447 283/4448/4448
f 288/4449/4449 980/4450/4450 1512/4451/4451 979/4452/4452
f 980/4453/4453 289/4454/4454 981/4455/4455 1512/4456/4456
f 1512/4457/4457 981/4458/4458 285/4459/4459 972/4460/4460
f 979/4461/4461 1512/4462/4462 972/4463/4463 284/4464/4464
f 289/4465/4465 982/4466/4466 1513/4467/4467 981/4468/4468
f 982/4469/4469 290/4470/4470 983/4471/4471 1513/4472/4472
f 1513/4473/4473 983/4474/4474 286/4475/4475 974/4476/4476
f 981/4477/4477 1513/4478/4478 974/4479/4479 285/4480/4480
f 290/4481/4481 984/4482/4482 1514/4483/4483 983/4484/4484
f 984/4485/4485 287/4486/4486 977/4487/4487 1514/4488/4488
f 1514/4489/4489 977/4490/4490 283/4491/4491 976/4492/4492
f 983/4493/4493 1514/4494/4494 976/4495/4495 286/4496/4496
f 291/4497/4497 986/4498/4498 1515/4499/4499 985/4500/4500
f 986/4501/4501 292/4502/4502 987/4503/4503 1515/4504/4504
f 1515/4505/4505 987/4506/4506 288/4507/4507 978/4508/4508
f 985/4509/4509 1515/4510/4510 978/4511/4511 287/4512/4512
f 292/4513/4513 988/4514/4514 1516/4515/4515 987/4516/4516
f 988/4517/4517 293/4518/4518 989/4519/4519 1516/4520/4520
f 1516/4521/4521 989/4522/4522 289/4523/4523 980/4524/4524
f 987/4525/4525 1516/4526/4526 980/4527/4527 288/4528/4528
f 293/4529/4529 990/4530/4530 1517/4531/4531 989/4532/4532
f 990/4533/4533 294/4534/4534 991/4535/4535 1517/4536/4536
f 1517/4537/4537 991/4538/4538 290/4539/4539 982/4540/4540
f 989/4541/4541 1517/4542/4542 982/4543/4543 289/4544/4544
f 294/4545/4545 992/4546/4546 1518/4547/4547 991/4548/4548
f 992/4549/4549 291/4550/4550 985/4551/4551 1518/4552/4552
f 1518/4553/4553 985/4554/4554 287/4555/4555 984/4556/4556
f 991/4557/4557 1518/4558/4558 984/4559/4559 290/4560/4560
f 295/4561/4561 994/4562/4562 1519/4563/4563 993/4564/4564
f 994/4565/4565 296/4566/4566 995/4567/4567 1519/4568/4568
f 1519/4569/4569 995/4570/4570 292/4571/4571 986/4572/4572
f 993/4573/4573 1519/4574/4574 986/4575/4575 291/4576/4576
f 296/4577/4577 996/4578/4578 1520/4579/4579 995/4580/4580
f 996/4581/4581 297/4582/4582 997/4583/4583 1520/4584/4584
f 1520/4585/4585 997/4586/4586 293/4587/4587 988/4588/4588
f 995/4589/4589 1520/4590/4590 988/4591/4591 292/4592/4592
f 297/4593/4593 998/4594/4594 1521/4595/4595 997/4596/4596
f 998/4597/4597 298/4598/4598 999/4599/4599 1521/4600/4600
f 1521/4601/4601 999/4602/4602 294/4603/4603 990/4604/4604
f 997/4605/4605 1521/4606/4606 990/4607/4607 293/4608/4608
f 298/4609/4609 1000/4610/4610 1522/4611/4611 999/4612/4612
f 1000/4613/4613 295/4614/4614 993/4615/4615 1522/4616/4616
f 1522/4617/4617 993/4618/4618 291/4619/4619 992/4620/4620
f 999/4621/4621 1522/4622/4622 992/4623/4623 294/4624/4624
f 299/4625/4625 1002/4626/4626 1523/4627/4627 1001/4628/4628
f 1002/4629/4629 300/4630/4630 1003/4631/4631 1523/4632/4632
f 1523/4633/4633 1003/4634/4634 296/4635/4635 994/4636/4636
f 1001/4637/4637 1523/4638/4638 994/4639/4639 295/4640/4640
f 300/4641/4641 1004/4642/4642 1524/4643/4643 1003/4644/4644
f 1004/4645/4645 301/4646/4646 1005/4647/4647 1524/4648/4648
f 1524/4649/4649 1005/4650/4650 297/4651/4651 996/4652/4652
f 1003/4653/4653 1524/4654/4654 996/4655/4655 296/4656/4656
f 301/4657/4657 1006/4658/4658 1525/4659/4659 1005/4660/4660
f 1006/4661/4661 302/4662/4662 1007/4663/4663 1525/4664/4664
f 1525/4665/4665 1007/4666/4666 298/4667/4667 998/4668/4668
f 1005/4669/4669 1525/4670/4670 998/4671/4671 297/4672/4672
f 302/4673/4673 1008/4674/4674 1526/4675/4675 1007/4676/4676
f 1008/4677/4677 299/4678/4678 1001/4679/4679 1526/4680/4680
f 1526/4681/4681 1001/4682/4682 295/4683/4683 1000/4684/4684
f 1007/4685/4685 1526/4686/4686 1000/4687/4687 298/4688/4688
f 303/4689/4689 1010/4690/4690 1527/4691/4691 1009/4692/4692
f 1010/4693/4693 304/4694/4694 1011/4695/4695 1527/4696/4696
f 1527/4697/4697 1011/4698/4698 300/4699/4699 1002/4700/4700
f 1009/4701/4701 1527/4702/4702 1002/4703/4703 299/4704/4704
f 304/4705/4705 1012/4706/4706 1528/4707/4707 1011/4708/4708
f 1012/4709/4709 305/4710/4710 1013/4711/4711 1528/4712/4712
f 1528/4713/4713 1013/4714/4714 301/4715/4715 1004/4716/4716
f 1011/4717/4717 1528/4718/4718 1004/4719/4719 300/4720/4720
f 305/4721/4721 1014/4722/4722 1529/4723/4723 1013/4724/4724
f 1014/4725/4725 306/4726/4726 1015/4727/4727 1529/4728/4728
f 1529/4729/4729 1015/4730/4730 302/4731/4731 1006/4732/4732
f 1013/4733/4733 1529/4734/4734 1006/4735/4735 301/4736/4736
f 306/4737/4737 1016/4738/4738 1530/4739/4739 1015/4740/4740
f 1016/4741/4741 303/4742/4742 1009/4743/4743 1530/4744/4744
f 1530/4745/4745 1009/4746/4746 299/4747/4747 1008/4748/4748
f 1015/4749/4749 1530/4750/4750 1008/4751/4751 302/4752/4752
f 307/4753/4753 1018/4754/4754 1531/4755/4755 1017/4756/4756
f 1018/4757/4757 308/4758/4758 1019/4759/4759 1531/4760/4760
f 1531/4761/4761 1019/4762/4762 304/4763/4763 1010/4764/4764
f 1017/4765/4765 1531/4766/4766 1010/4767/4767 303/4768/4768
f 308/4769/4769 1020/4770/4770 1532/4771/4771 1019/4772/4772
f 1020/4773/4773 309/4774/4774 1021/4775/4775 1532/4776/4776
f 1532/4777/4777 1021/4778/4778 305/4779/4779 1012/4780/4780
f 1019/4781/4781 1532/4782/4782 1012/4783/4783 304/4784/4784
f 309/4785/4785 1022/4786/4786 1533/4787/4787 1021/4788/4788
f 1022/4789/4789 310/4790/4790 1023/4791/4791 1533/4792/4792
f 1533/4793/4793 1023/4794/4794 306/4795/4795 1014/4796/4796
f 1021/4797/4797 1533/4798/4798 1014/4799/4799 305/4800/4800
f 310/4801/4801 1024/4802/4802 1534/4803/4803 1023/4804/4804
f 1024/4805/4805 307/4806/4806 1017/4807/4807 1534/4808/4808
f 1534/4809/4809 1017/4810/4810 303/4811/4811 1016/4812/4812
f 1023/4813/4813 1534/4814/4814 1016/4815/4815 306/4816/4816
f 311/4817/4817 1026/4818/4818 1535/4819/4819 1025/4820/4820
f 1026/4821/4821 312/4822/4822 1027/4823/4823 1535/4824/4824
f 1535/4825/4825 1027/4826/4826 308/4827/4827 1018/4828/4828
f 1025/4829/4829 1535/4830/4830 1018/4831/4831 307/4832/4832
f 312/4833/4833 1028/4834/4834 1536/4835/4835 1027/4836/4836
f 1028/4837/4837 313/4838/4838 1029/4839/4839 1536/4840/4840
f 1536/4841/4841 1029/4842/4842 309/4843/4843 1020/4844/4844
f 1027/4845/4845 1536/4846/4846 1020/4847/4847 308/4848/4848
f 313/4849/4849 1030/4850/4850 1537/4851/4851 1029/4852/4852
f 1030/4853/4853 314/4854/4854 1031/4855/4855 1537/4856/4856
f 1537/4857/4857 1031/4858/4858 310/4859/4859 1022/4860/4860
f 1029/4861/4861 1537/4862/4862 1022/4863/4863 309/4864/4864
f 314/4865/4865 1032/4866/4866 1538/4867/4867 1031/4868/4868
f 1032/4869/4869 311/4870/4870 1025/4871/4871 1538/4872/4872
f 1538/4873/4873 1025/4874/4874 307/4875/4875 1024/4876/4876
f 1031/4877/4877 1538/4878/4878 1024/4879/4879 310/4880/4880
f 37/4881/4881 460/4882/4882 1539/4883/4883 1033/4884/4884
f 460/4885/4885 38/4886/4886 1034/4887/4887 1539/4888/4888
f 1539/4889/4889 1034/4890/4890 312/4891/4891 1026/4892/4892
f 1033/4893/4893 1539/4894/4894 1026/4895/4895 311/4896/4896
f 38/4897/4897 459/4898/4898 1540/4899/4899 1034/4900/4900
f 459/4901/4901 39/4902/4902 1035/4903/4903 1540/4904/4904
f 1540/4905/4905 1035/4906/4906 313/4907/4907 1028/4908/4908
f 1034/4909/4909 1540/4910/4910 1028/4911/4911 312/4912/4912
f 39/4913/4913 458/4914/4914 1541/4915/4915 1035/4916/4916
f 458/4917/4917 40/4918/4918 1036/4919/4919 1541/4920/4920
f 1541/4921/4921 1036/4922/4922 314/4923/4923 1030/4924/4924
f 1035/4925/4925 1541/4926/4926 1030/4927/4927 313/4928/4928
f 40/4929/4929 457/4930/4930 1542/4931/4931 1036/4932/4932
f 457/4933/4933 37/4934/4934 1033/4935/4935 1542/4936/4936
f 1542/4937/4937 1033/4938/4938 311/4939/4939 1032/4940/4940
f 1036/4941/4941 1542/4942/4942 1032/4943/4943 314/4944/4944
f 315/4945/4945 1038/4946/4946 1543/4947/4947 1037/4948/4948
f 1038/4949/4949 316/4950/4950 1039/4951/4951 1543/4952/4952
f 1543/4953/4953 1039/4954/4954 41/4955/4955 449/4956/4956
f 1037/4957/4957 1543/4958/4958 449/4959/4959 193/4960/4960
f 316/4961/4961 1040/4962/4962 1544/4963/4963 1039/4964/4964
f 1040/4965/4965 317/4966/4966 1041/4967/4967 1544/4968/4968
f 1544/4969/4969 1041/4970/4970 42/4971/4971 440/4972/4972
f 1039/4973/4973 1544/4974/4974 440/4975/4975 41/4976/4976
f 317/4977/4977 1042/4978/4978 1545/4979/4979 1041/4980/4980
f 1042/4981/4981 318/4982/4982 1043/4983/4983 1545/4984/4984
f 1545/4985/4985 1043/4986/4986 43/4987/4987 443/4988/4988
f 1041/4989/4989 1545/4990/4990 443/4991/4991 42/4992/4992
f 318/4993/4993 1044/4994/4994 1546/4995/4995 1043/4996/4996
f 1044/4997/4997 315/4998/4998 1037/4999/4999 1546/5000/5000
f 1546/5001/5001 1037/5002/5002 193/5003/5003 447/5004/5004
f 1043/5005/5005 1546/5006/5006 447/5007/5007 43/5008/5008
f 319/5009/5009 1046/5010/5010 1547/5011/5011 1045/5012/5012
f 1046/5013/5013 320/5014/5014 1047/5015/5015 1547/5016/5016
f 1547/5017/5017 1047/5018/5018 316/5019/5019 1038/5020/5020
f 1045/5021/5021 1547/5022/5022 1038/5023/5023 315/5024/5024
f 320/5025/5025 1048/5026/5026 1548/5027/5027 1047/5028/5028
f 1048/5029/5029 321/5030/5030 1049/5031/5031 1548/5032/5032
f 1548/5033/5033 1049/5034/5034 317/5035/5035 1040/5036/5036
f 1047/5037/5037 1548/5038/5038 1040/5039/5039 316/5040/5040
f 321/5041/5041 1050/5042/5042 1549/5043/5043 1049/5044/5044
f 1050/5045/5045 322/5046/5046 1051/5047/5047 1549/5048/5048
f 1549/5049/5049 1051/5050/5050 318/5051/5051 1042/5052/5052
f 1049/5053/5053 1549/5054/5054 1042/5055/5055 317/5056/5056
f 322/5057/5057 1052/5058/5058 1550/5059/5059 1051/5060/5060
f 1052/5061/5061 319/5062/5062 1045/5063/5063 1550/5064/5064
f 1550/5065/5065 1045/5066/5066 315/5067/5067 1044/5068/5068
f 1051/5069/5069 1550/5070/5070 1044/5071/5071 318/5072/5072
f 323/5073/5073 1054/5074/5074 1551/5075/5075 1053/5076/5076
f 1054/5077/5077 324/5078/5078 1055/5079/5079 1551/5080/5080
f 1551/5081/5081 1055/5082/5082 320/5083/5083 1046/5084/5084
f 1053/5085/5085 1551/5086/5086 1046/5087/5087 319/5088/5088
f 324/5089/5089 1056/5090/5090 1552/5091/5091 1055/5092/5092
f 1056/5093/5093 325/5094/5094 1057/5095/5095 1552/5096/5096
f 1552/5097/5097 1057/5098/5098 321/5099/5099 1048/5100/5100
f 1055/5101/5101 1552/5102/5102 1048/5103/5103 320/5104/5104
f 325/5105/5105 1058/5106/5106 1553/5107/5107 1057/5108/5108
f 1058/5109/5109 326/5110/5110 1059/5111/5111 1553/5112/5112
f 1553/5113/5113 1059/5114/5114 322/5115/5115 1050/5116/5116
f 1057/5117/5117 1553/5118/5118 1050/5119/5119 321/5120/5120
f 326/5121/5121 1060/5122/5122 1554/5123/5123 1059/5124/5124
f 1060/5125/5125 323/5126/5126 1053/5127/5127 1554/5128/5128
f 1554/5129/5129 1053/5130/5130 319/5131/5131 1052/5132/5132
f 1059/5133/5133 1554/5134/5134 1052/5135/5135 322/5136/5136
f 327/5137/5137 1062/5138/5138 1555/5139/5139 1061/5140/5140
f 1062/5141/5141 328/5142/5142 1063/5143/5143 1555/5144/5144
f 1555/5145/5145 1063/5146/5146 324/5147/5147 1054/5148/5148
f 1061/5149/5149 1555/5150/5150 1054/5151/5151 323/5152/5152
f 328/5153/5153 1064/5154/5154 1556/5155/5155 1063/5156/5156
f 1064/5157/5157 329/5158/5158 1065/5159/5159 1556/5160/5160
f 1556/5161/5161 1065/5162/5162 325/5163/5163 1056/5164/5164
f 1063/5165/5165 1556/5166/5166 1056/5167/5167 324/5168/5168
f 329/5169/5169 1066/5170/5170 1557/5171/5171 1065/5172/5172
f 1066/5173/5173 330/5174/5174 1067/5175/5175 1557/5176/5176
f 1557/5177/5177 1067/5178/5178 326/5179/5179 1058/5180/5180
f 1065/5181/5181 1557/5182/5182 1058/5183/5183 325/5184/5184
f 330/5185/5185 1068/5186/5186 1558/5187/5187 1067/5188/5188
f 1068/5189/5189 327/5190/5190 1061/5191/5191 1558/5192/5192
f 1558/5193/5193 1061/5194/5194 323/5195/5195 1060/5196/5196
f 1067/5197/5197 1558/5198/5198 1060/5199/5199 326/5200/5200
f 331/5201/5201 1070/5202/5202 1559/5203/5203 1069/5204/5204
f 1070/5205/5205 332/5206/5206 1071/5207/5207 1559/5208/5208
f 1559/5209/5209 1071/5210/5210 328/5211/5211 1062/5212/5212
f 1069/5213/5213 1559/5214/5214 1062/5215/5215 327/5216/5216
f 332/5217/5217 1072/5218/5218 1560/5219/5219 1071/5220/5220
f 1072/5221/5221 333/5222/5222 1073/5223/5223 1560/5224/5224
f 1560/5225/5225 1073/5226/5226 329/5227/5227 1064/5228/5228
f 1071/5229/5229 1560/5230/5230 1064/5231/5231 328/5232/5232
f 333/5233/5233 1074/5234/5234 1561/5235/5235 1073/5236/5236
f 1074/5237/5237 334/5238/5238 1075/5239/5239 1561/5240/5240
f 1561/5241/5241 1075/5242/5242 330/5243/5243 1066/5244/5244
f 1073/5245/5245 1561/5246/5246 1066/5247/5247 329/5248/5248
f 334/5249/5249 1076/5250/5250 1562/5251/5251 1075/5252/5252
f 1076/5253/5253 331/5254/5254 1069/5255/5255 1562/5256/5256
f 1562/5257/5257 1069/5258/5258 327/5259/5259 1068/5260/5260
f 1075/5261/5261 1562/5262/5262 1068/5263/5263 330/5264/5264
f 335/5265/5265 1078/5266/5266 1563/5267/5267 1077/5268/5268
f 1078/5269/5269 336/5270/5270 1079/5271/5271 1563/5272/5272
f 1563/5273/5273 1079/5274/5274 332/5275/5275 1070/5276/5276
f 1077/5277/5277 1563/5278/5278 1070/5279/5279 331/5280/5280
f 336/5281/5281 1080/5282/5282 1564/5283/5283 1079/5284/5284
f 1080/5285/5285 337/5286/5286 1081/5287/5287 1564/5288/5288
f 1564/5289/5289 1081/5290/5290 333/5291/5291 1072/5292/5292
f 1079/5293/5293 1564/5294/5294 1072/5295/5295 332/5296/5296
f 337/5297/5297 1082/5298/5298 1565/5299/5299 1081/5300/5300
f 1082/5301/5301 338/5302/5302 1083/5303/5303 1565/5304/5304
f 1565/5305/5305 1083/5306/5306 334/5307/5307 1074/5308/5308
f 1081/5309/5309 1565/5310/5310 1074/5311/5311 333/5312/5312
f 338/5313/5313 1084/5314/5314 1566/5315/5315 1083/5316/5316
f 1084/5317/5317 335/5318/5318 1077/5319/5319 1566/5320/5320
f 1566/5321/5321 1077/5322/5322 331/5323/5323 1076/5324/5324
f 1083/5325/5325 1566/5326/5326 1076/5327/5327 334/5328/5328
f 339/5329/5329 1086/5330/5330 1567/5331/5331 1085/5332/5332
f 1086/5333/5333 340/5334/5334 1087/5335/5335 1567/5336/5336
f 1567/5337/5337 1087/5338/5338 336/5339/5339 1078/5340/5340
f 1085/5341/5341 1567/5342/5342 1078/5343/5343 335/5344/5344
f 340/5345/5345 1088/5346/5346 1568/5347/5347 1087/5348/5348
f 1088/5349/5349 341/5350/5350 1089/5351/5351 1568/5352/5352
f 1568/5353/5353 1089/5354/5354 337/5355/5355 1080/5356/5356
f 1087/5357/5357 1568/5358/5358 1080/5359/5359 336/5360/5360
f 341/5361/5361 1090/5362/5362 1569/5363/5363 1089/5364/5364
f 1090/5365/5365 342/5366/5366 1091/5367/5367 1569/5368/5368
f 1569/5369/5369 1091/5370/5370 338/5371/5371 1082/5372/5372
f 1089/5373/5373 1569/5374/5374 1082/5375/5375 337/5376/5376
f 342/5377/5377 1092/5378/5378 1570/5379/5379 1091/5380/5380
f 1092/5381/5381 339/5382/5382 1085/5383/5383 1570/5384/5384
f 1570/5385/5385 1085/5386/5386 335/5387/5387 1084/5388/5388
f 1091/5389/5389 1570/5390/5390 1084/5391/5391 338/5392/5392
f 343/5393/5393 1094/5394/5394 1571/5395/5395 1093/5396/5396
f 1094/5397/5397 344/5398/5398 1095/5399/5399 1571/5400/5400
f 1571/5401/5401 1095/5402/5402 340/5403/5403 1086/5404/5404
f 1093/5405/5405 1571/5406/5406 1086/5407/5407 339/5408/5408
f 344/5409/5409 1096/5410/5410 1572/5411/5411 1095/5412/5412
f 1096/5413/5413 345/5414/5414 1097/5415/5415 1572/5416/5416
f 1572/5417/5417 1097/5418/5418 341/5419/5419 1088/5420/5420
f 1095/5421/5421 1572/5422/5422 1088/5423/5423 340/5424/5424
f 345/5425/5425 1098/5426/5426 1573/5427/5427 1097/5428/5428
f 1098/5429/5429 346/5430/5430 1099/5431/5431 1573/5432/5432
f 1573/5433/5433 1099/5434/5434 342/5435/5435 1090/5436/5436
f 1097/5437/5437 1573/5438/5438 1090/5439/5439 341/5440/5440
f 346/5441/5441 1100/5442/5442 1574/5443/5443 1099/5444/5444
f 1100/5445/5445 343/5446/5446 1093/5447/5447 1574/5448/5448
f 1574/5449/5449 1093/5450/5450 339/5451/5451 1092/5452/5452
f 1099/5453/5453 1574/5454/5454 1092/5455/5455 342/5456/5456
f 347/5457/5457 1102/5458/5458 1575/5459/5459 1101/5460/5460
f 1102/5461/5461 348/5462/5462 1103/5463/5463 1575/5464/5464
f 1575/5465/5465 1103/5466/5466 344/5467/5467 1094/5468/5468
f 1101/5469/5469 1575/5470/5470 1094/5471/5471 343/5472/5472
f 348/5473/5473 1104/5474/5474 1576/5475/5475 1103/5476/5476
f 1104/5477/5477 349/5478/5478 1105/5479/5479 1576/5480/5480
f 1576/5481/5481 1105/5482/5482 345/5483/5483 1096/5484/5484
f 1103/5485/5485 1576/5486/5486 1096/5487/5487 344/5488/5488
f 349/5489/5489 1106/5490/5490 1577/5491/5491 1105/5492/5492
f 1106/5493/5493 350/5494/5494 1107/5495/5495 1577/5496/5496
f 1577/5497/5497 1107/5498/5498 346/5499/5499 1098/5500/5500
f 1105/5501/5501 1577/5502/5502 1098/5503/5503 345/5504/5504
f 350/5505/5505 1108/5506/5506 1578/5507/5507 1107/5508/5508
f 1108/5509/5509 347/5510/5510 1101/5511/5511 1578/5512/5512
f 1578/5513/5513 1101/5514/5514 343/5515/5515 1100/5516/5516
f 1107/5517/5517 1578/5518/5518 1100/5519/5519 346/5520/5520
f 44/5521/5521 1110/5522/5522 1579/5523/5523 1109/5524/5524
f 1110/5525/5525 45/5526/5526 1111/5527/5527 1579/5528/5528
f 1579/5529/5529 1111/5530/5530 348/5531/5531 1102/5532/5532
f 1109/5533/5533 1579/5534/5534 1102/5535/5535 347/5536/5536
f 45/5537/5537 1112/5538/5538 1580/5539/5539 1111/5540/5540
f 1112/5541/5541 46/5542/5542 1113/5543/5543 1580/5544/5544
f 1580/5545/5545 1113/5546/5546 349/5547/5547 1104/5548/5548
f 1111/5549/5549 1580/5550/5550 1104/5551/5551 348/5552/5552
f 46/5553/5553 1114/5554/5554 1581/5555/5555 1113/5556/5556
f 1114/5557/5557 47/5558/5558 1115/5559/5559 1581/5560/5560
f 1581/5561/5561 1115/5562/5562 350/5563/5563 1106/5564/5564
f 1113/5565/5565 1581/5566/5566 1106/5567/5567 349/5568/5568
f 47/5569/5569 1116/5570/5570 1582/5571/5571 1115/5572/5572
f 1116/5573/5573 44/5574/5574 1109/5575/5575 1582/5576/5576
f 1582/5577/5577 1109/5578/5578 347/5579/5579 1108/5580/5580
f 1115/5581/5581 1582/5582/5582 1108/5583/5583 350/5584/5584
f 351/5585/5585 1118/5586/5586 1583/5587/5587 1117/5588/5588
f 1118/5589/5589 352/5590/5590 1119/5591/5591 1583/5592/5592
f 1583/5593/5593 1119/5594/5594 45/5595/5595 1110/5596/5596
f 1117/5597/5597 1583/5598/5598 1110/5599/5599 44/5600/5600
f 352/5601/5601 1120/5602/5602 1584/5603/5603 1119/5604/5604
f 1120/5605/5605 353/5606/5606 1121/5607/5607 1584/5608/5608
f 1584/5609/5609 1121/5610/5610 46/5611/5611 1112/5612/5612
f 1119/5613/5613 1584/5614/5614 1112/5615/5615 45/5616/5616
f 353/5617/5617 1122/5618/5618 1585/5619/5619 1121/5620/5620
f 1122/5621/5621 354/5622/5622 1123/5623/5623 1585/5624/5624
f 1585/5625/5625 1123/5626/5626 47/5627/5627 1114/5628/5628
f 1121/5629/5629 1585/5630/5630 1114/5631/5631 46/5632/5632
f 354/5633/5633 1124/5634/5634 1586/5635/5635 1123/5636/5636
f 1124/5637/5637 351/5638/5638 1117/5639/5639 1586/5640/5640
f 1586/5641/5641 1117/5642/5642 44/5643/5643 1116/5644/5644
f 1123/5645/5645 1586/5646/5646 1116/5647/5647 47/5648/5648
f 355/5649/5649 1126/5650/5650 1587/5651/5651 1125/5652/5652
f 1126/5653/5653 356/5654/5654 1127/5655/5655 1587/5656/5656
f 1587/5657/5657 1127/5658/5658 352/5659/5659 1118/5660/5660
f 1125/5661/5661 1587/5662/5662 1118/5663/5663 351/5664/5664
f 356/5665/5665 1128/5666/5666 1588/5667/5667 1127/5668/5668
f 1128/5669/5669 357/5670/5670 1129/5671/5671 1588/5672/5672
f 1588/5673/5673 1129/5674/5674 353/5675/5675 1120/5676/5676
f 1127/5677/5677 1588/5678/5678 1120/5679/5679 352/5680/5680
f 357/5681/5681 1130/5682/5682 1589/5683/5683 1129/5684/5684
f 1130/5685/5685 358/5686/5686 1131/5687/5687 1589/5688/5688
f 1589/5689/5689 1131/5690/5690 354/5691/5691 1122/5692/5692
f 1129/5693/5693 1589/5694/5694 1122/5695/5695 353/5696/5696
f 358/5697/5697 1132/5698/5698 1590/5699/5699 1131/5700/5700
f 1132/5701/5701 355/5702/5702 1125/5703/5703 1590/5704/5704
f 1590/5705/5705 1125/5706/5706 351/5707/5707 1124/5708/5708
f 1131/5709/5709 1590/5710/5710 1124/5711/5711 354/5712/5712
f 359/5713/5713 1134/5714/5714 1591/5715/5715 1133/5716/5716
f 1134/5717/5717 360/5718/5718 1135/5719/5719 1591/5720/5720
f 1591/5721/5721 1135/5722/5722 356/5723/5723 1126/5724/5724
f 1133/5725/5725 1591/5726/5726 1126/5727/5727 355/5728/5728
f 360/5729/5729 1136/5730/5730 1592/5731/5731 1135/5732/5732
f 1136/5733/5733 361/5734/5734 1137/5735/5735 1592/5736/5736
f 1592/5737/5737 1137/5738/5738 357/5739/5739 1128/5740/5740
f 1135/5741/5741 1592/5742/5742 1128/5743/5743 356/5744/5744
f 361/5745/5745 1138/5746/5746 1593/5747/5747 1137/5748/5748
f 1138/5749/5749 362/5750/5750 1139/5751/5751 1593/5752/5752
f 1593/5753/5753 1139/5754/5754 358/5755/5755 1130/5756/5756
f 1137/5757/5757 1593/5758/5758 1130/5759/5759 357/5760/5760
f 362/5761/5761 1140/5762/5762 1594/5763/5763 1139/5764/5764
f 1140/5765/5765 359/5766/5766 1133/5767/5767 1594/5768/5768
f 1594/5769/5769 1133/5770/5770 355/5771/5771 1132/5772/5772
f 1139/5773/5773 1594/5774/5774 1132/5775/5775 358/5776/5776
f 363/5777/5777 1142/5778/5778 1595/5779/5779 1141/5780/5780
f 1142/5781/5781 364/5782/5782 1143/5783/5783 1595/5784/5784
f 1595/5785/5785 1143/5786/5786 360/5787/5787 1134/5788/5788
f 1141/5789/5789 1595/5790/5790 1134/5791/5791 359/5792/5792
f 364/5793/5793 1144/5794/5794 1596/5795/5795 1143/5796/5796
f 1144/5797/5797 365/5798/5798 1145/5799/5799 1596/5800/5800
f 1596/5801/5801 1145/5802/5802 361/5803/5803 1136/5804/5804
f 1143/5805/5805 1596/5806/5806 1136/5807/5807 360/5808/5808
f 365/5809/5809 1146/5810/5810 1597/5811/5811 1145/5812/5812
f 1146/5813/5813 366/5814/5814 1147/5815/5815 1597/5816/5816
f 1597/5817/5817 1147/5818/5818 362/5819/5819 1138/5820/5820
f 1145/5821/5821 1597/5822/5822 1138/5823/5823 361/5824/5824
f 366/5825/5825 1148/5826/5826 1598/5827/5827 1147/5828/5828
f 1148/5829/5829 363/5830/5830 1141/5831/5831 1598/5832/5832
f 1598/5833/5833 1141/5834/5834 359/5835/5835 1140/5836/5836
f 1147/5837/5837 1598/5838/5838 1140/5839/5839 362/5840/5840
f 367/5841/5841 1150/5842/5842 1599/5843/5843 1149/5844/5844
f 1150/5845/5845 368/5846/5846 1151/5847/5847 1599/5848/5848
f 1599/5849/5849 1151/5850/5850 364/5851/5851 1142/5852/5852
f 1149/5853/5853 1599/5854/5854 1142/5855/5855 363/5856/5856
f 368/5857/5857 1152/5858/5858 1600/5859/5859 1151/5860/5860
f 1152/5861/5861 369/5862/5862 1153/5863/5863 1600/5864/5864
f 1600/5865/5865 1153/5866/5866 365/5867/5867 1144/5868/5868
f 1151/5869/5869 1600/5870/5870 1144/5871/5871 364/5872/5872
f 369/5873/5873 1154/5874/5874 1601/5875/5875 1153/5876/5876
f 1154/5877/5877 370/5878/5878 1155/5879/5879 1601/5880/5880
f 1601/5881/5881 1155/5882/5882 366/5883/5883 1146/5884/5884
f 1153/5885/5885 1601/5886/5886 1146/5887/5887 365/5888/5888
f 370/5889/5889 1156/5890/5890 1602/5891/5891 1155/5892/5892
f 1156/5893/5893 367/5894/5894 1149/5895/5895 1602/5896/5896
f 1602/5897/5897 1149/5898/5898 363/5899/5899 1148/5900/5900
f 1155/5901/5901 1602/5902/5902 1148/5903/5903 366/5904/5904
f 371/5905/5905 1158/5906/5906 1603/5907/5907 1157/5908/5908
f 1158/5909/5909 372/5910/5910 1159/5911/5911 1603/5912/5912
f 1603/5913/5913 1159/5914/5914 368/5915/5915 1150/5916/5916
f 1157/5917/5917 1603/5918/5918 1150/5919/5919 367/5920/5920
f 372/5921/5921 1160/5922/5922 1604/5923/5923 1159/5924/5924
f 1160/5925/5925 373/5926/5926 1161/5927/5927 1604/5928/5928
f 1604/5929/5929 1161/5930/5930 369/5931/5931 1152/5932/5932
f 1159/5933/5933 1604/5934/5934 1152/5935/5935 368/5936/5936
f 373/5937/5937 1162/5938/5938 1605/5939/5939 1161/5940/5940
f 1162/5941/5941 374/5942/5942 1163/5943/5943 1605/5944/5944
f 1605/5945/5945 1163/5946/5946 370/5947/5947 1154/5948/5948
f 1161/5949/5949 1605/5950/5950 1154/5951/5951 369/5952/5952
f 374/5953/5953 1164/5954/5954 1606/5955/5955 1163/5956/5956
f 1164/5957/5957 371/5958/5958 1157/5959/5959 1606/5960/5960
f 1606/5961/5961 1157/5962/5962 367/5963/5963 1156/5964/5964
f 1163/5965/5965 1606/5966/5966 1156/5967/5967 370/5968/5968
f 375/5969/5969 1166/5970/5970 1607/5971/5971 1165/5972/5972
f 1166/5973/5973 376/5974/5974 1167/5975/5975 1607/5976/5976
f 1607/5977/5977 1167/5978/5978 372/5979/5979 1158/5980/5980
f 1165/5981/5981 1607/5982/5982 1158/5983/5983 371/5984/5984
f 376/5985/5985 1168/5986/5986 1608/5987/5987 1167/5988/5988
f 1168/5989/5989 377/5990/5990 1169/5991/5991 1608/5992/5992
f 1608/5993/5993 1169/5994/5994 373/5995/5995 1160/5996/5996
f 1167/5997/5997 1608/5998/5998 1160/5999/5999 372/6000/6000
f 377/6001/6001 1170/6002/6002 1609/6003/6003 1169/6004/6004
f 1170/6005/6005 378/6006/6006 1171/6007/6007 1609/6008/6008
f 1609/6009/6009 1171/6010/6010 374/6011/6011 1162/6012/6012
f 1169/6013/6013 1609/6014/6014 1162/6015/6015 373/6016/6016
f 378/6017/6017 1172/6018/6018 1610/6019/6019 1171/6020/6020
f 1172/6021/6021 375/6022/6022 1165/6023/6023 1610/6024/6024
f 1610/6025/6025 1165/6026/6026 371/6027/6027 1164/6028/6028
f 1171/6029/6029 1610/6030/6030 1164/6031/6031 374/6032/6032
f 379/6033/6033 1174/6034/6034 1611/6035/6035 1173/6036/6036
f 1174/6037/6037 380/6038/6038 1175/6039/6039 1611/6040/6040
f 1611/6041/6041 1175/6042/6042 376/6043/6043 1166/6044/6044
f 1173/6045/6045 1611/6046/6046 1166/6047/6047 375/6048/6048
f 380/6049/6049 1176/6050/6050 1612/6051/6051 1175/6052/6052
f 1176/6053/6053 381/6054/6054 1177/6055/6055 1612/6056/6056
f 1612/6057/6057 1177/6058/6058 377/6059/6059 1168/6060/6060
f 1175/6061/6061 1612/6062/6062 1168/6063/6063 376/6064/6064
f 381/6065/6065 1178/6066/6066 1613/6067/6067 1177/6068/6068
f 1178/6069/6069 382/6070/6070 1179/6071/6071 1613/6072/6072
f 1613/6073/6073 1179/6074/6074 378/6075/6075 1170/6076/6076
f 1177/6077/6077 1613/6078/6078 1170/6079/6079 377/6080/6080
f 382/6081/6081 1180/6082/6082 1614/6083/6083 1179/6084/6084
f 1180/6085/6085 379/6086/6086 1173/6087/6087 1614/6088/6088
f 1614/6089/6089 1173/6090/6090 375/6091/6091 1172/6092/6092
f 1179/6093/6093 1614/6094/6094 1172/6095/6095 378/6096/6096
f 383/6097/6097 1182/6098/6098 1615/6099/6099 1181/6100/6100
f 1182/6101/6101 384/6102/6102 1183/6103/6103 1615/6104/6104
f 1615/6105/6105 1183/6106/6106 380/6107/6107 1174/6108/6108
f 1181/6109/6109 1615/6110/6110 1174/6111/6111 379/6112/6112
f 384/6113/6113 1184/6114/6114 1616/6115/6115 1183/6116/6116
f 1184/6117/6117 385/6118/6118 1185/6119/6119 1616/6120/6120
f 1616/6121/6121 1185/6122/6122 381/6123/6123 1176/6124/6124
f 1183/6125/6125 1616/6126/6126 1176/6127/6127 380/6128/6128
f 385/6129/6129 1186/6130/6130 1617/6131/6131 1185/6132/6132
f 1186/6133/6133 386/6134/6134 1187/6135/6135 1617/6136/6136
f 1617/6137/6137 1187/6138/6138 382/6139/6139 1178/6140/6140
f 1185/6141/6141 1617/6142/6142 1178/6143/6143 381/6144/6144
f 386/6145/6145 1188/6146/6146 1618/6147/6147 1187/6148/6148
f 1188/6149/6149 383/6150/6150 1181/6151/6151 1618/6152/6152
f 1618/6153/6153 1181/6154/6154 379/6155/6155 1180/6156/6156
f 1187/6157/6157 1618/6158/6158 1180/6159/6159 382/6160/6160
f 387/6161/6161 1190/6162/6162 1619/6163/6163 1189/6164/6164
f 1190/6165/6165 388/6166/6166 1191/6167/6167 1619/6168/6168
f 1619/6169/6169 1191/6170/6170 384/6171/6171 1182/6172/6172
f 1189/6173/6173 1619/6174/6174 1182/6175/6175 383/6176/6176
f 388/6177/6177 1192/6178/6178 1620/6179/6179 1191/6180/6180
f 1192/6181/6181 389/6182/6182 1193/6183/6183 1620/6184/6184
f 1620/6185/6185 1193/6186/6186 385/6187/6187 1184/6188/6188
f 1191/6189/6189 1620/6190/6190 1184/6191/6191 384/6192/6192
f 389/6193/6193 1194/6194/6194 1621/6195/6195 1193/6196/6196
f 1194/6197/6197 390/6198/6198 1195/6199/6199 1621/6200/6200
f 1621/6201/6201 1195/6202/6202 386/6203/6203 1186/6204/6204
f 1193/6205/6205 1621/6206/6206 1186/6207/6207 385/6208/6208
f 390/6209/6209 1196/6210/6210 1622/6211/6211 1195/6212/6212
f 1196/6213/6213 387/6214/6214 1189/6215/6215 1622/6216/6216
f 1622/6217/6217 1189/6218/6218 383/6219/6219 1188/6220/6220
f 1195/6221/6221 1622/6222/6222 1188/6223/6223 386/6224/6224
f 391/6225/6225 1198/6226/6226 1623/6227/6227 1197/6228/6228
f 1198/6229/6229 392/6230/6230 1199/6231/6231 1623/6232/6232
f 1623/6233/6233 1199/6234/6234 388/6235/6235 1190/6236/6236
f 1197/6237/6237 1623/6238/6238 1190/6239/6239 387/6240/6240
f 392/6241/6241 1200/6242/6242 1624/6243/6243 1199/6244/6244
f 1200/6245/6245 393/6246/6246 1201/6247/6247 1624/6248/6248
f 1624/6249/6249 1201/6250/6250 389/6251/6251 1192/6252/6252
f 1199/6253/6253 1624/6254/6254 1192/6255/6255 388/6256/6256
f 393/6257/6257 1202/6258/6258 1625/6259/6259 1201/6260/6260
f 1202/6261/6261 394/6262/6262 1203/6263/6263 1625/6264/6264
f 1625/6265/6265 1203/6266/6266 390/6267/6267 1194/6268/6268
f 1201/6269/6269 1625/6270/6270 1194/6271/6271 389/6272/6272
f 394/6273/6273 1204/6274/6274 1626/6275/6275 1203/6276/6276
f 1204/6277/6277 391/6278/6278 1197/6279/6279 1626/6280/6280
f 1626/6281/6281 1197/6282/6282 387/6283/6283 1196/6284/6284
f 1203/6285/6285 1626/6286/6286 1196/6287/6287 390/6288/6288
f 395/6289/6289 1206/6290/6290 1627/6291/6291 1205/6292/6292
f 1206/6293/6293 396/6294/6294 1207/6295/6295 1627/6296/6296
f 1627/6297/6297 1207/6298/6298 392/6299/6299 1198/6300/6300
f 1205/6301/6301 1627/6302/6302 1198/6303/6303 391/6304/6304
f 396/6305/6305 1208/6306/6306 1628/6307/6307 1207/6308/6308
f 1208/6309/6309 397/6310/6310 1209/6311/6311 1628/6312/6312
f 1628/6313/6313 1209/6314/6314 393/6315/6315 1200/6316/6316
f 1207/6317/6317 1628/6318/6318 1200/6319/6319 392/6320/6320
f 397/6321/6321 1210/6322/6322 1629/6323/6323 1209/6324/6324
f 1210/6325/6325 398/6326/6326 1211/6327/6327 1629/6328/6328
f 1629/6329/6329 1211/6330/6330 394/6331/6331 1202/6332/6332
f 1209/6333/6333 1629/6334/6334 1202/6335/6335 393/6336/6336
f 398/6337/6337 1212/6338/6338 1630/6339/6339 1211/6340/6340
f 1212/6341/6341 395/6342/6342 1205/6343/6343 1630/6344/6344
f 1630/6345/6345 1205/6346/6346 391/6347/6347 1204/6348/6348
f 1211/6349/6349 1630/6350/6350 1204/6351/6351 394/6352/6352
f 399/6353/6353 1214/6354/6354 1631/6355/6355 1213/6356/6356
f 1214/6357/6357 400/6358/6358 1215/6359/6359 1631/6360/6360
f 1631/6361/6361 1215/6362/6362 396/6363/6363 1206/6364/6364
f 1213/6365/6365 1631/6366/6366 1206/6367/6367 395/6368/6368
f 400/6369/6369 1216/6370/6370 1632/6371/6371 1215/6372/6372
f 1216/6373/6373 401/6374/6374 1217/6375/6375 1632/6376/6376
f 1632/6377/6377 1217/6378/6378 397/6379/6379 1208/6380/6380
f 1215/6381/6381 1632/6382/6382 1208/6383/6383 396/6384/6384
f 401/6385/6385 1218/6386/6386 1633/6387/6387 1217/6388/6388
f 1218/6389/6389 402/6390/6390 1219/6391/6391 1633/6392/6392
f 1633/6393/6393 1219/6394/6394 398/6395/6395 1210/6396/6396
f 1217/6397/6397 1633/6398/6398 1210/6399/6399 397/6400/6400
f 402/6401/6401 1220/6402/6402 1634/6403/6403 1219/6404/6404
f 1220/6405/6405 399/6406/6406 1213/6407/6407 1634/6408/6408
f 1634/6409/6409 1213/6410/6410 395/6411/6411 1212/6412/6412
f 1219/6413/6413 1634/6414/6414 1212/6415/6415 398/6416/6416
f 403/6417/6417 1222/6418/6418 1635/6419/6419 1221/6420/6420
f 1222/6421/6421 404/6422/6422 1223/6423/6423 1635/6424/6424
f 1635/6425/6425 1223/6426/6426 400/6427/6427 1214/6428/6428
f 1221/6429/6429 1635/6430/6430 1214/6431/6431 399/6432/6432
f 404/6433/6433 1224/6434/6434 1636/6435/6435 1223/6436/6436
f 1224/6437/6437 405/6438/6438 1225/6439/6439 1636/6440/6440
f 1636/6441/6441 1225/6442/6442 401/6443/6443 1216/6444/6444
f 1223/6445/6445 1636/6446/6446 1216/6447/6447 400/6448/6448
f 405/6449/6449 1226/6450/6450 1637/6451/6451 1225/6452/6452
f 1226/6453/6453 406/6454/6454 1227/6455/6455 1637/6456/6456
f 1637/6457/6457 1227/6458/6458 402/6459/6459 1218/6460/6460
f 1225/6461/6461 1637/6462/6462 1218/6463/6463 401/6464/6464
f 406/6465/6465 1228/6466/6466 1638/6467/6467 1227/6468/6468
f 1228/6469/6469 403/6470/6470 1221/6471/6471 1638/6472/6472
f 1638/6473/6473 1221/6474/6474 399/6475/6475 1220/6476/6476
f 1227/6477/6477 1638/6478/6478 1220/6479/6479 402/6480/6480
f 48/6481/6481 464/6482/6482 1639/6483/6483 1229/6484/6484
f 464/6485/6485 49/6486/6486 1230/6487/6487 1639/6488/6488
f 1639/6489/6489 1230/6490/6490 404/6491/6491 1222/6492/6492
f 1229/6493/6493 1639/6494/6494 1222/6495/6495 403/6496/6496
f 49/6497/6497 463/6498/6498 1640/6499/6499 1230/6500/6500
f 463/6501/6501 50/6502/6502 1231/6503/6503 1640/6504/6504
f 1640/6505/6505 1231/6506/6506 405/6507/6507 1224/6508/6508
f 1230/6509/6509 1640/6510/6510 1224/6511/6511 404/6512/6512
f 50/6513/6513 462/6514/6514 1641/6515/6515 1231/6516/6516
f 462/6517/6517 51/6518/6518 1232/6519/6519 1641/6520/6520
f 1641/6521/6521 1232/6522/6522 406/6523/6523 1226/6524/6524
f 1231/6525/6525 1641/6526/6526 1226/6527/6527 405/6528/6528
f 51/6529/6529 461/6530/6530 1642/6531/6531 1232/6532/6532
f 461/6533/6533 48/6534/6534 1229/6535/6535 1642/6536/6536
f 1642/6537/6537 1229/6538/6538 403/6539/6539 1228/6540/6540
f 1232/6541/6541 1642/6542/6542 1228/6543/6543 406/6544/6544
