# torso - exported from blender/silhouette.blend by tools/blender_export.py
o torso
v -0.05886 -0.03840 -0.02727
v 0.05886 -0.03840 -0.02727
v 0.05886 -0.02865 0.05409
v -0.05886 -0.02865 0.05409
v -0.07549 0.06586 -0.05184
v 0.07549 0.06586 -0.05184
v 0.07549 0.07718 0.05482
v -0.07549 0.07718 0.05482
v -0.06091 0.20859 -0.05537
v 0.06091 0.20859 -0.05537
v 0.06091 0.22130 0.03447
v -0.06091 0.22130 0.03447
v -0.09220 0.42575 -0.11625
v 0.09220 0.42575 -0.11625
v 0.09220 0.46009 -0.00597
v -0.09220 0.46009 -0.00597
v -0.11340 0.60566 -0.19614
v 0.11340 0.60566 -0.19614
v 0.11390 0.65060 -0.07331
v -0.11390 0.65060 -0.07331
v -0.03123 0.85442 -0.27619
v 0.03123 0.85442 -0.27619
v 0.03123 0.88385 -0.22207
v -0.03123 0.88385 -0.22207
v -0.02047 0.93247 -0.30753
v 0.02047 0.93247 -0.30753
v 0.02047 0.95236 -0.27173
v -0.02047 0.95236 -0.27173
v -0.12095 0.67088 -0.13470
v -0.09525 0.66602 -0.23224
v -0.12410 0.73872 -0.21740
v -0.12591 0.75126 -0.13972
v -0.19433 0.63806 -0.16539
v -0.19130 0.63933 -0.20754
v -0.21237 0.67252 -0.20805
v -0.21540 0.67125 -0.16591
v 0.11833 0.66609 -0.20936
v 0.09923 0.66474 -0.12504
v 0.12591 0.75126 -0.13972
v 0.12410 0.73872 -0.21740
v 0.19130 0.63933 -0.20754
v 0.19433 0.63806 -0.16539
v 0.21540 0.67125 -0.16591
v 0.21237 0.67252 -0.20805
v -0.07179 0.30666 -0.07664
v 0.07179 0.30666 -0.07664
v 0.07179 0.32821 0.01987
v -0.07179 0.32821 0.01987
v -0.05832 0.77515 -0.24976
v 0.05832 0.77515 -0.24976
v 0.05858 0.81251 -0.16859
v -0.05858 0.81251 -0.16859
v -0.02828 0.89914 -0.29794
v 0.02828 0.89914 -0.29794
v 0.02828 0.92653 -0.24846
v -0.02828 0.92653 -0.24846
v -0.15574 0.65215 -0.15226
v -0.15171 0.65379 -0.21416
v -0.18081 0.70307 -0.21480
v -0.18484 0.70142 -0.15291
v 0.15171 0.65379 -0.21416
v 0.15574 0.65215 -0.15226
v 0.18484 0.70142 -0.15291
v 0.18081 0.70307 -0.21480
v -0.11833 0.66609 -0.20936
v -0.13834 0.73235 -0.21400
v -0.14117 0.73326 -0.14256
v 0.13834 0.73235 -0.21400
v 0.14117 0.73326 -0.14256
v 0.12095 0.67088 -0.13470
v 0.08298 0.76312 -0.23829
v 0.10067 0.75453 -0.22979
v 0.11448 0.74579 -0.22268
v 0.12579 0.71540 -0.22402
v 0.12626 0.68615 -0.22351
v 0.12323 0.65266 -0.21614
v 0.09121 0.64988 -0.22093
v 0.07639 0.69147 -0.23527
v 0.06574 0.73278 -0.24510
v 0.01214 0.93246 -0.31089
v 0.00000 0.93245 -0.31257
v -0.01214 0.93246 -0.31089
v 0.13143 0.61504 -0.09410
v 0.13579 0.59802 -0.12422
v 0.13117 0.59207 -0.15795
v 0.05799 0.64815 -0.05898
v 0.00000 0.64794 -0.05558
v -0.05799 0.64815 -0.05898
v -0.13143 0.61504 -0.09410
v -0.13579 0.59802 -0.12422
v -0.13117 0.59207 -0.15795
v 0.02341 0.94972 -0.27981
v 0.02489 0.94454 -0.29081
v 0.02341 0.93794 -0.30103
v -0.05783 0.59151 -0.20213
v -0.00000 0.58839 -0.20404
v 0.05783 0.59151 -0.20213
v -0.09121 0.64988 -0.22093
v -0.07639 0.69147 -0.23527
v -0.06574 0.73278 -0.24510
v -0.02960 0.76855 -0.25803
v 0.00000 0.76650 -0.26009
v 0.02960 0.76855 -0.25803
v -0.01214 0.95520 -0.26995
v -0.00000 0.95663 -0.26906
v 0.01214 0.95520 -0.26995
v -0.02341 0.93794 -0.30103
v -0.02489 0.94454 -0.29081
v -0.02341 0.94972 -0.27981
v 0.06582 0.79787 -0.23559
v 0.06772 0.81056 -0.21652
v 0.06599 0.81660 -0.19456
v -0.06582 0.79787 -0.23559
v -0.06772 0.81056 -0.21652
v -0.06599 0.81660 -0.19456
v -0.02971 0.81598 -0.16091
v -0.00000 0.81670 -0.15876
v 0.02971 0.81598 -0.16091
v 0.03490 -0.03277 0.06057
v 0.00000 -0.03484 0.06382
v -0.03490 -0.03277 0.06057
v 0.12786 0.73616 -0.11975
v 0.12812 0.71601 -0.10282
v 0.12454 0.69138 -0.08886
v 0.12315 0.75384 -0.20338
v 0.12323 0.76067 -0.18400
v 0.12420 0.75966 -0.16190
v 0.08363 0.79277 -0.16032
v 0.10175 0.77735 -0.15300
v 0.11595 0.76296 -0.14556
v 0.06613 0.77939 -0.13713
v 0.07684 0.74264 -0.11080
v 0.09171 0.70164 -0.08813
v -0.06613 0.77939 -0.13713
v -0.07684 0.74264 -0.11080
v -0.09171 0.70164 -0.08813
v 0.06734 -0.04132 -0.01005
v 0.07160 -0.04087 0.01439
v 0.06734 -0.03551 0.03818
v -0.03490 -0.04406 -0.03244
v 0.00000 -0.04690 -0.03504
v 0.03490 -0.04406 -0.03244
v -0.12579 0.71540 -0.22402
v -0.12626 0.68615 -0.22351
v -0.12323 0.65266 -0.21614
v -0.11448 0.74579 -0.22268
v -0.10067 0.75453 -0.22979
v -0.08298 0.76312 -0.23829
v -0.06734 -0.03551 0.03818
v -0.07160 -0.04087 0.01439
v -0.06734 -0.04132 -0.01005
v -0.08363 0.79277 -0.16032
v -0.10175 0.77735 -0.15300
v -0.11595 0.76296 -0.14556
v -0.12786 0.73616 -0.11975
v -0.12812 0.71601 -0.10282
v -0.12454 0.69138 -0.08886
v -0.12420 0.75966 -0.16190
v -0.12323 0.76067 -0.18400
v -0.12315 0.75384 -0.20338
v -0.13683 0.73693 -0.13964
v -0.13433 0.73984 -0.13751
v -0.13145 0.74396 -0.13720
v -0.12786 0.65878 -0.09507
v -0.12624 0.66522 -0.11139
v -0.12245 0.66947 -0.12459
v -0.12937 0.73532 -0.21446
v -0.13201 0.73444 -0.21338
v -0.13426 0.73411 -0.21346
v -0.13698 0.71940 -0.13062
v -0.13157 0.70261 -0.12494
v -0.12591 0.68555 -0.12610
v -0.12675 0.62957 -0.19617
v -0.12460 0.64682 -0.20002
v -0.12031 0.65909 -0.20493
v -0.11752 0.66089 -0.15063
v -0.11587 0.65642 -0.17086
v -0.11611 0.65799 -0.19168
v -0.12249 0.68057 -0.22080
v -0.12783 0.69869 -0.22537
v -0.13341 0.71707 -0.22310
v -0.14180 0.74174 -0.19858
v -0.14353 0.74487 -0.17945
v -0.14337 0.74197 -0.15974
v 0.12937 0.73532 -0.21446
v 0.13201 0.73444 -0.21338
v 0.13426 0.73411 -0.21346
v 0.12675 0.62957 -0.19617
v 0.12460 0.64682 -0.20002
v 0.12031 0.65909 -0.20493
v 0.13683 0.73693 -0.13964
v 0.13433 0.73984 -0.13751
v 0.13145 0.74396 -0.13720
v 0.12786 0.65878 -0.09507
v 0.12624 0.66522 -0.11139
v 0.12245 0.66947 -0.12459
v 0.14337 0.74197 -0.15974
v 0.14353 0.74487 -0.17945
v 0.14180 0.74174 -0.19858
v 0.13341 0.71707 -0.22310
v 0.12783 0.69869 -0.22537
v 0.12249 0.68057 -0.22080
v 0.11611 0.65799 -0.19168
v 0.11587 0.65642 -0.17086
v 0.11752 0.66089 -0.15063
v 0.12591 0.68555 -0.12610
v 0.13157 0.70261 -0.12494
v 0.13698 0.71940 -0.13062
v -0.20047 0.64370 -0.16271
v -0.20764 0.65296 -0.16147
v -0.21295 0.66335 -0.16301
v -0.21789 0.67279 -0.17469
v -0.21856 0.67380 -0.18726
v -0.21610 0.67354 -0.19964
v -0.20950 0.66480 -0.21104
v -0.20398 0.65449 -0.21243
v -0.19702 0.64514 -0.21073
v -0.19208 0.63571 -0.19905
v -0.19306 0.63365 -0.18663
v -0.19387 0.63496 -0.17410
v 0.19702 0.64514 -0.21073
v 0.20398 0.65449 -0.21243
v 0.20950 0.66480 -0.21104
v 0.21610 0.67354 -0.19964
v 0.21856 0.67380 -0.18726
v 0.21789 0.67279 -0.17469
v 0.21295 0.66335 -0.16301
v 0.20764 0.65296 -0.16147
v 0.20047 0.64370 -0.16271
v 0.19387 0.63496 -0.17410
v 0.19306 0.63365 -0.18663
v 0.19208 0.63571 -0.19905
v -0.06799 -0.02479 -0.03553
v -0.07513 -0.00108 -0.04366
v -0.07722 0.03008 -0.04899
v -0.04129 0.06427 -0.06684
v -0.00000 0.06374 -0.07184
v 0.04129 0.06427 -0.06684
v 0.07722 0.03008 -0.04899
v 0.07513 -0.00108 -0.04366
v 0.06799 -0.02479 -0.03553
v 0.09673 0.06843 -0.02768
v 0.10380 0.07152 0.00149
v 0.09673 0.07462 0.03066
v 0.07722 0.04180 0.05905
v 0.07513 0.01068 0.06078
v 0.06799 -0.01379 0.05862
v 0.04129 0.07877 0.06982
v -0.00000 0.07930 0.07482
v -0.04129 0.07877 0.06982
v -0.07722 0.04180 0.05905
v -0.07513 0.01068 0.06078
v -0.06799 -0.01379 0.05862
v -0.09673 0.07462 0.03066
v -0.10380 0.07152 0.00149
v -0.09673 0.06843 -0.02768
v -0.07177 0.10342 -0.05302
v -0.06734 0.14084 -0.05340
v -0.06333 0.17646 -0.05388
v -0.03331 0.20681 -0.06801
v -0.00000 0.20621 -0.07222
v 0.03331 0.20681 -0.06801
v 0.06333 0.17646 -0.05388
v 0.06734 0.14084 -0.05340
v 0.07177 0.10342 -0.05302
v 0.07804 0.21147 -0.03502
v 0.08375 0.21495 -0.01045
v 0.07804 0.21843 0.01412
v 0.06333 0.18817 0.03924
v 0.06734 0.15204 0.04445
v 0.07177 0.11451 0.04976
v 0.03331 0.22309 0.04711
v 0.00000 0.22369 0.05132
v -0.03331 0.22309 0.04711
v -0.06333 0.18817 0.03924
v -0.06734 0.15204 0.04445
v -0.07177 0.11451 0.04976
v -0.07804 0.21843 0.01412
v -0.08375 0.21495 -0.01045
v -0.07804 0.21147 -0.03502
v -0.06093 0.23615 -0.05857
v -0.06312 0.26043 -0.06339
v -0.06692 0.28331 -0.06951
v -0.03926 0.30363 -0.09022
v 0.00000 0.30262 -0.09474
v 0.03926 0.30363 -0.09022
v 0.06692 0.28331 -0.06951
v 0.06312 0.26043 -0.06339
v 0.06093 0.23615 -0.05857
v 0.09198 0.31154 -0.05478
v 0.09871 0.31743 -0.02839
v 0.09198 0.32332 -0.00200
v 0.06692 0.30204 0.02336
v 0.06312 0.27671 0.02677
v 0.06093 0.25040 0.03038
v 0.03926 0.33124 0.03344
v -0.00000 0.33225 0.03796
v -0.03926 0.33124 0.03344
v -0.06692 0.30204 0.02336
v -0.06312 0.27671 0.02677
v -0.06093 0.25040 0.03038
v -0.09198 0.32332 -0.00200
v -0.09871 0.31743 -0.02839
v -0.09198 0.31154 -0.05478
v -0.07719 0.33212 -0.08460
v -0.08267 0.36024 -0.09362
v -0.08782 0.39135 -0.10406
v -0.05042 0.42092 -0.13175
v 0.00000 0.41931 -0.13692
v 0.05042 0.42092 -0.13175
v 0.08782 0.39135 -0.10406
v 0.08267 0.36024 -0.09362
v 0.07719 0.33212 -0.08460
v 0.11813 0.43353 -0.09126
v 0.12678 0.44292 -0.06111
v 0.11813 0.45231 -0.03096
v 0.08782 0.42250 0.00378
v 0.08267 0.38811 0.01082
v 0.07719 0.35674 0.01592
v 0.05042 0.46492 0.00953
v -0.00000 0.46653 0.01470
v -0.05042 0.46492 0.00953
v -0.08782 0.42250 0.00378
v -0.08267 0.38811 0.01082
v -0.07719 0.35674 0.01592
v -0.11813 0.45231 -0.03096
v -0.12678 0.44292 -0.06111
v -0.11813 0.43353 -0.09126
v -0.09568 0.46364 -0.13057
v -0.09924 0.50479 -0.14755
v -0.10421 0.54937 -0.16794
v 0.10421 0.54937 -0.16794
v 0.09924 0.50479 -0.14755
v 0.09568 0.46364 -0.13057
v 0.10435 0.59258 -0.05201
v 0.09928 0.54510 -0.03453
v 0.09568 0.50101 -0.01895
v -0.10435 0.59258 -0.05201
v -0.09928 0.54510 -0.03453
v -0.09568 0.50101 -0.01895
v -0.04388 0.80439 -0.25783
v -0.03688 0.82470 -0.26442
v -0.03316 0.84084 -0.27046
v -0.01708 0.85028 -0.28380
v 0.00000 0.84890 -0.28634
v 0.01708 0.85028 -0.28380
v 0.03316 0.84084 -0.27046
v 0.03688 0.82470 -0.26442
v 0.04388 0.80439 -0.25783
v 0.04001 0.86109 -0.26393
v 0.04293 0.86914 -0.24913
v 0.04001 0.87719 -0.23433
v 0.03316 0.87143 -0.21377
v 0.03690 0.85694 -0.20345
v 0.04397 0.83885 -0.18972
v 0.01708 0.88799 -0.21446
v -0.00000 0.88937 -0.21192
v -0.01708 0.88799 -0.21446
v -0.03316 0.87143 -0.21377
v -0.03690 0.85694 -0.20345
v -0.04397 0.83885 -0.18972
v -0.04001 0.87719 -0.23433
v -0.04293 0.86914 -0.24913
v -0.04001 0.86109 -0.26393
v -0.03002 0.86668 -0.28178
v -0.02921 0.87807 -0.28726
v -0.02867 0.88881 -0.29264
v -0.01546 0.89529 -0.30489
v 0.00000 0.89400 -0.30721
v 0.01546 0.89529 -0.30489
v 0.02867 0.88881 -0.29264
v 0.02921 0.87807 -0.28726
v 0.03002 0.86668 -0.28178
v 0.03623 0.90534 -0.28673
v 0.03888 0.91283 -0.27320
v 0.03623 0.92032 -0.25967
v 0.02867 0.91650 -0.24245
v 0.02921 0.90615 -0.23616
v 0.03002 0.89531 -0.22942
v 0.01546 0.93038 -0.24150
v -0.00000 0.93166 -0.23918
v -0.01546 0.93038 -0.24150
v -0.02867 0.91650 -0.24245
v -0.02921 0.90615 -0.23616
v -0.03002 0.89531 -0.22942
v -0.03623 0.92032 -0.25967
v -0.03888 0.91283 -0.27320
v -0.03623 0.90534 -0.28673
v -0.02777 0.90919 -0.30294
v -0.02644 0.91859 -0.30664
v -0.02371 0.92679 -0.30808
v 0.02371 0.92679 -0.30808
v 0.02644 0.91859 -0.30664
v 0.02777 0.90919 -0.30294
v 0.02371 0.94982 -0.26662
v 0.02644 0.94426 -0.26041
v 0.02777 0.93613 -0.25437
v -0.02371 0.94982 -0.26662
v -0.02644 0.94426 -0.26041
v -0.02777 0.93613 -0.25437
v -0.12458 0.66910 -0.14186
v -0.13265 0.66477 -0.14666
v -0.14357 0.65882 -0.14988
v -0.15073 0.64559 -0.16620
v -0.14827 0.64373 -0.18309
v -0.14853 0.64649 -0.20005
v -0.13975 0.66025 -0.21413
v -0.12917 0.66540 -0.21364
v -0.12151 0.66782 -0.21221
v -0.15774 0.66519 -0.22301
v -0.16551 0.67874 -0.22609
v -0.17365 0.69214 -0.22336
v -0.16833 0.71207 -0.21477
v -0.15628 0.72060 -0.21466
v -0.14589 0.72769 -0.21442
v -0.18582 0.70962 -0.20087
v -0.18829 0.71148 -0.18398
v -0.18802 0.70872 -0.16702
v -0.17214 0.71058 -0.15057
v -0.15979 0.71950 -0.14809
v -0.14905 0.72733 -0.14543
v -0.17882 0.69003 -0.14406
v -0.17105 0.67648 -0.14098
v -0.16290 0.66308 -0.14371
v -0.16774 0.64572 -0.15455
v -0.17875 0.64074 -0.15745
v -0.18808 0.63823 -0.16141
v -0.18456 0.63970 -0.21057
v -0.17482 0.64238 -0.21300
v -0.16365 0.64742 -0.21400
v -0.20910 0.67840 -0.21117
v -0.20233 0.68614 -0.21367
v -0.19255 0.69439 -0.21467
v -0.21262 0.67693 -0.16201
v -0.20627 0.68450 -0.15811
v -0.19664 0.69270 -0.15523
v 0.12151 0.66782 -0.21221
v 0.12917 0.66540 -0.21364
v 0.13975 0.66025 -0.21413
v 0.14853 0.64649 -0.20005
v 0.14827 0.64373 -0.18309
v 0.15073 0.64559 -0.16620
v 0.14357 0.65882 -0.14988
v 0.13265 0.66477 -0.14666
v 0.12458 0.66910 -0.14186
v 0.16290 0.66308 -0.14371
v 0.17105 0.67648 -0.14098
v 0.17882 0.69003 -0.14406
v 0.17214 0.71058 -0.15057
v 0.15979 0.71950 -0.14809
v 0.14905 0.72733 -0.14543
v 0.18802 0.70872 -0.16702
v 0.18829 0.71148 -0.18398
v 0.18582 0.70962 -0.20087
v 0.16833 0.71207 -0.21477
v 0.15628 0.72060 -0.21466
v 0.14589 0.72769 -0.21442
v 0.17365 0.69214 -0.22336
v 0.16551 0.67874 -0.22609
v 0.15774 0.66519 -0.22301
v 0.16365 0.64742 -0.21400
v 0.17482 0.64238 -0.21300
v 0.18456 0.63970 -0.21057
v 0.18808 0.63823 -0.16141
v 0.17875 0.64074 -0.15745
v 0.16774 0.64572 -0.15455
v 0.21262 0.67693 -0.16201
v 0.20627 0.68450 -0.15811
v 0.19664 0.69270 -0.15523
v 0.20910 0.67840 -0.21117
v 0.20233 0.68614 -0.21367
v 0.19255 0.69439 -0.21467
v 0.10875 0.70900 -0.23339
v 0.08892 0.73315 -0.24004
v 0.10526 0.73041 -0.23442
v 0.11762 0.72266 -0.22868
v 0.11830 0.69649 -0.22865
v 0.11161 0.67136 -0.22518
v 0.09863 0.70062 -0.23454
v 0.09894 0.03269 -0.02451
v 0.10618 0.03585 0.00504
v 0.09894 0.03910 0.03457
v 0.09629 0.00123 -0.01995
v 0.10335 0.00408 0.00866
v 0.09629 0.00765 0.03716
v 0.08645 -0.02367 -0.01426
v 0.09268 -0.02183 0.01188
v 0.08645 -0.01761 0.03772
v 0.12925 0.68419 -0.09473
v 0.12834 0.68482 -0.10609
v 0.12602 0.68602 -0.11703
v 0.13121 0.70811 -0.10420
v 0.13093 0.70560 -0.11032
v 0.13011 0.70454 -0.11782
v 0.13181 0.72852 -0.11875
v 0.13303 0.72471 -0.12129
v 0.13394 0.72238 -0.12572
v -0.01289 0.95312 -0.28084
v -0.00000 0.95447 -0.28082
v 0.01289 0.95312 -0.28084
v -0.01356 0.94788 -0.29267
v -0.00000 0.94900 -0.29329
v 0.01356 0.94788 -0.29267
v -0.01289 0.94060 -0.30337
v 0.00000 0.94130 -0.30452
v 0.01289 0.94060 -0.30337
v -0.04223 0.02839 -0.06418
v -0.00000 0.02779 -0.06924
v 0.04223 0.02839 -0.06418
v -0.04108 -0.00312 -0.05831
v -0.00000 -0.00404 -0.06316
v 0.04108 -0.00312 -0.05831
v -0.03753 -0.02768 -0.04811
v 0.00000 -0.02939 -0.05226
v 0.03753 -0.02768 -0.04811
v 0.21412 0.66279 -0.20050
v 0.21658 0.66215 -0.18747
v 0.21601 0.66199 -0.17420
v 0.20868 0.65168 -0.20111
v 0.21096 0.65045 -0.18741
v 0.21066 0.65085 -0.17349
v 0.20096 0.64205 -0.20018
v 0.20276 0.64038 -0.18713
v 0.20285 0.64126 -0.17387
v -0.21601 0.66199 -0.17420
v -0.21658 0.66215 -0.18747
v -0.21412 0.66279 -0.20050
v -0.21066 0.65085 -0.17349
v -0.21096 0.65045 -0.18741
v -0.20868 0.65168 -0.20111
v -0.20285 0.64126 -0.17387
v -0.20276 0.64038 -0.18713
v -0.20096 0.64205 -0.20018
v -0.05052 0.63910 -0.22071
v -0.04168 0.68562 -0.23619
v -0.03494 0.72982 -0.24847
v -0.00000 0.63631 -0.22133
v -0.00000 0.68367 -0.23671
v 0.00000 0.72819 -0.24961
v 0.05052 0.63910 -0.22071
v 0.04168 0.68562 -0.23619
v 0.03494 0.72982 -0.24847
v 0.03509 0.78196 -0.13558
v -0.00000 0.78236 -0.13446
v -0.03509 0.78196 -0.13558
v 0.04186 0.74155 -0.10845
v -0.00000 0.74132 -0.10744
v -0.04186 0.74155 -0.10845
v 0.05070 0.69657 -0.08250
v -0.00000 0.69582 -0.08061
v -0.05070 0.69657 -0.08250
v 0.13081 0.75303 -0.15854
v 0.13476 0.74907 -0.15756
v 0.13823 0.74598 -0.15821
v 0.13014 0.75500 -0.18036
v 0.13442 0.75160 -0.17881
v 0.13817 0.74879 -0.17872
v 0.12961 0.74929 -0.19991
v 0.13345 0.74690 -0.19838
v 0.13680 0.74495 -0.19814
v 0.12938 0.71314 -0.22173
v 0.13024 0.71445 -0.22139
v 0.13078 0.71658 -0.22213
v 0.12893 0.68519 -0.22145
v 0.12818 0.69009 -0.22195
v 0.12688 0.69557 -0.22362
v 0.12748 0.65500 -0.21346
v 0.12602 0.66563 -0.21497
v 0.12316 0.67503 -0.21792
v 0.10998 0.74658 -0.11701
v 0.11930 0.74877 -0.12508
v 0.10651 0.76236 -0.13168
v 0.08972 0.77241 -0.13561
v 0.09951 0.74477 -0.11377
v 0.11264 0.71526 -0.09682
v 0.11979 0.73149 -0.10855
v 0.12959 0.61953 -0.16911
v 0.12455 0.63846 -0.17754
v 0.11890 0.65107 -0.18529
v 0.13148 0.62317 -0.13903
v 0.12507 0.64000 -0.15177
v 0.11886 0.65082 -0.16252
v 0.13012 0.63701 -0.11201
v 0.12539 0.64957 -0.12794
v 0.12004 0.65730 -0.14086
v -0.13181 0.72852 -0.11875
v -0.13303 0.72471 -0.12129
v -0.13394 0.72238 -0.12572
v -0.13121 0.70811 -0.10420
v -0.13093 0.70560 -0.11032
v -0.13011 0.70454 -0.11782
v -0.12925 0.68419 -0.09473
v -0.12834 0.68482 -0.10609
v -0.12602 0.68602 -0.11703
v -0.13012 0.63701 -0.11201
v -0.12539 0.64957 -0.12794
v -0.12004 0.65730 -0.14086
v -0.13148 0.62317 -0.13903
v -0.12507 0.64000 -0.15177
v -0.11886 0.65082 -0.16252
v -0.12959 0.61953 -0.16911
v -0.12455 0.63846 -0.17754
v -0.11890 0.65107 -0.18529
v -0.10875 0.70900 -0.23339
v -0.11762 0.72266 -0.22868
v -0.10526 0.73041 -0.23442
v -0.08892 0.73315 -0.24004
v -0.09863 0.70062 -0.23454
v -0.11161 0.67136 -0.22518
v -0.11830 0.69649 -0.22865
v -0.12748 0.65500 -0.21346
v -0.12602 0.66563 -0.21497
v -0.12316 0.67503 -0.21792
v -0.12893 0.68519 -0.22145
v -0.12818 0.69009 -0.22195
v -0.12688 0.69557 -0.22362
v -0.12938 0.71314 -0.22173
v -0.13024 0.71445 -0.22139
v -0.13078 0.71658 -0.22212
v -0.10998 0.74658 -0.11701
v -0.08972 0.77241 -0.13561
v -0.10651 0.76236 -0.13168
v -0.11930 0.74877 -0.12508
v -0.11979 0.73149 -0.10855
v -0.11264 0.71526 -0.09682
v -0.09951 0.74477 -0.11377
v -0.12961 0.74929 -0.19991
v -0.13345 0.74690 -0.19838
v -0.13680 0.74495 -0.19814
v -0.13014 0.75500 -0.18036
v -0.13442 0.75160 -0.17881
v -0.13817 0.74879 -0.17872
v -0.13081 0.75303 -0.15854
v -0.13476 0.74907 -0.15756
v -0.13823 0.74598 -0.15821
v -0.03709 -0.05203 -0.01013
v -0.00000 -0.05577 -0.01099
v 0.03709 -0.05203 -0.01013
v -0.03905 -0.05242 0.01593
v 0.00000 -0.05629 0.01645
v 0.03905 -0.05242 0.01593
v -0.03709 -0.04572 0.04105
v 0.00000 -0.04907 0.04285
v 0.03709 -0.04572 0.04105
v -0.11334 0.77022 -0.16805
v -0.09888 0.78387 -0.17599
v -0.08220 0.79946 -0.18467
v -0.11218 0.76982 -0.19012
v -0.09790 0.78177 -0.19810
v -0.08216 0.79549 -0.20710
v -0.11249 0.76174 -0.20920
v -0.09826 0.77203 -0.21700
v -0.08183 0.78370 -0.22613
v 0.08220 0.79946 -0.18467
v 0.09888 0.78387 -0.17599
v 0.11334 0.77022 -0.16805
v 0.08216 0.79549 -0.20710
v 0.09790 0.78177 -0.19810
v 0.11218 0.76982 -0.19012
v 0.08183 0.78370 -0.22613
v 0.09826 0.77203 -0.21700
v 0.11249 0.76174 -0.20920
v 0.04223 0.04341 0.07424
v -0.00000 0.04391 0.07932
v -0.04223 0.04341 0.07424
v 0.04108 0.01199 0.07553
v -0.00000 0.01219 0.08048
v -0.04108 0.01199 0.07553
v 0.03753 -0.01361 0.07157
v -0.00000 -0.01427 0.07602
v -0.03753 -0.01361 0.07157
v -0.09894 0.03910 0.03457
v -0.10618 0.03585 0.00504
v -0.09894 0.03269 -0.02451
v -0.09629 0.00765 0.03716
v -0.10335 0.00408 0.00866
v -0.09629 0.00123 -0.01995
v -0.08645 -0.01761 0.03772
v -0.09268 -0.02183 0.01188
v -0.08645 -0.02367 -0.01426
v -0.03464 0.17482 -0.06698
v 0.00000 0.17427 -0.07134
v 0.03464 0.17482 -0.06698
v -0.03683 0.13927 -0.06716
v 0.00000 0.13875 -0.07174
v 0.03683 0.13927 -0.06716
v -0.03925 0.10186 -0.06747
v -0.00000 0.10134 -0.07229
v 0.03925 0.10186 -0.06747
v 0.08115 0.17912 -0.03278
v 0.08709 0.18232 -0.00732
v 0.08115 0.18552 0.01815
v 0.08628 0.14338 -0.03123
v 0.09259 0.14644 -0.00447
v 0.08628 0.14950 0.02228
v 0.09196 0.10593 -0.02973
v 0.09869 0.10896 -0.00163
v 0.09196 0.11200 0.02647
v 0.03464 0.18982 0.05234
v -0.00000 0.19037 0.05670
v -0.03464 0.18982 0.05234
v 0.03683 0.15361 0.05821
v -0.00000 0.15414 0.06280
v -0.03683 0.15361 0.05821
v 0.03925 0.11607 0.06421
v 0.00000 0.11659 0.06903
v -0.03925 0.11607 0.06421
v -0.08115 0.18552 0.01815
v -0.08709 0.18232 -0.00732
v -0.08115 0.17912 -0.03278
v -0.08628 0.14950 0.02228
v -0.09259 0.14644 -0.00447
v -0.08628 0.14338 -0.03123
v -0.09196 0.11200 0.02647
v -0.09869 0.10896 -0.00163
v -0.09196 0.10593 -0.02973
v -0.03660 0.28067 -0.08257
v -0.00000 0.27979 -0.08692
v 0.03660 0.28067 -0.08257
v -0.03452 0.25814 -0.07606
v 0.00000 0.25738 -0.08029
v 0.03452 0.25814 -0.07606
v -0.03332 0.23415 -0.07108
v -0.00000 0.23348 -0.07525
v 0.03332 0.23415 -0.07108
v 0.08575 0.28755 -0.04847
v 0.09202 0.29268 -0.02307
v 0.08575 0.29780 0.00232
v 0.08087 0.26412 -0.04296
v 0.08679 0.26857 -0.01831
v 0.08087 0.27302 0.00634
v 0.07806 0.23938 -0.03842
v 0.08378 0.24328 -0.01410
v 0.07806 0.24718 0.01022
v 0.03660 0.30468 0.03642
v 0.00000 0.30556 0.04077
v -0.03660 0.30468 0.03642
v 0.03452 0.27900 0.03945
v -0.00000 0.27977 0.04367
v -0.03452 0.27900 0.03945
v 0.03332 0.25241 0.04288
v 0.00000 0.25308 0.04705
v -0.03332 0.25241 0.04288
v -0.08575 0.29780 0.00232
v -0.09202 0.29268 -0.02307
v -0.08575 0.28755 -0.04847
v -0.08087 0.27302 0.00634
v -0.08679 0.26857 -0.01831
v -0.08087 0.26412 -0.04296
v -0.07806 0.24718 0.01022
v -0.08378 0.24328 -0.01410
v -0.07806 0.23938 -0.03842
v -0.04803 0.38697 -0.11922
v -0.00000 0.38551 -0.12427
v 0.04803 0.38697 -0.11922
v -0.04521 0.35632 -0.10831
v -0.00000 0.35501 -0.11321
v 0.04521 0.35632 -0.10831
v -0.04221 0.32865 -0.09874
v -0.00000 0.32750 -0.10345
v 0.04221 0.32865 -0.09874
v 0.11252 0.39841 -0.07962
v 0.12075 0.40692 -0.05014
v 0.11252 0.41544 -0.02065
v 0.10593 0.36656 -0.06996
v 0.11368 0.37418 -0.04140
v 0.10593 0.38180 -0.01285
v 0.09890 0.33770 -0.06183
v 0.10614 0.34443 -0.03434
v 0.09890 0.35116 -0.00686
v 0.04803 0.42688 0.01894
v 0.00000 0.42834 0.02400
v -0.04803 0.42688 0.01894
v 0.04521 0.39203 0.02550
v 0.00000 0.39334 0.03040
v -0.04521 0.39203 0.02550
v 0.04221 0.36021 0.03006
v 0.00000 0.36136 0.03477
v -0.04221 0.36021 0.03006
v -0.11252 0.41544 -0.02065
v -0.12075 0.40692 -0.05014
v -0.11252 0.39841 -0.07962
v -0.10593 0.38180 -0.01285
v -0.11368 0.37418 -0.04140
v -0.10593 0.36656 -0.06996
v -0.09890 0.35116 -0.00686
v -0.10614 0.34443 -0.03434
v -0.09890 0.33770 -0.06183
v -0.05744 0.54410 -0.18190
v -0.00000 0.54177 -0.18570
v 0.05744 0.54410 -0.18190
v -0.05458 0.49952 -0.16288
v -0.00000 0.49759 -0.16771
v 0.05458 0.49952 -0.16288
v -0.05236 0.45844 -0.14620
v -0.00000 0.45668 -0.15138
v 0.05236 0.45844 -0.14620
v 0.12925 0.55417 -0.14037
v 0.13648 0.56325 -0.10750
v 0.12934 0.57782 -0.07642
v 0.12599 0.51271 -0.12175
v 0.13456 0.52298 -0.09043
v 0.12602 0.53483 -0.05962
v 0.12244 0.47196 -0.10526
v 0.13132 0.48208 -0.07468
v 0.12245 0.49240 -0.04417
v 0.05752 0.59853 -0.03784
v 0.00000 0.59963 -0.03344
v -0.05752 0.59853 -0.03784
v 0.05460 0.55088 -0.01927
v 0.00000 0.55253 -0.01430
v -0.05460 0.55088 -0.01927
v 0.05237 0.50628 -0.00333
v 0.00000 0.50800 0.00186
v -0.05237 0.50628 -0.00333
v -0.12934 0.57782 -0.07642
v -0.13648 0.56325 -0.10750
v -0.12925 0.55417 -0.14037
v -0.12602 0.53483 -0.05962
v -0.13456 0.52298 -0.09043
v -0.12599 0.51271 -0.12175
v -0.12245 0.49240 -0.04417
v -0.13132 0.48208 -0.07468
v -0.12244 0.47196 -0.10526
v -0.01815 0.83647 -0.27838
v 0.00000 0.83502 -0.28101
v 0.01815 0.83647 -0.27838
v -0.02031 0.81969 -0.27256
v 0.00000 0.81805 -0.27521
v 0.02031 0.81969 -0.27256
v -0.02423 0.79795 -0.26593
v 0.00000 0.79599 -0.26844
v 0.02423 0.79795 -0.26593
v 0.04241 0.84787 -0.25767
v 0.04548 0.85630 -0.24218
v 0.04242 0.86461 -0.22664
v 0.04671 0.83283 -0.25101
v 0.04982 0.84212 -0.23447
v 0.04673 0.85049 -0.21753
v 0.05411 0.81554 -0.24379
v 0.05698 0.82651 -0.22580
v 0.05417 0.83430 -0.20646
v 0.01815 0.87566 -0.20580
v -0.00000 0.87707 -0.20316
v -0.01815 0.87566 -0.20580
v 0.02033 0.86088 -0.19495
v -0.00000 0.86220 -0.19222
v -0.02033 0.86088 -0.19495
v 0.02429 0.84179 -0.18054
v -0.00000 0.84281 -0.17784
v -0.02429 0.84179 -0.18054
v -0.04242 0.86461 -0.22664
v -0.04548 0.85630 -0.24218
v -0.04241 0.84787 -0.25767
v -0.04673 0.85049 -0.21753
v -0.04982 0.84212 -0.23447
v -0.04671 0.83283 -0.25101
v -0.05417 0.83430 -0.20646
v -0.05698 0.82651 -0.22580
v -0.05411 0.81554 -0.24379
v -0.01568 0.88491 -0.29970
v 0.00000 0.88361 -0.30206
v 0.01568 0.88491 -0.29970
v -0.01597 0.87412 -0.29445
v -0.00000 0.87280 -0.29684
v 0.01597 0.87412 -0.29445
v -0.01641 0.86266 -0.28914
v 0.00000 0.86132 -0.29160
v 0.01641 0.86266 -0.28914
v 0.03674 0.89508 -0.28127
v 0.03943 0.90265 -0.26755
v 0.03674 0.91023 -0.25382
v 0.03742 0.88443 -0.27568
v 0.04016 0.89211 -0.26171
v 0.03742 0.89979 -0.24774
v 0.03846 0.87317 -0.26992
v 0.04127 0.88100 -0.25560
v 0.03846 0.88883 -0.24128
v 0.01568 0.92040 -0.23539
v -0.00000 0.92170 -0.23304
v -0.01568 0.92040 -0.23539
v 0.01597 0.91010 -0.22897
v 0.00000 0.91141 -0.22657
v -0.01597 0.91010 -0.22897
v 0.01641 0.89934 -0.22206
v -0.00000 0.90068 -0.21960
v -0.01641 0.89934 -0.22206
v -0.03674 0.91023 -0.25382
v -0.03943 0.90265 -0.26755
v -0.03674 0.89508 -0.28127
v -0.03742 0.89979 -0.24774
v -0.04016 0.89211 -0.26171
v -0.03742 0.88443 -0.27568
v -0.03846 0.88883 -0.24128
v -0.04127 0.88100 -0.25560
v -0.03846 0.87317 -0.26992
v -0.01309 0.92406 -0.31391
v -0.00000 0.92335 -0.31600
v 0.01309 0.92406 -0.31391
v -0.01446 0.91508 -0.31321
v -0.00000 0.91398 -0.31544
v 0.01446 0.91508 -0.31321
v -0.01519 0.90541 -0.30977
v -0.00000 0.90416 -0.31206
v 0.01519 0.90541 -0.30977
v 0.03014 0.93234 -0.29901
v 0.03231 0.93904 -0.28776
v 0.03014 0.94506 -0.27613
v 0.03388 0.92451 -0.29622
v 0.03637 0.93163 -0.28364
v 0.03388 0.93855 -0.27095
v 0.03558 0.91530 -0.29194
v 0.03818 0.92268 -0.27867
v 0.03558 0.93004 -0.26538
v 0.01309 0.95334 -0.26122
v 0.00000 0.95473 -0.25952
v -0.01309 0.95334 -0.26122
v 0.01446 0.94798 -0.25396
v -0.00000 0.94929 -0.25185
v -0.01446 0.94798 -0.25396
v 0.01519 0.93993 -0.24755
v -0.00000 0.94120 -0.24528
v -0.01519 0.93993 -0.24755
v -0.03014 0.94506 -0.27613
v -0.03231 0.93904 -0.28776
v -0.03014 0.93234 -0.29901
v -0.03388 0.93855 -0.27095
v -0.03637 0.93163 -0.28364
v -0.03388 0.92451 -0.29622
v -0.03558 0.93004 -0.26538
v -0.03818 0.92268 -0.27867
v -0.03558 0.91530 -0.29194
v -0.13869 0.65187 -0.16434
v -0.13630 0.64983 -0.18188
v -0.13660 0.65264 -0.19948
v -0.12805 0.65720 -0.16165
v -0.12583 0.65478 -0.17992
v -0.12615 0.65751 -0.19830
v -0.12045 0.66056 -0.15734
v -0.11847 0.65738 -0.17649
v -0.11878 0.65974 -0.19591
v -0.14569 0.67219 -0.22330
v -0.15332 0.68643 -0.22649
v -0.16132 0.70054 -0.22365
v -0.13482 0.67801 -0.22327
v -0.14207 0.69316 -0.22667
v -0.14965 0.70823 -0.22380
v -0.12660 0.68126 -0.22255
v -0.13311 0.69766 -0.22638
v -0.13992 0.71411 -0.22367
v -0.17321 0.71902 -0.20031
v -0.17559 0.72104 -0.18279
v -0.17530 0.71820 -0.16521
v -0.16089 0.72810 -0.19973
v -0.16313 0.73035 -0.18160
v -0.16281 0.72746 -0.16336
v -0.15004 0.73597 -0.19915
v -0.15205 0.73858 -0.18047
v -0.15177 0.73566 -0.16151
v -0.16621 0.69865 -0.14139
v -0.15857 0.68443 -0.13819
v -0.15058 0.67035 -0.14101
v -0.15414 0.70696 -0.13839
v -0.14688 0.69197 -0.13486
v -0.13929 0.67707 -0.13758
v -0.14395 0.71415 -0.13487
v -0.13740 0.69830 -0.13058
v -0.13056 0.68241 -0.13282
v -0.18444 0.63306 -0.17237
v -0.18276 0.63147 -0.18596
v -0.18250 0.63387 -0.19953
v -0.17412 0.63489 -0.16995
v -0.17188 0.63321 -0.18512
v -0.17196 0.63578 -0.20034
v -0.16276 0.63949 -0.16792
v -0.16030 0.63774 -0.18415
v -0.16052 0.64042 -0.20043
v -0.19003 0.64828 -0.21737
v -0.19705 0.65878 -0.21978
v -0.20359 0.66965 -0.21770
v -0.18062 0.65245 -0.22097
v -0.18808 0.66442 -0.22376
v -0.19567 0.67638 -0.22133
v -0.16963 0.65829 -0.22251
v -0.17736 0.67120 -0.22548
v -0.18544 0.68398 -0.22288
v -0.21365 0.68300 -0.20029
v -0.21612 0.68409 -0.18677
v -0.21559 0.68219 -0.17313
v -0.20721 0.69184 -0.20119
v -0.20969 0.69336 -0.18604
v -0.20936 0.69094 -0.17080
v -0.19756 0.70060 -0.20130
v -0.20005 0.70233 -0.18508
v -0.19980 0.69968 -0.16879
v -0.20806 0.66778 -0.15530
v -0.20184 0.65678 -0.15295
v -0.19450 0.64641 -0.15496
v -0.20071 0.67428 -0.15017
v -0.19349 0.66216 -0.14740
v -0.18566 0.65034 -0.14981
v -0.19069 0.68181 -0.14672
v -0.18299 0.66887 -0.14375
v -0.17488 0.65612 -0.14635
v 0.13660 0.65264 -0.19948
v 0.13630 0.64983 -0.18188
v 0.13869 0.65187 -0.16434
v 0.12615 0.65751 -0.19830
v 0.12583 0.65478 -0.17992
v 0.12805 0.65720 -0.16165
v 0.11878 0.65974 -0.19591
v 0.11847 0.65738 -0.17649
v 0.12045 0.66056 -0.15734
v 0.15058 0.67035 -0.14101
v 0.15857 0.68443 -0.13819
v 0.16621 0.69865 -0.14139
v 0.13929 0.67707 -0.13758
v 0.14688 0.69197 -0.13486
v 0.15414 0.70696 -0.13839
v 0.13056 0.68241 -0.13282
v 0.13740 0.69830 -0.13058
v 0.14395 0.71415 -0.13487
v 0.17530 0.71820 -0.16521
v 0.17559 0.72104 -0.18279
v 0.17321 0.71902 -0.20031
v 0.16281 0.72746 -0.16336
v 0.16313 0.73035 -0.18160
v 0.16089 0.72810 -0.19973
v 0.15177 0.73566 -0.16151
v 0.15205 0.73858 -0.18047
v 0.15004 0.73597 -0.19915
v 0.16132 0.70054 -0.22365
v 0.15332 0.68643 -0.22649
v 0.14569 0.67219 -0.22330
v 0.14965 0.70823 -0.22380
v 0.14207 0.69316 -0.22667
v 0.13482 0.67801 -0.22327
v 0.13992 0.71411 -0.22367
v 0.13311 0.69766 -0.22638
v 0.12660 0.68126 -0.22255
v 0.18250 0.63387 -0.19953
v 0.18276 0.63147 -0.18596
v 0.18444 0.63306 -0.17237
v 0.17196 0.63578 -0.20034
v 0.17188 0.63321 -0.18512
v 0.17412 0.63489 -0.16995
v 0.16052 0.64042 -0.20043
v 0.16030 0.63774 -0.18415
v 0.16276 0.63949 -0.16792
v 0.19450 0.64641 -0.15496
v 0.20183 0.65678 -0.15295
v 0.20806 0.66778 -0.15530
v 0.18566 0.65034 -0.14981
v 0.19349 0.66216 -0.14740
v 0.20071 0.67428 -0.15017
v 0.17488 0.65612 -0.14635
v 0.18299 0.66887 -0.14375
v 0.19069 0.68181 -0.14672
v 0.21559 0.68219 -0.17313
v 0.21612 0.68409 -0.18677
v 0.21365 0.68300 -0.20029
v 0.20936 0.69094 -0.17080
v 0.20969 0.69336 -0.18604
v 0.20721 0.69184 -0.20119
v 0.19980 0.69968 -0.16879
v 0.20005 0.70233 -0.18508
v 0.19756 0.70060 -0.20130
v 0.20359 0.66965 -0.21770
v 0.19705 0.65878 -0.21978
v 0.19003 0.64828 -0.21737
v 0.19567 0.67638 -0.22133
v 0.18808 0.66442 -0.22376
v 0.18062 0.65245 -0.22097
v 0.18544 0.68398 -0.22288
v 0.17736 0.67120 -0.22548
v 0.16963 0.65829 -0.22251
v -0.00000 0.12749 0.05905
v -0.00000 0.12538 0.06889
v -0.00000 0.11175 0.07872
v -0.00000 0.09812 0.06889
v -0.00000 0.09602 0.05905
v -0.00904 0.12538 0.06601
v -0.01566 0.11962 0.07110
v -0.01808 0.11175 0.07296
v -0.01566 0.10388 0.07110
v -0.00904 0.09812 0.06601
v -0.01278 0.12538 0.05905
v -0.02214 0.11962 0.05905
v -0.02557 0.11175 0.05905
v -0.02214 0.10388 0.05905
v -0.01278 0.09812 0.05905
v -0.00904 0.12538 0.05210
v -0.01566 0.11962 0.04701
v -0.01808 0.11175 0.04514
v -0.01566 0.10388 0.04701
v -0.00904 0.09812 0.05210
v -0.00000 0.12538 0.04922
v -0.00000 0.11962 0.04202
v -0.00000 0.11175 0.03938
v -0.00000 0.10388 0.04202
v -0.00000 0.09812 0.04922
v 0.00904 0.12538 0.05210
v 0.01566 0.11962 0.04701
v 0.01808 0.11175 0.04514
v 0.01566 0.10388 0.04701
v 0.00904 0.09812 0.05210
v 0.01278 0.12538 0.05905
v 0.02214 0.11962 0.05905
v 0.02557 0.11175 0.05905
v 0.02214 0.10388 0.05905
v 0.01278 0.09812 0.05905
v 0.00904 0.12538 0.06601
v 0.01566 0.11962 0.07110
v 0.01808 0.11175 0.07296
v 0.01566 0.10388 0.07110
v 0.00904 0.09812 0.06601
v -0.00000 0.11962 0.07608
v -0.00000 0.10388 0.07608
v -0.00000 0.23906 0.04134
v -0.00000 0.23637 0.05386
v -0.00000 0.21903 0.06638
v -0.00000 0.20169 0.05386
v -0.00000 0.19901 0.04134
v -0.01151 0.23637 0.05019
v -0.01993 0.22904 0.05667
v -0.02301 0.21903 0.05905
v -0.01993 0.20902 0.05667
v -0.01151 0.20169 0.05019
v -0.01627 0.23637 0.04134
v -0.02818 0.22904 0.04134
v -0.03254 0.21903 0.04134
v -0.02818 0.20902 0.04134
v -0.01627 0.20169 0.04134
v -0.01151 0.23637 0.03249
v -0.01993 0.22904 0.02602
v -0.02301 0.21903 0.02364
v -0.01993 0.20902 0.02602
v -0.01151 0.20169 0.03249
v -0.00000 0.23637 0.02883
v -0.00000 0.22904 0.01967
v -0.00000 0.21903 0.01631
v -0.00000 0.20902 0.01967
v -0.00000 0.20169 0.02883
v 0.01151 0.23637 0.03249
v 0.01993 0.22904 0.02602
v 0.02301 0.21903 0.02364
v 0.01993 0.20902 0.02602
v 0.01151 0.20169 0.03249
v 0.01627 0.23637 0.04134
v 0.02818 0.22904 0.04134
v 0.03254 0.21903 0.04134
v 0.02818 0.20902 0.04134
v 0.01627 0.20169 0.04134
v 0.01151 0.23637 0.05019
v 0.01993 0.22904 0.05667
v 0.02301 0.21903 0.05905
v 0.01993 0.20902 0.05667
v 0.01151 0.20169 0.05019
v -0.00000 0.22904 0.06302
v -0.00000 0.20902 0.06302
v -0.00000 0.34205 0.02786
v -0.00000 0.33994 0.03769
v -0.00000 0.32631 0.04753
v -0.00000 0.31269 0.03769
v -0.00000 0.31058 0.02786
v -0.00904 0.33994 0.03481
v -0.01566 0.33418 0.03991
v -0.01808 0.32631 0.04177
v -0.01566 0.31845 0.03991
v -0.00904 0.31269 0.03481
v -0.01278 0.33994 0.02786
v -0.02214 0.33418 0.02786
v -0.02557 0.32631 0.02786
v -0.02214 0.31845 0.02786
v -0.01278 0.31269 0.02786
v -0.00904 0.33994 0.02091
v -0.01566 0.33418 0.01582
v -0.01808 0.32631 0.01395
v -0.01566 0.31845 0.01582
v -0.00904 0.31269 0.02091
v -0.00000 0.33994 0.01803
v -0.00000 0.33418 0.01083
v -0.00000 0.32631 0.00819
v -0.00000 0.31845 0.01083
v -0.00000 0.31269 0.01803
v 0.00904 0.33994 0.02091
v 0.01566 0.33418 0.01582
v 0.01808 0.32631 0.01395
v 0.01566 0.31845 0.01582
v 0.00904 0.31269 0.02091
v 0.01278 0.33994 0.02786
v 0.02214 0.33418 0.02786
v 0.02557 0.32631 0.02786
v 0.02214 0.31845 0.02786
v 0.01278 0.31269 0.02786
v 0.00904 0.33994 0.03481
v 0.01566 0.33418 0.03991
v 0.01808 0.32631 0.04177
v 0.01566 0.31845 0.03991
v 0.00904 0.31269 0.03481
v -0.00000 0.33418 0.04489
v -0.00000 0.31845 0.04489
v -0.00000 0.45362 0.01199
v -0.00000 0.45094 0.02451
v -0.00000 0.43359 0.03702
v -0.00000 0.41625 0.02451
v -0.00000 0.41357 0.01199
v -0.01151 0.45094 0.02084
v -0.01993 0.44361 0.02732
v -0.02301 0.43359 0.02969
v -0.01993 0.42358 0.02732
v -0.01151 0.41625 0.02084
v -0.01627 0.45094 0.01199
v -0.02818 0.44361 0.01199
v -0.03254 0.43359 0.01199
v -0.02818 0.42358 0.01199
v -0.01627 0.41625 0.01199
v -0.01151 0.45094 0.00314
v -0.01993 0.44361 -0.00334
v -0.02301 0.43359 -0.00571
v -0.01993 0.42358 -0.00334
v -0.01151 0.41625 0.00314
v -0.00000 0.45094 -0.00053
v -0.00000 0.44361 -0.00969
v -0.00000 0.43359 -0.01304
v -0.00000 0.42358 -0.00969
v -0.00000 0.41625 -0.00053
v 0.01151 0.45094 0.00314
v 0.01993 0.44361 -0.00334
v 0.02301 0.43359 -0.00571
v 0.01993 0.42358 -0.00334
v 0.01151 0.41625 0.00314
v 0.01627 0.45094 0.01199
v 0.02818 0.44361 0.01199
v 0.03254 0.43359 0.01199
v 0.02818 0.42358 0.01199
v 0.01627 0.41625 0.01199
v 0.01151 0.45094 0.02084
v 0.01993 0.44361 0.02732
v 0.02301 0.43359 0.02969
v 0.01993 0.42358 0.02732
v 0.01151 0.41625 0.02084
v -0.00000 0.44361 0.03367
v -0.00000 0.42358 0.03367
v -0.00000 0.54767 -0.01755
v -0.00000 0.54556 -0.00771
v -0.00000 0.53193 0.00212
v -0.00000 0.51831 -0.00771
v -0.00000 0.51620 -0.01755
v -0.00904 0.54556 -0.01060
v -0.01566 0.53980 -0.00550
v -0.01808 0.53193 -0.00364
v -0.01566 0.52407 -0.00550
v -0.00904 0.51831 -0.01060
v -0.01278 0.54556 -0.01755
v -0.02214 0.53980 -0.01755
v -0.02557 0.53193 -0.01755
v -0.02214 0.52407 -0.01755
v -0.01278 0.51831 -0.01755
v -0.00904 0.54556 -0.02450
v -0.01566 0.53980 -0.02959
v -0.01808 0.53193 -0.03146
v -0.01566 0.52407 -0.02959
v -0.00904 0.51831 -0.02450
v -0.00000 0.54556 -0.02738
v -0.00000 0.53980 -0.03458
v -0.00000 0.53193 -0.03722
v -0.00000 0.52407 -0.03458
v -0.00000 0.51831 -0.02738
v 0.00904 0.54556 -0.02450
v 0.01566 0.53980 -0.02959
v 0.01808 0.53193 -0.03146
v 0.01566 0.52407 -0.02959
v 0.00904 0.51831 -0.02450
v 0.01278 0.54556 -0.01755
v 0.02214 0.53980 -0.01755
v 0.02557 0.53193 -0.01755
v 0.02214 0.52407 -0.01755
v 0.01278 0.51831 -0.01755
v 0.00904 0.54556 -0.01060
v 0.01566 0.53980 -0.00550
v 0.01808 0.53193 -0.00364
v 0.01566 0.52407 -0.00550
v 0.00904 0.51831 -0.01060
v -0.00000 0.53980 -0.00052
v -0.00000 0.52407 -0.00052
v -0.00000 0.64136 -0.05412
v -0.00000 0.63868 -0.04160
v -0.00000 0.62133 -0.02908
v -0.00000 0.60399 -0.04160
v -0.00000 0.60131 -0.05412
v -0.01151 0.63868 -0.04527
v -0.01993 0.63135 -0.03879
v -0.02301 0.62133 -0.03642
v -0.01993 0.61132 -0.03879
v -0.01151 0.60399 -0.04527
v -0.01627 0.63868 -0.05412
v -0.02818 0.63135 -0.05412
v -0.03254 0.62133 -0.05412
v -0.02818 0.61132 -0.05412
v -0.01627 0.60399 -0.05412
v -0.01151 0.63868 -0.06297
v -0.01993 0.63135 -0.06944
v -0.02301 0.62133 -0.07182
v -0.01993 0.61132 -0.06944
v -0.01151 0.60399 -0.06297
v -0.00000 0.63868 -0.06663
v -0.00000 0.63135 -0.07579
v -0.00000 0.62133 -0.07915
v -0.00000 0.61132 -0.07579
v -0.00000 0.60399 -0.06663
v 0.01151 0.63868 -0.06297
v 0.01993 0.63135 -0.06944
v 0.02301 0.62133 -0.07182
v 0.01993 0.61132 -0.06944
v 0.01151 0.60399 -0.06297
v 0.01627 0.63868 -0.05412
v 0.02818 0.63135 -0.05412
v 0.03254 0.62133 -0.05412
v 0.02818 0.61132 -0.05412
v 0.01627 0.60399 -0.05412
v 0.01151 0.63868 -0.04527
v 0.01993 0.63135 -0.03879
v 0.02301 0.62133 -0.03642
v 0.01993 0.61132 -0.03879
v 0.01151 0.60399 -0.04527
v -0.00000 0.63135 -0.03244
v -0.00000 0.61132 -0.03244
v -0.00000 0.71753 -0.09486
v -0.00000 0.71542 -0.08502
v -0.00000 0.70180 -0.07519
v -0.00000 0.68817 -0.08502
v -0.00000 0.68606 -0.09486
v -0.00904 0.71542 -0.08790
v -0.01566 0.70966 -0.08281
v -0.01808 0.70180 -0.08095
v -0.01566 0.69393 -0.08281
v -0.00904 0.68817 -0.08790
v -0.01278 0.71542 -0.09486
v -0.02214 0.70966 -0.09486
v -0.02557 0.70180 -0.09486
v -0.02214 0.69393 -0.09486
v -0.01278 0.68817 -0.09486
v -0.00904 0.71542 -0.10181
v -0.01566 0.70966 -0.10690
v -0.01808 0.70180 -0.10877
v -0.01566 0.69393 -0.10690
v -0.00904 0.68817 -0.10181
v -0.00000 0.71542 -0.10469
v -0.00000 0.70966 -0.11189
v -0.00000 0.70180 -0.11453
v -0.00000 0.69393 -0.11189
v -0.00000 0.68817 -0.10469
v 0.00904 0.71542 -0.10181
v 0.01566 0.70966 -0.10690
v 0.01808 0.70180 -0.10877
v 0.01566 0.69393 -0.10690
v 0.00904 0.68817 -0.10181
v 0.01278 0.71542 -0.09486
v 0.02214 0.70966 -0.09486
v 0.02557 0.70180 -0.09486
v 0.02214 0.69393 -0.09486
v 0.01278 0.68817 -0.09486
v 0.00904 0.71542 -0.08790
v 0.01566 0.70966 -0.08281
v 0.01808 0.70180 -0.08095
v 0.01566 0.69393 -0.08281
v 0.00904 0.68817 -0.08790
v -0.00000 0.70966 -0.07782
v -0.00000 0.69393 -0.07782
v -0.00000 0.79334 -0.13924
v -0.00000 0.79066 -0.12672
v -0.00000 0.77332 -0.11420
v -0.00000 0.75597 -0.12672
v -0.00000 0.75329 -0.13924
v -0.01151 0.79066 -0.13039
v -0.01993 0.78333 -0.12391
v -0.02301 0.77332 -0.12154
v -0.01993 0.76330 -0.12391
v -0.01151 0.75597 -0.13039
v -0.01627 0.79066 -0.13924
v -0.02818 0.78333 -0.13924
v -0.03254 0.77332 -0.13924
v -0.02818 0.76330 -0.13924
v -0.01627 0.75597 -0.13924
v -0.01151 0.79066 -0.14809
v -0.01993 0.78333 -0.15457
v -0.02301 0.77332 -0.15694
v -0.01993 0.76330 -0.15457
v -0.01151 0.75597 -0.14809
v -0.00000 0.79066 -0.15175
v -0.00000 0.78333 -0.16092
v -0.00000 0.77332 -0.16427
v -0.00000 0.76330 -0.16092
v -0.00000 0.75597 -0.15175
v 0.01151 0.79066 -0.14809
v 0.01993 0.78333 -0.15457
v 0.02301 0.77332 -0.15694
v 0.01993 0.76330 -0.15457
v 0.01151 0.75597 -0.14809
v 0.01627 0.79066 -0.13924
v 0.02818 0.78333 -0.13924
v 0.03254 0.77332 -0.13924
v 0.02818 0.76330 -0.13924
v 0.01627 0.75597 -0.13924
v 0.01151 0.79066 -0.13039
v 0.01993 0.78333 -0.12391
v 0.02301 0.77332 -0.12154
v 0.01993 0.76330 -0.12391
v 0.01151 0.75597 -0.13039
v -0.00000 0.78333 -0.11756
v -0.00000 0.76330 -0.11756
v -0.00000 0.85163 -0.18352
v -0.00000 0.84952 -0.17369
v -0.00000 0.83590 -0.16385
v -0.00000 0.82227 -0.17369
v -0.00000 0.82016 -0.18352
v -0.00904 0.84952 -0.17657
v -0.01566 0.84376 -0.17148
v -0.01808 0.83590 -0.16961
v -0.01566 0.82803 -0.17148
v -0.00904 0.82227 -0.17657
v -0.01278 0.84952 -0.18352
v -0.02214 0.84376 -0.18352
v -0.02557 0.83590 -0.18352
v -0.02214 0.82803 -0.18352
v -0.01278 0.82227 -0.18352
v -0.00904 0.84952 -0.19048
v -0.01566 0.84376 -0.19557
v -0.01808 0.83590 -0.19743
v -0.01566 0.82803 -0.19557
v -0.00904 0.82227 -0.19048
v -0.00000 0.84952 -0.19336
v -0.00000 0.84376 -0.20055
v -0.00000 0.83590 -0.20319
v -0.00000 0.82803 -0.20055
v -0.00000 0.82227 -0.19336
v 0.00904 0.84952 -0.19048
v 0.01566 0.84376 -0.19557
v 0.01808 0.83590 -0.19743
v 0.01566 0.82803 -0.19557
v 0.00904 0.82227 -0.19048
v 0.01278 0.84952 -0.18352
v 0.02214 0.84376 -0.18352
v 0.02557 0.83590 -0.18352
v 0.02214 0.82803 -0.18352
v 0.01278 0.82227 -0.18352
v 0.00904 0.84952 -0.17657
v 0.01566 0.84376 -0.17148
v 0.01808 0.83590 -0.16961
v 0.01566 0.82803 -0.17148
v 0.00904 0.82227 -0.17657
v -0.00000 0.84376 -0.16649
v -0.00000 0.82803 -0.16649
vt 0.0300 0.5000
vt 0.0300 0.5000
vt 0.0300 0.5000
vt 0.0300 0.5000
vt 0.0300 0.5000
vt 0.0300 0.5000
vt 0.0300 0.5000
vt 0.0300 0.5000
vt 0.0300 0.5000
vt 0.0300 0.5000
vt 0.0300 0.5000
vt 0.0300 0.5000
vt 0.0300 0.5000
vt 0.0300 0.5000
vt 0.0300 0.5000
vt 0.0300 0.5000
vt 0.0300 0.5000
vt 0.0300 0.5000
vt 0.0300 0.5000
vt 0.0300 0.5000
vt 0.0300 0.5000
vt 0.0300 0.5000
vt 0.0300 0.5000
vt 0.0300 0.5000
vt 0.0300 0.5000
vt 0.0300 0.5000
vt 0.0300 0.5000
vt 0.0300 0.5000
vt 0.0300 0.5000
vt 0.0300 0.5000
vt 0.0300 0.5000
vt 0.0300 0.5000
vt 0.0300 0.5000
vt 0.0300 0.5000
vt 0.0300 0.5000
vt 0.0300 0.5000
vt 0.0300 0.5000
vt 0.0300 0.5000
vt 0.0300 0.5000
vt 0.0300 0.5000
vt 0.0300 0.5000
vt 0.0300 0.5000
vt 0.0300 0.5000
vt 0.0300 0.5000
vt 0.0300 0.5000
vt 0.0300 0.5000
vt 0.0300 0.5000
vt 0.0300 0.5000
vt 0.0300 0.5000
vt 0.0300 0.5000
vt 0.0300 0.5000
vt 0.0300 0.5000
vt 0.0300 0.5000
vt 0.0300 0.5000
vt 0.0300 0.5000
vt 0.0300 0.5000
vt 0.0300 0.5000
vt 0.0300 0.5000
vt 0.0300 0.5000
vt 0.0300 0.5000
vt 0.0300 0.5000
vt 0.0300 0.5000
vt 0.0300 0.5000
vt 0.0300 0.5000
vt 0.0300 0.5000
vt 0.0300 0.5000
vt 0.0300 0.5000
vt 0.0300 0.5000
vt 0.0300 0.5000
vt 0.0300 0.5000
vt 0.0300 0.5000
vt 0.0300 0.5000
vt 0.0300 0.5000
vt 0.0300 0.5000
vt 0.0300 0.5000
vt 0.0300 0.5000
vt 0.0300 0.5000
vt 0.0300 0.5000
vt 0.0300 0.5000
vt 0.0300 0.5000
vt 0.0300 0.5000
vt 0.0300 0.5000
vt 0.0300 0.5000
vt 0.0300 0.5000
vt 0.0300 0.5000
vt 0.0300 0.5000
vt 0.0300 0.5000
vt 0.0300 0.5000
vt 0.0300 0.5000
vt 0.0300 0.5000
vt 0.0300 0.5000
vt 0.0300 0.5000
vt 0.0300 0.5000
vt 0.0300 0.5000
vt 0.0300 0.5000
vt 0.0300 0.5000
vt 0.0300 0.5000
vt 0.0300 0.5000
vt 0.0300 0.5000
vt 0.0300 0.5000
vt 0.0300 0.5000
vt 0.0300 0.5000
vt 0.0300 0.5000
vt 0.0300 0.5000
vt 0.0300 0.5000
vt 0.0300 0.5000
vt 0.0300 0.5000
vt 0.0300 0.5000
vt 0.0300 0.5000
vt 0.0300 0.5000
vt 0.0300 0.5000
vt 0.0300 0.5000
vt 0.0300 0.5000
vt 0.0300 0.5000
vt 0.0300 0.5000
vt 0.0300 0.5000
vt 0.0300 0.5000
vt 0.0300 0.5000
vt 0.0300 0.5000
vt 0.0300 0.5000
vt 0.0300 0.5000
vt 0.0300 0.5000
vt 0.0300 0.5000
vt 0.0300 0.5000
vt 0.0300 0.5000
vt 0.0300 0.5000
vt 0.0300 0.5000
vt 0.0300 0.5000
vt 0.0300 0.5000
vt 0.0300 0.5000
vt 0.0300 0.5000
vt 0.0300 0.5000
vt 0.0300 0.5000
vt 0.0300 0.5000
vt 0.0300 0.5000
vt 0.0300 0.5000
vt 0.0300 0.5000
vt 0.0300 0.5000
vt 0.0300 0.5000
vt 0.0300 0.5000
vt 0.0300 0.5000
vt 0.0300 0.5000
vt 0.0300 0.5000
vt 0.0300 0.5000
vt 0.0300 0.5000
vt 0.0300 0.5000
vt 0.0300 0.5000
vt 0.0300 0.5000
vt 0.0300 0.5000
vt 0.0300 0.5000
vt 0.0300 0.5000
vt 0.0300 0.5000
vt 0.0300 0.5000
vt 0.0300 0.5000
vt 0.0300 0.5000
vt 0.0300 0.5000
vt 0.0300 0.5000
vt 0.0300 0.5000
vt 0.0300 0.5000
vt 0.0300 0.5000
vt 0.0300 0.5000
vt 0.0300 0.5000
vt 0.0300 0.5000
vt 0.0300 0.5000
vt 0.0300 0.5000
vt 0.0300 0.5000
vt 0.0300 0.5000
vt 0.0300 0.5000
vt 0.0300 0.5000
vt 0.0300 0.5000
vt 0.0300 0.5000
vt 0.0300 0.5000
vt 0.0300 0.5000
vt 0.0300 0.5000
vt 0.0300 0.5000
vt 0.0300 0.5000
vt 0.0300 0.5000
vt 0.0300 0.5000
vt 0.0300 0.5000
vt 0.0300 0.5000
vt 0.0300 0.5000
vt 0.0300 0.5000
vt 0.0300 0.5000
vt 0.0300 0.5000
vt 0.0300 0.5000
vt 0.0300 0.5000
vt 0.0300 0.5000
vt 0.0300 0.5000
vt 0.0300 0.5000
vt 0.0300 0.5000
vt 0.0300 0.5000
vt 0.0300 0.5000
vt 0.0300 0.5000
vt 0.0300 0.5000
vt 0.0300 0.5000
vt 0.0300 0.5000
vt 0.0300 0.5000
vt 0.0300 0.5000
vt 0.0300 0.5000
vt 0.0300 0.5000
vt 0.0300 0.5000
vt 0.0300 0.5000
vt 0.0300 0.5000
vt 0.0300 0.5000
vt 0.0300 0.5000
vt 0.0300 0.5000
vt 0.0300 0.5000
vt 0.0300 0.5000
vt 0.0300 0.5000
vt 0.0300 0.5000
vt 0.0300 0.5000
vt 0.0300 0.5000
vt 0.0300 0.5000
vt 0.0300 0.5000
vt 0.0300 0.5000
vt 0.0300 0.5000
vt 0.0300 0.5000
vt 0.0300 0.5000
vt 0.0300 0.5000
vt 0.0300 0.5000
vt 0.0300 0.5000
vt 0.0300 0.5000
vt 0.0300 0.5000
vt 0.0300 0.5000
vt 0.0300 0.5000
vt 0.0300 0.5000
vt 0.0300 0.5000
vt 0.0300 0.5000
vt 0.0300 0.5000
vt 0.0300 0.5000
vt 0.0300 0.5000
vt 0.0300 0.5000
vt 0.0300 0.5000
vt 0.0300 0.5000
vt 0.0300 0.5000
vt 0.0300 0.5000
vt 0.0300 0.5000
vt 0.0300 0.5000
vt 0.0300 0.5000
vt 0.0300 0.5000
vt 0.0300 0.5000
vt 0.0300 0.5000
vt 0.0300 0.5000
vt 0.0300 0.5000
vt 0.0300 0.5000
vt 0.0300 0.5000
vt 0.0300 0.5000
vt 0.0300 0.5000
vt 0.0300 0.5000
vt 0.0300 0.5000
vt 0.0300 0.5000
vt 0.0300 0.5000
vt 0.0300 0.5000
vt 0.0300 0.5000
vt 0.0300 0.5000
vt 0.0300 0.5000
vt 0.0300 0.5000
vt 0.0300 0.5000
vt 0.0300 0.5000
vt 0.0300 0.5000
vt 0.0300 0.5000
vt 0.0300 0.5000
vt 0.0300 0.5000
vt 0.0300 0.5000
vt 0.0300 0.5000
vt 0.0300 0.5000
vt 0.0300 0.5000
vt 0.0300 0.5000
vt 0.0300 0.5000
vt 0.0300 0.5000
vt 0.0300 0.5000
vt 0.0300 0.5000
vt 0.0300 0.5000
vt 0.0300 0.5000
vt 0.0300 0.5000
vt 0.0300 0.5000
vt 0.0300 0.5000
vt 0.0300 0.5000
vt 0.0300 0.5000
vt 0.0300 0.5000
vt 0.0300 0.5000
vt 0.0300 0.5000
vt 0.0300 0.5000
vt 0.0300 0.5000
vt 0.0300 0.5000
vt 0.0300 0.5000
vt 0.0300 0.5000
vt 0.0300 0.5000
vt 0.0300 0.5000
vt 0.0300 0.5000
vt 0.0300 0.5000
vt 0.0300 0.5000
vt 0.0300 0.5000
vt 0.0300 0.5000
vt 0.0300 0.5000
vt 0.0300 0.5000
vt 0.0300 0.5000
vt 0.0300 0.5000
vt 0.0300 0.5000
vt 0.0300 0.5000
vt 0.0300 0.5000
vt 0.0300 0.5000
vt 0.0300 0.5000
vt 0.0300 0.5000
vt 0.0300 0.5000
vt 0.0300 0.5000
vt 0.0300 0.5000
vt 0.0300 0.5000
vt 0.0300 0.5000
vt 0.0300 0.5000
vt 0.0300 0.5000
vt 0.0300 0.5000
vt 0.0300 0.5000
vt 0.0300 0.5000
vt 0.0300 0.5000
vt 0.0300 0.5000
vt 0.0300 0.5000
vt 0.0300 0.5000
vt 0.0300 0.5000
vt 0.0300 0.5000
vt 0.0300 0.5000
vt 0.0300 0.5000
vt 0.0300 0.5000
vt 0.0300 0.5000
vt 0.0300 0.5000
vt 0.0300 0.5000
vt 0.0300 0.5000
vt 0.0300 0.5000
vt 0.0300 0.5000
vt 0.0300 0.5000
vt 0.0300 0.5000
vt 0.0300 0.5000
vt 0.0300 0.5000
vt 0.0300 0.5000
vt 0.0300 0.5000
vt 0.0300 0.5000
vt 0.0300 0.5000
vt 0.0300 0.5000
vt 0.0300 0.5000
vt 0.0300 0.5000
vt 0.0300 0.5000
vt 0.0300 0.5000
vt 0.0300 0.5000
vt 0.0300 0.5000
vt 0.0300 0.5000
vt 0.0300 0.5000
vt 0.0300 0.5000
vt 0.0300 0.5000
vt 0.0300 0.5000
vt 0.0300 0.5000
vt 0.0300 0.5000
vt 0.0300 0.5000
vt 0.0300 0.5000
vt 0.0300 0.5000
vt 0.0300 0.5000
vt 0.0300 0.5000
vt 0.0300 0.5000
vt 0.0300 0.5000
vt 0.0300 0.5000
vt 0.0300 0.5000
vt 0.0300 0.5000
vt 0.0300 0.5000
vt 0.0300 0.5000
vt 0.0300 0.5000
vt 0.0300 0.5000
vt 0.0300 0.5000
vt 0.0300 0.5000
vt 0.0300 0.5000
vt 0.0300 0.5000
vt 0.0300 0.5000
vt 0.0300 0.5000
vt 0.0300 0.5000
vt 0.0300 0.5000
vt 0.0300 0.5000
vt 0.0300 0.5000
vt 0.0300 0.5000
vt 0.0300 0.5000
vt 0.0300 0.5000
vt 0.0300 0.5000
vt 0.0300 0.5000
vt 0.0300 0.5000
vt 0.0300 0.5000
vt 0.0300 0.5000
vt 0.0300 0.5000
vt 0.0300 0.5000
vt 0.0300 0.5000
vt 0.0300 0.5000
vt 0.0300 0.5000
vt 0.0300 0.5000
vt 0.0300 0.5000
vt 0.0300 0.5000
vt 0.0300 0.5000
vt 0.0300 0.5000
vt 0.0300 0.5000
vt 0.0300 0.5000
vt 0.0300 0.5000
vt 0.0300 0.5000
vt 0.0300 0.5000
vt 0.0300 0.5000
vt 0.0300 0.5000
vt 0.0300 0.5000
vt 0.0300 0.5000
vt 0.0300 0.5000
vt 0.0300 0.5000
vt 0.0300 0.5000
vt 0.0300 0.5000
vt 0.0300 0.5000
vt 0.0300 0.5000
vt 0.0300 0.5000
vt 0.0300 0.5000
vt 0.0300 0.5000
vt 0.0300 0.5000
vt 0.0300 0.5000
vt 0.0300 0.5000
vt 0.0300 0.5000
vt 0.0300 0.5000
vt 0.0300 0.5000
vt 0.0300 0.5000
vt 0.0300 0.5000
vt 0.0300 0.5000
vt 0.0300 0.5000
vt 0.0300 0.5000
vt 0.0300 0.5000
vt 0.0300 0.5000
vt 0.0300 0.5000
vt 0.0300 0.5000
vt 0.0300 0.5000
vt 0.0300 0.5000
vt 0.0300 0.5000
vt 0.0300 0.5000
vt 0.0300 0.5000
vt 0.0300 0.5000
vt 0.0300 0.5000
vt 0.0300 0.5000
vt 0.0300 0.5000
vt 0.0300 0.5000
vt 0.0300 0.5000
vt 0.0300 0.5000
vt 0.0300 0.5000
vt 0.0300 0.5000
vt 0.0300 0.5000
vt 0.0300 0.5000
vt 0.0300 0.5000
vt 0.0300 0.5000
vt 0.0300 0.5000
vt 0.0300 0.5000
vt 0.0300 0.5000
vt 0.0300 0.5000
vt 0.0300 0.5000
vt 0.0300 0.5000
vt 0.0300 0.5000
vt 0.0300 0.5000
vt 0.0300 0.5000
vt 0.0300 0.5000
vt 0.0300 0.5000
vt 0.0300 0.5000
vt 0.0300 0.5000
vt 0.0300 0.5000
vt 0.0300 0.5000
vt 0.0300 0.5000
vt 0.0300 0.5000
vt 0.0300 0.5000
vt 0.0300 0.5000
vt 0.0300 0.5000
vt 0.0300 0.5000
vt 0.0300 0.5000
vt 0.0300 0.5000
vt 0.0300 0.5000
vt 0.0300 0.5000
vt 0.0300 0.5000
vt 0.0300 0.5000
vt 0.0300 0.5000
vt 0.0300 0.5000
vt 0.0300 0.5000
vt 0.0300 0.5000
vt 0.0300 0.5000
vt 0.0300 0.5000
vt 0.0300 0.5000
vt 0.0300 0.5000
vt 0.0300 0.5000
vt 0.0300 0.5000
vt 0.0300 0.5000
vt 0.0300 0.5000
vt 0.0300 0.5000
vt 0.0300 0.5000
vt 0.0300 0.5000
vt 0.0300 0.5000
vt 0.0300 0.5000
vt 0.0300 0.5000
vt 0.0300 0.5000
vt 0.0300 0.5000
vt 0.0300 0.5000
vt 0.0300 0.5000
vt 0.0300 0.5000
vt 0.0300 0.5000
vt 0.0300 0.5000
vt 0.0300 0.5000
vt 0.0300 0.5000
vt 0.0300 0.5000
vt 0.0300 0.5000
vt 0.0300 0.5000
vt 0.0300 0.5000
vt 0.0300 0.5000
vt 0.0300 0.5000
vt 0.0300 0.5000
vt 0.0300 0.5000
vt 0.0300 0.5000
vt 0.0300 0.5000
vt 0.0300 0.5000
vt 0.0300 0.5000
vt 0.0300 0.5000
vt 0.0300 0.5000
vt 0.0300 0.5000
vt 0.0300 0.5000
vt 0.0300 0.5000
vt 0.0300 0.5000
vt 0.0300 0.5000
vt 0.0300 0.5000
vt 0.0300 0.5000
vt 0.0300 0.5000
vt 0.0300 0.5000
vt 0.0300 0.5000
vt 0.0300 0.5000
vt 0.0300 0.5000
vt 0.0300 0.5000
vt 0.0300 0.5000
vt 0.0300 0.5000
vt 0.0300 0.5000
vt 0.0300 0.5000
vt 0.0300 0.5000
vt 0.0300 0.5000
vt 0.0300 0.5000
vt 0.0300 0.5000
vt 0.0300 0.5000
vt 0.0300 0.5000
vt 0.0300 0.5000
vt 0.0300 0.5000
vt 0.0300 0.5000
vt 0.0300 0.5000
vt 0.0300 0.5000
vt 0.0300 0.5000
vt 0.0300 0.5000
vt 0.0300 0.5000
vt 0.0300 0.5000
vt 0.0300 0.5000
vt 0.0300 0.5000
vt 0.0300 0.5000
vt 0.0300 0.5000
vt 0.0300 0.5000
vt 0.0300 0.5000
vt 0.0300 0.5000
vt 0.0300 0.5000
vt 0.0300 0.5000
vt 0.0300 0.5000
vt 0.0300 0.5000
vt 0.0300 0.5000
vt 0.0300 0.5000
vt 0.0300 0.5000
vt 0.0300 0.5000
vt 0.0300 0.5000
vt 0.0300 0.5000
vt 0.0300 0.5000
vt 0.0300 0.5000
vt 0.0300 0.5000
vt 0.0300 0.5000
vt 0.0300 0.5000
vt 0.0300 0.5000
vt 0.0300 0.5000
vt 0.0300 0.5000
vt 0.0300 0.5000
vt 0.0300 0.5000
vt 0.0300 0.5000
vt 0.0300 0.5000
vt 0.0300 0.5000
vt 0.0300 0.5000
vt 0.0300 0.5000
vt 0.0300 0.5000
vt 0.0300 0.5000
vt 0.0300 0.5000
vt 0.0300 0.5000
vt 0.0300 0.5000
vt 0.0300 0.5000
vt 0.0300 0.5000
vt 0.0300 0.5000
vt 0.0300 0.5000
vt 0.0300 0.5000
vt 0.0300 0.5000
vt 0.0300 0.5000
vt 0.0300 0.5000
vt 0.0300 0.5000
vt 0.0300 0.5000
vt 0.0300 0.5000
vt 0.0300 0.5000
vt 0.0300 0.5000
vt 0.0300 0.5000
vt 0.0300 0.5000
vt 0.0300 0.5000
vt 0.0300 0.5000
vt 0.0300 0.5000
vt 0.0300 0.5000
vt 0.0300 0.5000
vt 0.0300 0.5000
vt 0.0300 0.5000
vt 0.0300 0.5000
vt 0.0300 0.5000
vt 0.0300 0.5000
vt 0.0300 0.5000
vt 0.0300 0.5000
vt 0.0300 0.5000
vt 0.0300 0.5000
vt 0.0300 0.5000
vt 0.0300 0.5000
vt 0.0300 0.5000
vt 0.0300 0.5000
vt 0.0300 0.5000
vt 0.0300 0.5000
vt 0.0300 0.5000
vt 0.0300 0.5000
vt 0.0300 0.5000
vt 0.0300 0.5000
vt 0.0300 0.5000
vt 0.0300 0.5000
vt 0.0300 0.5000
vt 0.0300 0.5000
vt 0.0300 0.5000
vt 0.0300 0.5000
vt 0.0300 0.5000
vt 0.0300 0.5000
vt 0.0300 0.5000
vt 0.0300 0.5000
vt 0.0300 0.5000
vt 0.0300 0.5000
vt 0.0300 0.5000
vt 0.0300 0.5000
vt 0.0300 0.5000
vt 0.0300 0.5000
vt 0.0300 0.5000
vt 0.0300 0.5000
vt 0.0300 0.5000
vt 0.0300 0.5000
vt 0.0300 0.5000
vt 0.0300 0.5000
vt 0.0300 0.5000
vt 0.0300 0.5000
vt 0.0300 0.5000
vt 0.0300 0.5000
vt 0.0300 0.5000
vt 0.0300 0.5000
vt 0.0300 0.5000
vt 0.0300 0.5000
vt 0.0300 0.5000
vt 0.0300 0.5000
vt 0.0300 0.5000
vt 0.0300 0.5000
vt 0.0300 0.5000
vt 0.0300 0.5000
vt 0.0300 0.5000
vt 0.0300 0.5000
vt 0.0300 0.5000
vt 0.0300 0.5000
vt 0.0300 0.5000
vt 0.0300 0.5000
vt 0.0300 0.5000
vt 0.0300 0.5000
vt 0.0300 0.5000
vt 0.0300 0.5000
vt 0.0300 0.5000
vt 0.0300 0.5000
vt 0.0300 0.5000
vt 0.0300 0.5000
vt 0.0300 0.5000
vt 0.0300 0.5000
vt 0.0300 0.5000
vt 0.0300 0.5000
vt 0.0300 0.5000
vt 0.0300 0.5000
vt 0.0300 0.5000
vt 0.0300 0.5000
vt 0.0300 0.5000
vt 0.0300 0.5000
vt 0.0300 0.5000
vt 0.0300 0.5000
vt 0.0300 0.5000
vt 0.0300 0.5000
vt 0.0300 0.5000
vt 0.0300 0.5000
vt 0.0300 0.5000
vt 0.0300 0.5000
vt 0.0300 0.5000
vt 0.0300 0.5000
vt 0.0300 0.5000
vt 0.0300 0.5000
vt 0.0300 0.5000
vt 0.0300 0.5000
vt 0.0300 0.5000
vt 0.0300 0.5000
vt 0.0300 0.5000
vt 0.0300 0.5000
vt 0.0300 0.5000
vt 0.0300 0.5000
vt 0.0300 0.5000
vt 0.0300 0.5000
vt 0.0300 0.5000
vt 0.0300 0.5000
vt 0.0300 0.5000
vt 0.0300 0.5000
vt 0.0300 0.5000
vt 0.0300 0.5000
vt 0.0300 0.5000
vt 0.0300 0.5000
vt 0.0300 0.5000
vt 0.0300 0.5000
vt 0.0300 0.5000
vt 0.0300 0.5000
vt 0.0300 0.5000
vt 0.0300 0.5000
vt 0.0300 0.5000
vt 0.0300 0.5000
vt 0.0300 0.5000
vt 0.0300 0.5000
vt 0.0300 0.5000
vt 0.0300 0.5000
vt 0.0300 0.5000
vt 0.0300 0.5000
vt 0.0300 0.5000
vt 0.0300 0.5000
vt 0.0300 0.5000
vt 0.0300 0.5000
vt 0.0300 0.5000
vt 0.0300 0.5000
vt 0.0300 0.5000
vt 0.0300 0.5000
vt 0.0300 0.5000
vt 0.0300 0.5000
vt 0.0300 0.5000
vt 0.0300 0.5000
vt 0.0300 0.5000
vt 0.0300 0.5000
vt 0.0300 0.5000
vt 0.0300 0.5000
vt 0.0300 0.5000
vt 0.0300 0.5000
vt 0.0300 0.5000
vt 0.0300 0.5000
vt 0.0300 0.5000
vt 0.0300 0.5000
vt 0.0300 0.5000
vt 0.0300 0.5000
vt 0.0300 0.5000
vt 0.0300 0.5000
vt 0.0300 0.5000
vt 0.0300 0.5000
vt 0.0300 0.5000
vt 0.0300 0.5000
vt 0.0300 0.5000
vt 0.0300 0.5000
vt 0.0300 0.5000
vt 0.0300 0.5000
vt 0.0300 0.5000
vt 0.0300 0.5000
vt 0.0300 0.5000
vt 0.0300 0.5000
vt 0.0300 0.5000
vt 0.0300 0.5000
vt 0.0300 0.5000
vt 0.0300 0.5000
vt 0.0300 0.5000
vt 0.0300 0.5000
vt 0.0300 0.5000
vt 0.0300 0.5000
vt 0.0300 0.5000
vt 0.0300 0.5000
vt 0.0300 0.5000
vt 0.0300 0.5000
vt 0.0300 0.5000
vt 0.0300 0.5000
vt 0.0300 0.5000
vt 0.0300 0.5000
vt 0.0300 0.5000
vt 0.0300 0.5000
vt 0.0300 0.5000
vt 0.0300 0.5000
vt 0.0300 0.5000
vt 0.0300 0.5000
vt 0.0300 0.5000
vt 0.0300 0.5000
vt 0.0300 0.5000
vt 0.0300 0.5000
vt 0.0300 0.5000
vt 0.0300 0.5000
vt 0.0300 0.5000
vt 0.0300 0.5000
vt 0.0300 0.5000
vt 0.0300 0.5000
vt 0.0300 0.5000
vt 0.0300 0.5000
vt 0.0300 0.5000
vt 0.0300 0.5000
vt 0.0300 0.5000
vt 0.0300 0.5000
vt 0.0300 0.5000
vt 0.0300 0.5000
vt 0.0300 0.5000
vt 0.0300 0.5000
vt 0.0300 0.5000
vt 0.0300 0.5000
vt 0.0300 0.5000
vt 0.0300 0.5000
vt 0.0300 0.5000
vt 0.0300 0.5000
vt 0.0300 0.5000
vt 0.0300 0.5000
vt 0.0300 0.5000
vt 0.0300 0.5000
vt 0.0300 0.5000
vt 0.0300 0.5000
vt 0.0300 0.5000
vt 0.0300 0.5000
vt 0.0300 0.5000
vt 0.0300 0.5000
vt 0.0300 0.5000
vt 0.0300 0.5000
vt 0.0300 0.5000
vt 0.0300 0.5000
vt 0.0300 0.5000
vt 0.0300 0.5000
vt 0.0300 0.5000
vt 0.0300 0.5000
vt 0.0300 0.5000
vt 0.0300 0.5000
vt 0.0300 0.5000
vt 0.0300 0.5000
vt 0.0300 0.5000
vt 0.0300 0.5000
vt 0.0300 0.5000
vt 0.0300 0.5000
vt 0.0300 0.5000
vt 0.0300 0.5000
vt 0.0300 0.5000
vt 0.0300 0.5000
vt 0.0300 0.5000
vt 0.0300 0.5000
vt 0.0300 0.5000
vt 0.0300 0.5000
vt 0.0300 0.5000
vt 0.0300 0.5000
vt 0.0300 0.5000
vt 0.0300 0.5000
vt 0.0300 0.5000
vt 0.0300 0.5000
vt 0.0300 0.5000
vt 0.0300 0.5000
vt 0.0300 0.5000
vt 0.0300 0.5000
vt 0.0300 0.5000
vt 0.0300 0.5000
vt 0.0300 0.5000
vt 0.0300 0.5000
vt 0.0300 0.5000
vt 0.0300 0.5000
vt 0.0300 0.5000
vt 0.0300 0.5000
vt 0.0300 0.5000
vt 0.0300 0.5000
vt 0.0300 0.5000
vt 0.0300 0.5000
vt 0.0300 0.5000
vt 0.0300 0.5000
vt 0.0300 0.5000
vt 0.0300 0.5000
vt 0.0300 0.5000
vt 0.0300 0.5000
vt 0.0300 0.5000
vt 0.0300 0.5000
vt 0.0300 0.5000
vt 0.0300 0.5000
vt 0.0300 0.5000
vt 0.0300 0.5000
vt 0.0300 0.5000
vt 0.0300 0.5000
vt 0.0300 0.5000
vt 0.0300 0.5000
vt 0.0300 0.5000
vt 0.0300 0.5000
vt 0.0300 0.5000
vt 0.0300 0.5000
vt 0.0300 0.5000
vt 0.0300 0.5000
vt 0.0300 0.5000
vt 0.0300 0.5000
vt 0.0300 0.5000
vt 0.0300 0.5000
vt 0.0300 0.5000
vt 0.0300 0.5000
vt 0.0300 0.5000
vt 0.0300 0.5000
vt 0.0300 0.5000
vt 0.0300 0.5000
vt 0.0300 0.5000
vt 0.0300 0.5000
vt 0.0300 0.5000
vt 0.0300 0.5000
vt 0.0300 0.5000
vt 0.0300 0.5000
vt 0.0300 0.5000
vt 0.0300 0.5000
vt 0.0300 0.5000
vt 0.0300 0.5000
vt 0.0300 0.5000
vt 0.0300 0.5000
vt 0.0300 0.5000
vt 0.0300 0.5000
vt 0.0300 0.5000
vt 0.0300 0.5000
vt 0.0300 0.5000
vt 0.0300 0.5000
vt 0.0300 0.5000
vt 0.0300 0.5000
vt 0.0300 0.5000
vt 0.0300 0.5000
vt 0.0300 0.5000
vt 0.0300 0.5000
vt 0.0300 0.5000
vt 0.0300 0.5000
vt 0.0300 0.5000
vt 0.0300 0.5000
vt 0.0300 0.5000
vt 0.0300 0.5000
vt 0.0300 0.5000
vt 0.0300 0.5000
vt 0.0300 0.5000
vt 0.0300 0.5000
vt 0.0300 0.5000
vt 0.0300 0.5000
vt 0.0300 0.5000
vt 0.0300 0.5000
vt 0.0300 0.5000
vt 0.0300 0.5000
vt 0.0300 0.5000
vt 0.0300 0.5000
vt 0.0300 0.5000
vt 0.0300 0.5000
vt 0.0300 0.5000
vt 0.0300 0.5000
vt 0.0300 0.5000
vt 0.0300 0.5000
vt 0.0300 0.5000
vt 0.0300 0.5000
vt 0.0300 0.5000
vt 0.0300 0.5000
vt 0.0300 0.5000
vt 0.0300 0.5000
vt 0.0300 0.5000
vt 0.0300 0.5000
vt 0.0300 0.5000
vt 0.0300 0.5000
vt 0.0300 0.5000
vt 0.0300 0.5000
vt 0.0300 0.5000
vt 0.0300 0.5000
vt 0.0300 0.5000
vt 0.0300 0.5000
vt 0.0300 0.5000
vt 0.0300 0.5000
vt 0.0300 0.5000
vt 0.0300 0.5000
vt 0.0300 0.5000
vt 0.0300 0.5000
vt 0.0300 0.5000
vt 0.0300 0.5000
vt 0.0300 0.5000
vt 0.0300 0.5000
vt 0.0300 0.5000
vt 0.0300 0.5000
vt 0.0300 0.5000
vt 0.0300 0.5000
vt 0.0300 0.5000
vt 0.0300 0.5000
vt 0.0300 0.5000
vt 0.0300 0.5000
vt 0.0300 0.5000
vt 0.0300 0.5000
vt 0.0300 0.5000
vt 0.0300 0.5000
vt 0.0300 0.5000
vt 0.0300 0.5000
vt 0.0300 0.5000
vt 0.0300 0.5000
vt 0.0300 0.5000
vt 0.0300 0.5000
vt 0.0300 0.5000
vt 0.0300 0.5000
vt 0.0300 0.5000
vt 0.0300 0.5000
vt 0.0300 0.5000
vt 0.0300 0.5000
vt 0.0300 0.5000
vt 0.0300 0.5000
vt 0.0300 0.5000
vt 0.0300 0.5000
vt 0.0300 0.5000
vt 0.0300 0.5000
vt 0.0300 0.5000
vt 0.0300 0.5000
vt 0.0300 0.5000
vt 0.0300 0.5000
vt 0.0300 0.5000
vt 0.0300 0.5000
vt 0.0300 0.5000
vt 0.0300 0.5000
vt 0.0300 0.5000
vt 0.0300 0.5000
vt 0.0300 0.5000
vt 0.0300 0.5000
vt 0.0300 0.5000
vt 0.0300 0.5000
vt 0.0300 0.5000
vt 0.0300 0.5000
vt 0.0300 0.5000
vt 0.0300 0.5000
vt 0.0300 0.5000
vt 0.0300 0.5000
vt 0.0300 0.5000
vt 0.0300 0.5000
vt 0.0300 0.5000
vt 0.0300 0.5000
vt 0.0300 0.5000
vt 0.0300 0.5000
vt 0.0300 0.5000
vt 0.0300 0.5000
vt 0.0300 0.5000
vt 0.0300 0.5000
vt 0.0300 0.5000
vt 0.0300 0.5000
vt 0.0300 0.5000
vt 0.0300 0.5000
vt 0.0300 0.5000
vt 0.0300 0.5000
vt 0.0300 0.5000
vt 0.0300 0.5000
vt 0.0300 0.5000
vt 0.0300 0.5000
vt 0.0300 0.5000
vt 0.0300 0.5000
vt 0.0300 0.5000
vt 0.0300 0.5000
vt 0.0300 0.5000
vt 0.0300 0.5000
vt 0.0300 0.5000
vt 0.0300 0.5000
vt 0.0300 0.5000
vt 0.0300 0.5000
vt 0.0300 0.5000
vt 0.0300 0.5000
vt 0.0300 0.5000
vt 0.0300 0.5000
vt 0.0300 0.5000
vt 0.0300 0.5000
vt 0.0300 0.5000
vt 0.0300 0.5000
vt 0.0300 0.5000
vt 0.0300 0.5000
vt 0.0300 0.5000
vt 0.0300 0.5000
vt 0.0300 0.5000
vt 0.0300 0.5000
vt 0.0300 0.5000
vt 0.0300 0.5000
vt 0.0300 0.5000
vt 0.0300 0.5000
vt 0.0300 0.5000
vt 0.0300 0.5000
vt 0.0300 0.5000
vt 0.0300 0.5000
vt 0.0300 0.5000
vt 0.0300 0.5000
vt 0.0300 0.5000
vt 0.0300 0.5000
vt 0.0300 0.5000
vt 0.0300 0.5000
vt 0.0300 0.5000
vt 0.0300 0.5000
vt 0.0300 0.5000
vt 0.0300 0.5000
vt 0.0300 0.5000
vt 0.0300 0.5000
vt 0.0300 0.5000
vt 0.0300 0.5000
vt 0.0300 0.5000
vt 0.0300 0.5000
vt 0.0300 0.5000
vt 0.0300 0.5000
vt 0.0300 0.5000
vt 0.0300 0.5000
vt 0.0300 0.5000
vt 0.0300 0.5000
vt 0.0300 0.5000
vt 0.0300 0.5000
vt 0.0300 0.5000
vt 0.0300 0.5000
vt 0.0300 0.5000
vt 0.0300 0.5000
vt 0.0300 0.5000
vt 0.0300 0.5000
vt 0.0300 0.5000
vt 0.0300 0.5000
vt 0.0300 0.5000
vt 0.0300 0.5000
vt 0.0300 0.5000
vt 0.0300 0.5000
vt 0.0300 0.5000
vt 0.0300 0.5000
vt 0.0300 0.5000
vt 0.0300 0.5000
vt 0.0300 0.5000
vt 0.0300 0.5000
vt 0.0300 0.5000
vt 0.0300 0.5000
vt 0.0300 0.5000
vt 0.0300 0.5000
vt 0.0300 0.5000
vt 0.0300 0.5000
vt 0.0300 0.5000
vt 0.0300 0.5000
vt 0.0300 0.5000
vt 0.0300 0.5000
vt 0.0300 0.5000
vt 0.0300 0.5000
vt 0.0300 0.5000
vt 0.0300 0.5000
vt 0.0300 0.5000
vt 0.0300 0.5000
vt 0.0300 0.5000
vt 0.0300 0.5000
vt 0.0300 0.5000
vt 0.0300 0.5000
vt 0.0300 0.5000
vt 0.0300 0.5000
vt 0.0300 0.5000
vt 0.0300 0.5000
vt 0.0300 0.5000
vt 0.0300 0.5000
vt 0.0300 0.5000
vt 0.0300 0.5000
vt 0.0300 0.5000
vt 0.0300 0.5000
vt 0.0300 0.5000
vt 0.0300 0.5000
vt 0.0300 0.5000
vt 0.0300 0.5000
vt 0.0300 0.5000
vt 0.0300 0.5000
vt 0.0300 0.5000
vt 0.0300 0.5000
vt 0.0300 0.5000
vt 0.0300 0.5000
vt 0.0300 0.5000
vt 0.0300 0.5000
vt 0.0300 0.5000
vt 0.0300 0.5000
vt 0.0300 0.5000
vt 0.0300 0.5000
vt 0.0300 0.5000
vt 0.0300 0.5000
vt 0.0300 0.5000
vt 0.0300 0.5000
vt 0.0300 0.5000
vt 0.0300 0.5000
vt 0.0300 0.5000
vt 0.0300 0.5000
vt 0.0300 0.5000
vt 0.0300 0.5000
vt 0.0300 0.5000
vt 0.0300 0.5000
vt 0.0300 0.5000
vt 0.0300 0.5000
vt 0.0300 0.5000
vt 0.0300 0.5000
vt 0.0300 0.5000
vt 0.0300 0.5000
vt 0.0300 0.5000
vt 0.0300 0.5000
vt 0.0300 0.5000
vt 0.0300 0.5000
vt 0.0300 0.5000
vt 0.0300 0.5000
vt 0.0300 0.5000
vt 0.0300 0.5000
vt 0.0300 0.5000
vt 0.0300 0.5000
vt 0.0300 0.5000
vt 0.0300 0.5000
vt 0.0300 0.5000
vt 0.0300 0.5000
vt 0.0300 0.5000
vt 0.0300 0.5000
vt 0.0300 0.5000
vt 0.0300 0.5000
vt 0.0300 0.5000
vt 0.0300 0.5000
vt 0.0300 0.5000
vt 0.0300 0.5000
vt 0.0300 0.5000
vt 0.0300 0.5000
vt 0.0300 0.5000
vt 0.0300 0.5000
vt 0.0300 0.5000
vt 0.0300 0.5000
vt 0.0300 0.5000
vt 0.0300 0.5000
vt 0.0300 0.5000
vt 0.0300 0.5000
vt 0.0300 0.5000
vt 0.0300 0.5000
vt 0.0300 0.5000
vt 0.0300 0.5000
vt 0.0300 0.5000
vt 0.0300 0.5000
vt 0.0300 0.5000
vt 0.0300 0.5000
vt 0.0300 0.5000
vt 0.0300 0.5000
vt 0.0300 0.5000
vt 0.0300 0.5000
vt 0.0300 0.5000
vt 0.0300 0.5000
vt 0.0300 0.5000
vt 0.0300 0.5000
vt 0.0300 0.5000
vt 0.0300 0.5000
vt 0.0300 0.5000
vt 0.0300 0.5000
vt 0.0300 0.5000
vt 0.0300 0.5000
vt 0.0300 0.5000
vt 0.0300 0.5000
vt 0.0300 0.5000
vt 0.0300 0.5000
vt 0.0300 0.5000
vt 0.0300 0.5000
vt 0.0300 0.5000
vt 0.0300 0.5000
vt 0.0300 0.5000
vt 0.0300 0.5000
vt 0.0300 0.5000
vt 0.0300 0.5000
vt 0.0300 0.5000
vt 0.0300 0.5000
vt 0.0300 0.5000
vt 0.0300 0.5000
vt 0.0300 0.5000
vt 0.0300 0.5000
vt 0.0300 0.5000
vt 0.0300 0.5000
vt 0.0300 0.5000
vt 0.0300 0.5000
vt 0.0300 0.5000
vt 0.0300 0.5000
vt 0.0300 0.5000
vt 0.0300 0.5000
vt 0.0300 0.5000
vt 0.0300 0.5000
vt 0.0300 0.5000
vt 0.0300 0.5000
vt 0.0300 0.5000
vt 0.0300 0.5000
vt 0.0300 0.5000
vt 0.0300 0.5000
vt 0.0300 0.5000
vt 0.0300 0.5000
vt 0.0300 0.5000
vt 0.0300 0.5000
vt 0.0300 0.5000
vt 0.0300 0.5000
vt 0.0300 0.5000
vt 0.0300 0.5000
vt 0.0300 0.5000
vt 0.0300 0.5000
vt 0.0300 0.5000
vt 0.0300 0.5000
vt 0.0300 0.5000
vt 0.0300 0.5000
vt 0.0300 0.5000
vt 0.0300 0.5000
vt 0.0300 0.5000
vt 0.0300 0.5000
vt 0.0300 0.5000
vt 0.0300 0.5000
vt 0.0300 0.5000
vt 0.0300 0.5000
vt 0.0300 0.5000
vt 0.0300 0.5000
vt 0.0300 0.5000
vt 0.0300 0.5000
vt 0.0300 0.5000
vt 0.0300 0.5000
vt 0.0300 0.5000
vt 0.0300 0.5000
vt 0.0300 0.5000
vt 0.0300 0.5000
vt 0.0300 0.5000
vt 0.0300 0.5000
vt 0.0300 0.5000
vt 0.0300 0.5000
vt 0.0300 0.5000
vt 0.0300 0.5000
vt 0.0300 0.5000
vt 0.0300 0.5000
vt 0.0300 0.5000
vt 0.0300 0.5000
vt 0.0300 0.5000
vt 0.0300 0.5000
vt 0.0300 0.5000
vt 0.0300 0.5000
vt 0.0300 0.5000
vt 0.0300 0.5000
vt 0.0300 0.5000
vt 0.0300 0.5000
vt 0.0300 0.5000
vt 0.0300 0.5000
vt 0.0300 0.5000
vt 0.0300 0.5000
vt 0.0300 0.5000
vt 0.0300 0.5000
vt 0.0300 0.5000
vt 0.0300 0.5000
vt 0.0300 0.5000
vt 0.0300 0.5000
vt 0.0300 0.5000
vt 0.0300 0.5000
vt 0.0300 0.5000
vt 0.0300 0.5000
vt 0.0300 0.5000
vt 0.0300 0.5000
vt 0.0300 0.5000
vt 0.0300 0.5000
vt 0.0300 0.5000
vt 0.0300 0.5000
vt 0.0300 0.5000
vt 0.0300 0.5000
vt 0.0300 0.5000
vt 0.0300 0.5000
vt 0.0300 0.5000
vt 0.0300 0.5000
vt 0.0300 0.5000
vt 0.0300 0.5000
vt 0.0300 0.5000
vt 0.0300 0.5000
vt 0.0300 0.5000
vt 0.0300 0.5000
vt 0.0300 0.5000
vt 0.0300 0.5000
vt 0.0300 0.5000
vt 0.0300 0.5000
vt 0.0300 0.5000
vt 0.0300 0.5000
vt 0.0300 0.5000
vt 0.0300 0.5000
vt 0.0300 0.5000
vt 0.0300 0.5000
vt 0.0300 0.5000
vt 0.0300 0.5000
vt 0.0300 0.5000
vt 0.0300 0.5000
vt 0.0300 0.5000
vt 0.0300 0.5000
vt 0.0300 0.5000
vt 0.0300 0.5000
vt 0.0300 0.5000
vt 0.0300 0.5000
vt 0.0300 0.5000
vt 0.0300 0.5000
vt 0.0300 0.5000
vt 0.0300 0.5000
vt 0.0300 0.5000
vt 0.0300 0.5000
vt 0.0300 0.5000
vt 0.0300 0.5000
vt 0.0300 0.5000
vt 0.0300 0.5000
vt 0.0300 0.5000
vt 0.0300 0.5000
vt 0.0300 0.5000
vt 0.0300 0.5000
vt 0.0300 0.5000
vt 0.0300 0.5000
vt 0.0300 0.5000
vt 0.0300 0.5000
vt 0.0300 0.5000
vt 0.0300 0.5000
vt 0.0300 0.5000
vt 0.0300 0.5000
vt 0.0300 0.5000
vt 0.0300 0.5000
vt 0.0300 0.5000
vt 0.0300 0.5000
vt 0.0300 0.5000
vt 0.0300 0.5000
vt 0.0300 0.5000
vt 0.0300 0.5000
vt 0.0300 0.5000
vt 0.0300 0.5000
vt 0.0300 0.5000
vt 0.0300 0.5000
vt 0.0300 0.5000
vt 0.0300 0.5000
vt 0.0300 0.5000
vt 0.0300 0.5000
vt 0.0300 0.5000
vt 0.0300 0.5000
vt 0.0300 0.5000
vt 0.0300 0.5000
vt 0.0300 0.5000
vt 0.0300 0.5000
vt 0.0300 0.5000
vt 0.0300 0.5000
vt 0.0300 0.5000
vt 0.0300 0.5000
vt 0.0300 0.5000
vt 0.0300 0.5000
vt 0.0300 0.5000
vt 0.0300 0.5000
vt 0.0300 0.5000
vt 0.0300 0.5000
vt 0.0300 0.5000
vt 0.0300 0.5000
vt 0.0300 0.5000
vt 0.0300 0.5000
vt 0.0300 0.5000
vt 0.0300 0.5000
vt 0.0300 0.5000
vt 0.0300 0.5000
vt 0.0300 0.5000
vt 0.0300 0.5000
vt 0.0300 0.5000
vt 0.0300 0.5000
vt 0.0300 0.5000
vt 0.0300 0.5000
vt 0.0300 0.5000
vt 0.0300 0.5000
vt 0.0300 0.5000
vt 0.0300 0.5000
vt 0.0300 0.5000
vt 0.0300 0.5000
vt 0.0300 0.5000
vt 0.0300 0.5000
vt 0.0300 0.5000
vt 0.0300 0.5000
vt 0.0300 0.5000
vt 0.0300 0.5000
vt 0.0300 0.5000
vt 0.0300 0.5000
vt 0.0300 0.5000
vt 0.0300 0.5000
vt 0.0300 0.5000
vt 0.0300 0.5000
vt 0.0300 0.5000
vt 0.0300 0.5000
vt 0.0300 0.5000
vt 0.0300 0.5000
vt 0.0300 0.5000
vt 0.0300 0.5000
vt 0.0300 0.5000
vt 0.0300 0.5000
vt 0.0300 0.5000
vt 0.0300 0.5000
vt 0.0300 0.5000
vt 0.0300 0.5000
vt 0.0300 0.5000
vt 0.0300 0.5000
vt 0.0300 0.5000
vt 0.0300 0.5000
vt 0.0300 0.5000
vt 0.0300 0.5000
vt 0.0300 0.5000
vt 0.0300 0.5000
vt 0.0300 0.5000
vt 0.0300 0.5000
vt 0.0300 0.5000
vt 0.0300 0.5000
vt 0.0300 0.5000
vt 0.0300 0.5000
vt 0.0300 0.5000
vt 0.0300 0.5000
vt 0.0300 0.5000
vt 0.0300 0.5000
vt 0.0300 0.5000
vt 0.0300 0.5000
vt 0.0300 0.5000
vt 0.0300 0.5000
vt 0.0300 0.5000
vt 0.0300 0.5000
vt 0.0300 0.5000
vt 0.0300 0.5000
vt 0.0300 0.5000
vt 0.0300 0.5000
vt 0.0300 0.5000
vt 0.0300 0.5000
vt 0.0300 0.5000
vt 0.0300 0.5000
vt 0.0300 0.5000
vt 0.0300 0.5000
vt 0.0300 0.5000
vt 0.0300 0.5000
vt 0.0300 0.5000
vt 0.0300 0.5000
vt 0.0300 0.5000
vt 0.0300 0.5000
vt 0.0300 0.5000
vt 0.0300 0.5000
vt 0.0300 0.5000
vt 0.0300 0.5000
vt 0.0300 0.5000
vt 0.0300 0.5000
vt 0.0300 0.5000
vt 0.0300 0.5000
vt 0.0300 0.5000
vt 0.0300 0.5000
vt 0.0300 0.5000
vt 0.0300 0.5000
vt 0.0300 0.5000
vt 0.0300 0.5000
vt 0.0300 0.5000
vt 0.0300 0.5000
vt 0.0300 0.5000
vt 0.0300 0.5000
vt 0.0300 0.5000
vt 0.0300 0.5000
vt 0.0300 0.5000
vt 0.0300 0.5000
vt 0.0300 0.5000
vt 0.0300 0.5000
vt 0.0300 0.5000
vt 0.0300 0.5000
vt 0.0300 0.5000
vt 0.0300 0.5000
vt 0.0300 0.5000
vt 0.0300 0.5000
vt 0.0300 0.5000
vt 0.0300 0.5000
vt 0.0300 0.5000
vt 0.0300 0.5000
vt 0.0300 0.5000
vt 0.0300 0.5000
vt 0.0300 0.5000
vt 0.0300 0.5000
vt 0.0300 0.5000
vt 0.0300 0.5000
vt 0.0300 0.5000
vt 0.0300 0.5000
vt 0.0300 0.5000
vt 0.0300 0.5000
vt 0.0300 0.5000
vt 0.0300 0.5000
vt 0.0300 0.5000
vt 0.0300 0.5000
vt 0.0300 0.5000
vt 0.0300 0.5000
vt 0.0300 0.5000
vt 0.0300 0.5000
vt 0.0300 0.5000
vt 0.0300 0.5000
vt 0.0300 0.5000
vt 0.0300 0.5000
vt 0.0300 0.5000
vt 0.0300 0.5000
vt 0.0300 0.5000
vt 0.0300 0.5000
vt 0.0300 0.5000
vt 0.0300 0.5000
vt 0.0300 0.5000
vt 0.0300 0.5000
vt 0.0300 0.5000
vt 0.0300 0.5000
vt 0.0300 0.5000
vt 0.0300 0.5000
vt 0.0300 0.5000
vt 0.0300 0.5000
vt 0.0300 0.5000
vt 0.0300 0.5000
vt 0.0300 0.5000
vt 0.0300 0.5000
vt 0.0300 0.5000
vt 0.0300 0.5000
vt 0.0300 0.5000
vt 0.0300 0.5000
vt 0.0300 0.5000
vt 0.0300 0.5000
vt 0.0300 0.5000
vt 0.0300 0.5000
vt 0.0300 0.5000
vt 0.0300 0.5000
vt 0.0300 0.5000
vt 0.0300 0.5000
vt 0.0300 0.5000
vt 0.0300 0.5000
vt 0.0300 0.5000
vt 0.0300 0.5000
vt 0.0300 0.5000
vt 0.0300 0.5000
vt 0.0300 0.5000
vt 0.0300 0.5000
vt 0.0300 0.5000
vt 0.0300 0.5000
vt 0.0300 0.5000
vt 0.0300 0.5000
vt 0.0300 0.5000
vt 0.0300 0.5000
vt 0.0300 0.5000
vt 0.0300 0.5000
vt 0.0300 0.5000
vt 0.0300 0.5000
vt 0.0300 0.5000
vt 0.0300 0.5000
vt 0.0300 0.5000
vt 0.0300 0.5000
vt 0.0300 0.5000
vt 0.0300 0.5000
vt 0.0300 0.5000
vt 0.0300 0.5000
vt 0.0300 0.5000
vt 0.0300 0.5000
vt 0.0300 0.5000
vt 0.0300 0.5000
vt 0.0300 0.5000
vt 0.0300 0.5000
vt 0.0300 0.5000
vt 0.0300 0.5000
vt 0.0300 0.5000
vt 0.0300 0.5000
vt 0.0300 0.5000
vt 0.0300 0.5000
vt 0.0300 0.5000
vt 0.0300 0.5000
vt 0.0300 0.5000
vt 0.0300 0.5000
vt 0.0300 0.5000
vt 0.0300 0.5000
vt 0.0300 0.5000
vt 0.0300 0.5000
vt 0.0300 0.5000
vt 0.0300 0.5000
vt 0.0300 0.5000
vt 0.0300 0.5000
vt 0.0300 0.5000
vt 0.0300 0.5000
vt 0.0300 0.5000
vt 0.0300 0.5000
vt 0.0300 0.5000
vt 0.0300 0.5000
vt 0.0300 0.5000
vt 0.0300 0.5000
vt 0.0300 0.5000
vt 0.0300 0.5000
vt 0.0300 0.5000
vt 0.0300 0.5000
vt 0.0300 0.5000
vt 0.0300 0.5000
vt 0.0300 0.5000
vt 0.0300 0.5000
vt 0.0300 0.5000
vt 0.0300 0.5000
vt 0.0300 0.5000
vt 0.0300 0.5000
vt 0.0300 0.5000
vt 0.0300 0.5000
vt 0.0300 0.5000
vt 0.0300 0.5000
vt 0.0300 0.5000
vt 0.0300 0.5000
vt 0.0300 0.5000
vt 0.0300 0.5000
vt 0.0300 0.5000
vt 0.0300 0.5000
vt 0.0300 0.5000
vt 0.0300 0.5000
vt 0.0300 0.5000
vt 0.0300 0.5000
vt 0.0300 0.5000
vt 0.0300 0.5000
vt 0.0300 0.5000
vt 0.0300 0.5000
vt 0.0300 0.5000
vt 0.0300 0.5000
vt 0.0300 0.5000
vt 0.0300 0.5000
vt 0.0300 0.5000
vt 0.0300 0.5000
vt 0.0300 0.5000
vt 0.0300 0.5000
vt 0.0300 0.5000
vt 0.0300 0.5000
vt 0.0300 0.5000
vt 0.0300 0.5000
vt 0.0300 0.5000
vt 0.0300 0.5000
vt 0.0300 0.5000
vt 0.0300 0.5000
vt 0.0300 0.5000
vt 0.0300 0.5000
vt 0.0300 0.5000
vt 0.0300 0.5000
vt 0.0300 0.5000
vt 0.0300 0.5000
vt 0.0300 0.5000
vt 0.0300 0.5000
vt 0.0300 0.5000
vt 0.0300 0.5000
vt 0.0300 0.5000
vt 0.0300 0.5000
vt 0.0300 0.5000
vt 0.0300 0.5000
vt 0.0300 0.5000
vt 0.0300 0.5000
vt 0.0300 0.5000
vt 0.0300 0.5000
vt 0.0300 0.5000
vt 0.0300 0.5000
vt 0.0300 0.5000
vt 0.0300 0.5000
vt 0.0300 0.5000
vt 0.0300 0.5000
vt 0.0300 0.5000
vt 0.0300 0.5000
vt 0.0300 0.5000
vt 0.0300 0.5000
vt 0.0300 0.5000
vt 0.0300 0.5000
vt 0.0300 0.5000
vt 0.0300 0.5000
vt 0.0300 0.5000
vt 0.0300 0.5000
vt 0.0300 0.5000
vt 0.0300 0.5000
vt 0.0300 0.5000
vt 0.0300 0.5000
vt 0.0300 0.5000
vt 0.0300 0.5000
vt 0.0300 0.5000
vt 0.0300 0.5000
vt 0.0300 0.5000
vt 0.0300 0.5000
vt 0.0300 0.5000
vt 0.0300 0.5000
vt 0.0300 0.5000
vt 0.0300 0.5000
vt 0.0300 0.5000
vt 0.0300 0.5000
vt 0.0300 0.5000
vt 0.0300 0.5000
vt 0.0300 0.5000
vt 0.0300 0.5000
vt 0.0300 0.5000
vt 0.0300 0.5000
vt 0.0300 0.5000
vt 0.0300 0.5000
vt 0.0300 0.5000
vt 0.0300 0.5000
vt 0.0300 0.5000
vt 0.0300 0.5000
vt 0.0300 0.5000
vt 0.0300 0.5000
vt 0.0300 0.5000
vt 0.0300 0.5000
vt 0.0300 0.5000
vt 0.0300 0.5000
vt 0.0300 0.5000
vt 0.0300 0.5000
vt 0.0300 0.5000
vt 0.0300 0.5000
vt 0.0300 0.5000
vt 0.0300 0.5000
vt 0.0300 0.5000
vt 0.0300 0.5000
vt 0.0300 0.5000
vt 0.0300 0.5000
vt 0.0300 0.5000
vt 0.0300 0.5000
vt 0.0300 0.5000
vt 0.0300 0.5000
vt 0.0300 0.5000
vt 0.0300 0.5000
vt 0.0300 0.5000
vt 0.0300 0.5000
vt 0.0300 0.5000
vt 0.0300 0.5000
vt 0.0300 0.5000
vt 0.0300 0.5000
vt 0.0300 0.5000
vt 0.0300 0.5000
vt 0.0300 0.5000
vt 0.0300 0.5000
vt 0.0300 0.5000
vt 0.0300 0.5000
vt 0.0300 0.5000
vt 0.0300 0.5000
vt 0.0300 0.5000
vt 0.0300 0.5000
vt 0.0300 0.5000
vt 0.0300 0.5000
vt 0.0300 0.5000
vt 0.0300 0.5000
vt 0.0300 0.5000
vt 0.0300 0.5000
vt 0.0300 0.5000
vt 0.0300 0.5000
vt 0.0300 0.5000
vt 0.0300 0.5000
vt 0.0300 0.5000
vt 0.0300 0.5000
vt 0.0300 0.5000
vt 0.0300 0.5000
vt 0.0300 0.5000
vt 0.0300 0.5000
vt 0.0300 0.5000
vt 0.0300 0.5000
vt 0.0300 0.5000
vt 0.0300 0.5000
vt 0.0300 0.5000
vt 0.0300 0.5000
vt 0.0300 0.5000
vt 0.0300 0.5000
vt 0.0300 0.5000
vt 0.0300 0.5000
vt 0.0300 0.5000
vt 0.0300 0.5000
vt 0.0300 0.5000
vt 0.0300 0.5000
vt 0.0300 0.5000
vt 0.0300 0.5000
vt 0.0300 0.5000
vt 0.0300 0.5000
vt 0.0300 0.5000
vt 0.0300 0.5000
vt 0.0300 0.5000
vt 0.0300 0.5000
vt 0.0300 0.5000
vt 0.0300 0.5000
vt 0.0300 0.5000
vt 0.0300 0.5000
vt 0.0300 0.5000
vt 0.0300 0.5000
vt 0.0300 0.5000
vt 0.0300 0.5000
vt 0.0300 0.5000
vt 0.0300 0.5000
vt 0.0300 0.5000
vt 0.0300 0.5000
vt 0.0300 0.5000
vt 0.0300 0.5000
vt 0.0300 0.5000
vt 0.0300 0.5000
vt 0.0300 0.5000
vt 0.0300 0.5000
vt 0.0300 0.5000
vt 0.0300 0.5000
vt 0.0300 0.5000
vt 0.0300 0.5000
vt 0.0300 0.5000
vt 0.0300 0.5000
vt 0.0300 0.5000
vt 0.0300 0.5000
vt 0.0300 0.5000
vt 0.0300 0.5000
vt 0.0300 0.5000
vt 0.0300 0.5000
vt 0.0300 0.5000
vt 0.0300 0.5000
vt 0.0300 0.5000
vt 0.0300 0.5000
vt 0.0300 0.5000
vt 0.0300 0.5000
vt 0.0300 0.5000
vt 0.0300 0.5000
vt 0.0300 0.5000
vt 0.0300 0.5000
vt 0.0300 0.5000
vt 0.0300 0.5000
vt 0.0300 0.5000
vt 0.0300 0.5000
vt 0.0300 0.5000
vt 0.0300 0.5000
vt 0.0300 0.5000
vt 0.0300 0.5000
vt 0.0300 0.5000
vt 0.0300 0.5000
vt 0.0300 0.5000
vt 0.0300 0.5000
vt 0.0300 0.5000
vt 0.0300 0.5000
vt 0.0300 0.5000
vt 0.0300 0.5000
vt 0.0300 0.5000
vt 0.0300 0.5000
vt 0.0300 0.5000
vt 0.0300 0.5000
vt 0.0300 0.5000
vt 0.0300 0.5000
vt 0.0300 0.5000
vt 0.0300 0.5000
vt 0.0300 0.5000
vt 0.0300 0.5000
vt 0.0300 0.5000
vt 0.0300 0.5000
vt 0.0300 0.5000
vt 0.0300 0.5000
vt 0.0300 0.5000
vt 0.0300 0.5000
vt 0.0300 0.5000
vt 0.0300 0.5000
vt 0.0300 0.5000
vt 0.0300 0.5000
vt 0.0300 0.5000
vt 0.0300 0.5000
vt 0.0300 0.5000
vt 0.0300 0.5000
vt 0.0300 0.5000
vt 0.0300 0.5000
vt 0.0300 0.5000
vt 0.0300 0.5000
vt 0.0300 0.5000
vt 0.0300 0.5000
vt 0.0300 0.5000
vt 0.0300 0.5000
vt 0.0300 0.5000
vt 0.0300 0.5000
vt 0.0300 0.5000
vt 0.0300 0.5000
vt 0.0300 0.5000
vt 0.0300 0.5000
vt 0.0300 0.5000
vt 0.0300 0.5000
vt 0.0300 0.5000
vt 0.0300 0.5000
vt 0.0300 0.5000
vt 0.0300 0.5000
vt 0.0300 0.5000
vt 0.0300 0.5000
vt 0.0300 0.5000
vt 0.0300 0.5000
vt 0.0300 0.5000
vt 0.0300 0.5000
vt 0.0300 0.5000
vt 0.0300 0.5000
vt 0.0300 0.5000
vt 0.0300 0.5000
vt 0.0300 0.5000
vt 0.0300 0.5000
vt 0.0300 0.5000
vt 0.0300 0.5000
vt 0.0300 0.5000
vt 0.0300 0.5000
vt 0.0300 0.5000
vt 0.0300 0.5000
vt 0.0300 0.5000
vt 0.0300 0.5000
vt 0.0300 0.5000
vt 0.0300 0.5000
vt 0.0300 0.5000
vt 0.0300 0.5000
vt 0.0300 0.5000
vt 0.0300 0.5000
vt 0.0300 0.5000
vt 0.0300 0.5000
vt 0.0300 0.5000
vt 0.0300 0.5000
vt 0.0300 0.5000
vt 0.0300 0.5000
vt 0.0300 0.5000
vt 0.0300 0.5000
vt 0.0300 0.5000
vt 0.0300 0.5000
vt 0.0300 0.5000
vt 0.0300 0.5000
vt 0.0300 0.5000
vt 0.0300 0.5000
vt 0.0300 0.5000
vt 0.0300 0.5000
vt 0.0300 0.5000
vt 0.0300 0.5000
vt 0.0300 0.5000
vt 0.0300 0.5000
vt 0.0300 0.5000
vt 0.0300 0.5000
vt 0.0300 0.5000
vt 0.0300 0.5000
vt 0.0300 0.5000
vt 0.0300 0.5000
vt 0.0300 0.5000
vt 0.0300 0.5000
vt 0.0300 0.5000
vt 0.0300 0.5000
vt 0.0300 0.5000
vt 0.0300 0.5000
vt 0.0300 0.5000
vt 0.0300 0.5000
vt 0.0300 0.5000
vt 0.0300 0.5000
vt 0.0300 0.5000
vt 0.0300 0.5000
vt 0.0300 0.5000
vt 0.0300 0.5000
vt 0.0300 0.5000
vt 0.0300 0.5000
vt 0.0300 0.5000
vt 0.0300 0.5000
vt 0.0300 0.5000
vt 0.0300 0.5000
vt 0.0300 0.5000
vt 0.0300 0.5000
vt 0.0300 0.5000
vt 0.0300 0.5000
vt 0.0300 0.5000
vt 0.0300 0.5000
vt 0.0300 0.5000
vt 0.0300 0.5000
vt 0.0300 0.5000
vt 0.0300 0.5000
vt 0.0300 0.5000
vt 0.0300 0.5000
vt 0.0300 0.5000
vt 0.0300 0.5000
vt 0.0300 0.5000
vt 0.0300 0.5000
vt 0.0300 0.5000
vt 0.0300 0.5000
vt 0.0300 0.5000
vt 0.0300 0.5000
vt 0.0300 0.5000
vt 0.0300 0.5000
vt 0.0300 0.5000
vt 0.0300 0.5000
vt 0.0300 0.5000
vt 0.0300 0.5000
vt 0.0300 0.5000
vt 0.0300 0.5000
vt 0.0300 0.5000
vt 0.0300 0.5000
vt 0.0300 0.5000
vt 0.0300 0.5000
vt 0.0300 0.5000
vt 0.0300 0.5000
vt 0.0300 0.5000
vt 0.0300 0.5000
vt 0.0300 0.5000
vt 0.0300 0.5000
vt 0.0300 0.5000
vt 0.0300 0.5000
vt 0.0300 0.5000
vt 0.0300 0.5000
vt 0.0300 0.5000
vt 0.0300 0.5000
vt 0.0300 0.5000
vt 0.0300 0.5000
vt 0.0300 0.5000
vt 0.0300 0.5000
vt 0.0300 0.5000
vt 0.0300 0.5000
vt 0.0300 0.5000
vt 0.0300 0.5000
vt 0.0300 0.5000
vt 0.0300 0.5000
vt 0.0300 0.5000
vt 0.0300 0.5000
vt 0.0300 0.5000
vt 0.0300 0.5000
vt 0.0300 0.5000
vt 0.0300 0.5000
vt 0.0300 0.5000
vt 0.0300 0.5000
vt 0.0300 0.5000
vt 0.0300 0.5000
vt 0.0300 0.5000
vt 0.0300 0.5000
vt 0.0300 0.5000
vt 0.0300 0.5000
vt 0.0300 0.5000
vt 0.0300 0.5000
vt 0.0300 0.5000
vt 0.0300 0.5000
vt 0.0300 0.5000
vt 0.0300 0.5000
vt 0.0300 0.5000
vt 0.0300 0.5000
vt 0.0300 0.5000
vt 0.0300 0.5000
vt 0.0300 0.5000
vt 0.0300 0.5000
vt 0.0300 0.5000
vt 0.0300 0.5000
vt 0.0300 0.5000
vt 0.0300 0.5000
vt 0.0300 0.5000
vt 0.0300 0.5000
vt 0.0300 0.5000
vt 0.0300 0.5000
vt 0.0300 0.5000
vt 0.0300 0.5000
vt 0.0300 0.5000
vt 0.0300 0.5000
vt 0.0300 0.5000
vt 0.0300 0.5000
vt 0.0300 0.5000
vt 0.0300 0.5000
vt 0.0300 0.5000
vt 0.0300 0.5000
vt 0.0300 0.5000
vt 0.0300 0.5000
vt 0.0300 0.5000
vt 0.0300 0.5000
vt 0.0300 0.5000
vt 0.0300 0.5000
vt 0.0300 0.5000
vt 0.0300 0.5000
vt 0.0300 0.5000
vt 0.0300 0.5000
vt 0.0300 0.5000
vt 0.0300 0.5000
vt 0.0300 0.5000
vt 0.0300 0.5000
vt 0.0300 0.5000
vt 0.0300 0.5000
vt 0.0300 0.5000
vt 0.0300 0.5000
vt 0.0300 0.5000
vt 0.0300 0.5000
vt 0.0300 0.5000
vt 0.0300 0.5000
vt 0.0300 0.5000
vt 0.0300 0.5000
vt 0.0300 0.5000
vt 0.0300 0.5000
vt 0.0300 0.5000
vt 0.0300 0.5000
vt 0.0300 0.5000
vt 0.0300 0.5000
vt 0.0300 0.5000
vt 0.0300 0.5000
vt 0.0300 0.5000
vt 0.0300 0.5000
vt 0.0300 0.5000
vt 0.0300 0.5000
vt 0.0300 0.5000
vt 0.0300 0.5000
vt 0.0300 0.5000
vt 0.0300 0.5000
vt 0.0300 0.5000
vt 0.0300 0.5000
vt 0.0300 0.5000
vt 0.0300 0.5000
vt 0.0300 0.5000
vt 0.0300 0.5000
vt 0.0300 0.5000
vt 0.0300 0.5000
vt 0.0300 0.5000
vt 0.0300 0.5000
vt 0.0300 0.5000
vt 0.0300 0.5000
vt 0.0300 0.5000
vt 0.0300 0.5000
vt 0.0300 0.5000
vt 0.0300 0.5000
vt 0.0300 0.5000
vt 0.0300 0.5000
vt 0.0300 0.5000
vt 0.0300 0.5000
vt 0.0300 0.5000
vt 0.0300 0.5000
vt 0.0300 0.5000
vt 0.0300 0.5000
vt 0.0300 0.5000
vt 0.0300 0.5000
vt 0.0300 0.5000
vt 0.0300 0.5000
vt 0.0300 0.5000
vt 0.0300 0.5000
vt 0.0300 0.5000
vt 0.0300 0.5000
vt 0.0300 0.5000
vt 0.0300 0.5000
vt 0.0300 0.5000
vt 0.0300 0.5000
vt 0.0300 0.5000
vt 0.0300 0.5000
vt 0.0300 0.5000
vt 0.0300 0.5000
vt 0.0300 0.5000
vt 0.0300 0.5000
vt 0.0300 0.5000
vt 0.0300 0.5000
vt 0.0300 0.5000
vt 0.0300 0.5000
vt 0.0300 0.5000
vt 0.0300 0.5000
vt 0.0300 0.5000
vt 0.0300 0.5000
vt 0.0300 0.5000
vt 0.0300 0.5000
vt 0.0300 0.5000
vt 0.0300 0.5000
vt 0.0300 0.5000
vt 0.0300 0.5000
vt 0.0300 0.5000
vt 0.0300 0.5000
vt 0.0300 0.5000
vt 0.0300 0.5000
vt 0.0300 0.5000
vt 0.0300 0.5000
vt 0.0300 0.5000
vt 0.0300 0.5000
vt 0.0300 0.5000
vt 0.0300 0.5000
vt 0.0300 0.5000
vt 0.0300 0.5000
vt 0.0300 0.5000
vt 0.0300 0.5000
vt 0.0300 0.5000
vt 0.0300 0.5000
vt 0.0300 0.5000
vt 0.0300 0.5000
vt 0.0300 0.5000
vt 0.0300 0.5000
vt 0.0300 0.5000
vt 0.0300 0.5000
vt 0.0300 0.5000
vt 0.0300 0.5000
vt 0.0300 0.5000
vt 0.0300 0.5000
vt 0.0300 0.5000
vt 0.0300 0.5000
vt 0.0300 0.5000
vt 0.0300 0.5000
vt 0.0300 0.5000
vt 0.0300 0.5000
vt 0.0300 0.5000
vt 0.0300 0.5000
vt 0.0300 0.5000
vt 0.0300 0.5000
vt 0.0300 0.5000
vt 0.0300 0.5000
vt 0.0300 0.5000
vt 0.0300 0.5000
vt 0.0300 0.5000
vt 0.0300 0.5000
vt 0.0300 0.5000
vt 0.0300 0.5000
vt 0.0300 0.5000
vt 0.0300 0.5000
vt 0.0300 0.5000
vt 0.0300 0.5000
vt 0.0300 0.5000
vt 0.0300 0.5000
vt 0.0300 0.5000
vt 0.0300 0.5000
vt 0.0300 0.5000
vt 0.0300 0.5000
vt 0.0300 0.5000
vt 0.0300 0.5000
vt 0.0300 0.5000
vt 0.0300 0.5000
vt 0.0300 0.5000
vt 0.0300 0.5000
vt 0.0300 0.5000
vt 0.0300 0.5000
vt 0.0300 0.5000
vt 0.0300 0.5000
vt 0.0300 0.5000
vt 0.0300 0.5000
vt 0.0300 0.5000
vt 0.0300 0.5000
vt 0.0300 0.5000
vt 0.0300 0.5000
vt 0.0300 0.5000
vt 0.0300 0.5000
vt 0.0300 0.5000
vt 0.0300 0.5000
vt 0.0300 0.5000
vt 0.0300 0.5000
vt 0.0300 0.5000
vt 0.0300 0.5000
vt 0.0300 0.5000
vt 0.0300 0.5000
vt 0.0300 0.5000
vt 0.0300 0.5000
vt 0.0300 0.5000
vt 0.0300 0.5000
vt 0.0300 0.5000
vt 0.0300 0.5000
vt 0.0300 0.5000
vt 0.0300 0.5000
vt 0.0300 0.5000
vt 0.0300 0.5000
vt 0.0300 0.5000
vt 0.0300 0.5000
vt 0.0300 0.5000
vt 0.0300 0.5000
vt 0.0300 0.5000
vt 0.0300 0.5000
vt 0.0300 0.5000
vt 0.0300 0.5000
vt 0.0300 0.5000
vt 0.0300 0.5000
vt 0.0300 0.5000
vt 0.0300 0.5000
vt 0.0300 0.5000
vt 0.0300 0.5000
vt 0.0300 0.5000
vt 0.0300 0.5000
vt 0.0300 0.5000
vt 0.0300 0.5000
vt 0.0300 0.5000
vt 0.0300 0.5000
vt 0.0300 0.5000
vt 0.0300 0.5000
vt 0.0300 0.5000
vt 0.0300 0.5000
vt 0.0300 0.5000
vt 0.0300 0.5000
vt 0.0300 0.5000
vt 0.0300 0.5000
vt 0.0300 0.5000
vt 0.0300 0.5000
vt 0.0300 0.5000
vt 0.0300 0.5000
vt 0.0300 0.5000
vt 0.0300 0.5000
vt 0.0300 0.5000
vt 0.0300 0.5000
vt 0.0300 0.5000
vt 0.0300 0.5000
vt 0.0300 0.5000
vt 0.0300 0.5000
vt 0.0300 0.5000
vt 0.0300 0.5000
vt 0.0300 0.5000
vt 0.0300 0.5000
vt 0.0300 0.5000
vt 0.0300 0.5000
vt 0.0300 0.5000
vt 0.0300 0.5000
vt 0.0300 0.5000
vt 0.0300 0.5000
vt 0.0300 0.5000
vt 0.0300 0.5000
vt 0.0300 0.5000
vt 0.0300 0.5000
vt 0.0300 0.5000
vt 0.0300 0.5000
vt 0.0300 0.5000
vt 0.0300 0.5000
vt 0.0300 0.5000
vt 0.0300 0.5000
vt 0.0300 0.5000
vt 0.0300 0.5000
vt 0.0300 0.5000
vt 0.0300 0.5000
vt 0.0300 0.5000
vt 0.0300 0.5000
vt 0.0300 0.5000
vt 0.0300 0.5000
vt 0.0300 0.5000
vt 0.0300 0.5000
vt 0.0300 0.5000
vt 0.0300 0.5000
vt 0.0300 0.5000
vt 0.0300 0.5000
vt 0.0300 0.5000
vt 0.0300 0.5000
vt 0.0300 0.5000
vt 0.0300 0.5000
vt 0.0300 0.5000
vt 0.0300 0.5000
vt 0.0300 0.5000
vt 0.0300 0.5000
vt 0.0300 0.5000
vt 0.0300 0.5000
vt 0.0300 0.5000
vt 0.0300 0.5000
vt 0.0300 0.5000
vt 0.0300 0.5000
vt 0.0300 0.5000
vt 0.0300 0.5000
vt 0.0300 0.5000
vt 0.0300 0.5000
vt 0.0300 0.5000
vt 0.0300 0.5000
vt 0.0300 0.5000
vt 0.0300 0.5000
vt 0.0300 0.5000
vt 0.0300 0.5000
vt 0.0300 0.5000
vt 0.0300 0.5000
vt 0.0300 0.5000
vt 0.0300 0.5000
vt 0.0300 0.5000
vt 0.0300 0.5000
vt 0.0300 0.5000
vt 0.0300 0.5000
vt 0.0300 0.5000
vt 0.0300 0.5000
vt 0.0300 0.5000
vt 0.0300 0.5000
vt 0.0300 0.5000
vt 0.0300 0.5000
vt 0.0300 0.5000
vt 0.0300 0.5000
vt 0.0300 0.5000
vt 0.0300 0.5000
vt 0.0300 0.5000
vt 0.0300 0.5000
vt 0.0300 0.5000
vt 0.0300 0.5000
vt 0.0300 0.5000
vt 0.0300 0.5000
vt 0.0300 0.5000
vt 0.0300 0.5000
vt 0.0300 0.5000
vt 0.0300 0.5000
vt 0.0300 0.5000
vt 0.0300 0.5000
vt 0.0300 0.5000
vt 0.0300 0.5000
vt 0.0300 0.5000
vt 0.0300 0.5000
vt 0.0300 0.5000
vt 0.0300 0.5000
vt 0.0300 0.5000
vt 0.0300 0.5000
vt 0.0300 0.5000
vt 0.0300 0.5000
vt 0.0300 0.5000
vt 0.0300 0.5000
vt 0.0300 0.5000
vt 0.0300 0.5000
vt 0.0300 0.5000
vt 0.0300 0.5000
vt 0.0300 0.5000
vt 0.0300 0.5000
vt 0.0300 0.5000
vt 0.0300 0.5000
vt 0.0300 0.5000
vt 0.0300 0.5000
vt 0.0300 0.5000
vt 0.0300 0.5000
vt 0.0300 0.5000
vt 0.0300 0.5000
vt 0.0300 0.5000
vt 0.0300 0.5000
vt 0.0300 0.5000
vt 0.0300 0.5000
vt 0.0300 0.5000
vt 0.0300 0.5000
vt 0.0300 0.5000
vt 0.0300 0.5000
vt 0.0300 0.5000
vt 0.0300 0.5000
vt 0.0300 0.5000
vt 0.0300 0.5000
vt 0.0300 0.5000
vt 0.0300 0.5000
vt 0.0300 0.5000
vt 0.0300 0.5000
vt 0.0300 0.5000
vt 0.0300 0.5000
vt 0.0300 0.5000
vt 0.0300 0.5000
vt 0.0300 0.5000
vt 0.0300 0.5000
vt 0.0300 0.5000
vt 0.0300 0.5000
vt 0.0300 0.5000
vt 0.0300 0.5000
vt 0.0300 0.5000
vt 0.0300 0.5000
vt 0.0300 0.5000
vt 0.0300 0.5000
vt 0.0300 0.5000
vt 0.0300 0.5000
vt 0.0300 0.5000
vt 0.0300 0.5000
vt 0.0300 0.5000
vt 0.0300 0.5000
vt 0.0300 0.5000
vt 0.0300 0.5000
vt 0.0300 0.5000
vt 0.0300 0.5000
vt 0.0300 0.5000
vt 0.0300 0.5000
vt 0.0300 0.5000
vt 0.0300 0.5000
vt 0.0300 0.5000
vt 0.0300 0.5000
vt 0.0300 0.5000
vt 0.0300 0.5000
vt 0.0300 0.5000
vt 0.0300 0.5000
vt 0.0300 0.5000
vt 0.0300 0.5000
vt 0.0300 0.5000
vt 0.0300 0.5000
vt 0.0300 0.5000
vt 0.0300 0.5000
vt 0.0300 0.5000
vt 0.0300 0.5000
vt 0.0300 0.5000
vt 0.0300 0.5000
vt 0.0300 0.5000
vt 0.0300 0.5000
vt 0.0300 0.5000
vt 0.0300 0.5000
vt 0.0300 0.5000
vt 0.0300 0.5000
vt 0.0300 0.5000
vt 0.0300 0.5000
vt 0.0300 0.5000
vt 0.0300 0.5000
vt 0.0300 0.5000
vt 0.0300 0.5000
vt 0.0300 0.5000
vt 0.0300 0.5000
vt 0.0300 0.5000
vt 0.0300 0.5000
vt 0.0300 0.5000
vt 0.0300 0.5000
vt 0.0300 0.5000
vt 0.0300 0.5000
vt 0.0300 0.5000
vt 0.0300 0.5000
vt 0.0300 0.5000
vt 0.0300 0.5000
vt 0.0300 0.5000
vt 0.0300 0.5000
vt 0.0300 0.5000
vt 0.0300 0.5000
vt 0.0300 0.5000
vt 0.0300 0.5000
vt 0.0300 0.5000
vt 0.0300 0.5000
vt 0.0300 0.5000
vt 0.0300 0.5000
vt 0.0300 0.5000
vt 0.0300 0.5000
vt 0.0300 0.5000
vt 0.0300 0.5000
vt 0.0300 0.5000
vt 0.0300 0.5000
vt 0.0300 0.5000
vt 0.0300 0.5000
vt 0.0300 0.5000
vt 0.0300 0.5000
vt 0.0300 0.5000
vt 0.0300 0.5000
vt 0.0300 0.5000
vt 0.0300 0.5000
vt 0.0300 0.5000
vt 0.0300 0.5000
vt 0.0300 0.5000
vt 0.0300 0.5000
vt 0.0300 0.5000
vt 0.0300 0.5000
vt 0.0300 0.5000
vt 0.0300 0.5000
vt 0.0300 0.5000
vt 0.0300 0.5000
vt 0.0300 0.5000
vt 0.0300 0.5000
vt 0.0300 0.5000
vt 0.0300 0.5000
vt 0.0300 0.5000
vt 0.0300 0.5000
vt 0.0300 0.5000
vt 0.0300 0.5000
vt 0.0300 0.5000
vt 0.0300 0.5000
vt 0.0300 0.5000
vt 0.0300 0.5000
vt 0.0300 0.5000
vt 0.0300 0.5000
vt 0.0300 0.5000
vt 0.0300 0.5000
vt 0.0300 0.5000
vt 0.0300 0.5000
vt 0.0300 0.5000
vt 0.0300 0.5000
vt 0.0300 0.5000
vt 0.0300 0.5000
vt 0.0300 0.5000
vt 0.0300 0.5000
vt 0.0300 0.5000
vt 0.0300 0.5000
vt 0.0300 0.5000
vt 0.0300 0.5000
vt 0.0300 0.5000
vt 0.0300 0.5000
vt 0.0300 0.5000
vt 0.0300 0.5000
vt 0.0300 0.5000
vt 0.0300 0.5000
vt 0.0300 0.5000
vt 0.0300 0.5000
vt 0.0300 0.5000
vt 0.0300 0.5000
vt 0.0300 0.5000
vt 0.0300 0.5000
vt 0.0300 0.5000
vt 0.0300 0.5000
vt 0.0300 0.5000
vt 0.0300 0.5000
vt 0.0300 0.5000
vt 0.0300 0.5000
vt 0.0300 0.5000
vt 0.0300 0.5000
vt 0.0300 0.5000
vt 0.0300 0.5000
vt 0.0300 0.5000
vt 0.0300 0.5000
vt 0.0300 0.5000
vt 0.0300 0.5000
vt 0.0300 0.5000
vt 0.0300 0.5000
vt 0.0300 0.5000
vt 0.0300 0.5000
vt 0.0300 0.5000
vt 0.0300 0.5000
vt 0.0300 0.5000
vt 0.0300 0.5000
vt 0.0300 0.5000
vt 0.0300 0.5000
vt 0.0300 0.5000
vt 0.0300 0.5000
vt 0.0300 0.5000
vt 0.0300 0.5000
vt 0.0300 0.5000
vt 0.0300 0.5000
vt 0.0300 0.5000
vt 0.0300 0.5000
vt 0.0300 0.5000
vt 0.0300 0.5000
vt 0.0300 0.5000
vt 0.0300 0.5000
vt 0.0300 0.5000
vt 0.0300 0.5000
vt 0.0300 0.5000
vt 0.0300 0.5000
vt 0.0300 0.5000
vt 0.0300 0.5000
vt 0.0300 0.5000
vt 0.0300 0.5000
vt 0.0300 0.5000
vt 0.0300 0.5000
vt 0.0300 0.5000
vt 0.0300 0.5000
vt 0.0300 0.5000
vt 0.0300 0.5000
vt 0.0300 0.5000
vt 0.0300 0.5000
vt 0.0300 0.5000
vt 0.0300 0.5000
vt 0.0300 0.5000
vt 0.0300 0.5000
vt 0.0300 0.5000
vt 0.0300 0.5000
vt 0.0300 0.5000
vt 0.0300 0.5000
vt 0.0300 0.5000
vt 0.0300 0.5000
vt 0.0300 0.5000
vt 0.0300 0.5000
vt 0.0300 0.5000
vt 0.0300 0.5000
vt 0.0300 0.5000
vt 0.0300 0.5000
vt 0.0300 0.5000
vt 0.0300 0.5000
vt 0.0300 0.5000
vt 0.0300 0.5000
vt 0.0300 0.5000
vt 0.0300 0.5000
vt 0.0300 0.5000
vt 0.0300 0.5000
vt 0.0300 0.5000
vt 0.0300 0.5000
vt 0.0300 0.5000
vt 0.0300 0.5000
vt 0.0300 0.5000
vt 0.0300 0.5000
vt 0.0300 0.5000
vt 0.0300 0.5000
vt 0.0300 0.5000
vt 0.0300 0.5000
vt 0.0300 0.5000
vt 0.0300 0.5000
vt 0.0300 0.5000
vt 0.0300 0.5000
vt 0.0300 0.5000
vt 0.0300 0.5000
vt 0.0300 0.5000
vt 0.0300 0.5000
vt 0.0300 0.5000
vt 0.0300 0.5000
vt 0.0300 0.5000
vt 0.0300 0.5000
vt 0.0300 0.5000
vt 0.0300 0.5000
vt 0.0300 0.5000
vt 0.0300 0.5000
vt 0.0300 0.5000
vt 0.0300 0.5000
vt 0.0300 0.5000
vt 0.0300 0.5000
vt 0.0300 0.5000
vt 0.0300 0.5000
vt 0.0300 0.5000
vt 0.0300 0.5000
vt 0.0300 0.5000
vt 0.0300 0.5000
vt 0.0300 0.5000
vt 0.0300 0.5000
vt 0.0300 0.5000
vt 0.0300 0.5000
vt 0.0300 0.5000
vt 0.0300 0.5000
vt 0.0300 0.5000
vt 0.0300 0.5000
vt 0.0300 0.5000
vt 0.0300 0.5000
vt 0.0300 0.5000
vt 0.0300 0.5000
vt 0.0300 0.5000
vt 0.0300 0.5000
vt 0.0300 0.5000
vt 0.0300 0.5000
vt 0.0300 0.5000
vt 0.0300 0.5000
vt 0.0300 0.5000
vt 0.0300 0.5000
vt 0.0300 0.5000
vt 0.0300 0.5000
vt 0.0300 0.5000
vt 0.0300 0.5000
vt 0.0300 0.5000
vt 0.0300 0.5000
vt 0.0300 0.5000
vt 0.0300 0.5000
vt 0.0300 0.5000
vt 0.0300 0.5000
vt 0.0300 0.5000
vt 0.0300 0.5000
vt 0.0300 0.5000
vt 0.0300 0.5000
vt 0.0300 0.5000
vt 0.0300 0.5000
vt 0.0300 0.5000
vt 0.0300 0.5000
vt 0.0300 0.5000
vt 0.0300 0.5000
vt 0.0300 0.5000
vt 0.0300 0.5000
vt 0.0300 0.5000
vt 0.0300 0.5000
vt 0.0300 0.5000
vt 0.0300 0.5000
vt 0.0300 0.5000
vt 0.0300 0.5000
vt 0.0300 0.5000
vt 0.0300 0.5000
vt 0.0300 0.5000
vt 0.0300 0.5000
vt 0.0300 0.5000
vt 0.0300 0.5000
vt 0.0300 0.5000
vt 0.0300 0.5000
vt 0.0300 0.5000
vt 0.0300 0.5000
vt 0.0300 0.5000
vt 0.0300 0.5000
vt 0.0300 0.5000
vt 0.0300 0.5000
vt 0.0300 0.5000
vt 0.0300 0.5000
vt 0.0300 0.5000
vt 0.0300 0.5000
vt 0.0300 0.5000
vt 0.0300 0.5000
vt 0.0300 0.5000
vt 0.0300 0.5000
vt 0.0300 0.5000
vt 0.0300 0.5000
vt 0.0300 0.5000
vt 0.0300 0.5000
vt 0.0300 0.5000
vt 0.0300 0.5000
vt 0.0300 0.5000
vt 0.0300 0.5000
vt 0.0300 0.5000
vt 0.0300 0.5000
vt 0.0300 0.5000
vt 0.0300 0.5000
vt 0.0300 0.5000
vt 0.0300 0.5000
vt 0.0300 0.5000
vt 0.0300 0.5000
vt 0.0300 0.5000
vt 0.0300 0.5000
vt 0.0300 0.5000
vt 0.0300 0.5000
vt 0.0300 0.5000
vt 0.0300 0.5000
vt 0.0300 0.5000
vt 0.0300 0.5000
vt 0.0300 0.5000
vt 0.0300 0.5000
vt 0.0300 0.5000
vt 0.0300 0.5000
vt 0.0300 0.5000
vt 0.0300 0.5000
vt 0.0300 0.5000
vt 0.0300 0.5000
vt 0.0300 0.5000
vt 0.0300 0.5000
vt 0.0300 0.5000
vt 0.0300 0.5000
vt 0.0300 0.5000
vt 0.0300 0.5000
vt 0.0300 0.5000
vt 0.0300 0.5000
vt 0.0300 0.5000
vt 0.0300 0.5000
vt 0.0300 0.5000
vt 0.0300 0.5000
vt 0.0300 0.5000
vt 0.0300 0.5000
vt 0.0300 0.5000
vt 0.0300 0.5000
vt 0.0300 0.5000
vt 0.0300 0.5000
vt 0.0300 0.5000
vt 0.0300 0.5000
vt 0.0300 0.5000
vt 0.0300 0.5000
vt 0.0300 0.5000
vt 0.0300 0.5000
vt 0.0300 0.5000
vt 0.0300 0.5000
vt 0.0300 0.5000
vt 0.0300 0.5000
vt 0.0300 0.5000
vt 0.0300 0.5000
vt 0.0300 0.5000
vt 0.0300 0.5000
vt 0.0300 0.5000
vt 0.0300 0.5000
vt 0.0300 0.5000
vt 0.0300 0.5000
vt 0.0300 0.5000
vt 0.0300 0.5000
vt 0.0300 0.5000
vt 0.0300 0.5000
vt 0.0300 0.5000
vt 0.0300 0.5000
vt 0.0300 0.5000
vt 0.0300 0.5000
vt 0.0300 0.5000
vt 0.0300 0.5000
vt 0.0300 0.5000
vt 0.0300 0.5000
vt 0.0300 0.5000
vt 0.0300 0.5000
vt 0.0300 0.5000
vt 0.0300 0.5000
vt 0.0300 0.5000
vt 0.0300 0.5000
vt 0.0300 0.5000
vt 0.0300 0.5000
vt 0.0300 0.5000
vt 0.0300 0.5000
vt 0.0300 0.5000
vt 0.0300 0.5000
vt 0.0300 0.5000
vt 0.0300 0.5000
vt 0.0300 0.5000
vt 0.0300 0.5000
vt 0.0300 0.5000
vt 0.0300 0.5000
vt 0.0300 0.5000
vt 0.0300 0.5000
vt 0.0300 0.5000
vt 0.0300 0.5000
vt 0.0300 0.5000
vt 0.0300 0.5000
vt 0.0300 0.5000
vt 0.0300 0.5000
vt 0.0300 0.5000
vt 0.0300 0.5000
vt 0.0300 0.5000
vt 0.0300 0.5000
vt 0.0300 0.5000
vt 0.0300 0.5000
vt 0.0300 0.5000
vt 0.0300 0.5000
vt 0.0300 0.5000
vt 0.0300 0.5000
vt 0.0300 0.5000
vt 0.0300 0.5000
vt 0.0300 0.5000
vt 0.0300 0.5000
vt 0.0300 0.5000
vt 0.0300 0.5000
vt 0.0300 0.5000
vt 0.0300 0.5000
vt 0.0300 0.5000
vt 0.0300 0.5000
vt 0.0300 0.5000
vt 0.0300 0.5000
vt 0.0300 0.5000
vt 0.0300 0.5000
vt 0.0300 0.5000
vt 0.0300 0.5000
vt 0.0300 0.5000
vt 0.0300 0.5000
vt 0.0300 0.5000
vt 0.0300 0.5000
vt 0.0300 0.5000
vt 0.0300 0.5000
vt 0.0300 0.5000
vt 0.0300 0.5000
vt 0.0300 0.5000
vt 0.0300 0.5000
vt 0.0300 0.5000
vt 0.0300 0.5000
vt 0.0300 0.5000
vt 0.0300 0.5000
vt 0.0300 0.5000
vt 0.0300 0.5000
vt 0.0300 0.5000
vt 0.0300 0.5000
vt 0.0300 0.5000
vt 0.0300 0.5000
vt 0.0300 0.5000
vt 0.0300 0.5000
vt 0.0300 0.5000
vt 0.0300 0.5000
vt 0.0300 0.5000
vt 0.0300 0.5000
vt 0.0300 0.5000
vt 0.0300 0.5000
vt 0.0300 0.5000
vt 0.0300 0.5000
vt 0.0300 0.5000
vt 0.0300 0.5000
vt 0.0300 0.5000
vt 0.0300 0.5000
vt 0.0300 0.5000
vt 0.0300 0.5000
vt 0.0300 0.5000
vt 0.0300 0.5000
vt 0.0300 0.5000
vt 0.0300 0.5000
vt 0.0300 0.5000
vt 0.0300 0.5000
vt 0.0300 0.5000
vt 0.0300 0.5000
vt 0.0300 0.5000
vt 0.0300 0.5000
vt 0.0300 0.5000
vt 0.0300 0.5000
vt 0.0300 0.5000
vt 0.0300 0.5000
vt 0.0300 0.5000
vt 0.0300 0.5000
vt 0.0300 0.5000
vt 0.0300 0.5000
vt 0.0300 0.5000
vt 0.0300 0.5000
vt 0.0300 0.5000
vt 0.0300 0.5000
vt 0.0300 0.5000
vt 0.0300 0.5000
vt 0.0300 0.5000
vt 0.0300 0.5000
vt 0.0300 0.5000
vt 0.0300 0.5000
vt 0.0300 0.5000
vt 0.0300 0.5000
vt 0.0300 0.5000
vt 0.0300 0.5000
vt 0.0300 0.5000
vt 0.0300 0.5000
vt 0.0300 0.5000
vt 0.0300 0.5000
vt 0.0300 0.5000
vt 0.0300 0.5000
vt 0.0300 0.5000
vt 0.0300 0.5000
vt 0.0300 0.5000
vt 0.0300 0.5000
vt 0.0300 0.5000
vt 0.0300 0.5000
vt 0.0300 0.5000
vt 0.0300 0.5000
vt 0.0300 0.5000
vt 0.0300 0.5000
vt 0.0300 0.5000
vt 0.0300 0.5000
vt 0.0300 0.5000
vt 0.0300 0.5000
vt 0.0300 0.5000
vt 0.0300 0.5000
vt 0.0300 0.5000
vt 0.0300 0.5000
vt 0.0300 0.5000
vt 0.0300 0.5000
vt 0.0300 0.5000
vt 0.0300 0.5000
vt 0.0300 0.5000
vt 0.0300 0.5000
vt 0.0300 0.5000
vt 0.0300 0.5000
vt 0.0300 0.5000
vt 0.0300 0.5000
vt 0.0300 0.5000
vt 0.0300 0.5000
vt 0.0300 0.5000
vt 0.0300 0.5000
vt 0.0300 0.5000
vt 0.0300 0.5000
vt 0.0300 0.5000
vt 0.0300 0.5000
vt 0.0300 0.5000
vt 0.0300 0.5000
vt 0.0300 0.5000
vt 0.0300 0.5000
vt 0.0300 0.5000
vt 0.0300 0.5000
vt 0.0300 0.5000
vt 0.0300 0.5000
vt 0.0300 0.5000
vt 0.0300 0.5000
vt 0.0300 0.5000
vt 0.0300 0.5000
vt 0.0300 0.5000
vt 0.0300 0.5000
vt 0.0300 0.5000
vt 0.0300 0.5000
vt 0.0300 0.5000
vt 0.0300 0.5000
vt 0.0300 0.5000
vt 0.0300 0.5000
vt 0.0300 0.5000
vt 0.0300 0.5000
vt 0.0300 0.5000
vt 0.0300 0.5000
vt 0.0300 0.5000
vt 0.0300 0.5000
vt 0.0300 0.5000
vt 0.0300 0.5000
vt 0.0300 0.5000
vt 0.0300 0.5000
vt 0.0300 0.5000
vt 0.0300 0.5000
vt 0.0300 0.5000
vt 0.0300 0.5000
vt 0.0300 0.5000
vt 0.0300 0.5000
vt 0.0300 0.5000
vt 0.0300 0.5000
vt 0.0300 0.5000
vt 0.0300 0.5000
vt 0.0300 0.5000
vt 0.0300 0.5000
vt 0.0300 0.5000
vt 0.0300 0.5000
vt 0.0300 0.5000
vt 0.0300 0.5000
vt 0.0300 0.5000
vt 0.0300 0.5000
vt 0.0300 0.5000
vt 0.0300 0.5000
vt 0.0300 0.5000
vt 0.0300 0.5000
vt 0.0300 0.5000
vt 0.0300 0.5000
vt 0.0300 0.5000
vt 0.0300 0.5000
vt 0.0300 0.5000
vt 0.0300 0.5000
vt 0.0300 0.5000
vt 0.0300 0.5000
vt 0.0300 0.5000
vt 0.0300 0.5000
vt 0.0300 0.5000
vt 0.0300 0.5000
vt 0.0300 0.5000
vt 0.0300 0.5000
vt 0.0300 0.5000
vt 0.0300 0.5000
vt 0.0300 0.5000
vt 0.0300 0.5000
vt 0.0300 0.5000
vt 0.0300 0.5000
vt 0.0300 0.5000
vt 0.0300 0.5000
vt 0.0300 0.5000
vt 0.0300 0.5000
vt 0.0300 0.5000
vt 0.0300 0.5000
vt 0.0300 0.5000
vt 0.0300 0.5000
vt 0.0300 0.5000
vt 0.0300 0.5000
vt 0.0300 0.5000
vt 0.0300 0.5000
vt 0.0300 0.5000
vt 0.0300 0.5000
vt 0.0300 0.5000
vt 0.0300 0.5000
vt 0.0300 0.5000
vt 0.0300 0.5000
vt 0.0300 0.5000
vt 0.0300 0.5000
vt 0.0300 0.5000
vt 0.0300 0.5000
vt 0.0300 0.5000
vt 0.0300 0.5000
vt 0.0300 0.5000
vt 0.0300 0.5000
vt 0.0300 0.5000
vt 0.0300 0.5000
vt 0.0300 0.5000
vt 0.0300 0.5000
vt 0.0300 0.5000
vt 0.0300 0.5000
vt 0.0300 0.5000
vt 0.0300 0.5000
vt 0.0300 0.5000
vt 0.0300 0.5000
vt 0.0300 0.5000
vt 0.0300 0.5000
vt 0.0300 0.5000
vt 0.0300 0.5000
vt 0.0300 0.5000
vt 0.0300 0.5000
vt 0.0300 0.5000
vt 0.0300 0.5000
vt 0.0300 0.5000
vt 0.0300 0.5000
vt 0.0300 0.5000
vt 0.0300 0.5000
vt 0.0300 0.5000
vt 0.0300 0.5000
vt 0.0300 0.5000
vt 0.0300 0.5000
vt 0.0300 0.5000
vt 0.0300 0.5000
vt 0.0300 0.5000
vt 0.0300 0.5000
vt 0.0300 0.5000
vt 0.0300 0.5000
vt 0.0300 0.5000
vt 0.0300 0.5000
vt 0.0300 0.5000
vt 0.0300 0.5000
vt 0.0300 0.5000
vt 0.0300 0.5000
vt 0.0300 0.5000
vt 0.0300 0.5000
vt 0.0300 0.5000
vt 0.0300 0.5000
vt 0.0300 0.5000
vt 0.0300 0.5000
vt 0.0300 0.5000
vt 0.0300 0.5000
vt 0.0300 0.5000
vt 0.0300 0.5000
vt 0.0300 0.5000
vt 0.0300 0.5000
vt 0.0300 0.5000
vt 0.0300 0.5000
vt 0.0300 0.5000
vt 0.0300 0.5000
vt 0.0300 0.5000
vt 0.0300 0.5000
vt 0.0300 0.5000
vt 0.0300 0.5000
vt 0.0300 0.5000
vt 0.0300 0.5000
vt 0.0300 0.5000
vt 0.0300 0.5000
vt 0.0300 0.5000
vt 0.0300 0.5000
vt 0.0300 0.5000
vt 0.0300 0.5000
vt 0.0300 0.5000
vt 0.0300 0.5000
vt 0.0300 0.5000
vt 0.0300 0.5000
vt 0.0300 0.5000
vt 0.0300 0.5000
vt 0.0300 0.5000
vt 0.0300 0.5000
vt 0.0300 0.5000
vt 0.0300 0.5000
vt 0.0300 0.5000
vt 0.0300 0.5000
vt 0.0300 0.5000
vt 0.0300 0.5000
vt 0.0300 0.5000
vt 0.0300 0.5000
vt 0.0300 0.5000
vt 0.0300 0.5000
vt 0.0300 0.5000
vt 0.0300 0.5000
vt 0.0300 0.5000
vt 0.0300 0.5000
vt 0.0300 0.5000
vt 0.0300 0.5000
vt 0.0300 0.5000
vt 0.0300 0.5000
vt 0.0300 0.5000
vt 0.0300 0.5000
vt 0.0300 0.5000
vt 0.0300 0.5000
vt 0.0300 0.5000
vt 0.0300 0.5000
vt 0.0300 0.5000
vt 0.0300 0.5000
vt 0.0300 0.5000
vt 0.0300 0.5000
vt 0.0300 0.5000
vt 0.0300 0.5000
vt 0.0300 0.5000
vt 0.0300 0.5000
vt 0.0300 0.5000
vt 0.0300 0.5000
vt 0.0300 0.5000
vt 0.0300 0.5000
vt 0.0300 0.5000
vt 0.0300 0.5000
vt 0.0300 0.5000
vt 0.0300 0.5000
vt 0.0300 0.5000
vt 0.0300 0.5000
vt 0.0300 0.5000
vt 0.0300 0.5000
vt 0.0300 0.5000
vt 0.0300 0.5000
vt 0.0300 0.5000
vt 0.0300 0.5000
vt 0.0300 0.5000
vt 0.0300 0.5000
vt 0.0300 0.5000
vt 0.0300 0.5000
vt 0.0300 0.5000
vt 0.0300 0.5000
vt 0.0300 0.5000
vt 0.0300 0.5000
vt 0.0300 0.5000
vt 0.0300 0.5000
vt 0.0300 0.5000
vt 0.0300 0.5000
vt 0.0300 0.5000
vt 0.0300 0.5000
vt 0.0300 0.5000
vt 0.0300 0.5000
vt 0.0300 0.5000
vt 0.0300 0.5000
vt 0.0300 0.5000
vt 0.0300 0.5000
vt 0.0300 0.5000
vt 0.0300 0.5000
vt 0.0300 0.5000
vt 0.0300 0.5000
vt 0.0300 0.5000
vt 0.0300 0.5000
vt 0.0300 0.5000
vt 0.0300 0.5000
vt 0.0300 0.5000
vt 0.0300 0.5000
vt 0.0300 0.5000
vt 0.0300 0.5000
vt 0.0300 0.5000
vt 0.0300 0.5000
vt 0.0300 0.5000
vt 0.0300 0.5000
vt 0.0300 0.5000
vt 0.0300 0.5000
vt 0.0300 0.5000
vt 0.0300 0.5000
vt 0.0300 0.5000
vt 0.0300 0.5000
vt 0.0300 0.5000
vt 0.0300 0.5000
vt 0.0300 0.5000
vt 0.0300 0.5000
vt 0.0300 0.5000
vt 0.0300 0.5000
vt 0.0300 0.5000
vt 0.0300 0.5000
vt 0.0300 0.5000
vt 0.0300 0.5000
vt 0.0300 0.5000
vt 0.0300 0.5000
vt 0.0300 0.5000
vt 0.0300 0.5000
vt 0.0300 0.5000
vt 0.0300 0.5000
vt 0.0300 0.5000
vt 0.0300 0.5000
vt 0.0300 0.5000
vt 0.0300 0.5000
vt 0.0300 0.5000
vt 0.0300 0.5000
vt 0.0300 0.5000
vt 0.0300 0.5000
vt 0.0300 0.5000
vt 0.0300 0.5000
vt 0.0300 0.5000
vt 0.0300 0.5000
vt 0.0300 0.5000
vt 0.0300 0.5000
vt 0.0300 0.5000
vt 0.0300 0.5000
vt 0.0300 0.5000
vt 0.0300 0.5000
vt 0.0300 0.5000
vt 0.0300 0.5000
vt 0.0300 0.5000
vt 0.0300 0.5000
vt 0.0300 0.5000
vt 0.0300 0.5000
vt 0.0300 0.5000
vt 0.0300 0.5000
vt 0.0300 0.5000
vt 0.0300 0.5000
vt 0.0300 0.5000
vt 0.0300 0.5000
vt 0.0300 0.5000
vt 0.0300 0.5000
vt 0.0300 0.5000
vt 0.0300 0.5000
vt 0.0300 0.5000
vt 0.0300 0.5000
vt 0.0300 0.5000
vt 0.0300 0.5000
vt 0.0300 0.5000
vt 0.0300 0.5000
vt 0.0300 0.5000
vt 0.0300 0.5000
vt 0.0300 0.5000
vt 0.0300 0.5000
vt 0.0300 0.5000
vt 0.0300 0.5000
vt 0.0300 0.5000
vt 0.0300 0.5000
vt 0.0300 0.5000
vt 0.0300 0.5000
vt 0.0300 0.5000
vt 0.0300 0.5000
vt 0.0300 0.5000
vt 0.0300 0.5000
vt 0.0300 0.5000
vt 0.0300 0.5000
vt 0.0300 0.5000
vt 0.0300 0.5000
vt 0.0300 0.5000
vt 0.0300 0.5000
vt 0.0300 0.5000
vt 0.0300 0.5000
vt 0.0300 0.5000
vt 0.0300 0.5000
vt 0.0300 0.5000
vt 0.0300 0.5000
vt 0.0300 0.5000
vt 0.0300 0.5000
vt 0.0300 0.5000
vt 0.0300 0.5000
vt 0.0300 0.5000
vt 0.0300 0.5000
vt 0.0300 0.5000
vt 0.0300 0.5000
vt 0.0300 0.5000
vt 0.0300 0.5000
vt 0.0300 0.5000
vt 0.0300 0.5000
vt 0.0300 0.5000
vt 0.0300 0.5000
vt 0.0300 0.5000
vt 0.0300 0.5000
vt 0.0300 0.5000
vt 0.0300 0.5000
vt 0.0300 0.5000
vt 0.0300 0.5000
vt 0.0300 0.5000
vt 0.0300 0.5000
vt 0.0300 0.5000
vt 0.0300 0.5000
vt 0.0300 0.5000
vt 0.0300 0.5000
vt 0.0300 0.5000
vt 0.0300 0.5000
vt 0.0300 0.5000
vt 0.0300 0.5000
vt 0.0300 0.5000
vt 0.0300 0.5000
vt 0.0300 0.5000
vt 0.0300 0.5000
vt 0.0300 0.5000
vt 0.0300 0.5000
vt 0.0300 0.5000
vt 0.0300 0.5000
vt 0.0300 0.5000
vt 0.0300 0.5000
vt 0.0300 0.5000
vt 0.0300 0.5000
vt 0.0300 0.5000
vt 0.0300 0.5000
vt 0.0300 0.5000
vt 0.0300 0.5000
vt 0.0300 0.5000
vt 0.0300 0.5000
vt 0.0300 0.5000
vt 0.0300 0.5000
vt 0.0300 0.5000
vt 0.0300 0.5000
vt 0.0300 0.5000
vt 0.0300 0.5000
vt 0.0300 0.5000
vt 0.0300 0.5000
vt 0.0300 0.5000
vt 0.0300 0.5000
vt 0.0300 0.5000
vt 0.0300 0.5000
vt 0.0300 0.5000
vt 0.0300 0.5000
vt 0.0300 0.5000
vt 0.0300 0.5000
vt 0.0300 0.5000
vt 0.0300 0.5000
vt 0.0300 0.5000
vt 0.0300 0.5000
vt 0.0300 0.5000
vt 0.0300 0.5000
vt 0.0300 0.5000
vt 0.0300 0.5000
vt 0.0300 0.5000
vt 0.0300 0.5000
vt 0.0300 0.5000
vt 0.0300 0.5000
vt 0.0300 0.5000
vt 0.0300 0.5000
vt 0.0300 0.5000
vt 0.0300 0.5000
vt 0.0300 0.5000
vt 0.0300 0.5000
vt 0.0300 0.5000
vt 0.0300 0.5000
vt 0.0300 0.5000
vt 0.0300 0.5000
vt 0.0300 0.5000
vt 0.0300 0.5000
vt 0.0300 0.5000
vt 0.0300 0.5000
vt 0.0300 0.5000
vt 0.0300 0.5000
vt 0.0300 0.5000
vt 0.0300 0.5000
vt 0.0300 0.5000
vt 0.0300 0.5000
vt 0.0300 0.5000
vt 0.0300 0.5000
vt 0.0300 0.5000
vt 0.0300 0.5000
vt 0.0300 0.5000
vt 0.0300 0.5000
vt 0.0300 0.5000
vt 0.0300 0.5000
vt 0.0300 0.5000
vt 0.0300 0.5000
vt 0.0300 0.5000
vt 0.0300 0.5000
vt 0.0300 0.5000
vt 0.0300 0.5000
vt 0.0300 0.5000
vt 0.0300 0.5000
vt 0.0300 0.5000
vt 0.0300 0.5000
vt 0.0300 0.5000
vt 0.0300 0.5000
vt 0.0300 0.5000
vt 0.0300 0.5000
vt 0.0300 0.5000
vt 0.0300 0.5000
vt 0.0300 0.5000
vt 0.0300 0.5000
vt 0.0300 0.5000
vt 0.0300 0.5000
vt 0.0300 0.5000
vt 0.0300 0.5000
vt 0.0300 0.5000
vt 0.0300 0.5000
vt 0.0300 0.5000
vt 0.0300 0.5000
vt 0.0300 0.5000
vt 0.0300 0.5000
vt 0.0300 0.5000
vt 0.0300 0.5000
vt 0.0300 0.5000
vt 0.0300 0.5000
vt 0.0300 0.5000
vt 0.0300 0.5000
vt 0.0300 0.5000
vt 0.0300 0.5000
vt 0.0300 0.5000
vt 0.0300 0.5000
vt 0.0300 0.5000
vt 0.0300 0.5000
vt 0.0300 0.5000
vt 0.0300 0.5000
vt 0.0300 0.5000
vt 0.0300 0.5000
vt 0.0300 0.5000
vt 0.0300 0.5000
vt 0.0300 0.5000
vt 0.0300 0.5000
vt 0.0300 0.5000
vt 0.0300 0.5000
vt 0.0300 0.5000
vt 0.0300 0.5000
vt 0.0300 0.5000
vt 0.0300 0.5000
vt 0.0300 0.5000
vt 0.0300 0.5000
vt 0.0300 0.5000
vt 0.0300 0.5000
vt 0.0300 0.5000
vt 0.0300 0.5000
vt 0.0300 0.5000
vt 0.0300 0.5000
vt 0.0300 0.5000
vt 0.0300 0.5000
vt 0.0300 0.5000
vt 0.0300 0.5000
vt 0.0300 0.5000
vt 0.0300 0.5000
vt 0.0300 0.5000
vt 0.0300 0.5000
vt 0.0300 0.5000
vt 0.0300 0.5000
vt 0.0300 0.5000
vt 0.0300 0.5000
vt 0.0300 0.5000
vt 0.0300 0.5000
vt 0.0300 0.5000
vt 0.0300 0.5000
vt 0.0300 0.5000
vt 0.0300 0.5000
vt 0.0300 0.5000
vt 0.0300 0.5000
vt 0.0300 0.5000
vt 0.0300 0.5000
vt 0.0300 0.5000
vt 0.0300 0.5000
vt 0.0300 0.5000
vt 0.0300 0.5000
vt 0.0300 0.5000
vt 0.0300 0.5000
vt 0.0300 0.5000
vt 0.0300 0.5000
vt 0.0300 0.5000
vt 0.0300 0.5000
vt 0.0300 0.5000
vt 0.0300 0.5000
vt 0.0300 0.5000
vt 0.0300 0.5000
vt 0.0300 0.5000
vt 0.0300 0.5000
vt 0.0300 0.5000
vt 0.0300 0.5000
vt 0.0300 0.5000
vt 0.0300 0.5000
vt 0.0300 0.5000
vt 0.0300 0.5000
vt 0.0300 0.5000
vt 0.0300 0.5000
vt 0.0300 0.5000
vt 0.0300 0.5000
vt 0.0300 0.5000
vt 0.0300 0.5000
vt 0.0300 0.5000
vt 0.0300 0.5000
vt 0.0300 0.5000
vt 0.0300 0.5000
vt 0.0300 0.5000
vt 0.0300 0.5000
vt 0.0300 0.5000
vt 0.0300 0.5000
vt 0.0300 0.5000
vt 0.0300 0.5000
vt 0.0300 0.5000
vt 0.0300 0.5000
vt 0.0300 0.5000
vt 0.0300 0.5000
vt 0.0300 0.5000
vt 0.0300 0.5000
vt 0.0300 0.5000
vt 0.0300 0.5000
vt 0.0300 0.5000
vt 0.0300 0.5000
vt 0.0300 0.5000
vt 0.0300 0.5000
vt 0.0300 0.5000
vt 0.0300 0.5000
vt 0.0300 0.5000
vt 0.0300 0.5000
vt 0.0300 0.5000
vt 0.0300 0.5000
vt 0.0300 0.5000
vt 0.0300 0.5000
vt 0.0300 0.5000
vt 0.0300 0.5000
vt 0.0300 0.5000
vt 0.0300 0.5000
vt 0.0300 0.5000
vt 0.0300 0.5000
vt 0.0300 0.5000
vt 0.0300 0.5000
vt 0.0300 0.5000
vt 0.0300 0.5000
vt 0.0300 0.5000
vt 0.0300 0.5000
vt 0.0300 0.5000
vt 0.0300 0.5000
vt 0.0300 0.5000
vt 0.0300 0.5000
vt 0.0300 0.5000
vt 0.0300 0.5000
vt 0.0300 0.5000
vt 0.0300 0.5000
vt 0.0300 0.5000
vt 0.0300 0.5000
vt 0.0300 0.5000
vt 0.0300 0.5000
vt 0.0300 0.5000
vt 0.0300 0.5000
vt 0.0300 0.5000
vt 0.0300 0.5000
vt 0.0300 0.5000
vt 0.0300 0.5000
vt 0.0300 0.5000
vt 0.0300 0.5000
vt 0.0300 0.5000
vt 0.0300 0.5000
vt 0.0300 0.5000
vt 0.0300 0.5000
vt 0.0300 0.5000
vt 0.0300 0.5000
vt 0.0300 0.5000
vt 0.0300 0.5000
vt 0.0300 0.5000
vt 0.0300 0.5000
vt 0.0300 0.5000
vt 0.0300 0.5000
vt 0.0300 0.5000
vt 0.0300 0.5000
vt 0.0300 0.5000
vt 0.0300 0.5000
vt 0.0300 0.5000
vt 0.0300 0.5000
vt 0.0300 0.5000
vt 0.0300 0.5000
vt 0.0300 0.5000
vt 0.0300 0.5000
vt 0.0300 0.5000
vt 0.0300 0.5000
vt 0.0300 0.5000
vt 0.0300 0.5000
vt 0.0300 0.5000
vt 0.0300 0.5000
vt 0.0300 0.5000
vt 0.0300 0.5000
vt 0.0300 0.5000
vt 0.0300 0.5000
vt 0.0300 0.5000
vt 0.0300 0.5000
vt 0.0300 0.5000
vt 0.0300 0.5000
vt 0.0300 0.5000
vt 0.0300 0.5000
vt 0.0300 0.5000
vt 0.0300 0.5000
vt 0.0300 0.5000
vt 0.0300 0.5000
vt 0.0300 0.5000
vt 0.0300 0.5000
vt 0.0300 0.5000
vt 0.0300 0.5000
vt 0.0300 0.5000
vt 0.0300 0.5000
vt 0.0300 0.5000
vt 0.0300 0.5000
vt 0.0300 0.5000
vt 0.0300 0.5000
vt 0.0300 0.5000
vt 0.0300 0.5000
vt 0.0300 0.5000
vt 0.0300 0.5000
vt 0.0300 0.5000
vt 0.0300 0.5000
vt 0.0300 0.5000
vt 0.0300 0.5000
vt 0.0300 0.5000
vt 0.0300 0.5000
vt 0.0300 0.5000
vt 0.0300 0.5000
vt 0.0300 0.5000
vt 0.0300 0.5000
vt 0.0300 0.5000
vt 0.0300 0.5000
vt 0.0300 0.5000
vt 0.0300 0.5000
vt 0.0300 0.5000
vt 0.0300 0.5000
vt 0.0300 0.5000
vt 0.0300 0.5000
vt 0.0300 0.5000
vt 0.0300 0.5000
vt 0.0300 0.5000
vt 0.0300 0.5000
vt 0.0300 0.5000
vt 0.0300 0.5000
vt 0.0300 0.5000
vt 0.0300 0.5000
vt 0.0300 0.5000
vt 0.0300 0.5000
vt 0.0300 0.5000
vt 0.0300 0.5000
vt 0.0300 0.5000
vt 0.0300 0.5000
vt 0.0300 0.5000
vt 0.0300 0.5000
vt 0.0300 0.5000
vt 0.0300 0.5000
vt 0.0300 0.5000
vt 0.0300 0.5000
vt 0.0300 0.5000
vt 0.0300 0.5000
vt 0.0300 0.5000
vt 0.0300 0.5000
vt 0.0300 0.5000
vt 0.0300 0.5000
vt 0.0300 0.5000
vt 0.0300 0.5000
vt 0.0300 0.5000
vt 0.0300 0.5000
vt 0.0300 0.5000
vt 0.0300 0.5000
vt 0.0300 0.5000
vt 0.0300 0.5000
vt 0.0300 0.5000
vt 0.0300 0.5000
vt 0.0300 0.5000
vt 0.0300 0.5000
vt 0.0300 0.5000
vt 0.0300 0.5000
vt 0.0300 0.5000
vt 0.0300 0.5000
vt 0.0300 0.5000
vt 0.0300 0.5000
vt 0.0300 0.5000
vt 0.0300 0.5000
vt 0.0300 0.5000
vt 0.0300 0.5000
vt 0.0300 0.5000
vt 0.0300 0.5000
vt 0.0300 0.5000
vt 0.0300 0.5000
vt 0.0300 0.5000
vt 0.0300 0.5000
vt 0.0300 0.5000
vt 0.0300 0.5000
vt 0.0300 0.5000
vt 0.0300 0.5000
vt 0.0300 0.5000
vt 0.0300 0.5000
vt 0.0300 0.5000
vt 0.0300 0.5000
vt 0.0300 0.5000
vt 0.0300 0.5000
vt 0.0300 0.5000
vt 0.0300 0.5000
vt 0.0300 0.5000
vt 0.0300 0.5000
vt 0.0300 0.5000
vt 0.0300 0.5000
vt 0.0300 0.5000
vt 0.0300 0.5000
vt 0.0300 0.5000
vt 0.0300 0.5000
vt 0.0300 0.5000
vt 0.0300 0.5000
vt 0.0300 0.5000
vt 0.0300 0.5000
vt 0.0300 0.5000
vt 0.0300 0.5000
vt 0.0300 0.5000
vt 0.0300 0.5000
vt 0.0300 0.5000
vt 0.0300 0.5000
vt 0.0300 0.5000
vt 0.0300 0.5000
vt 0.0300 0.5000
vt 0.0300 0.5000
vt 0.0300 0.5000
vt 0.0300 0.5000
vt 0.0300 0.5000
vt 0.0300 0.5000
vt 0.0300 0.5000
vt 0.0300 0.5000
vt 0.0300 0.5000
vt 0.0300 0.5000
vt 0.0300 0.5000
vt 0.0300 0.5000
vt 0.0300 0.5000
vt 0.0300 0.5000
vt 0.0300 0.5000
vt 0.0300 0.5000
vt 0.0300 0.5000
vt 0.0300 0.5000
vt 0.0300 0.5000
vt 0.0300 0.5000
vt 0.0300 0.5000
vt 0.0300 0.5000
vt 0.0300 0.5000
vt 0.0300 0.5000
vt 0.0300 0.5000
vt 0.0300 0.5000
vt 0.0300 0.5000
vt 0.0300 0.5000
vt 0.0300 0.5000
vt 0.0300 0.5000
vt 0.0300 0.5000
vt 0.0300 0.5000
vt 0.0300 0.5000
vt 0.0300 0.5000
vt 0.0300 0.5000
vt 0.0300 0.5000
vt 0.0300 0.5000
vt 0.0300 0.5000
vt 0.0300 0.5000
vt 0.0300 0.5000
vt 0.0300 0.5000
vt 0.0300 0.5000
vt 0.0300 0.5000
vt 0.0300 0.5000
vt 0.0300 0.5000
vt 0.0300 0.5000
vt 0.0300 0.5000
vt 0.0300 0.5000
vt 0.0300 0.5000
vt 0.0300 0.5000
vt 0.0300 0.5000
vt 0.0300 0.5000
vt 0.0300 0.5000
vt 0.0300 0.5000
vt 0.0300 0.5000
vt 0.0300 0.5000
vt 0.0300 0.5000
vt 0.0300 0.5000
vt 0.0300 0.5000
vt 0.0300 0.5000
vt 0.0300 0.5000
vt 0.0300 0.5000
vt 0.0300 0.5000
vt 0.0300 0.5000
vt 0.0300 0.5000
vt 0.0300 0.5000
vt 0.0300 0.5000
vt 0.0300 0.5000
vt 0.0300 0.5000
vt 0.0300 0.5000
vt 0.0300 0.5000
vt 0.0300 0.5000
vt 0.0300 0.5000
vt 0.0300 0.5000
vt 0.0300 0.5000
vt 0.0300 0.5000
vt 0.0300 0.5000
vt 0.0300 0.5000
vt 0.0300 0.5000
vt 0.0300 0.5000
vt 0.0300 0.5000
vt 0.0300 0.5000
vt 0.0300 0.5000
vt 0.0300 0.5000
vt 0.0300 0.5000
vt 0.0300 0.5000
vt 0.0300 0.5000
vt 0.0300 0.5000
vt 0.0300 0.5000
vt 0.0300 0.5000
vt 0.0300 0.5000
vt 0.0300 0.5000
vt 0.0300 0.5000
vt 0.0300 0.5000
vt 0.0300 0.5000
vt 0.0300 0.5000
vt 0.0300 0.5000
vt 0.0300 0.5000
vt 0.0300 0.5000
vt 0.0300 0.5000
vt 0.0300 0.5000
vt 0.0300 0.5000
vt 0.0300 0.5000
vt 0.0300 0.5000
vt 0.0300 0.5000
vt 0.0300 0.5000
vt 0.0300 0.5000
vt 0.0300 0.5000
vt 0.0300 0.5000
vt 0.0300 0.5000
vt 0.0300 0.5000
vt 0.0300 0.5000
vt 0.0300 0.5000
vt 0.0300 0.5000
vt 0.0300 0.5000
vt 0.0300 0.5000
vt 0.0300 0.5000
vt 0.0300 0.5000
vt 0.0300 0.5000
vt 0.0300 0.5000
vt 0.0300 0.5000
vt 0.0300 0.5000
vt 0.0300 0.5000
vt 0.0300 0.5000
vt 0.0300 0.5000
vt 0.0300 0.5000
vt 0.0300 0.5000
vt 0.0300 0.5000
vt 0.0300 0.5000
vt 0.0300 0.5000
vt 0.0300 0.5000
vt 0.0300 0.5000
vt 0.0300 0.5000
vt 0.0300 0.5000
vt 0.0300 0.5000
vt 0.0300 0.5000
vt 0.0300 0.5000
vt 0.0300 0.5000
vt 0.0300 0.5000
vt 0.0300 0.5000
vt 0.0300 0.5000
vt 0.0300 0.5000
vt 0.0300 0.5000
vt 0.0300 0.5000
vt 0.0300 0.5000
vt 0.0300 0.5000
vt 0.0300 0.5000
vt 0.0300 0.5000
vt 0.0300 0.5000
vt 0.0300 0.5000
vt 0.0300 0.5000
vt 0.0300 0.5000
vt 0.0300 0.5000
vt 0.0300 0.5000
vt 0.0300 0.5000
vt 0.0300 0.5000
vt 0.0300 0.5000
vt 0.0300 0.5000
vt 0.0300 0.5000
vt 0.0300 0.5000
vt 0.0300 0.5000
vt 0.0300 0.5000
vt 0.0300 0.5000
vt 0.0300 0.5000
vt 0.0300 0.5000
vt 0.0300 0.5000
vt 0.0300 0.5000
vt 0.0300 0.5000
vt 0.0300 0.5000
vt 0.0300 0.5000
vt 0.0300 0.5000
vt 0.0300 0.5000
vt 0.0300 0.5000
vt 0.0300 0.5000
vt 0.0300 0.5000
vt 0.0300 0.5000
vt 0.0300 0.5000
vt 0.0300 0.5000
vt 0.0300 0.5000
vt 0.0300 0.5000
vt 0.0300 0.5000
vt 0.0300 0.5000
vt 0.0300 0.5000
vt 0.0300 0.5000
vt 0.0300 0.5000
vt 0.0300 0.5000
vt 0.0300 0.5000
vt 0.0300 0.5000
vt 0.0300 0.5000
vt 0.0300 0.5000
vt 0.0300 0.5000
vt 0.0300 0.5000
vt 0.0300 0.5000
vt 0.0300 0.5000
vt 0.0300 0.5000
vt 0.0300 0.5000
vt 0.0300 0.5000
vt 0.0300 0.5000
vt 0.0300 0.5000
vt 0.0300 0.5000
vt 0.0300 0.5000
vt 0.0300 0.5000
vt 0.0300 0.5000
vt 0.0300 0.5000
vt 0.0300 0.5000
vt 0.0300 0.5000
vt 0.0300 0.5000
vt 0.0300 0.5000
vt 0.0300 0.5000
vt 0.0300 0.5000
vt 0.0300 0.5000
vt 0.0300 0.5000
vt 0.0300 0.5000
vt 0.0300 0.5000
vt 0.0300 0.5000
vt 0.0300 0.5000
vt 0.0300 0.5000
vt 0.0300 0.5000
vt 0.0300 0.5000
vt 0.0300 0.5000
vt 0.0300 0.5000
vt 0.0300 0.5000
vt 0.0300 0.5000
vt 0.0300 0.5000
vt 0.0300 0.5000
vt 0.0300 0.5000
vt 0.0300 0.5000
vt 0.0300 0.5000
vt 0.0300 0.5000
vt 0.0300 0.5000
vt 0.0300 0.5000
vt 0.0300 0.5000
vt 0.0300 0.5000
vt 0.0300 0.5000
vt 0.0300 0.5000
vt 0.0300 0.5000
vt 0.0300 0.5000
vt 0.0300 0.5000
vt 0.0300 0.5000
vt 0.0300 0.5000
vt 0.0300 0.5000
vt 0.0300 0.5000
vt 0.0300 0.5000
vt 0.0300 0.5000
vt 0.0300 0.5000
vt 0.0300 0.5000
vt 0.0300 0.5000
vt 0.0300 0.5000
vt 0.0300 0.5000
vt 0.0300 0.5000
vt 0.0300 0.5000
vt 0.0300 0.5000
vt 0.0300 0.5000
vt 0.0300 0.5000
vt 0.0300 0.5000
vt 0.0300 0.5000
vt 0.0300 0.5000
vt 0.0300 0.5000
vt 0.0300 0.5000
vt 0.0300 0.5000
vt 0.0300 0.5000
vt 0.0300 0.5000
vt 0.0300 0.5000
vt 0.0300 0.5000
vt 0.0300 0.5000
vt 0.0300 0.5000
vt 0.0300 0.5000
vt 0.0300 0.5000
vt 0.0300 0.5000
vt 0.0300 0.5000
vt 0.0300 0.5000
vt 0.0300 0.5000
vt 0.0300 0.5000
vt 0.0300 0.5000
vt 0.0300 0.5000
vt 0.0300 0.5000
vt 0.0300 0.5000
vt 0.0300 0.5000
vt 0.0300 0.5000
vt 0.0300 0.5000
vt 0.0300 0.5000
vt 0.0300 0.5000
vt 0.0300 0.5000
vt 0.0300 0.5000
vt 0.0300 0.5000
vt 0.0300 0.5000
vt 0.0300 0.5000
vt 0.0300 0.5000
vt 0.0300 0.5000
vt 0.0300 0.5000
vt 0.0300 0.5000
vt 0.0300 0.5000
vt 0.0300 0.5000
vt 0.0300 0.5000
vt 0.0300 0.5000
vt 0.0300 0.5000
vt 0.0300 0.5000
vt 0.0300 0.5000
vt 0.0300 0.5000
vt 0.0300 0.5000
vt 0.0300 0.5000
vt 0.0300 0.5000
vt 0.0300 0.5000
vt 0.0300 0.5000
vt 0.0300 0.5000
vt 0.0300 0.5000
vt 0.0300 0.5000
vt 0.0300 0.5000
vt 0.0300 0.5000
vt 0.0300 0.5000
vt 0.0300 0.5000
vt 0.0300 0.5000
vt 0.0300 0.5000
vt 0.0300 0.5000
vt 0.0300 0.5000
vt 0.0300 0.5000
vt 0.0300 0.5000
vt 0.0300 0.5000
vt 0.0300 0.5000
vt 0.0300 0.5000
vt 0.0300 0.5000
vt 0.0300 0.5000
vt 0.0300 0.5000
vt 0.0300 0.5000
vt 0.0300 0.5000
vt 0.0300 0.5000
vt 0.0300 0.5000
vt 0.0300 0.5000
vt 0.0300 0.5000
vt 0.0300 0.5000
vt 0.0300 0.5000
vt 0.0300 0.5000
vt 0.0300 0.5000
vt 0.0300 0.5000
vt 0.0300 0.5000
vt 0.0300 0.5000
vt 0.0300 0.5000
vt 0.0300 0.5000
vt 0.0300 0.5000
vt 0.0300 0.5000
vt 0.0300 0.5000
vt 0.0300 0.5000
vt 0.0300 0.5000
vt 0.0300 0.5000
vt 0.0300 0.5000
vt 0.0300 0.5000
vt 0.0300 0.5000
vt 0.0300 0.5000
vt 0.0300 0.5000
vt 0.0300 0.5000
vt 0.0300 0.5000
vt 0.0300 0.5000
vt 0.0300 0.5000
vt 0.0300 0.5000
vt 0.0300 0.5000
vt 0.0300 0.5000
vt 0.0300 0.5000
vt 0.0300 0.5000
vt 0.0300 0.5000
vt 0.0300 0.5000
vt 0.0300 0.5000
vt 0.0300 0.5000
vt 0.0300 0.5000
vt 0.0300 0.5000
vt 0.0300 0.5000
vt 0.0300 0.5000
vt 0.0300 0.5000
vt 0.0300 0.5000
vt 0.0300 0.5000
vt 0.0300 0.5000
vt 0.0300 0.5000
vt 0.0300 0.5000
vt 0.0300 0.5000
vt 0.0300 0.5000
vt 0.0300 0.5000
vt 0.0300 0.5000
vt 0.0300 0.5000
vt 0.0300 0.5000
vt 0.0300 0.5000
vt 0.0300 0.5000
vt 0.0300 0.5000
vt 0.0300 0.5000
vt 0.0300 0.5000
vt 0.0300 0.5000
vt 0.0300 0.5000
vt 0.0300 0.5000
vt 0.0300 0.5000
vt 0.0300 0.5000
vt 0.0300 0.5000
vt 0.0300 0.5000
vt 0.0300 0.5000
vt 0.0300 0.5000
vt 0.0300 0.5000
vt 0.0300 0.5000
vt 0.0300 0.5000
vt 0.0300 0.5000
vt 0.0300 0.5000
vt 0.0300 0.5000
vt 0.0300 0.5000
vt 0.0300 0.5000
vt 0.0300 0.5000
vt 0.0300 0.5000
vt 0.0300 0.5000
vt 0.0300 0.5000
vt 0.0300 0.5000
vt 0.0300 0.5000
vt 0.0300 0.5000
vt 0.0300 0.5000
vt 0.0300 0.5000
vt 0.0300 0.5000
vt 0.0300 0.5000
vt 0.0300 0.5000
vt 0.0300 0.5000
vt 0.0300 0.5000
vt 0.0300 0.5000
vt 0.0300 0.5000
vt 0.0300 0.5000
vt 0.0300 0.5000
vt 0.0300 0.5000
vt 0.0300 0.5000
vt 0.0300 0.5000
vt 0.0300 0.5000
vt 0.0300 0.5000
vt 0.0300 0.5000
vt 0.0300 0.5000
vt 0.0300 0.5000
vt 0.0300 0.5000
vt 0.0300 0.5000
vt 0.0300 0.5000
vt 0.0300 0.5000
vt 0.0300 0.5000
vt 0.0300 0.5000
vt 0.0300 0.5000
vt 0.0300 0.5000
vt 0.0300 0.5000
vt 0.0300 0.5000
vt 0.0300 0.5000
vt 0.0300 0.5000
vt 0.0300 0.5000
vt 0.0300 0.5000
vt 0.0300 0.5000
vt 0.0300 0.5000
vt 0.0300 0.5000
vt 0.0300 0.5000
vt 0.0300 0.5000
vt 0.0300 0.5000
vt 0.0300 0.5000
vt 0.0300 0.5000
vt 0.0300 0.5000
vt 0.0300 0.5000
vt 0.0300 0.5000
vt 0.0300 0.5000
vt 0.0300 0.5000
vt 0.0300 0.5000
vt 0.0300 0.5000
vt 0.0300 0.5000
vt 0.0300 0.5000
vt 0.0300 0.5000
vt 0.0300 0.5000
vt 0.0300 0.5000
vt 0.0300 0.5000
vt 0.0300 0.5000
vt 0.0300 0.5000
vt 0.0300 0.5000
vt 0.0300 0.5000
vt 0.0300 0.5000
vt 0.0300 0.5000
vt 0.0300 0.5000
vt 0.0300 0.5000
vt 0.0300 0.5000
vt 0.0300 0.5000
vt 0.0300 0.5000
vt 0.0300 0.5000
vt 0.0300 0.5000
vt 0.0300 0.5000
vt 0.0300 0.5000
vt 0.0300 0.5000
vt 0.0300 0.5000
vt 0.0300 0.5000
vt 0.0300 0.5000
vt 0.0300 0.5000
vt 0.0300 0.5000
vt 0.0300 0.5000
vt 0.0300 0.5000
vt 0.0300 0.5000
vt 0.0300 0.5000
vt 0.0300 0.5000
vt 0.0300 0.5000
vt 0.0300 0.5000
vt 0.0300 0.5000
vt 0.0300 0.5000
vt 0.0300 0.5000
vt 0.0300 0.5000
vt 0.0300 0.5000
vt 0.0300 0.5000
vt 0.0300 0.5000
vt 0.0300 0.5000
vt 0.0300 0.5000
vt 0.0300 0.5000
vt 0.0300 0.5000
vt 0.0300 0.5000
vt 0.0300 0.5000
vt 0.0300 0.5000
vt 0.0300 0.5000
vt 0.0300 0.5000
vt 0.0300 0.5000
vt 0.0300 0.5000
vt 0.0300 0.5000
vt 0.0300 0.5000
vt 0.0300 0.5000
vt 0.0300 0.5000
vt 0.0300 0.5000
vt 0.0300 0.5000
vt 0.0300 0.5000
vt 0.0300 0.5000
vt 0.0300 0.5000
vt 0.0300 0.5000
vt 0.0300 0.5000
vt 0.0300 0.5000
vt 0.0300 0.5000
vt 0.0300 0.5000
vt 0.0300 0.5000
vt 0.0300 0.5000
vt 0.0300 0.5000
vt 0.0300 0.5000
vt 0.0300 0.5000
vt 0.0300 0.5000
vt 0.0300 0.5000
vt 0.0300 0.5000
vt 0.0300 0.5000
vt 0.0300 0.5000
vt 0.0300 0.5000
vt 0.0300 0.5000
vt 0.0300 0.5000
vt 0.0300 0.5000
vt 0.0300 0.5000
vt 0.0300 0.5000
vt 0.0300 0.5000
vt 0.0300 0.5000
vt 0.0300 0.5000
vt 0.0300 0.5000
vt 0.0300 0.5000
vt 0.0300 0.5000
vt 0.0300 0.5000
vt 0.0300 0.5000
vt 0.0300 0.5000
vt 0.0300 0.5000
vt 0.0300 0.5000
vt 0.0300 0.5000
vt 0.0300 0.5000
vt 0.0300 0.5000
vt 0.0300 0.5000
vt 0.0300 0.5000
vt 0.0300 0.5000
vt 0.0300 0.5000
vt 0.0300 0.5000
vt 0.0300 0.5000
vt 0.0300 0.5000
vt 0.0300 0.5000
vt 0.0300 0.5000
vt 0.0300 0.5000
vt 0.0300 0.5000
vt 0.0300 0.5000
vt 0.0300 0.5000
vt 0.0300 0.5000
vt 0.0300 0.5000
vt 0.0300 0.5000
vt 0.0300 0.5000
vt 0.0300 0.5000
vt 0.0300 0.5000
vt 0.0300 0.5000
vt 0.0300 0.5000
vt 0.0300 0.5000
vt 0.0300 0.5000
vt 0.0300 0.5000
vt 0.0300 0.5000
vt 0.0300 0.5000
vt 0.0300 0.5000
vt 0.0300 0.5000
vt 0.0300 0.5000
vt 0.0300 0.5000
vt 0.0300 0.5000
vt 0.0300 0.5000
vt 0.0300 0.5000
vt 0.0300 0.5000
vt 0.0300 0.5000
vt 0.0300 0.5000
vt 0.0300 0.5000
vt 0.0300 0.5000
vt 0.0300 0.5000
vt 0.0300 0.5000
vt 0.0300 0.5000
vt 0.0300 0.5000
vt 0.0300 0.5000
vt 0.0300 0.5000
vt 0.0300 0.5000
vt 0.0300 0.5000
vt 0.0300 0.5000
vt 0.0300 0.5000
vt 0.0300 0.5000
vt 0.0300 0.5000
vt 0.0300 0.5000
vt 0.0300 0.5000
vt 0.0300 0.5000
vt 0.0300 0.5000
vt 0.0300 0.5000
vt 0.0300 0.5000
vt 0.0300 0.5000
vt 0.0300 0.5000
vt 0.0300 0.5000
vt 0.0300 0.5000
vt 0.0300 0.5000
vt 0.0300 0.5000
vt 0.0300 0.5000
vt 0.0300 0.5000
vt 0.0300 0.5000
vt 0.0300 0.5000
vt 0.0300 0.5000
vt 0.0300 0.5000
vt 0.0300 0.5000
vt 0.0300 0.5000
vt 0.0300 0.5000
vt 0.0300 0.5000
vt 0.0300 0.5000
vt 0.0300 0.5000
vt 0.0300 0.5000
vt 0.0300 0.5000
vt 0.0300 0.5000
vt 0.0300 0.5000
vt 0.0300 0.5000
vt 0.0300 0.5000
vt 0.0300 0.5000
vt 0.0300 0.5000
vt 0.0300 0.5000
vt 0.0300 0.5000
vt 0.0300 0.5000
vt 0.0300 0.5000
vt 0.0300 0.5000
vt 0.0300 0.5000
vt 0.0300 0.5000
vt 0.0300 0.5000
vt 0.0300 0.5000
vt 0.0300 0.5000
vt 0.0300 0.5000
vt 0.0300 0.5000
vt 0.0300 0.5000
vt 0.0300 0.5000
vt 0.0300 0.5000
vt 0.0300 0.5000
vt 0.0300 0.5000
vt 0.0300 0.5000
vt 0.0300 0.5000
vt 0.0300 0.5000
vt 0.0300 0.5000
vt 0.0300 0.5000
vt 0.0300 0.5000
vt 0.0300 0.5000
vt 0.0300 0.5000
vt 0.0300 0.5000
vt 0.0300 0.5000
vt 0.0300 0.5000
vt 0.0300 0.5000
vt 0.0300 0.5000
vt 0.0300 0.5000
vt 0.0300 0.5000
vt 0.0300 0.5000
vt 0.0300 0.5000
vt 0.0300 0.5000
vt 0.0300 0.5000
vt 0.0300 0.5000
vt 0.0300 0.5000
vt 0.0300 0.5000
vt 0.0300 0.5000
vt 0.0300 0.5000
vt 0.0300 0.5000
vt 0.0300 0.5000
vt 0.0300 0.5000
vt 0.0300 0.5000
vt 0.0300 0.5000
vt 0.0300 0.5000
vt 0.0300 0.5000
vt 0.0300 0.5000
vt 0.0300 0.5000
vt 0.0300 0.5000
vt 0.0300 0.5000
vt 0.0300 0.5000
vt 0.0300 0.5000
vt 0.0300 0.5000
vt 0.0300 0.5000
vt 0.0300 0.5000
vt 0.0300 0.5000
vt 0.0300 0.5000
vt 0.0300 0.5000
vt 0.0300 0.5000
vt 0.0300 0.5000
vt 0.0300 0.5000
vt 0.0300 0.5000
vt 0.0300 0.5000
vt 0.0300 0.5000
vt 0.0300 0.5000
vt 0.0300 0.5000
vt 0.0300 0.5000
vt 0.0300 0.5000
vt 0.0300 0.5000
vt 0.0300 0.5000
vt 0.0300 0.5000
vt 0.0300 0.5000
vt 0.0300 0.5000
vt 0.0300 0.5000
vt 0.0300 0.5000
vt 0.0300 0.5000
vt 0.0300 0.5000
vt 0.0300 0.5000
vt 0.0300 0.5000
vt 0.0300 0.5000
vt 0.0300 0.5000
vt 0.0300 0.5000
vt 0.0300 0.5000
vt 0.0300 0.5000
vt 0.0300 0.5000
vt 0.0300 0.5000
vt 0.0300 0.5000
vt 0.0300 0.5000
vt 0.0300 0.5000
vt 0.0300 0.5000
vt 0.0300 0.5000
vt 0.0300 0.5000
vt 0.0300 0.5000
vt 0.0300 0.5000
vt 0.0300 0.5000
vt 0.0300 0.5000
vt 0.0300 0.5000
vt 0.0300 0.5000
vt 0.0300 0.5000
vt 0.0300 0.5000
vt 0.0300 0.5000
vt 0.0300 0.5000
vt 0.0300 0.5000
vt 0.0300 0.5000
vt 0.0300 0.5000
vt 0.0300 0.5000
vt 0.0300 0.5000
vt 0.0300 0.5000
vt 0.0300 0.5000
vt 0.0300 0.5000
vt 0.0300 0.5000
vt 0.0300 0.5000
vt 0.0300 0.5000
vt 0.0300 0.5000
vt 0.0300 0.5000
vt 0.0300 0.5000
vt 0.0300 0.5000
vt 0.0300 0.5000
vt 0.0300 0.5000
vt 0.0300 0.5000
vt 0.0300 0.5000
vt 0.0300 0.5000
vt 0.0300 0.5000
vt 0.0300 0.5000
vt 0.0300 0.5000
vt 0.0300 0.5000
vt 0.0300 0.5000
vt 0.0300 0.5000
vt 0.0300 0.5000
vt 0.0300 0.5000
vt 0.0300 0.5000
vt 0.0300 0.5000
vt 0.0300 0.5000
vt 0.0300 0.5000
vt 0.0300 0.5000
vt 0.0300 0.5000
vt 0.0300 0.5000
vt 0.0300 0.5000
vt 0.0300 0.5000
vt 0.0300 0.5000
vt 0.0300 0.5000
vt 0.0300 0.5000
vt 0.0300 0.5000
vt 0.0300 0.5000
vt 0.0300 0.5000
vt 0.0300 0.5000
vt 0.0300 0.5000
vt 0.0300 0.5000
vt 0.0300 0.5000
vt 0.0300 0.5000
vt 0.0300 0.5000
vt 0.0300 0.5000
vt 0.0300 0.5000
vt 0.0300 0.5000
vt 0.0300 0.5000
vt 0.0300 0.5000
vt 0.0300 0.5000
vt 0.0300 0.5000
vt 0.0300 0.5000
vt 0.0300 0.5000
vt 0.0300 0.5000
vt 0.0300 0.5000
vt 0.0300 0.5000
vt 0.0300 0.5000
vt 0.0300 0.5000
vt 0.0300 0.5000
vt 0.0300 0.5000
vt 0.0300 0.5000
vt 0.0300 0.5000
vt 0.0300 0.5000
vt 0.0300 0.5000
vt 0.0300 0.5000
vt 0.0300 0.5000
vt 0.0300 0.5000
vt 0.0300 0.5000
vt 0.0300 0.5000
vt 0.0300 0.5000
vt 0.0300 0.5000
vt 0.0300 0.5000
vt 0.0300 0.5000
vt 0.0300 0.5000
vt 0.0300 0.5000
vt 0.0300 0.5000
vt 0.0300 0.5000
vt 0.0300 0.5000
vt 0.0300 0.5000
vt 0.0300 0.5000
vt 0.0300 0.5000
vt 0.0300 0.5000
vt 0.0300 0.5000
vt 0.0300 0.5000
vt 0.0300 0.5000
vt 0.0300 0.5000
vt 0.0300 0.5000
vt 0.0300 0.5000
vt 0.0300 0.5000
vt 0.0300 0.5000
vt 0.0300 0.5000
vt 0.0300 0.5000
vt 0.0300 0.5000
vt 0.0300 0.5000
vt 0.0300 0.5000
vt 0.0300 0.5000
vt 0.0300 0.5000
vt 0.0300 0.5000
vt 0.0300 0.5000
vt 0.0300 0.5000
vt 0.0300 0.5000
vt 0.0300 0.5000
vt 0.0300 0.5000
vt 0.0300 0.5000
vt 0.0300 0.5000
vt 0.0300 0.5000
vt 0.0300 0.5000
vt 0.0300 0.5000
vt 0.0300 0.5000
vt 0.0300 0.5000
vt 0.0300 0.5000
vt 0.0300 0.5000
vt 0.0300 0.5000
vt 0.0300 0.5000
vt 0.0300 0.5000
vt 0.0300 0.5000
vt 0.0300 0.5000
vt 0.0300 0.5000
vt 0.0300 0.5000
vt 0.0300 0.5000
vt 0.0300 0.5000
vt 0.0300 0.5000
vt 0.0300 0.5000
vt 0.0300 0.5000
vt 0.0300 0.5000
vt 0.0300 0.5000
vt 0.0300 0.5000
vt 0.0300 0.5000
vt 0.0300 0.5000
vt 0.0300 0.5000
vt 0.0300 0.5000
vt 0.0300 0.5000
vt 0.0300 0.5000
vt 0.0300 0.5000
vt 0.0300 0.5000
vt 0.0300 0.5000
vt 0.0300 0.5000
vt 0.0300 0.5000
vt 0.0300 0.5000
vt 0.0300 0.5000
vt 0.0300 0.5000
vt 0.0300 0.5000
vt 0.0300 0.5000
vt 0.0300 0.5000
vt 0.0300 0.5000
vt 0.0300 0.5000
vt 0.0300 0.5000
vt 0.0300 0.5000
vt 0.0300 0.5000
vt 0.0300 0.5000
vt 0.0300 0.5000
vt 0.0300 0.5000
vt 0.0300 0.5000
vt 0.0300 0.5000
vt 0.0300 0.5000
vt 0.0300 0.5000
vt 0.0300 0.5000
vt 0.0300 0.5000
vt 0.0300 0.5000
vt 0.0300 0.5000
vt 0.0300 0.5000
vt 0.0300 0.5000
vt 0.0300 0.5000
vt 0.0300 0.5000
vt 0.0300 0.5000
vt 0.0300 0.5000
vt 0.0300 0.5000
vt 0.0300 0.5000
vt 0.0300 0.5000
vt 0.0300 0.5000
vt 0.0300 0.5000
vt 0.0300 0.5000
vt 0.0300 0.5000
vt 0.0300 0.5000
vt 0.0300 0.5000
vt 0.0300 0.5000
vt 0.0300 0.5000
vt 0.0300 0.5000
vt 0.0300 0.5000
vt 0.0300 0.5000
vt 0.0300 0.5000
vt 0.0300 0.5000
vt 0.0300 0.5000
vt 0.0300 0.5000
vt 0.0300 0.5000
vt 0.0300 0.5000
vt 0.0300 0.5000
vt 0.0300 0.5000
vt 0.0300 0.5000
vt 0.0300 0.5000
vt 0.0300 0.5000
vt 0.0300 0.5000
vt 0.0300 0.5000
vt 0.0300 0.5000
vt 0.0300 0.5000
vt 0.0300 0.5000
vt 0.0300 0.5000
vt 0.0300 0.5000
vt 0.0300 0.5000
vt 0.0300 0.5000
vt 0.0300 0.5000
vt 0.0300 0.5000
vt 0.0300 0.5000
vt 0.0300 0.5000
vt 0.0300 0.5000
vt 0.0300 0.5000
vt 0.0300 0.5000
vt 0.0300 0.5000
vt 0.0300 0.5000
vt 0.0300 0.5000
vt 0.0300 0.5000
vt 0.0300 0.5000
vt 0.0300 0.5000
vt 0.0300 0.5000
vt 0.0300 0.5000
vt 0.0300 0.5000
vt 0.0300 0.5000
vt 0.0300 0.5000
vt 0.0300 0.5000
vt 0.0300 0.5000
vt 0.0300 0.5000
vt 0.0300 0.5000
vt 0.0300 0.5000
vt 0.0300 0.5000
vt 0.0300 0.5000
vt 0.0300 0.5000
vt 0.0300 0.5000
vt 0.0300 0.5000
vt 0.0300 0.5000
vt 0.0300 0.5000
vt 0.0300 0.5000
vt 0.0300 0.5000
vt 0.0300 0.5000
vt 0.0300 0.5000
vt 0.0300 0.5000
vt 0.0300 0.5000
vt 0.0300 0.5000
vt 0.0300 0.5000
vt 0.0300 0.5000
vt 0.0300 0.5000
vt 0.0300 0.5000
vt 0.0300 0.5000
vt 0.0300 0.5000
vt 0.0300 0.5000
vt 0.0300 0.5000
vt 0.0300 0.5000
vt 0.0300 0.5000
vt 0.0300 0.5000
vt 0.0300 0.5000
vt 0.0300 0.5000
vt 0.0300 0.5000
vt 0.0300 0.5000
vt 0.0300 0.5000
vt 0.0300 0.5000
vt 0.0300 0.5000
vt 0.0300 0.5000
vt 0.0300 0.5000
vt 0.0300 0.5000
vt 0.0300 0.5000
vt 0.0300 0.5000
vt 0.0300 0.5000
vt 0.0300 0.5000
vt 0.0300 0.5000
vt 0.0300 0.5000
vt 0.0300 0.5000
vt 0.0300 0.5000
vt 0.0300 0.5000
vt 0.0300 0.5000
vt 0.0300 0.5000
vt 0.0300 0.5000
vt 0.0300 0.5000
vt 0.0300 0.5000
vt 0.0300 0.5000
vt 0.0300 0.5000
vt 0.0300 0.5000
vt 0.0300 0.5000
vt 0.0300 0.5000
vt 0.0300 0.5000
vt 0.0300 0.5000
vt 0.0300 0.5000
vt 0.0300 0.5000
vt 0.0300 0.5000
vt 0.0300 0.5000
vt 0.0300 0.5000
vt 0.0300 0.5000
vt 0.0300 0.5000
vt 0.0300 0.5000
vt 0.0300 0.5000
vt 0.0300 0.5000
vt 0.0300 0.5000
vt 0.0300 0.5000
vt 0.0300 0.5000
vt 0.0300 0.5000
vt 0.0300 0.5000
vt 0.0300 0.5000
vt 0.0300 0.5000
vt 0.0300 0.5000
vt 0.0300 0.5000
vt 0.0300 0.5000
vt 0.0300 0.5000
vt 0.0300 0.5000
vt 0.0300 0.5000
vt 0.0300 0.5000
vt 0.0300 0.5000
vt 0.0300 0.5000
vt 0.0300 0.5000
vt 0.0300 0.5000
vt 0.0300 0.5000
vt 0.0300 0.5000
vt 0.0300 0.5000
vt 0.0300 0.5000
vt 0.0300 0.5000
vt 0.0300 0.5000
vt 0.0300 0.5000
vt 0.0300 0.5000
vt 0.0300 0.5000
vt 0.0300 0.5000
vt 0.0300 0.5000
vt 0.0300 0.5000
vt 0.0300 0.5000
vt 0.0300 0.5000
vt 0.0300 0.5000
vt 0.0300 0.5000
vt 0.0300 0.5000
vt 0.0300 0.5000
vt 0.0300 0.5000
vt 0.0300 0.5000
vt 0.0300 0.5000
vt 0.0300 0.5000
vt 0.0300 0.5000
vt 0.0300 0.5000
vt 0.0300 0.5000
vt 0.0300 0.5000
vt 0.0300 0.5000
vt 0.0300 0.5000
vt 0.0300 0.5000
vt 0.0300 0.5000
vt 0.0300 0.5000
vt 0.0300 0.5000
vt 0.0300 0.5000
vt 0.0300 0.5000
vt 0.0300 0.5000
vt 0.0300 0.5000
vt 0.0300 0.5000
vt 0.0300 0.5000
vt 0.0300 0.5000
vt 0.0300 0.5000
vt 0.0300 0.5000
vt 0.0300 0.5000
vt 0.0300 0.5000
vt 0.0300 0.5000
vt 0.0300 0.5000
vt 0.0300 0.5000
vt 0.0300 0.5000
vt 0.0300 0.5000
vt 0.0300 0.5000
vt 0.0300 0.5000
vt 0.0300 0.5000
vt 0.0300 0.5000
vt 0.0300 0.5000
vt 0.0300 0.5000
vt 0.0300 0.5000
vt 0.0300 0.5000
vt 0.0300 0.5000
vt 0.0300 0.5000
vt 0.0300 0.5000
vt 0.0300 0.5000
vt 0.0300 0.5000
vt 0.0300 0.5000
vt 0.0300 0.5000
vt 0.0300 0.5000
vt 0.0300 0.5000
vt 0.0300 0.5000
vt 0.0300 0.5000
vt 0.0300 0.5000
vt 0.0300 0.5000
vt 0.0300 0.5000
vt 0.0300 0.5000
vt 0.0300 0.5000
vt 0.0300 0.5000
vt 0.0300 0.5000
vt 0.0300 0.5000
vt 0.0300 0.5000
vt 0.0300 0.5000
vt 0.0300 0.5000
vt 0.0300 0.5000
vt 0.0300 0.5000
vt 0.0300 0.5000
vt 0.0300 0.5000
vt 0.0300 0.5000
vt 0.0300 0.5000
vt 0.0300 0.5000
vt 0.0300 0.5000
vt 0.0300 0.5000
vt 0.0300 0.5000
vt 0.0300 0.5000
vt 0.0300 0.5000
vt 0.0300 0.5000
vt 0.0300 0.5000
vt 0.0300 0.5000
vt 0.0300 0.5000
vt 0.0300 0.5000
vt 0.0300 0.5000
vt 0.0300 0.5000
vt 0.0300 0.5000
vt 0.0300 0.5000
vt 0.0300 0.5000
vt 0.0300 0.5000
vt 0.0300 0.5000
vt 0.0300 0.5000
vt 0.0300 0.5000
vt 0.0300 0.5000
vt 0.0300 0.5000
vt 0.0300 0.5000
vt 0.0300 0.5000
vt 0.0300 0.5000
vt 0.0300 0.5000
vt 0.0300 0.5000
vt 0.0300 0.5000
vt 0.0300 0.5000
vt 0.0300 0.5000
vt 0.0300 0.5000
vt 0.0300 0.5000
vt 0.0300 0.5000
vt 0.0300 0.5000
vt 0.0300 0.5000
vt 0.0300 0.5000
vt 0.0300 0.5000
vt 0.0300 0.5000
vt 0.0300 0.5000
vt 0.0300 0.5000
vt 0.0300 0.5000
vt 0.0300 0.5000
vt 0.0300 0.5000
vt 0.0300 0.5000
vt 0.0300 0.5000
vt 0.0300 0.5000
vt 0.0300 0.5000
vt 0.0300 0.5000
vt 0.0300 0.5000
vt 0.0300 0.5000
vt 0.0300 0.5000
vt 0.0300 0.5000
vt 0.0300 0.5000
vt 0.0300 0.5000
vt 0.0300 0.5000
vt 0.0300 0.5000
vt 0.0300 0.5000
vt 0.0300 0.5000
vt 0.0300 0.5000
vt 0.0300 0.5000
vt 0.0300 0.5000
vt 0.0300 0.5000
vt 0.0300 0.5000
vt 0.0300 0.5000
vt 0.0300 0.5000
vt 0.0300 0.5000
vt 0.0300 0.5000
vt 0.0300 0.5000
vt 0.0300 0.5000
vt 0.0300 0.5000
vt 0.0300 0.5000
vt 0.0300 0.5000
vt 0.0300 0.5000
vt 0.0300 0.5000
vt 0.0300 0.5000
vt 0.0300 0.5000
vt 0.0300 0.5000
vt 0.0300 0.5000
vt 0.0300 0.5000
vt 0.0300 0.5000
vt 0.0300 0.5000
vt 0.0300 0.5000
vt 0.0300 0.5000
vt 0.0300 0.5000
vt 0.0300 0.5000
vt 0.0300 0.5000
vt 0.0300 0.5000
vt 0.0300 0.5000
vt 0.0300 0.5000
vt 0.0300 0.5000
vt 0.0300 0.5000
vt 0.0300 0.5000
vt 0.0300 0.5000
vt 0.0300 0.5000
vt 0.0300 0.5000
vt 0.0300 0.5000
vt 0.0300 0.5000
vt 0.0300 0.5000
vt 0.0300 0.5000
vt 0.0300 0.5000
vt 0.0300 0.5000
vt 0.0300 0.5000
vt 0.0300 0.5000
vt 0.0300 0.5000
vt 0.0300 0.5000
vt 0.0300 0.5000
vt 0.0300 0.5000
vt 0.0300 0.5000
vt 0.0300 0.5000
vt 0.0300 0.5000
vt 0.0300 0.5000
vt 0.0300 0.5000
vt 0.0300 0.5000
vt 0.0300 0.5000
vt 0.0300 0.5000
vt 0.0300 0.5000
vt 0.0300 0.5000
vt 0.0300 0.5000
vt 0.0300 0.5000
vt 0.0300 0.5000
vt 0.0300 0.5000
vt 0.0300 0.5000
vt 0.0300 0.5000
vt 0.0300 0.5000
vt 0.0300 0.5000
vt 0.0300 0.5000
vt 0.0300 0.5000
vt 0.0300 0.5000
vt 0.0300 0.5000
vt 0.0300 0.5000
vt 0.0300 0.5000
vt 0.0300 0.5000
vt 0.0300 0.5000
vt 0.0300 0.5000
vt 0.0300 0.5000
vt 0.0300 0.5000
vt 0.0300 0.5000
vt 0.0300 0.5000
vt 0.0300 0.5000
vt 0.0300 0.5000
vt 0.0300 0.5000
vt 0.0300 0.5000
vt 0.0300 0.5000
vt 0.0300 0.5000
vt 0.0300 0.5000
vt 0.0300 0.5000
vt 0.0300 0.5000
vt 0.0300 0.5000
vt 0.0300 0.5000
vt 0.0300 0.5000
vt 0.0300 0.5000
vt 0.0300 0.5000
vt 0.0300 0.5000
vt 0.0300 0.5000
vt 0.0300 0.5000
vt 0.0300 0.5000
vt 0.0300 0.5000
vt 0.0300 0.5000
vt 0.0300 0.5000
vt 0.0300 0.5000
vt 0.0300 0.5000
vt 0.0300 0.5000
vt 0.0300 0.5000
vt 0.0300 0.5000
vt 0.0300 0.5000
vt 0.0300 0.5000
vt 0.0300 0.5000
vt 0.0300 0.5000
vt 0.0300 0.5000
vt 0.0300 0.5000
vt 0.0300 0.5000
vt 0.0300 0.5000
vt 0.0300 0.5000
vt 0.0300 0.5000
vt 0.0300 0.5000
vt 0.0300 0.5000
vt 0.0300 0.5000
vt 0.0300 0.5000
vt 0.0300 0.5000
vt 0.0300 0.5000
vt 0.0300 0.5000
vt 0.0300 0.5000
vt 0.0300 0.5000
vt 0.0300 0.5000
vt 0.0300 0.5000
vt 0.0300 0.5000
vt 0.0300 0.5000
vt 0.0300 0.5000
vt 0.0300 0.5000
vt 0.0300 0.5000
vt 0.0300 0.5000
vt 0.0300 0.5000
vt 0.0300 0.5000
vt 0.0300 0.5000
vt 0.0300 0.5000
vt 0.0300 0.5000
vt 0.0300 0.5000
vt 0.0300 0.5000
vt 0.0300 0.5000
vt 0.0300 0.5000
vt 0.0300 0.5000
vt 0.0300 0.5000
vt 0.0300 0.5000
vt 0.0300 0.5000
vt 0.0300 0.5000
vt 0.0300 0.5000
vt 0.0300 0.5000
vt 0.0300 0.5000
vt 0.0300 0.5000
vt 0.0300 0.5000
vt 0.0300 0.5000
vt 0.0300 0.5000
vt 0.0300 0.5000
vt 0.0300 0.5000
vt 0.0300 0.5000
vt 0.0300 0.5000
vt 0.0300 0.5000
vt 0.0300 0.5000
vt 0.0300 0.5000
vt 0.0300 0.5000
vt 0.0300 0.5000
vt 0.0300 0.5000
vt 0.0300 0.5000
vt 0.0300 0.5000
vt 0.0300 0.5000
vt 0.0300 0.5000
vt 0.0300 0.5000
vt 0.0300 0.5000
vt 0.0300 0.5000
vt 0.0300 0.5000
vt 0.0300 0.5000
vt 0.0300 0.5000
vt 0.0300 0.5000
vt 0.0300 0.5000
vt 0.0300 0.5000
vt 0.0300 0.5000
vt 0.0300 0.5000
vt 0.0300 0.5000
vt 0.0300 0.5000
vt 0.0300 0.5000
vt 0.0300 0.5000
vt 0.0300 0.5000
vt 0.0300 0.5000
vt 0.0300 0.5000
vt 0.0300 0.5000
vt 0.0300 0.5000
vt 0.0300 0.5000
vt 0.0300 0.5000
vt 0.0300 0.5000
vt 0.0300 0.5000
vt 0.0300 0.5000
vt 0.0300 0.5000
vt 0.0300 0.5000
vt 0.0300 0.5000
vt 0.0300 0.5000
vt 0.0300 0.5000
vt 0.0300 0.5000
vt 0.0300 0.5000
vt 0.0300 0.5000
vt 0.0300 0.5000
vt 0.0300 0.5000
vt 0.0300 0.5000
vt 0.0300 0.5000
vt 0.0300 0.5000
vt 0.0300 0.5000
vt 0.0300 0.5000
vt 0.0300 0.5000
vt 0.0300 0.5000
vt 0.0300 0.5000
vt 0.0300 0.5000
vt 0.0300 0.5000
vt 0.0300 0.5000
vt 0.0300 0.5000
vt 0.0300 0.5000
vt 0.0300 0.5000
vt 0.0300 0.5000
vt 0.0300 0.5000
vt 0.0300 0.5000
vt 0.0300 0.5000
vt 0.0300 0.5000
vt 0.0300 0.5000
vt 0.0300 0.5000
vt 0.0300 0.5000
vt 0.0300 0.5000
vt 0.0300 0.5000
vt 0.0300 0.5000
vt 0.0300 0.5000
vt 0.0300 0.5000
vt 0.0300 0.5000
vt 0.0300 0.5000
vt 0.0300 0.5000
vt 0.0300 0.5000
vt 0.0300 0.5000
vt 0.0300 0.5000
vt 0.0300 0.5000
vt 0.0300 0.5000
vt 0.0300 0.5000
vt 0.0300 0.5000
vt 0.0300 0.5000
vt 0.0300 0.5000
vt 0.0300 0.5000
vt 0.0300 0.5000
vt 0.0300 0.5000
vt 0.0300 0.5000
vt 0.0300 0.5000
vt 0.0300 0.5000
vt 0.0300 0.5000
vt 0.0300 0.5000
vt 0.0300 0.5000
vt 0.0300 0.5000
vt 0.0300 0.5000
vt 0.0300 0.5000
vt 0.0300 0.5000
vt 0.0300 0.5000
vt 0.0300 0.5000
vt 0.0300 0.5000
vt 0.0300 0.5000
vt 0.0300 0.5000
vt 0.0300 0.5000
vt 0.0300 0.5000
vt 0.0300 0.5000
vt 0.0300 0.5000
vt 0.0300 0.5000
vt 0.0300 0.5000
vt 0.0300 0.5000
vt 0.0300 0.5000
vt 0.0300 0.5000
vt 0.0300 0.5000
vt 0.0300 0.5000
vt 0.0300 0.5000
vt 0.0300 0.5000
vt 0.0300 0.5000
vt 0.0300 0.5000
vt 0.0300 0.5000
vt 0.0300 0.5000
vt 0.0300 0.5000
vt 0.0300 0.5000
vt 0.0300 0.5000
vt 0.0300 0.5000
vt 0.0300 0.5000
vt 0.0300 0.5000
vt 0.0300 0.5000
vt 0.0300 0.5000
vt 0.0300 0.5000
vt 0.0300 0.5000
vt 0.0300 0.5000
vt 0.0300 0.5000
vt 0.0300 0.5000
vt 0.0300 0.5000
vt 0.0300 0.5000
vt 0.0300 0.5000
vt 0.0300 0.5000
vt 0.0300 0.5000
vt 0.0300 0.5000
vt 0.0300 0.5000
vt 0.0300 0.5000
vt 0.0300 0.5000
vt 0.0300 0.5000
vt 0.0300 0.5000
vt 0.0300 0.5000
vt 0.0300 0.5000
vt 0.0300 0.5000
vt 0.0300 0.5000
vt 0.0300 0.5000
vt 0.0300 0.5000
vt 0.0300 0.5000
vt 0.0300 0.5000
vt 0.0300 0.5000
vt 0.0300 0.5000
vt 0.0300 0.5000
vt 0.0300 0.5000
vt 0.0300 0.5000
vt 0.0300 0.5000
vt 0.0300 0.5000
vt 0.0300 0.5000
vt 0.0300 0.5000
vt 0.0300 0.5000
vt 0.0300 0.5000
vt 0.0300 0.5000
vt 0.0300 0.5000
vt 0.0300 0.5000
vt 0.0300 0.5000
vt 0.0300 0.5000
vt 0.0300 0.5000
vt 0.0300 0.5000
vt 0.0300 0.5000
vt 0.0300 0.5000
vt 0.0300 0.5000
vt 0.0300 0.5000
vt 0.0300 0.5000
vt 0.0300 0.5000
vt 0.0300 0.5000
vt 0.0300 0.5000
vt 0.0300 0.5000
vt 0.0300 0.5000
vt 0.0300 0.5000
vt 0.0300 0.5000
vt 0.0300 0.5000
vt 0.0300 0.5000
vt 0.0300 0.5000
vt 0.0300 0.5000
vt 0.0300 0.5000
vt 0.0300 0.5000
vt 0.0300 0.5000
vt 0.0300 0.5000
vt 0.0300 0.5000
vt 0.0300 0.5000
vt 0.0300 0.5000
vt 0.0300 0.5000
vt 0.0300 0.5000
vt 0.0300 0.5000
vt 0.0300 0.5000
vt 0.0300 0.5000
vt 0.0300 0.5000
vt 0.0300 0.5000
vt 0.0300 0.5000
vt 0.0300 0.5000
vt 0.0300 0.5000
vt 0.0300 0.5000
vt 0.0300 0.5000
vt 0.0300 0.5000
vt 0.0300 0.5000
vt 0.0300 0.5000
vt 0.0300 0.5000
vt 0.0300 0.5000
vt 0.0300 0.5000
vt 0.0300 0.5000
vt 0.0300 0.5000
vt 0.0300 0.5000
vt 0.0300 0.5000
vt 0.0300 0.5000
vt 0.0300 0.5000
vt 0.0300 0.5000
vt 0.0300 0.5000
vt 0.0300 0.5000
vt 0.0300 0.5000
vt 0.0300 0.5000
vt 0.0300 0.5000
vt 0.0300 0.5000
vt 0.0300 0.5000
vt 0.0300 0.5000
vt 0.0300 0.5000
vt 0.0300 0.5000
vt 0.0300 0.5000
vt 0.0300 0.5000
vt 0.0300 0.5000
vt 0.0300 0.5000
vt 0.0300 0.5000
vt 0.0300 0.5000
vt 0.0300 0.5000
vt 0.0300 0.5000
vt 0.0300 0.5000
vt 0.0300 0.5000
vt 0.0300 0.5000
vt 0.0300 0.5000
vt 0.0300 0.5000
vt 0.0300 0.5000
vt 0.0300 0.5000
vt 0.0300 0.5000
vt 0.0300 0.5000
vt 0.0300 0.5000
vt 0.0300 0.5000
vt 0.0300 0.5000
vt 0.0300 0.5000
vt 0.0300 0.5000
vt 0.0300 0.5000
vt 0.0300 0.5000
vt 0.0300 0.5000
vt 0.0300 0.5000
vt 0.0300 0.5000
vt 0.0300 0.5000
vt 0.0300 0.5000
vt 0.0300 0.5000
vt 0.0300 0.5000
vt 0.0300 0.5000
vt 0.0300 0.5000
vt 0.0300 0.5000
vt 0.0300 0.5000
vt 0.0300 0.5000
vt 0.0300 0.5000
vt 0.0300 0.5000
vt 0.0300 0.5000
vt 0.0300 0.5000
vt 0.0300 0.5000
vt 0.0300 0.5000
vt 0.0300 0.5000
vt 0.0300 0.5000
vt 0.0300 0.5000
vt 0.0300 0.5000
vt 0.0300 0.5000
vt 0.0300 0.5000
vt 0.0300 0.5000
vt 0.0300 0.5000
vt 0.0300 0.5000
vt 0.0300 0.5000
vt 0.0300 0.5000
vt 0.0300 0.5000
vt 0.0300 0.5000
vt 0.0300 0.5000
vt 0.0300 0.5000
vt 0.0300 0.5000
vt 0.0300 0.5000
vt 0.0300 0.5000
vt 0.0300 0.5000
vt 0.0300 0.5000
vt 0.0300 0.5000
vt 0.0300 0.5000
vt 0.0300 0.5000
vt 0.0300 0.5000
vt 0.0300 0.5000
vt 0.0300 0.5000
vt 0.0300 0.5000
vt 0.0300 0.5000
vt 0.0300 0.5000
vt 0.0300 0.5000
vt 0.0300 0.5000
vt 0.0300 0.5000
vt 0.0300 0.5000
vt 0.0300 0.5000
vt 0.0300 0.5000
vt 0.0300 0.5000
vt 0.0300 0.5000
vt 0.0300 0.5000
vt 0.0300 0.5000
vt 0.0300 0.5000
vt 0.0300 0.5000
vt 0.0300 0.5000
vt 0.0300 0.5000
vt 0.0300 0.5000
vt 0.0300 0.5000
vt 0.0300 0.5000
vt 0.0300 0.5000
vt 0.0300 0.5000
vt 0.0300 0.5000
vt 0.0300 0.5000
vt 0.0300 0.5000
vt 0.0300 0.5000
vt 0.0300 0.5000
vt 0.0300 0.5000
vt 0.0300 0.5000
vt 0.0300 0.5000
vt 0.0300 0.5000
vt 0.0300 0.5000
vt 0.0300 0.5000
vt 0.0300 0.5000
vt 0.0300 0.5000
vt 0.0300 0.5000
vt 0.0300 0.5000
vt 0.0300 0.5000
vt 0.0300 0.5000
vt 0.0300 0.5000
vt 0.0300 0.5000
vt 0.0300 0.5000
vt 0.0300 0.5000
vt 0.0300 0.5000
vt 0.0300 0.5000
vt 0.0300 0.5000
vt 0.0300 0.5000
vt 0.0300 0.5000
vt 0.0300 0.5000
vt 0.0300 0.5000
vt 0.0300 0.5000
vt 0.0300 0.5000
vt 0.0300 0.5000
vt 0.0300 0.5000
vt 0.0300 0.5000
vt 0.0300 0.5000
vt 0.0300 0.5000
vt 0.0300 0.5000
vt 0.0300 0.5000
vt 0.0300 0.5000
vt 0.0300 0.5000
vt 0.0300 0.5000
vt 0.0300 0.5000
vt 0.0300 0.5000
vt 0.0300 0.5000
vt 0.0300 0.5000
vt 0.0300 0.5000
vt 0.0300 0.5000
vt 0.0300 0.5000
vt 0.0300 0.5000
vt 0.0300 0.5000
vt 0.0300 0.5000
vt 0.0300 0.5000
vt 0.0300 0.5000
vt 0.0300 0.5000
vt 0.0300 0.5000
vt 0.0300 0.5000
vt 0.0300 0.5000
vt 0.0300 0.5000
vt 0.0300 0.5000
vt 0.0300 0.5000
vt 0.0300 0.5000
vt 0.0300 0.5000
vt 0.0300 0.5000
vt 0.0300 0.5000
vt 0.0300 0.5000
vt 0.0300 0.5000
vt 0.0300 0.5000
vt 0.0300 0.5000
vt 0.0300 0.5000
vt 0.0300 0.5000
vt 0.0300 0.5000
vt 0.0300 0.5000
vt 0.0300 0.5000
vt 0.0300 0.5000
vt 0.0300 0.5000
vt 0.0300 0.5000
vt 0.0300 0.5000
vt 0.0300 0.5000
vt 0.0300 0.5000
vt 0.0300 0.5000
vt 0.0300 0.5000
vt 0.0300 0.5000
vt 0.0300 0.5000
vt 0.0300 0.5000
vt 0.0300 0.5000
vt 0.0300 0.5000
vt 0.0300 0.5000
vt 0.0300 0.5000
vt 0.0300 0.5000
vt 0.0300 0.5000
vt 0.0300 0.5000
vt 0.0300 0.5000
vt 0.0300 0.5000
vt 0.0300 0.5000
vt 0.0300 0.5000
vt 0.0300 0.5000
vt 0.0300 0.5000
vt 0.0300 0.5000
vt 0.0300 0.5000
vt 0.0300 0.5000
vt 0.0300 0.5000
vt 0.0300 0.5000
vt 0.0300 0.5000
vt 0.0300 0.5000
vt 0.0300 0.5000
vt 0.0300 0.5000
vt 0.0300 0.5000
vt 0.0300 0.5000
vt 0.0300 0.5000
vt 0.0300 0.5000
vt 0.0300 0.5000
vt 0.0300 0.5000
vt 0.0300 0.5000
vt 0.0300 0.5000
vt 0.0300 0.5000
vt 0.0300 0.5000
vt 0.0300 0.5000
vt 0.0300 0.5000
vt 0.0300 0.5000
vt 0.0300 0.5000
vt 0.0300 0.5000
vt 0.0300 0.5000
vt 0.0300 0.5000
vt 0.0300 0.5000
vt 0.0300 0.5000
vt 0.0300 0.5000
vt 0.0300 0.5000
vt 0.0300 0.5000
vt 0.0300 0.5000
vt 0.0300 0.5000
vt 0.0300 0.5000
vt 0.0300 0.5000
vt 0.0300 0.5000
vt 0.0300 0.5000
vt 0.0300 0.5000
vt 0.0300 0.5000
vt 0.0300 0.5000
vt 0.0300 0.5000
vt 0.0300 0.5000
vt 0.0300 0.5000
vt 0.0300 0.5000
vt 0.0300 0.5000
vt 0.0300 0.5000
vt 0.0300 0.5000
vt 0.0300 0.5000
vt 0.0300 0.5000
vt 0.0300 0.5000
vt 0.0300 0.5000
vt 0.0300 0.5000
vt 0.0300 0.5000
vt 0.0300 0.5000
vt 0.0300 0.5000
vt 0.0300 0.5000
vt 0.0300 0.5000
vt 0.0300 0.5000
vt 0.0300 0.5000
vt 0.0300 0.5000
vt 0.0300 0.5000
vt 0.0300 0.5000
vt 0.0300 0.5000
vt 0.0300 0.5000
vt 0.0300 0.5000
vt 0.0300 0.5000
vt 0.0300 0.5000
vt 0.0300 0.5000
vt 0.0300 0.5000
vt 0.0300 0.5000
vt 0.0300 0.5000
vt 0.0300 0.5000
vt 0.0300 0.5000
vt 0.0300 0.5000
vt 0.0300 0.5000
vt 0.0300 0.5000
vt 0.0300 0.5000
vt 0.0300 0.5000
vt 0.0300 0.5000
vt 0.0300 0.5000
vt 0.0300 0.5000
vt 0.0300 0.5000
vt 0.0300 0.5000
vt 0.0300 0.5000
vt 0.0300 0.5000
vt 0.0300 0.5000
vt 0.0300 0.5000
vt 0.0300 0.5000
vt 0.0300 0.5000
vt 0.0300 0.5000
vt 0.0300 0.5000
vt 0.0300 0.5000
vt 0.0300 0.5000
vt 0.0300 0.5000
vt 0.0300 0.5000
vt 0.0300 0.5000
vt 0.0300 0.5000
vt 0.0300 0.5000
vt 0.0300 0.5000
vt 0.0300 0.5000
vt 0.0300 0.5000
vt 0.0300 0.5000
vt 0.0300 0.5000
vt 0.0300 0.5000
vt 0.0300 0.5000
vt 0.0300 0.5000
vt 0.0300 0.5000
vt 0.0300 0.5000
vt 0.0300 0.5000
vt 0.0300 0.5000
vt 0.0300 0.5000
vt 0.0300 0.5000
vt 0.0300 0.5000
vt 0.0300 0.5000
vt 0.0300 0.5000
vt 0.0300 0.5000
vt 0.0300 0.5000
vt 0.0300 0.5000
vt 0.0300 0.5000
vt 0.0300 0.5000
vt 0.0300 0.5000
vt 0.0300 0.5000
vt 0.0300 0.5000
vt 0.0300 0.5000
vt 0.0300 0.5000
vt 0.0300 0.5000
vt 0.0300 0.5000
vt 0.0300 0.5000
vt 0.0300 0.5000
vt 0.0300 0.5000
vt 0.0300 0.5000
vt 0.0300 0.5000
vt 0.0300 0.5000
vt 0.0300 0.5000
vt 0.0300 0.5000
vt 0.0300 0.5000
vt 0.0300 0.5000
vt 0.0300 0.5000
vt 0.0300 0.5000
vt 0.0300 0.5000
vt 0.0300 0.5000
vt 0.0300 0.5000
vt 0.0300 0.5000
vt 0.0300 0.5000
vt 0.0300 0.5000
vt 0.0300 0.5000
vt 0.0300 0.5000
vt 0.0300 0.5000
vt 0.0300 0.5000
vt 0.0300 0.5000
vt 0.0300 0.5000
vt 0.0300 0.5000
vt 0.0300 0.5000
vt 0.0300 0.5000
vt 0.0300 0.5000
vt 0.0300 0.5000
vt 0.0300 0.5000
vt 0.0300 0.5000
vt 0.0300 0.5000
vt 0.0300 0.5000
vt 0.0300 0.5000
vt 0.0300 0.5000
vt 0.0300 0.5000
vt 0.0300 0.5000
vt 0.0300 0.5000
vt 0.0300 0.5000
vt 0.0300 0.5000
vt 0.0300 0.5000
vt 0.0300 0.5000
vt 0.0300 0.5000
vt 0.0300 0.5000
vt 0.0300 0.5000
vt 0.0300 0.5000
vt 0.0300 0.5000
vt 0.0300 0.5000
vt 0.0300 0.5000
vt 0.0300 0.5000
vt 0.0300 0.5000
vt 0.0300 0.5000
vt 0.0300 0.5000
vt 0.0300 0.5000
vt 0.0300 0.5000
vt 0.0300 0.5000
vt 0.0300 0.5000
vt 0.0300 0.5000
vt 0.0300 0.5000
vt 0.0300 0.5000
vt 0.0300 0.5000
vt 0.0300 0.5000
vt 0.0300 0.5000
vt 0.0300 0.5000
vt 0.0300 0.5000
vt 0.0300 0.5000
vt 0.0300 0.5000
vt 0.0300 0.5000
vt 0.0300 0.5000
vt 0.0300 0.5000
vt 0.0300 0.5000
vt 0.0300 0.5000
vt 0.0300 0.5000
vt 0.0300 0.5000
vt 0.0300 0.5000
vt 0.0300 0.5000
vt 0.0300 0.5000
vt 0.0300 0.5000
vt 0.0300 0.5000
vt 0.0300 0.5000
vt 0.0300 0.5000
vt 0.0300 0.5000
vt 0.0300 0.5000
vt 0.0300 0.5000
vt 0.0300 0.5000
vt 0.0300 0.5000
vt 0.0300 0.5000
vt 0.0300 0.5000
vt 0.0300 0.5000
vt 0.0300 0.5000
vt 0.0300 0.5000
vt 0.0300 0.5000
vt 0.0300 0.5000
vt 0.0300 0.5000
vt 0.0300 0.5000
vt 0.0300 0.5000
vt 0.0300 0.5000
vt 0.0300 0.5000
vt 0.0300 0.5000
vt 0.0300 0.5000
vt 0.0300 0.5000
vt 0.0300 0.5000
vt 0.0300 0.5000
vt 0.0300 0.5000
vt 0.0300 0.5000
vt 0.0300 0.5000
vt 0.0300 0.5000
vt 0.0300 0.5000
vt 0.0300 0.5000
vt 0.0300 0.5000
vt 0.0300 0.5000
vt 0.0300 0.5000
vt 0.0300 0.5000
vt 0.0300 0.5000
vt 0.0300 0.5000
vt 0.0300 0.5000
vt 0.0300 0.5000
vt 0.0300 0.5000
vt 0.0300 0.5000
vt 0.0300 0.5000
vt 0.0300 0.5000
vt 0.0300 0.5000
vt 0.0300 0.5000
vt 0.0300 0.5000
vt 0.0300 0.5000
vt 0.0300 0.5000
vt 0.0300 0.5000
vt 0.0300 0.5000
vt 0.0300 0.5000
vt 0.0300 0.5000
vt 0.0300 0.5000
vt 0.0300 0.5000
vt 0.0300 0.5000
vt 0.0300 0.5000
vt 0.0300 0.5000
vt 0.0300 0.5000
vt 0.0300 0.5000
vt 0.0300 0.5000
vt 0.0300 0.5000
vt 0.0300 0.5000
vt 0.0300 0.5000
vt 0.0300 0.5000
vt 0.0300 0.5000
vt 0.0300 0.5000
vt 0.0300 0.5000
vt 0.0300 0.5000
vt 0.0300 0.5000
vt 0.0300 0.5000
vt 0.0300 0.5000
vt 0.0300 0.5000
vt 0.0300 0.5000
vt 0.0300 0.5000
vt 0.0300 0.5000
vt 0.0300 0.5000
vt 0.0300 0.5000
vt 0.0300 0.5000
vt 0.0300 0.5000
vt 0.0300 0.5000
vt 0.0300 0.5000
vt 0.0300 0.5000
vt 0.0300 0.5000
vt 0.0300 0.5000
vt 0.0300 0.5000
vt 0.0300 0.5000
vt 0.0300 0.5000
vt 0.0300 0.5000
vt 0.0300 0.5000
vt 0.0300 0.5000
vt 0.0300 0.5000
vt 0.0300 0.5000
vt 0.0300 0.5000
vt 0.0300 0.5000
vt 0.0300 0.5000
vn 0.3011 0.0052 -0.9536
vn 0.4316 0.1205 -0.8940
vn 0.3358 -0.0576 -0.9402
vn 0.1925 -0.1775 -0.9651
vn 0.5445 0.1469 -0.8258
vn 0.3917 -0.0986 -0.9148
vn 0.3358 -0.0576 -0.9402
vn 0.4316 0.1205 -0.8940
vn 0.2225 -0.2727 -0.9360
vn 0.1925 -0.1775 -0.9651
vn 0.3358 -0.0576 -0.9402
vn 0.3917 -0.0986 -0.9148
vn 0.4561 0.0570 -0.8881
vn 0.5003 0.2562 -0.8271
vn 0.3011 0.0052 -0.9536
vn 0.2030 -0.1241 -0.9713
vn 0.5003 0.2562 -0.8271
vn 0.5671 0.3699 -0.7359
vn 0.4316 0.1205 -0.8940
vn 0.3011 0.0052 -0.9536
vn 0.2030 -0.1241 -0.9713
vn 0.3011 0.0052 -0.9536
vn 0.1925 -0.1775 -0.9651
vn 0.1097 -0.2453 -0.9632
vn 0.6500 0.3999 -0.6462
vn 0.5781 0.1216 -0.8069
vn 0.5445 0.1469 -0.8258
vn 0.6313 0.4035 -0.6623
vn 0.5781 0.1216 -0.8069
vn 0.4799 -0.1373 -0.8665
vn 0.3917 -0.0986 -0.9148
vn 0.5445 0.1469 -0.8258
vn 0.6313 0.4035 -0.6623
vn 0.5445 0.1469 -0.8258
vn 0.4316 0.1205 -0.8940
vn 0.5671 0.3699 -0.7359
vn 0.5410 -0.3960 -0.7420
vn 0.1339 -0.3485 -0.9277
vn 0.2225 -0.2727 -0.9360
vn 0.4463 -0.3636 -0.8176
vn 0.1339 -0.3485 -0.9277
vn 0.1097 -0.2453 -0.9632
vn 0.1925 -0.1775 -0.9651
vn 0.2225 -0.2727 -0.9360
vn 0.4463 -0.3636 -0.8176
vn 0.2225 -0.2727 -0.9360
vn 0.3917 -0.0986 -0.9148
vn 0.4799 -0.1373 -0.8665
vn 0.8871 -0.0633 -0.4572
vn 0.9999 -0.0121 0.0004
vn 0.9723 -0.2324 0.0258
vn 0.8634 -0.2747 -0.4233
vn 0.9999 -0.0121 0.0004
vn 0.8878 0.0341 0.4589
vn 0.8642 -0.1706 0.4733
vn 0.9723 -0.2324 0.0258
vn 0.8634 -0.2747 -0.4233
vn 0.9723 -0.2324 0.0258
vn 0.8263 -0.5593 0.0655
vn 0.7485 -0.5724 -0.3349
vn 0.9723 -0.2324 0.0258
vn 0.8642 -0.1706 0.4733
vn 0.7494 -0.4774 0.4587
vn 0.8263 -0.5593 0.0655
vn 0.5911 -0.0015 -0.8066
vn 0.8840 0.0488 -0.4650
vn 0.8871 -0.0633 -0.4572
vn 0.5914 -0.1047 -0.7995
vn 0.8840 0.0488 -0.4650
vn 0.9951 0.0984 -0.0116
vn 0.9999 -0.0121 0.0004
vn 0.8871 -0.0633 -0.4572
vn 0.9951 0.0984 -0.0116
vn 0.8860 0.1324 0.4444
vn 0.8878 0.0341 0.4589
vn 0.9999 -0.0121 0.0004
vn 0.8860 0.1324 0.4444
vn 0.5932 0.1451 0.7919
vn 0.5922 0.0656 0.8031
vn 0.8878 0.0341 0.4589
vn 0.8878 0.0341 0.4589
vn 0.5922 0.0656 0.8031
vn 0.5792 -0.1102 0.8077
vn 0.8642 -0.1706 0.4733
vn 0.8642 -0.1706 0.4733
vn 0.5792 -0.1102 0.8077
vn 0.5200 -0.3763 0.7668
vn 0.7494 -0.4774 0.4587
vn 0.7494 -0.4774 0.4587
vn 0.5200 -0.3763 0.7668
vn 0.4013 -0.6327 0.6624
vn 0.4913 -0.7638 0.4187
vn 0.8263 -0.5593 0.0655
vn 0.7494 -0.4774 0.4587
vn 0.4913 -0.7638 0.4187
vn 0.5251 -0.8449 0.1021
vn 0.7485 -0.5724 -0.3349
vn 0.8263 -0.5593 0.0655
vn 0.5251 -0.8449 0.1021
vn 0.4913 -0.8416 -0.2244
vn 0.5187 -0.5477 -0.6565
vn 0.7485 -0.5724 -0.3349
vn 0.4913 -0.8416 -0.2244
vn 0.4016 -0.7724 -0.4921
vn 0.5781 -0.2925 -0.7617
vn 0.8634 -0.2747 -0.4233
vn 0.7485 -0.5724 -0.3349
vn 0.5187 -0.5477 -0.6565
vn 0.5914 -0.1047 -0.7995
vn 0.8871 -0.0633 -0.4572
vn 0.8634 -0.2747 -0.4233
vn 0.5781 -0.2925 -0.7617
vn 0.9577 -0.0163 0.2875
vn 0.9849 -0.1040 -0.1381
vn 0.9940 -0.1074 -0.0207
vn 0.9489 0.0905 0.3024
vn 0.9849 -0.1040 -0.1381
vn 0.9784 -0.1748 -0.1107
vn 0.9817 -0.1719 0.0816
vn 0.9940 -0.1074 -0.0207
vn 0.9489 0.0905 0.3024
vn 0.9940 -0.1074 -0.0207
vn 0.9787 0.0836 0.1877
vn 0.8784 0.3175 0.3573
vn 0.9940 -0.1074 -0.0207
vn 0.9817 -0.1719 0.0816
vn 0.9455 0.0604 0.3200
vn 0.9787 0.0836 0.1877
vn 0.5740 0.2445 0.7815
vn 0.9691 0.0362 0.2441
vn 0.9577 -0.0163 0.2875
vn 0.5437 0.2480 0.8018
vn 0.9691 0.0362 0.2441
vn 0.9842 0.0439 -0.1715
vn 0.9849 -0.1040 -0.1381
vn 0.9577 -0.0163 0.2875
vn 0.9842 0.0439 -0.1715
vn 0.9797 -0.0123 -0.2002
vn 0.9784 -0.1748 -0.1107
vn 0.9849 -0.1040 -0.1381
vn 0.9797 -0.0123 -0.2002
vn 0.9222 -0.3566 0.1499
vn 0.8860 -0.3419 0.3133
vn 0.9784 -0.1748 -0.1107
vn 0.9784 -0.1748 -0.1107
vn 0.8860 -0.3419 0.3133
vn 0.8451 -0.1685 0.5074
vn 0.9817 -0.1719 0.0816
vn 0.9817 -0.1719 0.0816
vn 0.8451 -0.1685 0.5074
vn 0.7759 0.1524 0.6122
vn 0.9455 0.0604 0.3200
vn 0.9455 0.0604 0.3200
vn 0.7759 0.1524 0.6122
vn 0.6976 0.4994 0.5137
vn 0.8131 0.4296 0.3929
vn 0.9787 0.0836 0.1877
vn 0.9455 0.0604 0.3200
vn 0.8131 0.4296 0.3929
vn 0.8445 0.4308 0.3182
vn 0.8784 0.3175 0.3573
vn 0.9787 0.0836 0.1877
vn 0.8445 0.4308 0.3182
vn 0.7526 0.5705 0.3288
vn 0.6586 0.5581 0.5048
vn 0.8784 0.3175 0.3573
vn 0.7526 0.5705 0.3288
vn 0.6682 0.6735 0.3160
vn 0.6097 0.4083 0.6794
vn 0.9489 0.0905 0.3024
vn 0.8784 0.3175 0.3573
vn 0.6586 0.5581 0.5048
vn 0.5437 0.2480 0.8018
vn 0.9577 -0.0163 0.2875
vn 0.9489 0.0905 0.3024
vn 0.6097 0.4083 0.6794
vn -0.2053 0.9362 -0.2852
vn -0.0000 0.9569 -0.2905
vn -0.0000 0.8742 -0.4856
vn -0.2108 0.8545 -0.4747
vn -0.0000 0.9569 -0.2905
vn 0.2053 0.9362 -0.2852
vn 0.2108 0.8545 -0.4747
vn -0.0000 0.8742 -0.4856
vn -0.2108 0.8545 -0.4747
vn -0.0000 0.8742 -0.4856
vn -0.0000 0.7522 -0.6590
vn -0.2053 0.7368 -0.6442
vn -0.0000 0.8742 -0.4856
vn 0.2108 0.8545 -0.4747
vn 0.2053 0.7368 -0.6442
vn -0.0000 0.7522 -0.6590
vn -0.4295 0.9030 -0.0103
vn -0.2245 0.9744 0.0115
vn -0.2053 0.9362 -0.2852
vn -0.4832 0.8487 -0.2147
vn -0.2245 0.9744 0.0115
vn -0.0000 0.9999 0.0158
vn -0.0000 0.9569 -0.2905
vn -0.2053 0.9362 -0.2852
vn -0.0000 0.9999 0.0158
vn 0.2245 0.9744 0.0115
vn 0.2053 0.9362 -0.2852
vn -0.0000 0.9569 -0.2905
vn 0.2245 0.9744 0.0115
vn 0.4295 0.9030 -0.0103
vn 0.4833 0.8487 -0.2147
vn 0.2053 0.9362 -0.2852
vn 0.2053 0.9362 -0.2852
vn 0.4833 0.8487 -0.2147
vn 0.4993 0.7574 -0.4208
vn 0.2108 0.8545 -0.4747
vn 0.2108 0.8545 -0.4747
vn 0.4993 0.7574 -0.4208
vn 0.4832 0.6307 -0.6072
vn 0.2053 0.7368 -0.6442
vn 0.2053 0.7368 -0.6442
vn 0.4832 0.6307 -0.6072
vn 0.4295 0.4859 -0.7612
vn 0.2245 0.5051 -0.8334
vn -0.0000 0.7522 -0.6590
vn 0.2053 0.7368 -0.6442
vn 0.2245 0.5051 -0.8334
vn 0.0000 0.5149 -0.8572
vn -0.2053 0.7368 -0.6442
vn -0.0000 0.7522 -0.6590
vn 0.0000 0.5149 -0.8572
vn -0.2245 0.5051 -0.8334
vn -0.4832 0.6307 -0.6072
vn -0.2053 0.7368 -0.6442
vn -0.2245 0.5051 -0.8334
vn -0.4295 0.4859 -0.7612
vn -0.4993 0.7574 -0.4208
vn -0.2108 0.8545 -0.4747
vn -0.2053 0.7368 -0.6442
vn -0.4832 0.6307 -0.6072
vn -0.4832 0.8487 -0.2147
vn -0.2053 0.9362 -0.2852
vn -0.2108 0.8545 -0.4747
vn -0.4993 0.7574 -0.4208
vn -0.2645 -0.1248 -0.9563
vn -0.0000 -0.1297 -0.9916
vn -0.0000 -0.2929 -0.9562
vn -0.2603 -0.2935 -0.9198
vn -0.0000 -0.1297 -0.9916
vn 0.2645 -0.1248 -0.9563
vn 0.2603 -0.2935 -0.9198
vn -0.0000 -0.2929 -0.9562
vn -0.2603 -0.2935 -0.9198
vn -0.0000 -0.2929 -0.9562
vn 0.0000 -0.5559 -0.8313
vn -0.2349 -0.5456 -0.8045
vn -0.0000 -0.2929 -0.9562
vn 0.2603 -0.2935 -0.9198
vn 0.2349 -0.5456 -0.8045
vn 0.0000 -0.5559 -0.8313
vn -0.5911 -0.0015 -0.8066
vn -0.2651 -0.0326 -0.9637
vn -0.2645 -0.1248 -0.9563
vn -0.5914 -0.1047 -0.7995
vn -0.2651 -0.0326 -0.9637
vn 0.0000 -0.0415 -0.9991
vn -0.0000 -0.1297 -0.9916
vn -0.2645 -0.1248 -0.9563
vn 0.0000 -0.0415 -0.9991
vn 0.2651 -0.0326 -0.9637
vn 0.2645 -0.1248 -0.9563
vn -0.0000 -0.1297 -0.9916
vn 0.2651 -0.0326 -0.9637
vn 0.5911 -0.0015 -0.8066
vn 0.5914 -0.1047 -0.7995
vn 0.2645 -0.1248 -0.9563
vn 0.2645 -0.1248 -0.9563
vn 0.5914 -0.1047 -0.7995
vn 0.5781 -0.2925 -0.7617
vn 0.2603 -0.2935 -0.9198
vn 0.2603 -0.2935 -0.9198
vn 0.5781 -0.2925 -0.7617
vn 0.5187 -0.5477 -0.6565
vn 0.2349 -0.5456 -0.8045
vn 0.2349 -0.5456 -0.8045
vn 0.5187 -0.5477 -0.6565
vn 0.4016 -0.7724 -0.4921
vn 0.2056 -0.8214 -0.5320
vn 0.0000 -0.5559 -0.8313
vn 0.2349 -0.5456 -0.8045
vn 0.2056 -0.8214 -0.5320
vn 0.0000 -0.8386 -0.5448
vn -0.2349 -0.5456 -0.8045
vn 0.0000 -0.5559 -0.8313
vn 0.0000 -0.8386 -0.5448
vn -0.2056 -0.8214 -0.5320
vn -0.5187 -0.5477 -0.6565
vn -0.2349 -0.5456 -0.8045
vn -0.2056 -0.8214 -0.5320
vn -0.4016 -0.7724 -0.4921
vn -0.5781 -0.2925 -0.7617
vn -0.2603 -0.2935 -0.9198
vn -0.2349 -0.5456 -0.8045
vn -0.5187 -0.5477 -0.6565
vn -0.5914 -0.1047 -0.7995
vn -0.2645 -0.1248 -0.9563
vn -0.2603 -0.2935 -0.9198
vn -0.5781 -0.2925 -0.7617
vn 0.9077 -0.2868 -0.3062
vn 0.9508 -0.3001 -0.0773
vn 0.8412 -0.5353 -0.0765
vn 0.7990 -0.5122 -0.3150
vn 0.9508 -0.3001 -0.0773
vn 0.9409 -0.3007 0.1559
vn 0.8336 -0.5267 0.1666
vn 0.8412 -0.5353 -0.0765
vn 0.7990 -0.5122 -0.3150
vn 0.8412 -0.5353 -0.0765
vn 0.6750 -0.7345 -0.0705
vn 0.6414 -0.7062 -0.2997
vn 0.8412 -0.5353 -0.0765
vn 0.8336 -0.5267 0.1666
vn 0.6746 -0.7201 0.1624
vn 0.6750 -0.7345 -0.0705
vn 0.8573 0.0254 -0.5142
vn 0.9515 0.0406 -0.3050
vn 0.9077 -0.2868 -0.3062
vn 0.7865 -0.2011 -0.5840
vn 0.9515 0.0406 -0.3050
vn 0.9967 0.0395 -0.0703
vn 0.9508 -0.3001 -0.0773
vn 0.9077 -0.2868 -0.3062
vn 0.9967 0.0395 -0.0703
vn 0.9854 0.0265 0.1681
vn 0.9409 -0.3007 0.1559
vn 0.9508 -0.3001 -0.0773
vn 0.9854 0.0265 0.1681
vn 0.9219 -0.0015 0.3875
vn 0.8608 -0.2321 0.4530
vn 0.9409 -0.3007 0.1559
vn 0.9409 -0.3007 0.1559
vn 0.8608 -0.2321 0.4530
vn 0.7453 -0.4657 0.4771
vn 0.8336 -0.5267 0.1666
vn 0.8336 -0.5267 0.1666
vn 0.7453 -0.4657 0.4771
vn 0.5831 -0.6701 0.4594
vn 0.6746 -0.7201 0.1624
vn 0.6746 -0.7201 0.1624
vn 0.5831 -0.6701 0.4594
vn 0.4003 -0.8247 0.3997
vn 0.3989 -0.8987 0.1823
vn 0.6750 -0.7345 -0.0705
vn 0.6746 -0.7201 0.1624
vn 0.3989 -0.8987 0.1823
vn 0.3886 -0.9197 -0.0555
vn 0.6414 -0.7062 -0.2997
vn 0.6750 -0.7345 -0.0705
vn 0.3886 -0.9197 -0.0555
vn 0.3650 -0.8845 -0.2906
vn 0.5089 -0.6390 -0.5768
vn 0.6414 -0.7062 -0.2997
vn 0.3650 -0.8845 -0.2906
vn 0.3358 -0.7976 -0.5011
vn 0.6678 -0.4333 -0.6053
vn 0.7990 -0.5122 -0.3150
vn 0.6414 -0.7062 -0.2997
vn 0.5089 -0.6390 -0.5768
vn 0.7865 -0.2011 -0.5840
vn 0.9077 -0.2868 -0.3062
vn 0.7990 -0.5122 -0.3150
vn 0.6678 -0.4333 -0.6053
vn -0.9409 -0.3007 0.1559
vn -0.9508 -0.3001 -0.0773
vn -0.8412 -0.5353 -0.0765
vn -0.8336 -0.5267 0.1666
vn -0.9508 -0.3001 -0.0773
vn -0.9077 -0.2868 -0.3062
vn -0.7990 -0.5122 -0.3150
vn -0.8412 -0.5353 -0.0765
vn -0.8336 -0.5267 0.1666
vn -0.8412 -0.5353 -0.0765
vn -0.6750 -0.7345 -0.0705
vn -0.6746 -0.7201 0.1624
vn -0.8412 -0.5353 -0.0765
vn -0.7990 -0.5122 -0.3150
vn -0.6414 -0.7062 -0.2997
vn -0.6750 -0.7345 -0.0705
vn -0.9219 -0.0015 0.3875
vn -0.9854 0.0265 0.1681
vn -0.9409 -0.3007 0.1559
vn -0.8608 -0.2321 0.4530
vn -0.9854 0.0265 0.1681
vn -0.9967 0.0395 -0.0703
vn -0.9508 -0.3001 -0.0773
vn -0.9409 -0.3007 0.1559
vn -0.9967 0.0395 -0.0703
vn -0.9515 0.0406 -0.3050
vn -0.9077 -0.2868 -0.3062
vn -0.9508 -0.3001 -0.0773
vn -0.9515 0.0406 -0.3050
vn -0.8573 0.0254 -0.5142
vn -0.7865 -0.2011 -0.5840
vn -0.9077 -0.2868 -0.3062
vn -0.9077 -0.2868 -0.3062
vn -0.7865 -0.2011 -0.5840
vn -0.6678 -0.4332 -0.6053
vn -0.7990 -0.5122 -0.3150
vn -0.7990 -0.5122 -0.3150
vn -0.6678 -0.4332 -0.6053
vn -0.5089 -0.6390 -0.5768
vn -0.6414 -0.7062 -0.2997
vn -0.6414 -0.7062 -0.2997
vn -0.5089 -0.6390 -0.5768
vn -0.3358 -0.7976 -0.5011
vn -0.3650 -0.8845 -0.2906
vn -0.6750 -0.7345 -0.0705
vn -0.6414 -0.7062 -0.2997
vn -0.3650 -0.8845 -0.2906
vn -0.3886 -0.9197 -0.0555
vn -0.6746 -0.7201 0.1624
vn -0.6750 -0.7345 -0.0705
vn -0.3886 -0.9197 -0.0555
vn -0.3989 -0.8987 0.1823
vn -0.5831 -0.6701 0.4594
vn -0.6746 -0.7201 0.1624
vn -0.3989 -0.8987 0.1823
vn -0.4003 -0.8247 0.3997
vn -0.7453 -0.4657 0.4771
vn -0.8336 -0.5267 0.1666
vn -0.6746 -0.7201 0.1624
vn -0.5831 -0.6701 0.4594
vn -0.8608 -0.2321 0.4530
vn -0.9409 -0.3007 0.1559
vn -0.8336 -0.5267 0.1666
vn -0.7453 -0.4657 0.4771
vn -0.0762 -0.3378 -0.9381
vn -0.0574 -0.2792 -0.9585
vn 0.0000 -0.2908 -0.9568
vn -0.0000 -0.3300 -0.9440
vn -0.0574 -0.2792 -0.9585
vn -0.1013 -0.2217 -0.9698
vn -0.0000 -0.2595 -0.9657
vn 0.0000 -0.2908 -0.9568
vn -0.0000 -0.3300 -0.9440
vn 0.0000 -0.2908 -0.9568
vn 0.0574 -0.2792 -0.9585
vn 0.0762 -0.3378 -0.9381
vn 0.0000 -0.2908 -0.9568
vn -0.0000 -0.2595 -0.9657
vn 0.1013 -0.2217 -0.9698
vn 0.0574 -0.2792 -0.9585
vn -0.5410 -0.3960 -0.7420
vn -0.1339 -0.3485 -0.9277
vn -0.0762 -0.3378 -0.9381
vn -0.1332 -0.3881 -0.9120
vn -0.1339 -0.3485 -0.9277
vn -0.1097 -0.2453 -0.9632
vn -0.0574 -0.2792 -0.9585
vn -0.0762 -0.3378 -0.9381
vn -0.1097 -0.2453 -0.9632
vn -0.2030 -0.1241 -0.9713
vn -0.1013 -0.2217 -0.9698
vn -0.0574 -0.2792 -0.9585
vn -0.2030 -0.1241 -0.9713
vn -0.4561 0.0570 -0.8881
vn -0.1834 -0.1941 -0.9637
vn -0.1013 -0.2217 -0.9698
vn -0.1013 -0.2217 -0.9698
vn -0.1834 -0.1941 -0.9637
vn -0.0000 -0.2525 -0.9676
vn -0.0000 -0.2595 -0.9657
vn -0.0000 -0.2595 -0.9657
vn -0.0000 -0.2525 -0.9676
vn 0.1834 -0.1941 -0.9637
vn 0.1013 -0.2217 -0.9698
vn 0.1013 -0.2217 -0.9698
vn 0.1834 -0.1941 -0.9637
vn 0.4561 0.0570 -0.8881
vn 0.2030 -0.1241 -0.9713
vn 0.0574 -0.2792 -0.9585
vn 0.1013 -0.2217 -0.9698
vn 0.2030 -0.1241 -0.9713
vn 0.1097 -0.2453 -0.9632
vn 0.0762 -0.3378 -0.9381
vn 0.0574 -0.2792 -0.9585
vn 0.1097 -0.2453 -0.9632
vn 0.1339 -0.3485 -0.9277
vn 0.1332 -0.3881 -0.9120
vn 0.0762 -0.3378 -0.9381
vn 0.1339 -0.3485 -0.9277
vn 0.5410 -0.3960 -0.7420
vn -0.0000 -0.3647 -0.9311
vn -0.0000 -0.3300 -0.9440
vn 0.0762 -0.3378 -0.9381
vn 0.1332 -0.3881 -0.9120
vn -0.1332 -0.3881 -0.9120
vn -0.0762 -0.3378 -0.9381
vn -0.0000 -0.3300 -0.9440
vn -0.0000 -0.3647 -0.9311
vn 0.0815 0.5977 0.7976
vn -0.0000 0.5726 0.8198
vn 0.0000 0.5302 0.8479
vn 0.0392 0.5355 0.8436
vn -0.0000 0.5726 0.8198
vn -0.0815 0.5977 0.7976
vn -0.0392 0.5355 0.8436
vn 0.0000 0.5302 0.8479
vn 0.0392 0.5355 0.8436
vn 0.0000 0.5302 0.8479
vn 0.0000 0.4787 0.8780
vn 0.0679 0.4633 0.8836
vn 0.0000 0.5302 0.8479
vn -0.0392 0.5355 0.8436
vn -0.0679 0.4633 0.8836
vn 0.0000 0.4787 0.8780
vn 0.4320 0.7281 0.5322
vn 0.1643 0.6305 0.7586
vn 0.0815 0.5977 0.7976
vn 0.1605 0.6546 0.7387
vn 0.1643 0.6305 0.7586
vn -0.0000 0.5969 0.8023
vn -0.0000 0.5726 0.8198
vn 0.0815 0.5977 0.7976
vn -0.0000 0.5969 0.8023
vn -0.1643 0.6305 0.7586
vn -0.0815 0.5977 0.7976
vn -0.0000 0.5726 0.8198
vn -0.1643 0.6305 0.7586
vn -0.4320 0.7281 0.5322
vn -0.1605 0.6546 0.7387
vn -0.0815 0.5977 0.7976
vn -0.0815 0.5977 0.7976
vn -0.1605 0.6546 0.7387
vn -0.0625 0.5500 0.8328
vn -0.0392 0.5355 0.8436
vn -0.0392 0.5355 0.8436
vn -0.0625 0.5500 0.8328
vn -0.1029 0.4269 0.8984
vn -0.0679 0.4633 0.8836
vn -0.0679 0.4633 0.8836
vn -0.1029 0.4269 0.8984
vn -0.5740 0.2445 0.7815
vn -0.1362 0.3953 0.9084
vn 0.0000 0.4787 0.8780
vn -0.0679 0.4633 0.8836
vn -0.1362 0.3953 0.9084
vn 0.0000 0.4280 0.9038
vn 0.0679 0.4633 0.8836
vn 0.0000 0.4787 0.8780
vn 0.0000 0.4280 0.9038
vn 0.1362 0.3953 0.9084
vn 0.1029 0.4269 0.8984
vn 0.0679 0.4633 0.8836
vn 0.1362 0.3953 0.9084
vn 0.5740 0.2445 0.7815
vn 0.0625 0.5500 0.8328
vn 0.0392 0.5355 0.8436
vn 0.0679 0.4633 0.8836
vn 0.1029 0.4269 0.8984
vn 0.1605 0.6546 0.7387
vn 0.0815 0.5977 0.7976
vn 0.0392 0.5355 0.8436
vn 0.0625 0.5500 0.8328
vn 0.6809 0.7152 0.1578
vn 0.6978 0.6883 0.1984
vn 0.6249 0.7785 -0.0595
vn 0.6578 0.7476 -0.0913
vn 0.6978 0.6883 0.1984
vn 0.6795 0.6965 0.2305
vn 0.5947 0.8027 -0.0442
vn 0.6249 0.7785 -0.0595
vn 0.6578 0.7476 -0.0913
vn 0.6249 0.7785 -0.0595
vn 0.5316 0.7461 -0.4008
vn 0.6357 0.6622 -0.3967
vn 0.6249 0.7785 -0.0595
vn 0.5947 0.8027 -0.0442
vn 0.4546 0.7985 -0.3946
vn 0.5316 0.7461 -0.4008
vn 0.6682 0.6735 0.3160
vn 0.7526 0.5705 0.3288
vn 0.6809 0.7152 0.1578
vn 0.6723 0.7323 0.1083
vn 0.7526 0.5705 0.3288
vn 0.8445 0.4308 0.3182
vn 0.6978 0.6883 0.1984
vn 0.6809 0.7152 0.1578
vn 0.8445 0.4308 0.3182
vn 0.8131 0.4296 0.3929
vn 0.6795 0.6965 0.2305
vn 0.6978 0.6883 0.1984
vn 0.8131 0.4296 0.3929
vn 0.6976 0.4994 0.5137
vn 0.6388 0.7234 0.2620
vn 0.6795 0.6965 0.2305
vn 0.6795 0.6965 0.2305
vn 0.6388 0.7234 0.2620
vn 0.5881 0.8081 -0.0344
vn 0.5947 0.8027 -0.0442
vn 0.5947 0.8027 -0.0442
vn 0.5881 0.8081 -0.0344
vn 0.4832 0.7919 -0.3734
vn 0.4546 0.7985 -0.3946
vn 0.4546 0.7985 -0.3946
vn 0.4832 0.7919 -0.3734
vn 0.2290 0.6411 -0.7325
vn 0.0408 0.6607 -0.7495
vn 0.5316 0.7461 -0.4008
vn 0.4546 0.7985 -0.3946
vn 0.0408 0.6607 -0.7495
vn 0.2130 0.5775 -0.7881
vn 0.6357 0.6622 -0.3967
vn 0.5316 0.7461 -0.4008
vn 0.2130 0.5775 -0.7881
vn 0.5570 0.4320 -0.7093
vn 0.6785 0.6201 -0.3939
vn 0.6357 0.6622 -0.3967
vn 0.5570 0.4320 -0.7093
vn 0.6500 0.3999 -0.6462
vn 0.6778 0.7241 -0.1272
vn 0.6578 0.7476 -0.0913
vn 0.6357 0.6622 -0.3967
vn 0.6785 0.6201 -0.3939
vn 0.6723 0.7323 0.1083
vn 0.6809 0.7152 0.1578
vn 0.6578 0.7476 -0.0913
vn 0.6778 0.7241 -0.1272
vn 0.2118 0.3664 -0.9060
vn -0.7829 0.4912 -0.3818
vn -0.4172 0.1661 0.8935
vn 0.9989 0.0218 -0.0406
vn -0.7829 0.4912 -0.3818
vn -0.5496 0.3926 -0.7375
vn -0.8199 0.2418 0.5190
vn -0.4172 0.1661 0.8935
vn 0.9989 0.0218 -0.0406
vn -0.4172 0.1661 0.8935
vn 0.6079 0.3054 0.7329
vn 0.9560 -0.1042 -0.2744
vn -0.4172 0.1661 0.8935
vn -0.8199 0.2418 0.5190
vn 0.1647 0.4343 0.8856
vn 0.6079 0.3054 0.7329
vn 0.6500 0.3999 -0.6462
vn 0.5570 0.4320 -0.7093
vn 0.2118 0.3664 -0.9060
vn 0.5781 0.1216 -0.8069
vn 0.5570 0.4320 -0.7093
vn 0.2130 0.5775 -0.7881
vn -0.7829 0.4912 -0.3818
vn 0.2118 0.3664 -0.9060
vn 0.2130 0.5775 -0.7881
vn 0.0408 0.6607 -0.7495
vn -0.5496 0.3926 -0.7375
vn -0.7829 0.4912 -0.3818
vn 0.0408 0.6607 -0.7495
vn 0.2290 0.6411 -0.7325
vn -0.1419 0.3887 -0.9104
vn -0.5496 0.3926 -0.7375
vn -0.5496 0.3926 -0.7375
vn -0.1419 0.3887 -0.9104
vn -0.4950 0.1325 -0.8587
vn -0.8199 0.2418 0.5190
vn -0.8199 0.2418 0.5190
vn -0.4950 0.1325 -0.8587
vn -0.9535 -0.0519 -0.2970
vn 0.1647 0.4343 0.8856
vn 0.1647 0.4343 0.8856
vn -0.9535 -0.0519 -0.2970
vn 0.7959 -0.4656 0.3869
vn 0.7362 0.4875 0.4693
vn 0.6079 0.3054 0.7329
vn 0.1647 0.4343 0.8856
vn 0.7362 0.4875 0.4693
vn 0.9165 0.3058 0.2580
vn 0.9560 -0.1042 -0.2744
vn 0.6079 0.3054 0.7329
vn 0.9165 0.3058 0.2580
vn 0.9390 -0.1488 -0.3100
vn 0.4463 -0.3636 -0.8176
vn 0.9560 -0.1042 -0.2744
vn 0.9390 -0.1488 -0.3100
vn 0.5410 -0.3960 -0.7420
vn 0.4799 -0.1373 -0.8665
vn 0.9989 0.0218 -0.0406
vn 0.9560 -0.1042 -0.2744
vn 0.4463 -0.3636 -0.8176
vn 0.5781 0.1216 -0.8069
vn 0.2118 0.3664 -0.9060
vn 0.9989 0.0218 -0.0406
vn 0.4799 -0.1373 -0.8665
vn 0.5309 0.6671 0.5226
vn 0.3896 0.7232 0.5703
vn 0.2703 0.6328 0.7257
vn 0.3572 0.5632 0.7451
vn 0.2511 0.7106 0.6572
vn 0.1140 0.5812 0.8057
vn 0.2703 0.6328 0.7257
vn 0.3896 0.7232 0.5703
vn 0.1723 0.4565 0.8729
vn 0.3572 0.5632 0.7451
vn 0.2703 0.6328 0.7257
vn 0.1140 0.5812 0.8057
vn 0.6682 0.6735 0.3160
vn 0.6191 0.7292 0.2914
vn 0.5309 0.6671 0.5226
vn 0.6586 0.5581 0.5048
vn 0.6191 0.7292 0.2914
vn 0.5502 0.7729 0.3161
vn 0.3896 0.7232 0.5703
vn 0.5309 0.6671 0.5226
vn 0.6586 0.5581 0.5048
vn 0.5309 0.6671 0.5226
vn 0.3572 0.5632 0.7451
vn 0.6097 0.4083 0.6794
vn 0.4320 0.7281 0.5322
vn 0.1605 0.6546 0.7387
vn 0.2511 0.7106 0.6572
vn 0.4740 0.7834 0.4019
vn 0.1605 0.6546 0.7387
vn 0.0625 0.5500 0.8328
vn 0.1140 0.5812 0.8057
vn 0.2511 0.7106 0.6572
vn 0.4740 0.7834 0.4019
vn 0.2511 0.7106 0.6572
vn 0.3896 0.7232 0.5703
vn 0.5502 0.7729 0.3161
vn 0.5740 0.2445 0.7815
vn 0.5437 0.2480 0.8018
vn 0.1723 0.4565 0.8729
vn 0.1029 0.4269 0.8984
vn 0.5437 0.2480 0.8018
vn 0.6097 0.4083 0.6794
vn 0.3572 0.5632 0.7451
vn 0.1723 0.4565 0.8729
vn 0.1029 0.4269 0.8984
vn 0.1723 0.4565 0.8729
vn 0.1140 0.5812 0.8057
vn 0.0625 0.5500 0.8328
vn 0.9820 0.0132 -0.1883
vn 0.9462 0.3233 0.0121
vn 0.9413 0.3235 -0.0964
vn 0.9832 0.1691 -0.0680
vn 0.9462 0.3233 0.0121
vn 0.8840 0.4541 0.1107
vn 0.9230 0.3757 -0.0835
vn 0.9413 0.3235 -0.0964
vn 0.9832 0.1691 -0.0680
vn 0.9413 0.3235 -0.0964
vn 0.9608 0.2287 -0.1570
vn 0.9868 0.1484 0.0652
vn 0.9413 0.3235 -0.0964
vn 0.9230 0.3757 -0.0835
vn 0.9598 0.2085 -0.1879
vn 0.9608 0.2287 -0.1570
vn 0.5410 -0.3960 -0.7420
vn 0.9390 -0.1488 -0.3100
vn 0.9820 0.0132 -0.1883
vn 0.9283 -0.1775 -0.3266
vn 0.9390 -0.1488 -0.3100
vn 0.9165 0.3058 0.2580
vn 0.9462 0.3233 0.0121
vn 0.9820 0.0132 -0.1883
vn 0.9165 0.3058 0.2580
vn 0.7362 0.4875 0.4693
vn 0.8840 0.4541 0.1107
vn 0.9462 0.3233 0.0121
vn 0.7362 0.4875 0.4693
vn 0.7959 -0.4656 0.3869
vn 0.9513 -0.2910 0.1020
vn 0.8840 0.4541 0.1107
vn 0.8840 0.4541 0.1107
vn 0.9513 -0.2910 0.1020
vn 0.9543 -0.2932 0.0573
vn 0.9230 0.3757 -0.0835
vn 0.9230 0.3757 -0.0835
vn 0.9543 -0.2932 0.0573
vn 0.9439 -0.3214 0.0760
vn 0.9598 0.2085 -0.1879
vn 0.9598 0.2085 -0.1879
vn 0.9439 -0.3214 0.0760
vn 0.9222 -0.3566 0.1499
vn 0.9797 -0.0123 -0.2002
vn 0.9608 0.2287 -0.1570
vn 0.9598 0.2085 -0.1879
vn 0.9797 -0.0123 -0.2002
vn 0.9842 0.0439 -0.1715
vn 0.9868 0.1484 0.0652
vn 0.9608 0.2287 -0.1570
vn 0.9842 0.0439 -0.1715
vn 0.9691 0.0362 0.2441
vn 0.9402 0.1122 0.3216
vn 0.9868 0.1484 0.0652
vn 0.9691 0.0362 0.2441
vn 0.5740 0.2445 0.7815
vn 0.9992 0.0335 -0.0194
vn 0.9832 0.1691 -0.0680
vn 0.9868 0.1484 0.0652
vn 0.9402 0.1122 0.3216
vn 0.9283 -0.1775 -0.3266
vn 0.9820 0.0132 -0.1883
vn 0.9832 0.1691 -0.0680
vn 0.9992 0.0335 -0.0194
vn -0.8784 0.3175 0.3573
vn -0.9787 0.0836 0.1877
vn -0.9940 -0.1074 -0.0207
vn -0.9489 0.0905 0.3024
vn -0.9787 0.0836 0.1877
vn -0.9455 0.0604 0.3200
vn -0.9817 -0.1719 0.0816
vn -0.9940 -0.1074 -0.0207
vn -0.9489 0.0905 0.3024
vn -0.9940 -0.1074 -0.0207
vn -0.9849 -0.1040 -0.1381
vn -0.9577 -0.0163 0.2875
vn -0.9940 -0.1074 -0.0207
vn -0.9817 -0.1719 0.0816
vn -0.9784 -0.1748 -0.1107
vn -0.9849 -0.1040 -0.1381
vn -0.6682 0.6735 0.3160
vn -0.7526 0.5704 0.3288
vn -0.8784 0.3175 0.3573
vn -0.6586 0.5581 0.5048
vn -0.7526 0.5704 0.3288
vn -0.8445 0.4308 0.3182
vn -0.9787 0.0836 0.1877
vn -0.8784 0.3175 0.3573
vn -0.8445 0.4308 0.3182
vn -0.8131 0.4296 0.3929
vn -0.9455 0.0604 0.3200
vn -0.9787 0.0836 0.1877
vn -0.8131 0.4296 0.3929
vn -0.6976 0.4994 0.5137
vn -0.7759 0.1524 0.6122
vn -0.9455 0.0604 0.3200
vn -0.9455 0.0604 0.3200
vn -0.7759 0.1524 0.6122
vn -0.8451 -0.1685 0.5074
vn -0.9817 -0.1719 0.0816
vn -0.9817 -0.1719 0.0816
vn -0.8451 -0.1685 0.5074
vn -0.8860 -0.3419 0.3133
vn -0.9784 -0.1748 -0.1107
vn -0.9784 -0.1748 -0.1107
vn -0.8860 -0.3419 0.3133
vn -0.9222 -0.3566 0.1499
vn -0.9797 -0.0123 -0.2002
vn -0.9849 -0.1040 -0.1381
vn -0.9784 -0.1748 -0.1107
vn -0.9797 -0.0123 -0.2002
vn -0.9842 0.0439 -0.1715
vn -0.9577 -0.0163 0.2875
vn -0.9849 -0.1040 -0.1381
vn -0.9842 0.0439 -0.1715
vn -0.9691 0.0362 0.2441
vn -0.5437 0.2480 0.8018
vn -0.9577 -0.0163 0.2875
vn -0.9691 0.0362 0.2441
vn -0.5740 0.2445 0.7815
vn -0.6097 0.4083 0.6794
vn -0.9489 0.0905 0.3024
vn -0.9577 -0.0163 0.2875
vn -0.5437 0.2480 0.8018
vn -0.6586 0.5581 0.5048
vn -0.8784 0.3175 0.3573
vn -0.9489 0.0905 0.3024
vn -0.6097 0.4083 0.6794
vn -0.9868 0.1484 0.0652
vn -0.9608 0.2287 -0.1570
vn -0.9413 0.3235 -0.0964
vn -0.9832 0.1691 -0.0680
vn -0.9608 0.2287 -0.1570
vn -0.9598 0.2085 -0.1879
vn -0.9230 0.3757 -0.0835
vn -0.9413 0.3235 -0.0964
vn -0.9832 0.1691 -0.0680
vn -0.9413 0.3235 -0.0964
vn -0.9462 0.3233 0.0121
vn -0.9820 0.0132 -0.1883
vn -0.9413 0.3235 -0.0964
vn -0.9230 0.3757 -0.0835
vn -0.8840 0.4541 0.1107
vn -0.9462 0.3233 0.0121
vn -0.5740 0.2445 0.7815
vn -0.9691 0.0362 0.2441
vn -0.9868 0.1484 0.0652
vn -0.9402 0.1122 0.3216
vn -0.9691 0.0362 0.2441
vn -0.9842 0.0439 -0.1715
vn -0.9608 0.2287 -0.1570
vn -0.9868 0.1484 0.0652
vn -0.9842 0.0439 -0.1715
vn -0.9797 -0.0123 -0.2002
vn -0.9598 0.2085 -0.1879
vn -0.9608 0.2287 -0.1570
vn -0.9797 -0.0123 -0.2002
vn -0.9222 -0.3566 0.1499
vn -0.9439 -0.3214 0.0760
vn -0.9598 0.2085 -0.1879
vn -0.9598 0.2085 -0.1879
vn -0.9439 -0.3214 0.0760
vn -0.9543 -0.2932 0.0573
vn -0.9230 0.3757 -0.0835
vn -0.9230 0.3757 -0.0835
vn -0.9543 -0.2932 0.0573
vn -0.9513 -0.2910 0.1020
vn -0.8840 0.4541 0.1107
vn -0.8840 0.4541 0.1107
vn -0.9513 -0.2910 0.1020
vn -0.7959 -0.4656 0.3870
vn -0.7362 0.4875 0.4693
vn -0.9462 0.3233 0.0121
vn -0.8840 0.4541 0.1107
vn -0.7362 0.4875 0.4693
vn -0.9165 0.3058 0.2580
vn -0.9820 0.0132 -0.1883
vn -0.9462 0.3233 0.0121
vn -0.9165 0.3058 0.2580
vn -0.9390 -0.1488 -0.3100
vn -0.9283 -0.1775 -0.3266
vn -0.9820 0.0132 -0.1883
vn -0.9390 -0.1488 -0.3100
vn -0.5410 -0.3960 -0.7420
vn -0.9992 0.0335 -0.0194
vn -0.9832 0.1691 -0.0680
vn -0.9820 0.0132 -0.1883
vn -0.9283 -0.1775 -0.3266
vn -0.9402 0.1122 0.3216
vn -0.9868 0.1484 0.0652
vn -0.9832 0.1691 -0.0680
vn -0.9992 0.0335 -0.0194
vn -0.5445 0.1469 -0.8258
vn -0.4316 0.1205 -0.8940
vn -0.3358 -0.0576 -0.9402
vn -0.3917 -0.0986 -0.9148
vn -0.3011 0.0052 -0.9536
vn -0.1925 -0.1775 -0.9651
vn -0.3358 -0.0576 -0.9402
vn -0.4316 0.1205 -0.8940
vn -0.2225 -0.2727 -0.9360
vn -0.3917 -0.0986 -0.9148
vn -0.3358 -0.0576 -0.9402
vn -0.1925 -0.1775 -0.9651
vn -0.6500 0.3999 -0.6462
vn -0.6313 0.4035 -0.6623
vn -0.5445 0.1469 -0.8258
vn -0.5781 0.1216 -0.8069
vn -0.6313 0.4035 -0.6623
vn -0.5671 0.3699 -0.7359
vn -0.4316 0.1205 -0.8940
vn -0.5445 0.1469 -0.8258
vn -0.5781 0.1216 -0.8069
vn -0.5445 0.1469 -0.8258
vn -0.3917 -0.0986 -0.9148
vn -0.4799 -0.1373 -0.8665
vn -0.4561 0.0570 -0.8881
vn -0.2030 -0.1241 -0.9713
vn -0.3011 0.0052 -0.9536
vn -0.5003 0.2562 -0.8271
vn -0.2030 -0.1241 -0.9713
vn -0.1097 -0.2453 -0.9632
vn -0.1925 -0.1775 -0.9651
vn -0.3011 0.0052 -0.9536
vn -0.5003 0.2562 -0.8271
vn -0.3011 0.0052 -0.9536
vn -0.4316 0.1205 -0.8940
vn -0.5671 0.3699 -0.7359
vn -0.5410 -0.3960 -0.7420
vn -0.4463 -0.3636 -0.8176
vn -0.2225 -0.2727 -0.9360
vn -0.1339 -0.3485 -0.9277
vn -0.4463 -0.3636 -0.8176
vn -0.4799 -0.1373 -0.8665
vn -0.3917 -0.0986 -0.9148
vn -0.2225 -0.2727 -0.9360
vn -0.1339 -0.3485 -0.9277
vn -0.2225 -0.2727 -0.9360
vn -0.1925 -0.1775 -0.9651
vn -0.1097 -0.2453 -0.9632
vn -0.9560 -0.1042 -0.2744
vn -0.6079 0.3054 0.7329
vn 0.4172 0.1661 0.8935
vn -0.9989 0.0218 -0.0406
vn -0.6079 0.3054 0.7329
vn -0.1647 0.4343 0.8856
vn 0.8199 0.2418 0.5190
vn 0.4172 0.1661 0.8935
vn -0.9989 0.0218 -0.0406
vn 0.4172 0.1661 0.8935
vn 0.7829 0.4912 -0.3818
vn -0.2118 0.3664 -0.9060
vn 0.4172 0.1661 0.8935
vn 0.8199 0.2418 0.5190
vn 0.5496 0.3926 -0.7375
vn 0.7829 0.4912 -0.3818
vn -0.5410 -0.3960 -0.7420
vn -0.9390 -0.1488 -0.3100
vn -0.9560 -0.1042 -0.2744
vn -0.4463 -0.3636 -0.8176
vn -0.9390 -0.1488 -0.3100
vn -0.9165 0.3058 0.2580
vn -0.6079 0.3054 0.7329
vn -0.9560 -0.1042 -0.2744
vn -0.9165 0.3058 0.2580
vn -0.7362 0.4875 0.4693
vn -0.1647 0.4343 0.8856
vn -0.6079 0.3054 0.7329
vn -0.7362 0.4875 0.4693
vn -0.7959 -0.4656 0.3870
vn 0.9535 -0.0519 -0.2970
vn -0.1647 0.4343 0.8856
vn -0.1647 0.4343 0.8856
vn 0.9535 -0.0519 -0.2970
vn 0.4950 0.1325 -0.8587
vn 0.8199 0.2418 0.5190
vn 0.8199 0.2418 0.5190
vn 0.4950 0.1325 -0.8587
vn 0.1419 0.3887 -0.9104
vn 0.5496 0.3926 -0.7375
vn 0.5496 0.3926 -0.7375
vn 0.1419 0.3887 -0.9104
vn -0.2290 0.6411 -0.7325
vn -0.0408 0.6607 -0.7495
vn 0.7829 0.4912 -0.3818
vn 0.5496 0.3926 -0.7375
vn -0.0408 0.6607 -0.7495
vn -0.2130 0.5775 -0.7881
vn -0.2118 0.3664 -0.9060
vn 0.7829 0.4912 -0.3818
vn -0.2130 0.5775 -0.7881
vn -0.5570 0.4320 -0.7093
vn -0.5781 0.1216 -0.8069
vn -0.2118 0.3664 -0.9060
vn -0.5570 0.4320 -0.7093
vn -0.6500 0.3999 -0.6462
vn -0.4799 -0.1373 -0.8665
vn -0.9989 0.0218 -0.0406
vn -0.2118 0.3664 -0.9060
vn -0.5781 0.1216 -0.8069
vn -0.4463 -0.3636 -0.8176
vn -0.9560 -0.1042 -0.2744
vn -0.9989 0.0218 -0.0406
vn -0.4799 -0.1373 -0.8665
vn -0.2511 0.7106 0.6572
vn -0.3896 0.7232 0.5703
vn -0.2703 0.6328 0.7257
vn -0.1140 0.5812 0.8057
vn -0.5309 0.6671 0.5226
vn -0.3572 0.5632 0.7451
vn -0.2703 0.6328 0.7257
vn -0.3896 0.7232 0.5703
vn -0.1723 0.4565 0.8729
vn -0.1140 0.5812 0.8057
vn -0.2703 0.6328 0.7257
vn -0.3572 0.5632 0.7451
vn -0.4320 0.7281 0.5322
vn -0.4740 0.7834 0.4019
vn -0.2511 0.7106 0.6572
vn -0.1605 0.6546 0.7387
vn -0.4740 0.7834 0.4019
vn -0.5502 0.7729 0.3161
vn -0.3896 0.7232 0.5703
vn -0.2511 0.7106 0.6572
vn -0.1605 0.6546 0.7387
vn -0.2511 0.7106 0.6572
vn -0.1140 0.5812 0.8057
vn -0.0625 0.5500 0.8328
vn -0.6682 0.6735 0.3160
vn -0.6586 0.5581 0.5048
vn -0.5309 0.6671 0.5226
vn -0.6191 0.7292 0.2914
vn -0.6586 0.5581 0.5048
vn -0.6097 0.4083 0.6794
vn -0.3572 0.5632 0.7451
vn -0.5309 0.6671 0.5226
vn -0.6191 0.7292 0.2914
vn -0.5309 0.6671 0.5226
vn -0.3896 0.7232 0.5703
vn -0.5502 0.7729 0.3161
vn -0.5740 0.2445 0.7815
vn -0.1029 0.4269 0.8984
vn -0.1723 0.4565 0.8729
vn -0.5437 0.2480 0.8018
vn -0.1029 0.4269 0.8984
vn -0.0625 0.5500 0.8328
vn -0.1140 0.5812 0.8057
vn -0.1723 0.4565 0.8729
vn -0.5437 0.2480 0.8018
vn -0.1723 0.4565 0.8729
vn -0.3572 0.5632 0.7451
vn -0.6097 0.4083 0.6794
vn -0.6357 0.6622 -0.3967
vn -0.5316 0.7461 -0.4008
vn -0.6249 0.7785 -0.0595
vn -0.6578 0.7476 -0.0913
vn -0.5316 0.7461 -0.4008
vn -0.4546 0.7985 -0.3946
vn -0.5947 0.8027 -0.0442
vn -0.6249 0.7785 -0.0595
vn -0.6578 0.7476 -0.0913
vn -0.6249 0.7785 -0.0595
vn -0.6978 0.6883 0.1984
vn -0.6809 0.7152 0.1578
vn -0.6249 0.7785 -0.0595
vn -0.5947 0.8027 -0.0442
vn -0.6795 0.6965 0.2305
vn -0.6978 0.6883 0.1984
vn -0.6500 0.3999 -0.6462
vn -0.5570 0.4320 -0.7093
vn -0.6357 0.6622 -0.3967
vn -0.6785 0.6201 -0.3939
vn -0.5570 0.4320 -0.7093
vn -0.2130 0.5775 -0.7881
vn -0.5316 0.7461 -0.4008
vn -0.6357 0.6622 -0.3967
vn -0.2130 0.5775 -0.7881
vn -0.0408 0.6607 -0.7495
vn -0.4546 0.7985 -0.3946
vn -0.5316 0.7461 -0.4008
vn -0.0408 0.6607 -0.7495
vn -0.2290 0.6411 -0.7325
vn -0.4832 0.7919 -0.3734
vn -0.4546 0.7985 -0.3946
vn -0.4546 0.7985 -0.3946
vn -0.4832 0.7919 -0.3734
vn -0.5881 0.8081 -0.0344
vn -0.5947 0.8027 -0.0442
vn -0.5947 0.8027 -0.0442
vn -0.5881 0.8081 -0.0344
vn -0.6388 0.7234 0.2620
vn -0.6795 0.6965 0.2305
vn -0.6795 0.6965 0.2305
vn -0.6388 0.7234 0.2620
vn -0.6976 0.4994 0.5137
vn -0.8131 0.4296 0.3929
vn -0.6978 0.6883 0.1984
vn -0.6795 0.6965 0.2305
vn -0.8131 0.4296 0.3929
vn -0.8445 0.4308 0.3182
vn -0.6809 0.7152 0.1578
vn -0.6978 0.6883 0.1984
vn -0.8445 0.4308 0.3182
vn -0.7526 0.5704 0.3288
vn -0.6723 0.7323 0.1083
vn -0.6809 0.7152 0.1578
vn -0.7526 0.5704 0.3288
vn -0.6682 0.6735 0.3160
vn -0.6778 0.7241 -0.1272
vn -0.6578 0.7476 -0.0913
vn -0.6809 0.7152 0.1578
vn -0.6723 0.7323 0.1083
vn -0.6785 0.6201 -0.3939
vn -0.6357 0.6622 -0.3967
vn -0.6578 0.7476 -0.0913
vn -0.6778 0.7241 -0.1272
vn -0.2110 -0.9602 -0.1830
vn 0.0000 -0.9825 -0.1861
vn -0.0000 -0.9924 0.1232
vn -0.2232 -0.9675 0.1192
vn 0.0000 -0.9825 -0.1861
vn 0.2110 -0.9602 -0.1830
vn 0.2232 -0.9675 0.1192
vn -0.0000 -0.9924 0.1232
vn -0.2232 -0.9675 0.1192
vn -0.0000 -0.9924 0.1232
vn -0.0000 -0.9080 0.4189
vn -0.2102 -0.8878 0.4095
vn -0.0000 -0.9924 0.1232
vn 0.2232 -0.9675 0.1192
vn 0.2102 -0.8878 0.4095
vn -0.0000 -0.9080 0.4189
vn -0.4016 -0.7724 -0.4921
vn -0.2056 -0.8214 -0.5320
vn -0.2110 -0.9602 -0.1830
vn -0.4913 -0.8416 -0.2244
vn -0.2056 -0.8214 -0.5320
vn 0.0000 -0.8386 -0.5448
vn 0.0000 -0.9825 -0.1861
vn -0.2110 -0.9602 -0.1830
vn 0.0000 -0.8386 -0.5448
vn 0.2056 -0.8214 -0.5320
vn 0.2110 -0.9602 -0.1830
vn 0.0000 -0.9825 -0.1861
vn 0.2056 -0.8214 -0.5320
vn 0.4016 -0.7724 -0.4921
vn 0.4913 -0.8416 -0.2244
vn 0.2110 -0.9602 -0.1830
vn 0.2110 -0.9602 -0.1830
vn 0.4913 -0.8416 -0.2244
vn 0.5251 -0.8449 0.1021
vn 0.2232 -0.9675 0.1192
vn 0.2232 -0.9675 0.1192
vn 0.5251 -0.8449 0.1021
vn 0.4913 -0.7638 0.4187
vn 0.2102 -0.8878 0.4095
vn 0.2102 -0.8878 0.4095
vn 0.4913 -0.7638 0.4187
vn 0.4013 -0.6327 0.6624
vn 0.2053 -0.6699 0.7135
vn -0.0000 -0.9080 0.4189
vn 0.2102 -0.8878 0.4095
vn 0.2053 -0.6699 0.7135
vn -0.0000 -0.6832 0.7302
vn -0.2102 -0.8878 0.4095
vn -0.0000 -0.9080 0.4189
vn -0.0000 -0.6832 0.7302
vn -0.2053 -0.6699 0.7135
vn -0.4913 -0.7638 0.4187
vn -0.2102 -0.8878 0.4095
vn -0.2053 -0.6699 0.7135
vn -0.4013 -0.6327 0.6624
vn -0.5251 -0.8449 0.1021
vn -0.2232 -0.9675 0.1192
vn -0.2102 -0.8878 0.4095
vn -0.4913 -0.7638 0.4187
vn -0.4913 -0.8416 -0.2244
vn -0.2110 -0.9602 -0.1830
vn -0.2232 -0.9675 0.1192
vn -0.5251 -0.8449 0.1021
vn -0.6705 0.7395 0.0590
vn -0.6641 0.7469 0.0331
vn -0.6969 0.6846 -0.2137
vn -0.6871 0.7068 -0.1684
vn -0.6641 0.7469 0.0331
vn -0.6700 0.7405 0.0515
vn -0.7349 0.6321 -0.2457
vn -0.6969 0.6846 -0.2137
vn -0.6871 0.7068 -0.1684
vn -0.6969 0.6846 -0.2137
vn -0.6669 0.5768 -0.4717
vn -0.6787 0.6054 -0.4158
vn -0.6969 0.6846 -0.2137
vn -0.7349 0.6321 -0.2457
vn -0.6761 0.4976 -0.5434
vn -0.6669 0.5768 -0.4717
vn -0.6682 0.6735 0.3160
vn -0.6191 0.7292 0.2914
vn -0.6705 0.7395 0.0590
vn -0.6723 0.7323 0.1083
vn -0.6191 0.7292 0.2914
vn -0.5502 0.7729 0.3161
vn -0.6641 0.7469 0.0331
vn -0.6705 0.7395 0.0590
vn -0.5502 0.7729 0.3161
vn -0.4740 0.7834 0.4019
vn -0.6700 0.7405 0.0515
vn -0.6641 0.7469 0.0331
vn -0.4740 0.7834 0.4019
vn -0.4320 0.7281 0.5322
vn -0.7454 0.6601 0.0923
vn -0.6700 0.7405 0.0515
vn -0.6700 0.7405 0.0515
vn -0.7454 0.6601 0.0923
vn -0.8169 0.5253 -0.2382
vn -0.7349 0.6321 -0.2457
vn -0.7349 0.6321 -0.2457
vn -0.8169 0.5253 -0.2382
vn -0.7514 0.3589 -0.5537
vn -0.6761 0.4976 -0.5434
vn -0.6761 0.4976 -0.5434
vn -0.7514 0.3589 -0.5537
vn -0.4561 0.0570 -0.8881
vn -0.5003 0.2562 -0.8271
vn -0.6669 0.5768 -0.4717
vn -0.6761 0.4976 -0.5434
vn -0.5003 0.2562 -0.8271
vn -0.5671 0.3699 -0.7359
vn -0.6787 0.6054 -0.4158
vn -0.6669 0.5768 -0.4717
vn -0.5671 0.3699 -0.7359
vn -0.6313 0.4035 -0.6623
vn -0.6785 0.6201 -0.3939
vn -0.6787 0.6054 -0.4158
vn -0.6313 0.4035 -0.6623
vn -0.6500 0.3999 -0.6462
vn -0.6778 0.7241 -0.1272
vn -0.6871 0.7068 -0.1684
vn -0.6787 0.6054 -0.4158
vn -0.6785 0.6201 -0.3939
vn -0.6723 0.7323 0.1083
vn -0.6705 0.7395 0.0590
vn -0.6871 0.7068 -0.1684
vn -0.6778 0.7241 -0.1272
vn 0.6700 0.7405 0.0515
vn 0.6641 0.7469 0.0331
vn 0.6969 0.6846 -0.2137
vn 0.7349 0.6321 -0.2457
vn 0.6641 0.7469 0.0331
vn 0.6705 0.7395 0.0590
vn 0.6871 0.7068 -0.1684
vn 0.6969 0.6846 -0.2137
vn 0.7349 0.6321 -0.2457
vn 0.6969 0.6846 -0.2137
vn 0.6669 0.5768 -0.4717
vn 0.6761 0.4976 -0.5434
vn 0.6969 0.6846 -0.2137
vn 0.6871 0.7068 -0.1684
vn 0.6787 0.6054 -0.4158
vn 0.6669 0.5768 -0.4717
vn 0.4320 0.7281 0.5322
vn 0.4740 0.7834 0.4019
vn 0.6700 0.7405 0.0515
vn 0.7454 0.6601 0.0923
vn 0.4740 0.7834 0.4019
vn 0.5502 0.7729 0.3161
vn 0.6641 0.7469 0.0331
vn 0.6700 0.7405 0.0515
vn 0.5502 0.7729 0.3161
vn 0.6191 0.7292 0.2914
vn 0.6705 0.7395 0.0590
vn 0.6641 0.7469 0.0331
vn 0.6191 0.7292 0.2914
vn 0.6682 0.6735 0.3160
vn 0.6723 0.7323 0.1083
vn 0.6705 0.7395 0.0590
vn 0.6705 0.7395 0.0590
vn 0.6723 0.7323 0.1083
vn 0.6778 0.7241 -0.1272
vn 0.6871 0.7068 -0.1684
vn 0.6871 0.7068 -0.1684
vn 0.6778 0.7241 -0.1272
vn 0.6785 0.6201 -0.3939
vn 0.6787 0.6054 -0.4158
vn 0.6787 0.6054 -0.4158
vn 0.6785 0.6201 -0.3939
vn 0.6500 0.3999 -0.6462
vn 0.6313 0.4035 -0.6623
vn 0.6669 0.5768 -0.4717
vn 0.6787 0.6054 -0.4158
vn 0.6313 0.4035 -0.6623
vn 0.5671 0.3699 -0.7359
vn 0.6761 0.4976 -0.5434
vn 0.6669 0.5768 -0.4717
vn 0.5671 0.3699 -0.7359
vn 0.5003 0.2562 -0.8271
vn 0.7514 0.3589 -0.5537
vn 0.6761 0.4976 -0.5434
vn 0.5003 0.2562 -0.8271
vn 0.4561 0.0570 -0.8881
vn 0.8169 0.5253 -0.2382
vn 0.7349 0.6321 -0.2457
vn 0.6761 0.4976 -0.5434
vn 0.7514 0.3589 -0.5537
vn 0.7454 0.6601 0.0923
vn 0.6700 0.7405 0.0515
vn 0.7349 0.6321 -0.2457
vn 0.8169 0.5253 -0.2382
vn 0.2649 0.0789 0.9610
vn -0.0000 0.0817 0.9967
vn -0.0000 -0.0650 0.9979
vn 0.2610 -0.0743 0.9625
vn -0.0000 0.0817 0.9967
vn -0.2649 0.0789 0.9610
vn -0.2610 -0.0743 0.9625
vn -0.0000 -0.0650 0.9979
vn 0.2610 -0.0743 0.9625
vn -0.0000 -0.0650 0.9979
vn -0.0000 -0.3418 0.9398
vn 0.2356 -0.3382 0.9111
vn -0.0000 -0.0650 0.9979
vn -0.2610 -0.0743 0.9625
vn -0.2356 -0.3382 0.9111
vn -0.0000 -0.3418 0.9398
vn 0.5932 0.1451 0.7919
vn 0.2659 0.1428 0.9534
vn 0.2649 0.0789 0.9610
vn 0.5922 0.0656 0.8031
vn 0.2659 0.1428 0.9534
vn -0.0000 0.1405 0.9901
vn -0.0000 0.0817 0.9967
vn 0.2649 0.0789 0.9610
vn -0.0000 0.1405 0.9901
vn -0.2659 0.1428 0.9534
vn -0.2649 0.0789 0.9610
vn -0.0000 0.0817 0.9967
vn -0.2659 0.1428 0.9534
vn -0.5932 0.1451 0.7919
vn -0.5922 0.0656 0.8031
vn -0.2649 0.0789 0.9610
vn -0.2649 0.0789 0.9610
vn -0.5922 0.0656 0.8031
vn -0.5792 -0.1102 0.8077
vn -0.2610 -0.0743 0.9625
vn -0.2610 -0.0743 0.9625
vn -0.5792 -0.1102 0.8077
vn -0.5200 -0.3763 0.7668
vn -0.2356 -0.3382 0.9111
vn -0.2356 -0.3382 0.9111
vn -0.5200 -0.3763 0.7668
vn -0.4013 -0.6327 0.6624
vn -0.2053 -0.6699 0.7135
vn -0.0000 -0.3418 0.9398
vn -0.2356 -0.3382 0.9111
vn -0.2053 -0.6699 0.7135
vn -0.0000 -0.6832 0.7302
vn 0.2356 -0.3382 0.9111
vn -0.0000 -0.3418 0.9398
vn -0.0000 -0.6832 0.7302
vn 0.2053 -0.6699 0.7135
vn 0.5200 -0.3763 0.7668
vn 0.2356 -0.3382 0.9111
vn 0.2053 -0.6699 0.7135
vn 0.4013 -0.6327 0.6624
vn 0.5792 -0.1102 0.8077
vn 0.2610 -0.0743 0.9625
vn 0.2356 -0.3382 0.9111
vn 0.5200 -0.3763 0.7668
vn 0.5922 0.0656 0.8031
vn 0.2649 0.0789 0.9610
vn 0.2610 -0.0743 0.9625
vn 0.5792 -0.1102 0.8077
vn -0.8878 0.0341 0.4589
vn -0.9999 -0.0121 0.0004
vn -0.9723 -0.2324 0.0258
vn -0.8642 -0.1706 0.4733
vn -0.9999 -0.0121 0.0004
vn -0.8871 -0.0633 -0.4572
vn -0.8634 -0.2747 -0.4233
vn -0.9723 -0.2324 0.0258
vn -0.8642 -0.1706 0.4733
vn -0.9723 -0.2324 0.0258
vn -0.8263 -0.5593 0.0655
vn -0.7494 -0.4774 0.4587
vn -0.9723 -0.2324 0.0258
vn -0.8634 -0.2747 -0.4233
vn -0.7485 -0.5724 -0.3349
vn -0.8263 -0.5593 0.0655
vn -0.5932 0.1451 0.7919
vn -0.8860 0.1324 0.4444
vn -0.8878 0.0341 0.4589
vn -0.5922 0.0656 0.8031
vn -0.8860 0.1324 0.4444
vn -0.9951 0.0984 -0.0116
vn -0.9999 -0.0121 0.0004
vn -0.8878 0.0341 0.4589
vn -0.9951 0.0984 -0.0116
vn -0.8840 0.0488 -0.4650
vn -0.8871 -0.0633 -0.4572
vn -0.9999 -0.0121 0.0004
vn -0.8840 0.0488 -0.4650
vn -0.5911 -0.0015 -0.8066
vn -0.5914 -0.1047 -0.7995
vn -0.8871 -0.0633 -0.4572
vn -0.8871 -0.0633 -0.4572
vn -0.5914 -0.1047 -0.7995
vn -0.5781 -0.2925 -0.7617
vn -0.8634 -0.2747 -0.4233
vn -0.8634 -0.2747 -0.4233
vn -0.5781 -0.2925 -0.7617
vn -0.5187 -0.5477 -0.6565
vn -0.7485 -0.5724 -0.3349
vn -0.7485 -0.5724 -0.3349
vn -0.5187 -0.5477 -0.6565
vn -0.4016 -0.7724 -0.4921
vn -0.4913 -0.8416 -0.2244
vn -0.8263 -0.5593 0.0655
vn -0.7485 -0.5724 -0.3349
vn -0.4913 -0.8416 -0.2244
vn -0.5251 -0.8449 0.1021
vn -0.7494 -0.4774 0.4587
vn -0.8263 -0.5593 0.0655
vn -0.5251 -0.8449 0.1021
vn -0.4913 -0.7638 0.4187
vn -0.5200 -0.3763 0.7668
vn -0.7494 -0.4774 0.4587
vn -0.4913 -0.7638 0.4187
vn -0.4013 -0.6327 0.6624
vn -0.5792 -0.1102 0.8077
vn -0.8642 -0.1706 0.4733
vn -0.7494 -0.4774 0.4587
vn -0.5200 -0.3763 0.7668
vn -0.5922 0.0656 0.8031
vn -0.8878 0.0341 0.4589
vn -0.8642 -0.1706 0.4733
vn -0.5792 -0.1102 0.8077
vn -0.2721 0.0016 -0.9623
vn -0.0000 -0.0074 -1.0000
vn -0.0000 0.0138 -0.9999
vn -0.2691 0.0242 -0.9628
vn -0.0000 -0.0074 -1.0000
vn 0.2721 0.0016 -0.9623
vn 0.2691 0.0242 -0.9628
vn -0.0000 0.0138 -0.9999
vn -0.2691 0.0242 -0.9628
vn -0.0000 0.0138 -0.9999
vn -0.0000 0.0021 -1.0000
vn -0.2665 0.0125 -0.9637
vn -0.0000 0.0138 -0.9999
vn 0.2691 0.0242 -0.9628
vn 0.2665 0.0125 -0.9637
vn -0.0000 0.0021 -1.0000
vn -0.6054 -0.0415 -0.7949
vn -0.2741 -0.0635 -0.9596
vn -0.2721 0.0016 -0.9623
vn -0.6003 0.0328 -0.7991
vn -0.2741 -0.0635 -0.9596
vn 0.0000 -0.0690 -0.9976
vn -0.0000 -0.0074 -1.0000
vn -0.2721 0.0016 -0.9623
vn 0.0000 -0.0690 -0.9976
vn 0.2741 -0.0635 -0.9596
vn 0.2721 0.0016 -0.9623
vn -0.0000 -0.0074 -1.0000
vn 0.2741 -0.0635 -0.9596
vn 0.6054 -0.0415 -0.7949
vn 0.6003 0.0328 -0.7991
vn 0.2721 0.0016 -0.9623
vn 0.2721 0.0016 -0.9623
vn 0.6003 0.0328 -0.7991
vn 0.5949 0.0593 -0.8016
vn 0.2691 0.0242 -0.9628
vn 0.2691 0.0242 -0.9628
vn 0.5949 0.0593 -0.8016
vn 0.5916 0.0476 -0.8048
vn 0.2665 0.0125 -0.9637
vn 0.2665 0.0125 -0.9637
vn 0.5916 0.0476 -0.8048
vn 0.5911 -0.0015 -0.8066
vn 0.2651 -0.0326 -0.9637
vn -0.0000 0.0021 -1.0000
vn 0.2665 0.0125 -0.9637
vn 0.2651 -0.0326 -0.9637
vn 0.0000 -0.0415 -0.9991
vn -0.2665 0.0125 -0.9637
vn -0.0000 0.0021 -1.0000
vn 0.0000 -0.0415 -0.9991
vn -0.2651 -0.0326 -0.9637
vn -0.5916 0.0476 -0.8048
vn -0.2665 0.0125 -0.9637
vn -0.2651 -0.0326 -0.9637
vn -0.5911 -0.0015 -0.8066
vn -0.5949 0.0593 -0.8016
vn -0.2691 0.0242 -0.9628
vn -0.2665 0.0125 -0.9637
vn -0.5916 0.0476 -0.8048
vn -0.6003 0.0328 -0.7991
vn -0.2721 0.0016 -0.9623
vn -0.2691 0.0242 -0.9628
vn -0.5949 0.0593 -0.8016
vn 0.8864 0.0804 -0.4560
vn 0.9920 0.1251 -0.0142
vn 0.9880 0.1538 -0.0171
vn 0.8809 0.1101 -0.4603
vn 0.9920 0.1251 -0.0142
vn 0.8890 0.1560 0.4305
vn 0.8850 0.1781 0.4302
vn 0.9880 0.1538 -0.0171
vn 0.8809 0.1101 -0.4603
vn 0.9880 0.1538 -0.0171
vn 0.9893 0.1452 -0.0161
vn 0.8803 0.0995 -0.4638
vn 0.9880 0.1538 -0.0171
vn 0.8850 0.1781 0.4302
vn 0.8838 0.1710 0.4354
vn 0.9893 0.1452 -0.0161
vn 0.6054 -0.0415 -0.7949
vn 0.8939 0.0004 -0.4483
vn 0.8864 0.0804 -0.4560
vn 0.6003 0.0328 -0.7991
vn 0.8939 0.0004 -0.4483
vn 0.9987 0.0506 -0.0044
vn 0.9920 0.1251 -0.0142
vn 0.8864 0.0804 -0.4560
vn 0.9987 0.0506 -0.0044
vn 0.8928 0.0986 0.4395
vn 0.8890 0.1560 0.4305
vn 0.9920 0.1251 -0.0142
vn 0.8928 0.0986 0.4395
vn 0.6043 0.1337 0.7855
vn 0.6030 0.1679 0.7799
vn 0.8890 0.1560 0.4305
vn 0.8890 0.1560 0.4305
vn 0.6030 0.1679 0.7799
vn 0.5990 0.1802 0.7802
vn 0.8850 0.1781 0.4302
vn 0.8850 0.1781 0.4302
vn 0.5990 0.1802 0.7802
vn 0.5952 0.1737 0.7846
vn 0.8838 0.1710 0.4354
vn 0.8838 0.1710 0.4354
vn 0.5952 0.1737 0.7846
vn 0.5932 0.1451 0.7919
vn 0.8860 0.1324 0.4444
vn 0.9893 0.1452 -0.0161
vn 0.8838 0.1710 0.4354
vn 0.8860 0.1324 0.4444
vn 0.9951 0.0984 -0.0116
vn 0.8803 0.0995 -0.4638
vn 0.9893 0.1452 -0.0161
vn 0.9951 0.0984 -0.0116
vn 0.8840 0.0488 -0.4650
vn 0.5916 0.0476 -0.8048
vn 0.8803 0.0995 -0.4638
vn 0.8840 0.0488 -0.4650
vn 0.5911 -0.0015 -0.8066
vn 0.5949 0.0593 -0.8016
vn 0.8809 0.1101 -0.4603
vn 0.8803 0.0995 -0.4638
vn 0.5916 0.0476 -0.8048
vn 0.6003 0.0328 -0.7991
vn 0.8864 0.0804 -0.4560
vn 0.8809 0.1101 -0.4603
vn 0.5949 0.0593 -0.8016
vn 0.2734 0.1656 0.9475
vn -0.0000 0.1633 0.9866
vn 0.0000 0.1656 0.9862
vn 0.2710 0.1703 0.9474
vn -0.0000 0.1633 0.9866
vn -0.2734 0.1656 0.9475
vn -0.2710 0.1703 0.9474
vn 0.0000 0.1656 0.9862
vn 0.2710 0.1703 0.9474
vn 0.0000 0.1656 0.9862
vn 0.0000 0.1595 0.9872
vn 0.2681 0.1641 0.9493
vn 0.0000 0.1656 0.9862
vn -0.2710 0.1703 0.9474
vn -0.2681 0.1641 0.9493
vn 0.0000 0.1595 0.9872
vn 0.6043 0.1337 0.7855
vn 0.2739 0.1485 0.9502
vn 0.2734 0.1656 0.9475
vn 0.6030 0.1679 0.7799
vn 0.2739 0.1485 0.9502
vn 0.0000 0.1515 0.9885
vn -0.0000 0.1633 0.9866
vn 0.2734 0.1656 0.9475
vn 0.0000 0.1515 0.9885
vn -0.2739 0.1485 0.9502
vn -0.2734 0.1656 0.9475
vn -0.0000 0.1633 0.9866
vn -0.2739 0.1485 0.9502
vn -0.6043 0.1337 0.7855
vn -0.6030 0.1679 0.7799
vn -0.2734 0.1656 0.9475
vn -0.2734 0.1656 0.9475
vn -0.6030 0.1679 0.7799
vn -0.5990 0.1802 0.7802
vn -0.2710 0.1703 0.9474
vn -0.2710 0.1703 0.9474
vn -0.5990 0.1802 0.7802
vn -0.5952 0.1737 0.7846
vn -0.2681 0.1641 0.9493
vn -0.2681 0.1641 0.9493
vn -0.5952 0.1737 0.7846
vn -0.5932 0.1451 0.7919
vn -0.2659 0.1428 0.9534
vn 0.0000 0.1595 0.9872
vn -0.2681 0.1641 0.9493
vn -0.2659 0.1428 0.9534
vn -0.0000 0.1405 0.9901
vn 0.2681 0.1641 0.9493
vn 0.0000 0.1595 0.9872
vn -0.0000 0.1405 0.9901
vn 0.2659 0.1428 0.9534
vn 0.5952 0.1737 0.7846
vn 0.2681 0.1641 0.9493
vn 0.2659 0.1428 0.9534
vn 0.5932 0.1451 0.7919
vn 0.5990 0.1802 0.7802
vn 0.2710 0.1703 0.9474
vn 0.2681 0.1641 0.9493
vn 0.5952 0.1737 0.7846
vn 0.6030 0.1679 0.7799
vn 0.2734 0.1656 0.9475
vn 0.2710 0.1703 0.9474
vn 0.5990 0.1802 0.7802
vn -0.8890 0.1560 0.4305
vn -0.9920 0.1251 -0.0142
vn -0.9880 0.1538 -0.0171
vn -0.8850 0.1781 0.4302
vn -0.9920 0.1251 -0.0142
vn -0.8864 0.0804 -0.4560
vn -0.8809 0.1101 -0.4603
vn -0.9880 0.1538 -0.0171
vn -0.8850 0.1781 0.4302
vn -0.9880 0.1538 -0.0171
vn -0.9893 0.1452 -0.0161
vn -0.8838 0.1710 0.4354
vn -0.9880 0.1538 -0.0171
vn -0.8809 0.1101 -0.4603
vn -0.8803 0.0995 -0.4638
vn -0.9893 0.1452 -0.0161
vn -0.6043 0.1337 0.7855
vn -0.8928 0.0986 0.4395
vn -0.8890 0.1560 0.4305
vn -0.6030 0.1679 0.7799
vn -0.8928 0.0986 0.4395
vn -0.9987 0.0506 -0.0044
vn -0.9920 0.1251 -0.0142
vn -0.8890 0.1560 0.4305
vn -0.9987 0.0506 -0.0044
vn -0.8939 0.0004 -0.4483
vn -0.8864 0.0804 -0.4560
vn -0.9920 0.1251 -0.0142
vn -0.8939 0.0004 -0.4483
vn -0.6054 -0.0415 -0.7949
vn -0.6003 0.0328 -0.7991
vn -0.8864 0.0804 -0.4560
vn -0.8864 0.0804 -0.4560
vn -0.6003 0.0328 -0.7991
vn -0.5949 0.0593 -0.8016
vn -0.8809 0.1101 -0.4603
vn -0.8809 0.1101 -0.4603
vn -0.5949 0.0593 -0.8016
vn -0.5916 0.0476 -0.8048
vn -0.8803 0.0995 -0.4638
vn -0.8803 0.0995 -0.4638
vn -0.5916 0.0476 -0.8048
vn -0.5911 -0.0015 -0.8066
vn -0.8840 0.0488 -0.4650
vn -0.9893 0.1452 -0.0161
vn -0.8803 0.0995 -0.4638
vn -0.8840 0.0488 -0.4650
vn -0.9951 0.0984 -0.0116
vn -0.8838 0.1710 0.4354
vn -0.9893 0.1452 -0.0161
vn -0.9951 0.0984 -0.0116
vn -0.8860 0.1324 0.4444
vn -0.5952 0.1737 0.7846
vn -0.8838 0.1710 0.4354
vn -0.8860 0.1324 0.4444
vn -0.5932 0.1451 0.7919
vn -0.5990 0.1802 0.7802
vn -0.8850 0.1781 0.4302
vn -0.8838 0.1710 0.4354
vn -0.5952 0.1737 0.7846
vn -0.6030 0.1679 0.7799
vn -0.8890 0.1560 0.4305
vn -0.8850 0.1781 0.4302
vn -0.5990 0.1802 0.7802
vn -0.2613 -0.3131 -0.9131
vn -0.0000 -0.3062 -0.9520
vn -0.0000 -0.2472 -0.9690
vn -0.2680 -0.2512 -0.9301
vn -0.0000 -0.3062 -0.9520
vn 0.2613 -0.3131 -0.9131
vn 0.2680 -0.2512 -0.9301
vn -0.0000 -0.2472 -0.9690
vn -0.2680 -0.2512 -0.9301
vn -0.0000 -0.2472 -0.9690
vn -0.0000 -0.1597 -0.9872
vn -0.2730 -0.1592 -0.9488
vn -0.0000 -0.2472 -0.9690
vn 0.2680 -0.2512 -0.9301
vn 0.2730 -0.1592 -0.9488
vn -0.0000 -0.1597 -0.9872
vn -0.5711 -0.3498 -0.7427
vn -0.2553 -0.3372 -0.9062
vn -0.2613 -0.3131 -0.9131
vn -0.5810 -0.3233 -0.7469
vn -0.2553 -0.3372 -0.9062
vn 0.0000 -0.3294 -0.9442
vn -0.0000 -0.3062 -0.9520
vn -0.2613 -0.3131 -0.9131
vn 0.0000 -0.3294 -0.9442
vn 0.2553 -0.3372 -0.9062
vn 0.2613 -0.3131 -0.9131
vn -0.0000 -0.3062 -0.9520
vn 0.2553 -0.3372 -0.9062
vn 0.5711 -0.3498 -0.7427
vn 0.5810 -0.3233 -0.7469
vn 0.2613 -0.3131 -0.9131
vn 0.2613 -0.3131 -0.9131
vn 0.5810 -0.3233 -0.7469
vn 0.5941 -0.2541 -0.7632
vn 0.2680 -0.2512 -0.9301
vn 0.2680 -0.2512 -0.9301
vn 0.5941 -0.2541 -0.7632
vn 0.6041 -0.1501 -0.7827
vn 0.2730 -0.1592 -0.9488
vn 0.2730 -0.1592 -0.9488
vn 0.6041 -0.1501 -0.7827
vn 0.6054 -0.0415 -0.7949
vn 0.2741 -0.0635 -0.9596
vn -0.0000 -0.1597 -0.9872
vn 0.2730 -0.1592 -0.9488
vn 0.2741 -0.0635 -0.9596
vn 0.0000 -0.0690 -0.9976
vn -0.2730 -0.1592 -0.9488
vn -0.0000 -0.1597 -0.9872
vn 0.0000 -0.0690 -0.9976
vn -0.2741 -0.0635 -0.9596
vn -0.6041 -0.1501 -0.7827
vn -0.2730 -0.1592 -0.9488
vn -0.2741 -0.0635 -0.9596
vn -0.6054 -0.0415 -0.7949
vn -0.5941 -0.2541 -0.7632
vn -0.2680 -0.2512 -0.9301
vn -0.2730 -0.1592 -0.9488
vn -0.6041 -0.1501 -0.7827
vn -0.5810 -0.3233 -0.7469
vn -0.2613 -0.3131 -0.9131
vn -0.2680 -0.2512 -0.9301
vn -0.5941 -0.2541 -0.7632
vn 0.8663 -0.3002 -0.3993
vn 0.9732 -0.2249 0.0471
vn 0.9869 -0.1582 0.0314
vn 0.8814 -0.2269 -0.4143
vn 0.9732 -0.2249 0.0471
vn 0.8673 -0.1093 0.4857
vn 0.8802 -0.0595 0.4709
vn 0.9869 -0.1582 0.0314
vn 0.8814 -0.2269 -0.4143
vn 0.9869 -0.1582 0.0314
vn 0.9983 -0.0567 0.0123
vn 0.8936 -0.1161 -0.4337
vn 0.9869 -0.1582 0.0314
vn 0.8802 -0.0595 0.4709
vn 0.8906 0.0171 0.4545
vn 0.9983 -0.0567 0.0123
vn 0.5711 -0.3498 -0.7427
vn 0.8579 -0.3277 -0.3957
vn 0.8663 -0.3002 -0.3993
vn 0.5810 -0.3233 -0.7469
vn 0.8579 -0.3277 -0.3957
vn 0.9671 -0.2482 0.0561
vn 0.9732 -0.2249 0.0471
vn 0.8663 -0.3002 -0.3993
vn 0.9671 -0.2482 0.0561
vn 0.8583 -0.1241 0.4980
vn 0.8673 -0.1093 0.4857
vn 0.9732 -0.2249 0.0471
vn 0.8583 -0.1241 0.4980
vn 0.5712 0.0035 0.8208
vn 0.5817 0.0104 0.8134
vn 0.8673 -0.1093 0.4857
vn 0.8673 -0.1093 0.4857
vn 0.5817 0.0104 0.8134
vn 0.5926 0.0397 0.8046
vn 0.8802 -0.0595 0.4709
vn 0.8802 -0.0595 0.4709
vn 0.5926 0.0397 0.8046
vn 0.6010 0.0851 0.7947
vn 0.8906 0.0171 0.4545
vn 0.8906 0.0171 0.4545
vn 0.6010 0.0851 0.7947
vn 0.6043 0.1337 0.7855
vn 0.8928 0.0986 0.4395
vn 0.9983 -0.0567 0.0123
vn 0.8906 0.0171 0.4545
vn 0.8928 0.0986 0.4395
vn 0.9987 0.0506 -0.0044
vn 0.8936 -0.1161 -0.4337
vn 0.9983 -0.0567 0.0123
vn 0.9987 0.0506 -0.0044
vn 0.8939 0.0004 -0.4483
vn 0.6041 -0.1501 -0.7827
vn 0.8936 -0.1161 -0.4337
vn 0.8939 0.0004 -0.4483
vn 0.6054 -0.0415 -0.7949
vn 0.5941 -0.2541 -0.7632
vn 0.8814 -0.2269 -0.4143
vn 0.8936 -0.1161 -0.4337
vn 0.6041 -0.1501 -0.7827
vn 0.5810 -0.3233 -0.7469
vn 0.8663 -0.3002 -0.3993
vn 0.8814 -0.2269 -0.4143
vn 0.5941 -0.2541 -0.7632
vn 0.2615 0.0847 0.9615
vn -0.0000 0.1058 0.9944
vn -0.0000 0.1168 0.9932
vn 0.2674 0.0999 0.9584
vn -0.0000 0.1058 0.9944
vn -0.2615 0.0847 0.9615
vn -0.2674 0.0999 0.9584
vn -0.0000 0.1168 0.9932
vn 0.2674 0.0999 0.9584
vn -0.0000 0.1168 0.9932
vn 0.0000 0.1337 0.9910
vn 0.2719 0.1234 0.9544
vn -0.0000 0.1168 0.9932
vn -0.2674 0.0999 0.9584
vn -0.2719 0.1234 0.9544
vn 0.0000 0.1337 0.9910
vn 0.5712 0.0035 0.8208
vn 0.2552 0.0823 0.9634
vn 0.2615 0.0847 0.9615
vn 0.5817 0.0104 0.8134
vn 0.2552 0.0823 0.9634
vn -0.0000 0.1045 0.9945
vn -0.0000 0.1058 0.9944
vn 0.2615 0.0847 0.9615
vn -0.0000 0.1045 0.9945
vn -0.2552 0.0823 0.9634
vn -0.2615 0.0847 0.9615
vn -0.0000 0.1058 0.9944
vn -0.2552 0.0823 0.9634
vn -0.5712 0.0035 0.8208
vn -0.5817 0.0104 0.8134
vn -0.2615 0.0847 0.9615
vn -0.2615 0.0847 0.9615
vn -0.5817 0.0104 0.8134
vn -0.5926 0.0397 0.8046
vn -0.2674 0.0999 0.9584
vn -0.2674 0.0999 0.9584
vn -0.5926 0.0397 0.8046
vn -0.6010 0.0851 0.7947
vn -0.2719 0.1234 0.9544
vn -0.2719 0.1234 0.9544
vn -0.6010 0.0851 0.7947
vn -0.6043 0.1337 0.7855
vn -0.2739 0.1485 0.9502
vn 0.0000 0.1337 0.9910
vn -0.2719 0.1234 0.9544
vn -0.2739 0.1485 0.9502
vn 0.0000 0.1515 0.9885
vn 0.2719 0.1234 0.9544
vn 0.0000 0.1337 0.9910
vn 0.0000 0.1515 0.9885
vn 0.2739 0.1485 0.9502
vn 0.6010 0.0851 0.7947
vn 0.2719 0.1234 0.9544
vn 0.2739 0.1485 0.9502
vn 0.6043 0.1337 0.7855
vn 0.5926 0.0397 0.8046
vn 0.2674 0.0999 0.9584
vn 0.2719 0.1234 0.9544
vn 0.6010 0.0851 0.7947
vn 0.5817 0.0104 0.8134
vn 0.2615 0.0847 0.9615
vn 0.2674 0.0999 0.9584
vn 0.5926 0.0397 0.8046
vn -0.8673 -0.1093 0.4857
vn -0.9732 -0.2249 0.0471
vn -0.9869 -0.1582 0.0314
vn -0.8802 -0.0595 0.4709
vn -0.9732 -0.2249 0.0471
vn -0.8663 -0.3002 -0.3993
vn -0.8814 -0.2269 -0.4143
vn -0.9869 -0.1582 0.0314
vn -0.8802 -0.0595 0.4709
vn -0.9869 -0.1582 0.0314
vn -0.9983 -0.0567 0.0123
vn -0.8906 0.0171 0.4545
vn -0.9869 -0.1582 0.0314
vn -0.8814 -0.2269 -0.4143
vn -0.8936 -0.1161 -0.4337
vn -0.9983 -0.0567 0.0123
vn -0.5712 0.0035 0.8208
vn -0.8583 -0.1241 0.4980
vn -0.8673 -0.1093 0.4857
vn -0.5817 0.0104 0.8134
vn -0.8583 -0.1241 0.4980
vn -0.9671 -0.2482 0.0561
vn -0.9732 -0.2249 0.0471
vn -0.8673 -0.1093 0.4857
vn -0.9671 -0.2482 0.0561
vn -0.8579 -0.3277 -0.3957
vn -0.8663 -0.3002 -0.3993
vn -0.9732 -0.2249 0.0471
vn -0.8579 -0.3277 -0.3957
vn -0.5711 -0.3498 -0.7427
vn -0.5810 -0.3233 -0.7469
vn -0.8663 -0.3002 -0.3993
vn -0.8663 -0.3002 -0.3993
vn -0.5810 -0.3233 -0.7469
vn -0.5941 -0.2541 -0.7632
vn -0.8814 -0.2269 -0.4143
vn -0.8814 -0.2269 -0.4143
vn -0.5941 -0.2541 -0.7632
vn -0.6041 -0.1501 -0.7827
vn -0.8936 -0.1161 -0.4337
vn -0.8936 -0.1161 -0.4337
vn -0.6041 -0.1501 -0.7827
vn -0.6054 -0.0415 -0.7949
vn -0.8939 0.0004 -0.4483
vn -0.9983 -0.0567 0.0123
vn -0.8936 -0.1161 -0.4337
vn -0.8939 0.0004 -0.4483
vn -0.9987 0.0506 -0.0044
vn -0.8906 0.0171 0.4545
vn -0.9983 -0.0567 0.0123
vn -0.9987 0.0506 -0.0044
vn -0.8928 0.0986 0.4395
vn -0.6010 0.0851 0.7947
vn -0.8906 0.0171 0.4545
vn -0.8928 0.0986 0.4395
vn -0.6043 0.1337 0.7855
vn -0.5926 0.0397 0.8046
vn -0.8802 -0.0595 0.4709
vn -0.8906 0.0171 0.4545
vn -0.6010 0.0851 0.7947
vn -0.5817 0.0104 0.8134
vn -0.8673 -0.1093 0.4857
vn -0.8802 -0.0595 0.4709
vn -0.5926 0.0397 0.8046
vn -0.2410 -0.3494 -0.9055
vn -0.0000 -0.3473 -0.9378
vn -0.0000 -0.3394 -0.9406
vn -0.2454 -0.3444 -0.9062
vn -0.0000 -0.3473 -0.9378
vn 0.2410 -0.3494 -0.9055
vn 0.2454 -0.3444 -0.9062
vn -0.0000 -0.3394 -0.9406
vn -0.2454 -0.3444 -0.9062
vn -0.0000 -0.3394 -0.9406
vn 0.0000 -0.3343 -0.9425
vn -0.2502 -0.3413 -0.9061
vn -0.0000 -0.3394 -0.9406
vn 0.2454 -0.3444 -0.9062
vn 0.2502 -0.3413 -0.9061
vn 0.0000 -0.3343 -0.9425
vn -0.5477 -0.3400 -0.7644
vn -0.2365 -0.3566 -0.9038
vn -0.2410 -0.3494 -0.9055
vn -0.5532 -0.3432 -0.7591
vn -0.2365 -0.3566 -0.9038
vn -0.0000 -0.3571 -0.9341
vn -0.0000 -0.3473 -0.9378
vn -0.2410 -0.3494 -0.9055
vn -0.0000 -0.3571 -0.9341
vn 0.2365 -0.3566 -0.9038
vn 0.2410 -0.3494 -0.9055
vn -0.0000 -0.3473 -0.9378
vn 0.2365 -0.3566 -0.9038
vn 0.5477 -0.3400 -0.7644
vn 0.5532 -0.3432 -0.7591
vn 0.2410 -0.3494 -0.9055
vn 0.2410 -0.3494 -0.9055
vn 0.5532 -0.3432 -0.7591
vn 0.5586 -0.3481 -0.7529
vn 0.2454 -0.3444 -0.9062
vn 0.2454 -0.3444 -0.9062
vn 0.5586 -0.3481 -0.7529
vn 0.5644 -0.3517 -0.7468
vn 0.2502 -0.3413 -0.9061
vn 0.2502 -0.3413 -0.9061
vn 0.5644 -0.3517 -0.7468
vn 0.5711 -0.3498 -0.7427
vn 0.2553 -0.3372 -0.9062
vn 0.0000 -0.3343 -0.9425
vn 0.2502 -0.3413 -0.9061
vn 0.2553 -0.3372 -0.9062
vn 0.0000 -0.3294 -0.9442
vn -0.2502 -0.3413 -0.9061
vn 0.0000 -0.3343 -0.9425
vn 0.0000 -0.3294 -0.9442
vn -0.2553 -0.3372 -0.9062
vn -0.5644 -0.3517 -0.7468
vn -0.2502 -0.3413 -0.9061
vn -0.2553 -0.3372 -0.9062
vn -0.5711 -0.3498 -0.7427
vn -0.5586 -0.3481 -0.7529
vn -0.2454 -0.3444 -0.9062
vn -0.2502 -0.3413 -0.9061
vn -0.5644 -0.3517 -0.7468
vn -0.5532 -0.3432 -0.7591
vn -0.2410 -0.3494 -0.9055
vn -0.2454 -0.3444 -0.9062
vn -0.5586 -0.3481 -0.7529
vn 0.8595 -0.2894 -0.4213
vn 0.9840 -0.1705 0.0521
vn 0.9758 -0.2108 0.0583
vn 0.8577 -0.3107 -0.4097
vn 0.9840 -0.1705 0.0521
vn 0.8577 -0.0158 0.5139
vn 0.8551 -0.0697 0.5138
vn 0.9758 -0.2108 0.0583
vn 0.8577 -0.3107 -0.4097
vn 0.9758 -0.2108 0.0583
vn 0.9692 -0.2387 0.0596
vn 0.8565 -0.3253 -0.4007
vn 0.9758 -0.2108 0.0583
vn 0.8551 -0.0697 0.5138
vn 0.8546 -0.1080 0.5080
vn 0.9692 -0.2387 0.0596
vn 0.5477 -0.3400 -0.7644
vn 0.8610 -0.2663 -0.4334
vn 0.8595 -0.2894 -0.4213
vn 0.5532 -0.3432 -0.7591
vn 0.8610 -0.2663 -0.4334
vn 0.9913 -0.1247 0.0421
vn 0.9840 -0.1705 0.0521
vn 0.8595 -0.2894 -0.4213
vn 0.9913 -0.1247 0.0421
vn 0.8601 0.0446 0.5081
vn 0.8577 -0.0158 0.5139
vn 0.9840 -0.1705 0.0521
vn 0.8601 0.0446 0.5081
vn 0.5468 0.1804 0.8176
vn 0.5513 0.1179 0.8259
vn 0.8577 -0.0158 0.5139
vn 0.8577 -0.0158 0.5139
vn 0.5513 0.1179 0.8259
vn 0.5559 0.0617 0.8289
vn 0.8551 -0.0697 0.5138
vn 0.8551 -0.0697 0.5138
vn 0.5559 0.0617 0.8289
vn 0.5622 0.0215 0.8267
vn 0.8546 -0.1080 0.5080
vn 0.8546 -0.1080 0.5080
vn 0.5622 0.0215 0.8267
vn 0.5712 0.0035 0.8208
vn 0.8583 -0.1241 0.4980
vn 0.9692 -0.2387 0.0596
vn 0.8546 -0.1080 0.5080
vn 0.8583 -0.1241 0.4980
vn 0.9671 -0.2482 0.0561
vn 0.8565 -0.3253 -0.4007
vn 0.9692 -0.2387 0.0596
vn 0.9671 -0.2482 0.0561
vn 0.8579 -0.3277 -0.3957
vn 0.5644 -0.3517 -0.7468
vn 0.8565 -0.3253 -0.4007
vn 0.8579 -0.3277 -0.3957
vn 0.5711 -0.3498 -0.7427
vn 0.5586 -0.3481 -0.7529
vn 0.8577 -0.3107 -0.4097
vn 0.8565 -0.3253 -0.4007
vn 0.5644 -0.3517 -0.7468
vn 0.5532 -0.3432 -0.7591
vn 0.8595 -0.2894 -0.4213
vn 0.8577 -0.3107 -0.4097
vn 0.5586 -0.3481 -0.7529
vn 0.2404 0.1886 0.9522
vn 0.0000 0.2069 0.9784
vn -0.0000 0.1559 0.9878
vn 0.2444 0.1360 0.9601
vn 0.0000 0.2069 0.9784
vn -0.2404 0.1886 0.9522
vn -0.2444 0.1360 0.9601
vn -0.0000 0.1559 0.9878
vn 0.2444 0.1360 0.9601
vn -0.0000 0.1559 0.9878
vn -0.0000 0.1202 0.9928
vn 0.2493 0.0988 0.9634
vn -0.0000 0.1559 0.9878
vn -0.2444 0.1360 0.9601
vn -0.2493 0.0988 0.9634
vn -0.0000 0.1202 0.9928
vn 0.5468 0.1804 0.8176
vn 0.2363 0.2479 0.9395
vn 0.2404 0.1886 0.9522
vn 0.5513 0.1179 0.8259
vn 0.2363 0.2479 0.9395
vn 0.0000 0.2648 0.9643
vn 0.0000 0.2069 0.9784
vn 0.2404 0.1886 0.9522
vn 0.0000 0.2648 0.9643
vn -0.2363 0.2479 0.9395
vn -0.2404 0.1886 0.9522
vn 0.0000 0.2069 0.9784
vn -0.2363 0.2479 0.9395
vn -0.5468 0.1804 0.8176
vn -0.5513 0.1179 0.8259
vn -0.2404 0.1886 0.9522
vn -0.2404 0.1886 0.9522
vn -0.5513 0.1179 0.8259
vn -0.5559 0.0617 0.8289
vn -0.2444 0.1360 0.9601
vn -0.2444 0.1360 0.9601
vn -0.5559 0.0617 0.8289
vn -0.5622 0.0215 0.8267
vn -0.2493 0.0988 0.9634
vn -0.2493 0.0988 0.9634
vn -0.5622 0.0215 0.8267
vn -0.5712 0.0035 0.8208
vn -0.2552 0.0823 0.9634
vn -0.0000 0.1202 0.9928
vn -0.2493 0.0988 0.9634
vn -0.2552 0.0823 0.9634
vn -0.0000 0.1045 0.9945
vn 0.2493 0.0988 0.9634
vn -0.0000 0.1202 0.9928
vn -0.0000 0.1045 0.9945
vn 0.2552 0.0823 0.9634
vn 0.5622 0.0215 0.8267
vn 0.2493 0.0988 0.9634
vn 0.2552 0.0823 0.9634
vn 0.5712 0.0035 0.8208
vn 0.5559 0.0617 0.8289
vn 0.2444 0.1360 0.9601
vn 0.2493 0.0988 0.9634
vn 0.5622 0.0215 0.8267
vn 0.5513 0.1179 0.8259
vn 0.2404 0.1886 0.9522
vn 0.2444 0.1360 0.9601
vn 0.5559 0.0617 0.8289
vn -0.8577 -0.0158 0.5139
vn -0.9840 -0.1705 0.0521
vn -0.9758 -0.2108 0.0583
vn -0.8551 -0.0697 0.5138
vn -0.9840 -0.1705 0.0521
vn -0.8595 -0.2894 -0.4213
vn -0.8577 -0.3107 -0.4097
vn -0.9758 -0.2108 0.0583
vn -0.8551 -0.0697 0.5138
vn -0.9758 -0.2108 0.0583
vn -0.9692 -0.2387 0.0596
vn -0.8546 -0.1080 0.5080
vn -0.9758 -0.2108 0.0583
vn -0.8577 -0.3107 -0.4097
vn -0.8565 -0.3253 -0.4007
vn -0.9692 -0.2387 0.0596
vn -0.5468 0.1804 0.8176
vn -0.8601 0.0446 0.5081
vn -0.8577 -0.0158 0.5139
vn -0.5513 0.1179 0.8259
vn -0.8601 0.0446 0.5081
vn -0.9913 -0.1247 0.0421
vn -0.9840 -0.1705 0.0521
vn -0.8577 -0.0158 0.5139
vn -0.9913 -0.1247 0.0421
vn -0.8610 -0.2663 -0.4334
vn -0.8595 -0.2894 -0.4213
vn -0.9840 -0.1705 0.0521
vn -0.8610 -0.2663 -0.4334
vn -0.5477 -0.3400 -0.7644
vn -0.5532 -0.3432 -0.7591
vn -0.8595 -0.2894 -0.4213
vn -0.8595 -0.2894 -0.4213
vn -0.5532 -0.3432 -0.7591
vn -0.5586 -0.3481 -0.7529
vn -0.8577 -0.3107 -0.4097
vn -0.8577 -0.3107 -0.4097
vn -0.5586 -0.3481 -0.7529
vn -0.5644 -0.3517 -0.7468
vn -0.8565 -0.3253 -0.4007
vn -0.8565 -0.3253 -0.4007
vn -0.5644 -0.3517 -0.7468
vn -0.5711 -0.3498 -0.7427
vn -0.8579 -0.3277 -0.3957
vn -0.9692 -0.2387 0.0596
vn -0.8565 -0.3253 -0.4007
vn -0.8579 -0.3277 -0.3957
vn -0.9671 -0.2482 0.0561
vn -0.8546 -0.1080 0.5080
vn -0.9692 -0.2387 0.0596
vn -0.9671 -0.2482 0.0561
vn -0.8583 -0.1241 0.4980
vn -0.5622 0.0215 0.8267
vn -0.8546 -0.1080 0.5080
vn -0.8583 -0.1241 0.4980
vn -0.5712 0.0035 0.8208
vn -0.5559 0.0617 0.8289
vn -0.8551 -0.0697 0.5138
vn -0.8546 -0.1080 0.5080
vn -0.5622 0.0215 0.8267
vn -0.5513 0.1179 0.8259
vn -0.8577 -0.0158 0.5139
vn -0.8551 -0.0697 0.5138
vn -0.5559 0.0617 0.8289
vn -0.1831 -0.4027 -0.8968
vn -0.0000 -0.3835 -0.9235
vn 0.0000 -0.3815 -0.9244
vn -0.2147 -0.3886 -0.8960
vn -0.0000 -0.3835 -0.9235
vn 0.1831 -0.4027 -0.8968
vn 0.2147 -0.3886 -0.8960
vn 0.0000 -0.3815 -0.9244
vn -0.2147 -0.3886 -0.8960
vn 0.0000 -0.3815 -0.9244
vn 0.0000 -0.3692 -0.9294
vn -0.2293 -0.3695 -0.9005
vn 0.0000 -0.3815 -0.9244
vn 0.2147 -0.3886 -0.8960
vn 0.2293 -0.3695 -0.9005
vn 0.0000 -0.3692 -0.9294
vn -0.5410 -0.3960 -0.7420
vn -0.1332 -0.3881 -0.9120
vn -0.1831 -0.4027 -0.8968
vn -0.5306 -0.3994 -0.7477
vn -0.1332 -0.3881 -0.9120
vn -0.0000 -0.3647 -0.9311
vn -0.0000 -0.3835 -0.9235
vn -0.1831 -0.4027 -0.8968
vn -0.0000 -0.3647 -0.9311
vn 0.1332 -0.3881 -0.9120
vn 0.1831 -0.4027 -0.8968
vn -0.0000 -0.3835 -0.9235
vn 0.1332 -0.3881 -0.9120
vn 0.5410 -0.3960 -0.7420
vn 0.5306 -0.3994 -0.7477
vn 0.1831 -0.4027 -0.8968
vn 0.1831 -0.4027 -0.8968
vn 0.5306 -0.3994 -0.7477
vn 0.5347 -0.3717 -0.7589
vn 0.2147 -0.3886 -0.8960
vn 0.2147 -0.3886 -0.8960
vn 0.5347 -0.3717 -0.7589
vn 0.5413 -0.3480 -0.7654
vn 0.2293 -0.3695 -0.9005
vn 0.2293 -0.3695 -0.9005
vn 0.5413 -0.3480 -0.7654
vn 0.5477 -0.3400 -0.7644
vn 0.2365 -0.3566 -0.9038
vn 0.0000 -0.3692 -0.9294
vn 0.2293 -0.3695 -0.9005
vn 0.2365 -0.3566 -0.9038
vn -0.0000 -0.3571 -0.9341
vn -0.2293 -0.3695 -0.9005
vn 0.0000 -0.3692 -0.9294
vn -0.0000 -0.3571 -0.9341
vn -0.2365 -0.3566 -0.9038
vn -0.5413 -0.3480 -0.7654
vn -0.2293 -0.3695 -0.9005
vn -0.2365 -0.3566 -0.9038
vn -0.5477 -0.3400 -0.7644
vn -0.5347 -0.3717 -0.7589
vn -0.2147 -0.3886 -0.8960
vn -0.2293 -0.3695 -0.9005
vn -0.5413 -0.3480 -0.7654
vn -0.5306 -0.3994 -0.7477
vn -0.1831 -0.4027 -0.8968
vn -0.2147 -0.3886 -0.8960
vn -0.5347 -0.3717 -0.7589
vn 0.8894 -0.2400 -0.3890
vn 0.9992 -0.0378 0.0120
vn 0.9975 -0.0656 0.0245
vn 0.8689 -0.2517 -0.4262
vn 0.9992 -0.0378 0.0120
vn 0.8969 0.1093 0.4286
vn 0.8711 0.1103 0.4785
vn 0.9975 -0.0656 0.0245
vn 0.8689 -0.2517 -0.4262
vn 0.9975 -0.0656 0.0245
vn 0.9956 -0.0877 0.0320
vn 0.8624 -0.2528 -0.4385
vn 0.9975 -0.0656 0.0245
vn 0.8711 0.1103 0.4785
vn 0.8626 0.0911 0.4977
vn 0.9956 -0.0877 0.0320
vn 0.5410 -0.3960 -0.7420
vn 0.9283 -0.1775 -0.3266
vn 0.8894 -0.2400 -0.3890
vn 0.5306 -0.3994 -0.7477
vn 0.9283 -0.1775 -0.3266
vn 0.9992 0.0335 -0.0194
vn 0.9992 -0.0378 0.0120
vn 0.8894 -0.2400 -0.3890
vn 0.9992 0.0335 -0.0194
vn 0.9402 0.1122 0.3216
vn 0.8969 0.1093 0.4286
vn 0.9992 -0.0378 0.0120
vn 0.9402 0.1122 0.3216
vn 0.5740 0.2445 0.7815
vn 0.5468 0.2546 0.7976
vn 0.8969 0.1093 0.4286
vn 0.8969 0.1093 0.4286
vn 0.5468 0.2546 0.7976
vn 0.5390 0.2509 0.8041
vn 0.8711 0.1103 0.4785
vn 0.8711 0.1103 0.4785
vn 0.5390 0.2509 0.8041
vn 0.5417 0.2288 0.8088
vn 0.8626 0.0911 0.4977
vn 0.8626 0.0911 0.4977
vn 0.5417 0.2288 0.8088
vn 0.5468 0.1804 0.8176
vn 0.8601 0.0446 0.5081
vn 0.9956 -0.0877 0.0320
vn 0.8626 0.0911 0.4977
vn 0.8601 0.0446 0.5081
vn 0.9913 -0.1247 0.0421
vn 0.8624 -0.2528 -0.4385
vn 0.9956 -0.0877 0.0320
vn 0.9913 -0.1247 0.0421
vn 0.8610 -0.2663 -0.4334
vn 0.5413 -0.3480 -0.7654
vn 0.8624 -0.2528 -0.4385
vn 0.8610 -0.2663 -0.4334
vn 0.5477 -0.3400 -0.7644
vn 0.5347 -0.3717 -0.7589
vn 0.8689 -0.2517 -0.4262
vn 0.8624 -0.2528 -0.4385
vn 0.5413 -0.3480 -0.7654
vn 0.5306 -0.3994 -0.7477
vn 0.8894 -0.2400 -0.3890
vn 0.8689 -0.2517 -0.4262
vn 0.5347 -0.3717 -0.7589
vn 0.1881 0.3554 0.9156
vn 0.0000 0.3857 0.9226
vn 0.0000 0.3521 0.9360
vn 0.2167 0.3293 0.9190
vn 0.0000 0.3857 0.9226
vn -0.1881 0.3554 0.9156
vn -0.2167 0.3293 0.9190
vn 0.0000 0.3521 0.9360
vn 0.2167 0.3293 0.9190
vn 0.0000 0.3521 0.9360
vn 0.0000 0.3154 0.9489
vn 0.2297 0.2974 0.9267
vn 0.0000 0.3521 0.9360
vn -0.2167 0.3293 0.9190
vn -0.2297 0.2974 0.9267
vn 0.0000 0.3154 0.9489
vn 0.5740 0.2445 0.7815
vn 0.1362 0.3953 0.9084
vn 0.1881 0.3554 0.9156
vn 0.5468 0.2546 0.7976
vn 0.1362 0.3953 0.9084
vn 0.0000 0.4280 0.9038
vn 0.0000 0.3857 0.9226
vn 0.1881 0.3554 0.9156
vn 0.0000 0.4280 0.9038
vn -0.1362 0.3953 0.9084
vn -0.1881 0.3554 0.9156
vn 0.0000 0.3857 0.9226
vn -0.1362 0.3953 0.9084
vn -0.5740 0.2445 0.7815
vn -0.5468 0.2546 0.7976
vn -0.1881 0.3554 0.9156
vn -0.1881 0.3554 0.9156
vn -0.5468 0.2546 0.7976
vn -0.5390 0.2509 0.8041
vn -0.2167 0.3293 0.9190
vn -0.2167 0.3293 0.9190
vn -0.5390 0.2509 0.8041
vn -0.5417 0.2288 0.8088
vn -0.2297 0.2974 0.9267
vn -0.2297 0.2974 0.9267
vn -0.5417 0.2288 0.8088
vn -0.5468 0.1804 0.8176
vn -0.2363 0.2479 0.9395
vn 0.0000 0.3154 0.9489
vn -0.2297 0.2974 0.9267
vn -0.2363 0.2479 0.9395
vn 0.0000 0.2648 0.9643
vn 0.2297 0.2974 0.9267
vn 0.0000 0.3154 0.9489
vn 0.0000 0.2648 0.9643
vn 0.2363 0.2479 0.9395
vn 0.5417 0.2288 0.8088
vn 0.2297 0.2974 0.9267
vn 0.2363 0.2479 0.9395
vn 0.5468 0.1804 0.8176
vn 0.5390 0.2509 0.8041
vn 0.2167 0.3293 0.9190
vn 0.2297 0.2974 0.9267
vn 0.5417 0.2288 0.8088
vn 0.5468 0.2546 0.7976
vn 0.1881 0.3554 0.9156
vn 0.2167 0.3293 0.9190
vn 0.5390 0.2509 0.8041
vn -0.8969 0.1093 0.4286
vn -0.9992 -0.0378 0.0120
vn -0.9975 -0.0656 0.0245
vn -0.8711 0.1103 0.4785
vn -0.9992 -0.0378 0.0120
vn -0.8894 -0.2400 -0.3890
vn -0.8689 -0.2517 -0.4262
vn -0.9975 -0.0656 0.0245
vn -0.8711 0.1103 0.4785
vn -0.9975 -0.0656 0.0245
vn -0.9956 -0.0877 0.0320
vn -0.8626 0.0911 0.4977
vn -0.9975 -0.0656 0.0245
vn -0.8689 -0.2517 -0.4262
vn -0.8624 -0.2528 -0.4385
vn -0.9956 -0.0877 0.0320
vn -0.5740 0.2445 0.7815
vn -0.9402 0.1122 0.3216
vn -0.8969 0.1093 0.4286
vn -0.5468 0.2546 0.7976
vn -0.9402 0.1122 0.3216
vn -0.9992 0.0335 -0.0194
vn -0.9992 -0.0378 0.0120
vn -0.8969 0.1093 0.4286
vn -0.9992 0.0335 -0.0194
vn -0.9283 -0.1775 -0.3266
vn -0.8894 -0.2400 -0.3890
vn -0.9992 -0.0378 0.0120
vn -0.9283 -0.1775 -0.3266
vn -0.5410 -0.3960 -0.7420
vn -0.5306 -0.3994 -0.7477
vn -0.8894 -0.2400 -0.3890
vn -0.8894 -0.2400 -0.3890
vn -0.5306 -0.3994 -0.7477
vn -0.5347 -0.3717 -0.7589
vn -0.8689 -0.2517 -0.4262
vn -0.8689 -0.2517 -0.4262
vn -0.5347 -0.3717 -0.7589
vn -0.5413 -0.3480 -0.7654
vn -0.8624 -0.2528 -0.4385
vn -0.8624 -0.2528 -0.4385
vn -0.5413 -0.3480 -0.7654
vn -0.5477 -0.3400 -0.7644
vn -0.8610 -0.2663 -0.4334
vn -0.9956 -0.0877 0.0320
vn -0.8624 -0.2528 -0.4385
vn -0.8610 -0.2663 -0.4334
vn -0.9913 -0.1247 0.0421
vn -0.8626 0.0911 0.4977
vn -0.9956 -0.0877 0.0320
vn -0.9913 -0.1247 0.0421
vn -0.8601 0.0446 0.5081
vn -0.5417 0.2288 0.8088
vn -0.8626 0.0911 0.4977
vn -0.8601 0.0446 0.5081
vn -0.5468 0.1804 0.8176
vn -0.5390 0.2509 0.8041
vn -0.8711 0.1103 0.4785
vn -0.8626 0.0911 0.4977
vn -0.5417 0.2288 0.8088
vn -0.5468 0.2546 0.7976
vn -0.8969 0.1093 0.4286
vn -0.8711 0.1103 0.4785
vn -0.5390 0.2509 0.8041
vn -0.3350 -0.2940 -0.8952
vn 0.0000 -0.3362 -0.9418
vn -0.0000 -0.2987 -0.9544
vn -0.3093 -0.2462 -0.9185
vn 0.0000 -0.3362 -0.9418
vn 0.3350 -0.2940 -0.8952
vn 0.3093 -0.2462 -0.9185
vn -0.0000 -0.2987 -0.9544
vn -0.3093 -0.2462 -0.9185
vn -0.0000 -0.2987 -0.9544
vn -0.0000 -0.2691 -0.9631
vn -0.2600 -0.2096 -0.9426
vn -0.0000 -0.2987 -0.9544
vn 0.3093 -0.2462 -0.9185
vn 0.2600 -0.2096 -0.9426
vn -0.0000 -0.2691 -0.9631
vn -0.6950 -0.2171 -0.6854
vn -0.3467 -0.3367 -0.8755
vn -0.3350 -0.2940 -0.8952
vn -0.6803 -0.1603 -0.7152
vn -0.3467 -0.3367 -0.8755
vn 0.0000 -0.3727 -0.9279
vn 0.0000 -0.3362 -0.9418
vn -0.3350 -0.2940 -0.8952
vn 0.0000 -0.3727 -0.9279
vn 0.3467 -0.3367 -0.8755
vn 0.3350 -0.2940 -0.8952
vn 0.0000 -0.3362 -0.9418
vn 0.3467 -0.3367 -0.8755
vn 0.6950 -0.2171 -0.6854
vn 0.6803 -0.1603 -0.7152
vn 0.3350 -0.2940 -0.8952
vn 0.3350 -0.2940 -0.8952
vn 0.6803 -0.1603 -0.7152
vn 0.6492 -0.0854 -0.7558
vn 0.3093 -0.2462 -0.9185
vn 0.3093 -0.2462 -0.9185
vn 0.6492 -0.0854 -0.7558
vn 0.5896 -0.0134 -0.8076
vn 0.2600 -0.2096 -0.9426
vn 0.2600 -0.2096 -0.9426
vn 0.5896 -0.0134 -0.8076
vn 0.4561 0.0570 -0.8881
vn 0.1834 -0.1941 -0.9637
vn -0.0000 -0.2691 -0.9631
vn 0.2600 -0.2096 -0.9426
vn 0.1834 -0.1941 -0.9637
vn -0.0000 -0.2525 -0.9676
vn -0.2600 -0.2096 -0.9426
vn -0.0000 -0.2691 -0.9631
vn -0.0000 -0.2525 -0.9676
vn -0.1834 -0.1941 -0.9637
vn -0.5896 -0.0134 -0.8076
vn -0.2600 -0.2096 -0.9426
vn -0.1834 -0.1941 -0.9637
vn -0.4561 0.0570 -0.8881
vn -0.6492 -0.0854 -0.7558
vn -0.3093 -0.2462 -0.9185
vn -0.2600 -0.2096 -0.9426
vn -0.5896 -0.0134 -0.8076
vn -0.6803 -0.1603 -0.7152
vn -0.3350 -0.2940 -0.8952
vn -0.3093 -0.2462 -0.9185
vn -0.6492 -0.0854 -0.7558
vn 0.9104 0.0225 -0.4132
vn 0.9760 0.1918 -0.1030
vn 0.9475 0.2832 -0.1483
vn 0.8829 0.1162 -0.4550
vn 0.9760 0.1918 -0.1030
vn 0.9103 0.3562 0.2109
vn 0.8816 0.4419 0.1657
vn 0.9475 0.2832 -0.1483
vn 0.8829 0.1162 -0.4550
vn 0.9475 0.2832 -0.1483
vn 0.8971 0.3955 -0.1969
vn 0.8342 0.2250 -0.5035
vn 0.9475 0.2832 -0.1483
vn 0.8816 0.4419 0.1657
vn 0.8296 0.5440 0.1262
vn 0.8971 0.3955 -0.1969
vn 0.6950 -0.2171 -0.6854
vn 0.9235 -0.0420 -0.3813
vn 0.9104 0.0225 -0.4132
vn 0.6803 -0.1603 -0.7152
vn 0.9235 -0.0420 -0.3813
vn 0.9892 0.1290 -0.0699
vn 0.9760 0.1918 -0.1030
vn 0.9104 0.0225 -0.4132
vn 0.9892 0.1290 -0.0699
vn 0.9235 0.2963 0.2437
vn 0.9103 0.3562 0.2109
vn 0.9760 0.1918 -0.1030
vn 0.9235 0.2963 0.2437
vn 0.6948 0.4551 0.5569
vn 0.6792 0.5046 0.5330
vn 0.9103 0.3562 0.2109
vn 0.9103 0.3562 0.2109
vn 0.6792 0.5046 0.5330
vn 0.6443 0.5719 0.5078
vn 0.8816 0.4419 0.1657
vn 0.8816 0.4419 0.1657
vn 0.6443 0.5719 0.5078
vn 0.5744 0.6448 0.5043
vn 0.8296 0.5440 0.1262
vn 0.8296 0.5440 0.1262
vn 0.5744 0.6448 0.5043
vn 0.4320 0.7281 0.5322
vn 0.7454 0.6601 0.0923
vn 0.8971 0.3955 -0.1969
vn 0.8296 0.5440 0.1262
vn 0.7454 0.6601 0.0923
vn 0.8169 0.5253 -0.2382
vn 0.8342 0.2250 -0.5035
vn 0.8971 0.3955 -0.1969
vn 0.8169 0.5253 -0.2382
vn 0.7514 0.3589 -0.5537
vn 0.5896 -0.0134 -0.8076
vn 0.8342 0.2250 -0.5035
vn 0.7514 0.3589 -0.5537
vn 0.4561 0.0570 -0.8881
vn 0.6492 -0.0854 -0.7558
vn 0.8829 0.1162 -0.4550
vn 0.8342 0.2250 -0.5035
vn 0.5896 -0.0134 -0.8076
vn 0.6803 -0.1603 -0.7152
vn 0.9104 0.0225 -0.4132
vn 0.8829 0.1162 -0.4550
vn 0.6492 -0.0854 -0.7558
vn 0.3336 0.5771 0.7454
vn 0.0000 0.5909 0.8067
vn -0.0000 0.6035 0.7973
vn 0.3040 0.6073 0.7340
vn 0.0000 0.5909 0.8067
vn -0.3336 0.5771 0.7454
vn -0.3040 0.6073 0.7340
vn -0.0000 0.6035 0.7973
vn 0.3040 0.6073 0.7340
vn -0.0000 0.6035 0.7973
vn -0.0000 0.6056 0.7957
vn 0.2465 0.6284 0.7378
vn -0.0000 0.6035 0.7973
vn -0.3040 0.6073 0.7340
vn -0.2465 0.6284 0.7378
vn -0.0000 0.6056 0.7957
vn 0.6948 0.4551 0.5569
vn 0.3464 0.5484 0.7611
vn 0.3336 0.5771 0.7454
vn 0.6792 0.5046 0.5330
vn 0.3464 0.5484 0.7611
vn 0.0000 0.5725 0.8199
vn 0.0000 0.5909 0.8067
vn 0.3336 0.5771 0.7454
vn 0.0000 0.5725 0.8199
vn -0.3464 0.5484 0.7611
vn -0.3336 0.5771 0.7454
vn 0.0000 0.5909 0.8067
vn -0.3464 0.5484 0.7611
vn -0.6948 0.4551 0.5569
vn -0.6792 0.5046 0.5330
vn -0.3336 0.5771 0.7454
vn -0.3336 0.5771 0.7454
vn -0.6792 0.5046 0.5330
vn -0.6443 0.5719 0.5078
vn -0.3040 0.6073 0.7340
vn -0.3040 0.6073 0.7340
vn -0.6443 0.5719 0.5078
vn -0.5744 0.6448 0.5043
vn -0.2465 0.6284 0.7378
vn -0.2465 0.6284 0.7378
vn -0.5744 0.6448 0.5043
vn -0.4320 0.7281 0.5322
vn -0.1643 0.6305 0.7586
vn -0.0000 0.6056 0.7957
vn -0.2465 0.6284 0.7378
vn -0.1643 0.6305 0.7586
vn -0.0000 0.5969 0.8023
vn 0.2465 0.6284 0.7378
vn -0.0000 0.6056 0.7957
vn -0.0000 0.5969 0.8023
vn 0.1643 0.6305 0.7586
vn 0.5744 0.6448 0.5043
vn 0.2465 0.6284 0.7378
vn 0.1643 0.6305 0.7586
vn 0.4320 0.7281 0.5322
vn 0.6443 0.5719 0.5078
vn 0.3040 0.6073 0.7340
vn 0.2465 0.6284 0.7378
vn 0.5744 0.6448 0.5043
vn 0.6792 0.5046 0.5330
vn 0.3336 0.5771 0.7454
vn 0.3040 0.6073 0.7340
vn 0.6443 0.5719 0.5078
vn -0.9103 0.3562 0.2109
vn -0.9760 0.1918 -0.1030
vn -0.9475 0.2832 -0.1483
vn -0.8816 0.4419 0.1657
vn -0.9760 0.1918 -0.1030
vn -0.9104 0.0225 -0.4132
vn -0.8829 0.1162 -0.4550
vn -0.9475 0.2832 -0.1483
vn -0.8816 0.4419 0.1657
vn -0.9475 0.2832 -0.1483
vn -0.8971 0.3955 -0.1969
vn -0.8296 0.5440 0.1262
vn -0.9475 0.2832 -0.1483
vn -0.8829 0.1162 -0.4550
vn -0.8342 0.2250 -0.5035
vn -0.8971 0.3955 -0.1969
vn -0.6948 0.4551 0.5569
vn -0.9235 0.2963 0.2437
vn -0.9103 0.3562 0.2109
vn -0.6792 0.5046 0.5330
vn -0.9235 0.2963 0.2437
vn -0.9892 0.1290 -0.0699
vn -0.9760 0.1918 -0.1030
vn -0.9103 0.3562 0.2109
vn -0.9892 0.1290 -0.0699
vn -0.9235 -0.0420 -0.3813
vn -0.9104 0.0225 -0.4132
vn -0.9760 0.1918 -0.1030
vn -0.9235 -0.0420 -0.3813
vn -0.6950 -0.2171 -0.6854
vn -0.6803 -0.1603 -0.7152
vn -0.9104 0.0225 -0.4132
vn -0.9104 0.0225 -0.4132
vn -0.6803 -0.1603 -0.7152
vn -0.6492 -0.0854 -0.7558
vn -0.8829 0.1162 -0.4550
vn -0.8829 0.1162 -0.4550
vn -0.6492 -0.0854 -0.7558
vn -0.5896 -0.0134 -0.8076
vn -0.8342 0.2250 -0.5035
vn -0.8342 0.2250 -0.5035
vn -0.5896 -0.0134 -0.8076
vn -0.4561 0.0570 -0.8881
vn -0.7514 0.3589 -0.5537
vn -0.8971 0.3955 -0.1969
vn -0.8342 0.2250 -0.5035
vn -0.7514 0.3589 -0.5537
vn -0.8169 0.5253 -0.2382
vn -0.8296 0.5440 0.1262
vn -0.8971 0.3955 -0.1969
vn -0.8169 0.5253 -0.2382
vn -0.7454 0.6601 0.0923
vn -0.5744 0.6448 0.5043
vn -0.8296 0.5440 0.1262
vn -0.7454 0.6601 0.0923
vn -0.4320 0.7281 0.5322
vn -0.6443 0.5719 0.5078
vn -0.8816 0.4419 0.1657
vn -0.8296 0.5440 0.1262
vn -0.5744 0.6448 0.5043
vn -0.6792 0.5046 0.5330
vn -0.9103 0.3562 0.2109
vn -0.8816 0.4419 0.1657
vn -0.6443 0.5719 0.5078
vn -0.3540 -0.4069 -0.8421
vn 0.0000 -0.4392 -0.8984
vn 0.0000 -0.4246 -0.9054
vn -0.3531 -0.3915 -0.8497
vn 0.0000 -0.4392 -0.8984
vn 0.3540 -0.4069 -0.8421
vn 0.3531 -0.3915 -0.8497
vn 0.0000 -0.4246 -0.9054
vn -0.3531 -0.3915 -0.8497
vn 0.0000 -0.4246 -0.9054
vn 0.0000 -0.4021 -0.9156
vn -0.3511 -0.3681 -0.8610
vn 0.0000 -0.4246 -0.9054
vn 0.3531 -0.3915 -0.8497
vn 0.3511 -0.3681 -0.8610
vn 0.0000 -0.4021 -0.9156
vn -0.7060 -0.2940 -0.6443
vn -0.3543 -0.4053 -0.8427
vn -0.3540 -0.4069 -0.8421
vn -0.7059 -0.2950 -0.6440
vn -0.3543 -0.4053 -0.8427
vn 0.0000 -0.4375 -0.8992
vn 0.0000 -0.4392 -0.8984
vn -0.3540 -0.4069 -0.8421
vn 0.0000 -0.4375 -0.8992
vn 0.3543 -0.4053 -0.8427
vn 0.3540 -0.4069 -0.8421
vn 0.0000 -0.4392 -0.8984
vn 0.3543 -0.4053 -0.8427
vn 0.7060 -0.2940 -0.6443
vn 0.7059 -0.2950 -0.6440
vn 0.3540 -0.4069 -0.8421
vn 0.3540 -0.4069 -0.8421
vn 0.7059 -0.2950 -0.6440
vn 0.7044 -0.2782 -0.6530
vn 0.3531 -0.3915 -0.8497
vn 0.3531 -0.3915 -0.8497
vn 0.7044 -0.2782 -0.6530
vn 0.7013 -0.2526 -0.6666
vn 0.3511 -0.3681 -0.8610
vn 0.3511 -0.3681 -0.8610
vn 0.7013 -0.2526 -0.6666
vn 0.6950 -0.2171 -0.6854
vn 0.3467 -0.3367 -0.8755
vn 0.0000 -0.4021 -0.9156
vn 0.3511 -0.3681 -0.8610
vn 0.3467 -0.3367 -0.8755
vn 0.0000 -0.3727 -0.9279
vn -0.3511 -0.3681 -0.8610
vn 0.0000 -0.4021 -0.9156
vn 0.0000 -0.3727 -0.9279
vn -0.3467 -0.3367 -0.8755
vn -0.7013 -0.2526 -0.6666
vn -0.3511 -0.3681 -0.8610
vn -0.3467 -0.3367 -0.8755
vn -0.6950 -0.2171 -0.6854
vn -0.7044 -0.2782 -0.6530
vn -0.3531 -0.3915 -0.8497
vn -0.3511 -0.3681 -0.8610
vn -0.7013 -0.2526 -0.6666
vn -0.7059 -0.2950 -0.6440
vn -0.3540 -0.4069 -0.8421
vn -0.3531 -0.3915 -0.8497
vn -0.7044 -0.2782 -0.6530
vn 0.9336 -0.1243 -0.3362
vn 0.9985 0.0473 -0.0260
vn 0.9973 0.0649 -0.0355
vn 0.9322 -0.1066 -0.3459
vn 0.9985 0.0473 -0.0260
vn 0.9334 0.2192 0.2839
vn 0.9320 0.2357 0.2753
vn 0.9973 0.0649 -0.0355
vn 0.9322 -0.1066 -0.3459
vn 0.9973 0.0649 -0.0355
vn 0.9946 0.0916 -0.0498
vn 0.9292 -0.0798 -0.3607
vn 0.9973 0.0649 -0.0355
vn 0.9320 0.2357 0.2753
vn 0.9291 0.2607 0.2623
vn 0.9946 0.0916 -0.0498
vn 0.7060 -0.2940 -0.6443
vn 0.9335 -0.1239 -0.3364
vn 0.9336 -0.1243 -0.3362
vn 0.7059 -0.2950 -0.6440
vn 0.9335 -0.1239 -0.3364
vn 0.9985 0.0475 -0.0263
vn 0.9985 0.0473 -0.0260
vn 0.9336 -0.1243 -0.3362
vn 0.9985 0.0475 -0.0263
vn 0.9335 0.2200 0.2832
vn 0.9334 0.2192 0.2839
vn 0.9985 0.0473 -0.0260
vn 0.9335 0.2200 0.2832
vn 0.7059 0.3914 0.5903
vn 0.7057 0.3896 0.5918
vn 0.9334 0.2192 0.2839
vn 0.9334 0.2192 0.2839
vn 0.7057 0.3896 0.5918
vn 0.7041 0.4036 0.5842
vn 0.9320 0.2357 0.2753
vn 0.9320 0.2357 0.2753
vn 0.7041 0.4036 0.5842
vn 0.7010 0.4249 0.5727
vn 0.9291 0.2607 0.2623
vn 0.9291 0.2607 0.2623
vn 0.7010 0.4249 0.5727
vn 0.6948 0.4551 0.5569
vn 0.9235 0.2963 0.2437
vn 0.9946 0.0916 -0.0498
vn 0.9291 0.2607 0.2623
vn 0.9235 0.2963 0.2437
vn 0.9892 0.1290 -0.0699
vn 0.9292 -0.0798 -0.3607
vn 0.9946 0.0916 -0.0498
vn 0.9892 0.1290 -0.0699
vn 0.9235 -0.0420 -0.3813
vn 0.7013 -0.2526 -0.6666
vn 0.9292 -0.0798 -0.3607
vn 0.9235 -0.0420 -0.3813
vn 0.6950 -0.2171 -0.6854
vn 0.7044 -0.2782 -0.6530
vn 0.9322 -0.1066 -0.3459
vn 0.9292 -0.0798 -0.3607
vn 0.7013 -0.2526 -0.6666
vn 0.7059 -0.2950 -0.6440
vn 0.9336 -0.1243 -0.3362
vn 0.9322 -0.1066 -0.3459
vn 0.7044 -0.2782 -0.6530
vn 0.3539 0.4981 0.7916
vn 0.0000 0.5286 0.8488
vn -0.0000 0.5387 0.8425
vn 0.3529 0.5093 0.7849
vn 0.0000 0.5286 0.8488
vn -0.3539 0.4981 0.7916
vn -0.3529 0.5093 0.7849
vn -0.0000 0.5387 0.8425
vn 0.3529 0.5093 0.7849
vn -0.0000 0.5387 0.8425
vn -0.0000 0.5539 0.8326
vn 0.3509 0.5263 0.7745
vn -0.0000 0.5387 0.8425
vn -0.3529 0.5093 0.7849
vn -0.3509 0.5263 0.7745
vn -0.0000 0.5539 0.8326
vn 0.7059 0.3914 0.5903
vn 0.3542 0.5009 0.7897
vn 0.3539 0.4981 0.7916
vn 0.7057 0.3896 0.5918
vn 0.3542 0.5009 0.7897
vn 0.0000 0.5318 0.8469
vn 0.0000 0.5286 0.8488
vn 0.3539 0.4981 0.7916
vn 0.0000 0.5318 0.8469
vn -0.3542 0.5009 0.7897
vn -0.3539 0.4981 0.7916
vn 0.0000 0.5286 0.8488
vn -0.3542 0.5009 0.7897
vn -0.7059 0.3914 0.5903
vn -0.7057 0.3896 0.5918
vn -0.3539 0.4981 0.7916
vn -0.3539 0.4981 0.7916
vn -0.7057 0.3896 0.5918
vn -0.7041 0.4036 0.5842
vn -0.3529 0.5093 0.7849
vn -0.3529 0.5093 0.7849
vn -0.7041 0.4036 0.5842
vn -0.7010 0.4249 0.5727
vn -0.3509 0.5263 0.7745
vn -0.3509 0.5263 0.7745
vn -0.7010 0.4249 0.5727
vn -0.6948 0.4551 0.5569
vn -0.3464 0.5484 0.7611
vn -0.0000 0.5539 0.8326
vn -0.3509 0.5263 0.7745
vn -0.3464 0.5484 0.7611
vn 0.0000 0.5725 0.8199
vn 0.3509 0.5263 0.7745
vn -0.0000 0.5539 0.8326
vn 0.0000 0.5725 0.8199
vn 0.3464 0.5484 0.7611
vn 0.7010 0.4249 0.5727
vn 0.3509 0.5263 0.7745
vn 0.3464 0.5484 0.7611
vn 0.6948 0.4551 0.5569
vn 0.7041 0.4036 0.5842
vn 0.3529 0.5093 0.7849
vn 0.3509 0.5263 0.7745
vn 0.7010 0.4249 0.5727
vn 0.7057 0.3896 0.5918
vn 0.3539 0.4981 0.7916
vn 0.3529 0.5093 0.7849
vn 0.7041 0.4036 0.5842
vn -0.9334 0.2192 0.2839
vn -0.9985 0.0473 -0.0260
vn -0.9973 0.0649 -0.0355
vn -0.9320 0.2357 0.2753
vn -0.9985 0.0473 -0.0260
vn -0.9336 -0.1243 -0.3362
vn -0.9322 -0.1066 -0.3459
vn -0.9973 0.0649 -0.0355
vn -0.9320 0.2357 0.2753
vn -0.9973 0.0649 -0.0355
vn -0.9946 0.0916 -0.0498
vn -0.9291 0.2607 0.2623
vn -0.9973 0.0649 -0.0355
vn -0.9322 -0.1066 -0.3459
vn -0.9292 -0.0798 -0.3607
vn -0.9946 0.0916 -0.0498
vn -0.7059 0.3914 0.5903
vn -0.9335 0.2200 0.2832
vn -0.9334 0.2192 0.2839
vn -0.7057 0.3896 0.5918
vn -0.9335 0.2200 0.2832
vn -0.9985 0.0475 -0.0263
vn -0.9985 0.0473 -0.0260
vn -0.9334 0.2192 0.2839
vn -0.9985 0.0475 -0.0263
vn -0.9335 -0.1239 -0.3364
vn -0.9336 -0.1243 -0.3362
vn -0.9985 0.0473 -0.0260
vn -0.9335 -0.1239 -0.3364
vn -0.7060 -0.2940 -0.6443
vn -0.7059 -0.2950 -0.6440
vn -0.9336 -0.1243 -0.3362
vn -0.9336 -0.1243 -0.3362
vn -0.7059 -0.2950 -0.6440
vn -0.7044 -0.2782 -0.6530
vn -0.9322 -0.1066 -0.3459
vn -0.9322 -0.1066 -0.3459
vn -0.7044 -0.2782 -0.6530
vn -0.7013 -0.2526 -0.6666
vn -0.9292 -0.0798 -0.3607
vn -0.9292 -0.0798 -0.3607
vn -0.7013 -0.2526 -0.6666
vn -0.6950 -0.2171 -0.6854
vn -0.9235 -0.0420 -0.3813
vn -0.9946 0.0916 -0.0498
vn -0.9292 -0.0798 -0.3607
vn -0.9235 -0.0420 -0.3813
vn -0.9892 0.1290 -0.0699
vn -0.9291 0.2607 0.2623
vn -0.9946 0.0916 -0.0498
vn -0.9892 0.1290 -0.0699
vn -0.9235 0.2963 0.2437
vn -0.7010 0.4249 0.5727
vn -0.9291 0.2607 0.2623
vn -0.9235 0.2963 0.2437
vn -0.6948 0.4551 0.5569
vn -0.7041 0.4036 0.5842
vn -0.9320 0.2357 0.2753
vn -0.9291 0.2607 0.2623
vn -0.7010 0.4249 0.5727
vn -0.7057 0.3896 0.5918
vn -0.9334 0.2192 0.2839
vn -0.9320 0.2357 0.2753
vn -0.7041 0.4036 0.5842
vn -0.2889 0.1489 -0.9457
vn 0.0000 0.1413 -0.9900
vn 0.0000 -0.1961 -0.9806
vn -0.3397 -0.1644 -0.9261
vn 0.0000 0.1413 -0.9900
vn 0.2889 0.1489 -0.9457
vn 0.3397 -0.1644 -0.9261
vn 0.0000 -0.1961 -0.9806
vn -0.3397 -0.1644 -0.9261
vn 0.0000 -0.1961 -0.9806
vn 0.0000 -0.3787 -0.9255
vn -0.3529 -0.3454 -0.8696
vn 0.0000 -0.1961 -0.9806
vn 0.3397 -0.1644 -0.9261
vn 0.3529 -0.3454 -0.8696
vn 0.0000 -0.3787 -0.9255
vn -0.4295 0.4859 -0.7612
vn -0.2245 0.5051 -0.8334
vn -0.2889 0.1489 -0.9457
vn -0.5792 0.2201 -0.7849
vn -0.2245 0.5051 -0.8334
vn 0.0000 0.5149 -0.8572
vn 0.0000 0.1413 -0.9900
vn -0.2889 0.1489 -0.9457
vn 0.0000 0.5149 -0.8572
vn 0.2245 0.5051 -0.8334
vn 0.2889 0.1489 -0.9457
vn 0.0000 0.1413 -0.9900
vn 0.2245 0.5051 -0.8334
vn 0.4295 0.4859 -0.7612
vn 0.5792 0.2201 -0.7849
vn 0.2889 0.1489 -0.9457
vn 0.2889 0.1489 -0.9457
vn 0.5792 0.2201 -0.7849
vn 0.6728 -0.0576 -0.7376
vn 0.3397 -0.1644 -0.9261
vn 0.3397 -0.1644 -0.9261
vn 0.6728 -0.0576 -0.7376
vn 0.7018 -0.2337 -0.6729
vn 0.3529 -0.3454 -0.8696
vn 0.3529 -0.3454 -0.8696
vn 0.7018 -0.2337 -0.6729
vn 0.7060 -0.2940 -0.6443
vn 0.3543 -0.4053 -0.8427
vn 0.0000 -0.3787 -0.9255
vn 0.3529 -0.3454 -0.8696
vn 0.3543 -0.4053 -0.8427
vn 0.0000 -0.4375 -0.8992
vn -0.3529 -0.3454 -0.8696
vn 0.0000 -0.3787 -0.9255
vn 0.0000 -0.4375 -0.8992
vn -0.3543 -0.4053 -0.8427
vn -0.7018 -0.2337 -0.6729
vn -0.3529 -0.3454 -0.8696
vn -0.3543 -0.4053 -0.8427
vn -0.7060 -0.2940 -0.6443
vn -0.6728 -0.0576 -0.7376
vn -0.3397 -0.1644 -0.9261
vn -0.3529 -0.3454 -0.8696
vn -0.7018 -0.2337 -0.6729
vn -0.5792 0.2201 -0.7849
vn -0.2889 0.1489 -0.9457
vn -0.3397 -0.1644 -0.9261
vn -0.6728 -0.0576 -0.7376
vn 0.7544 0.3749 -0.5388
vn 0.7969 0.5281 -0.2934
vn 0.9525 0.2662 -0.1478
vn 0.8894 0.1024 -0.4454
vn 0.7969 0.5281 -0.2934
vn 0.7545 0.6554 -0.0335
vn 0.8895 0.4322 0.1486
vn 0.9525 0.2662 -0.1478
vn 0.8894 0.1024 -0.4454
vn 0.9525 0.2662 -0.1478
vn 0.9930 0.1034 -0.0573
vn 0.9279 -0.0663 -0.3668
vn 0.9525 0.2662 -0.1478
vn 0.8895 0.4322 0.1486
vn 0.9279 0.2763 0.2503
vn 0.9930 0.1034 -0.0573
vn 0.4295 0.4859 -0.7612
vn 0.4832 0.6307 -0.6072
vn 0.7544 0.3749 -0.5388
vn 0.5792 0.2201 -0.7849
vn 0.4832 0.6307 -0.6072
vn 0.4993 0.7574 -0.4208
vn 0.7969 0.5281 -0.2934
vn 0.7544 0.3749 -0.5388
vn 0.4993 0.7574 -0.4208
vn 0.4833 0.8487 -0.2147
vn 0.7545 0.6554 -0.0335
vn 0.7969 0.5281 -0.2934
vn 0.4833 0.8487 -0.2147
vn 0.4295 0.9030 -0.0103
vn 0.5793 0.7826 0.2280
vn 0.7545 0.6554 -0.0335
vn 0.7545 0.6554 -0.0335
vn 0.5793 0.7826 0.2280
vn 0.6728 0.5956 0.4389
vn 0.8895 0.4322 0.1486
vn 0.8895 0.4322 0.1486
vn 0.6728 0.5956 0.4389
vn 0.7018 0.4477 0.5542
vn 0.9279 0.2763 0.2503
vn 0.9279 0.2763 0.2503
vn 0.7018 0.4477 0.5542
vn 0.7059 0.3914 0.5903
vn 0.9335 0.2200 0.2832
vn 0.9930 0.1034 -0.0573
vn 0.9279 0.2763 0.2503
vn 0.9335 0.2200 0.2832
vn 0.9985 0.0475 -0.0263
vn 0.9279 -0.0663 -0.3668
vn 0.9930 0.1034 -0.0573
vn 0.9985 0.0475 -0.0263
vn 0.9335 -0.1239 -0.3364
vn 0.7018 -0.2337 -0.6729
vn 0.9279 -0.0663 -0.3668
vn 0.9335 -0.1239 -0.3364
vn 0.7060 -0.2940 -0.6443
vn 0.6728 -0.0576 -0.7376
vn 0.8894 0.1024 -0.4454
vn 0.9279 -0.0663 -0.3668
vn 0.7018 -0.2337 -0.6729
vn 0.5792 0.2201 -0.7849
vn 0.7544 0.3749 -0.5388
vn 0.8894 0.1024 -0.4454
vn 0.6728 -0.0576 -0.7376
vn 0.2890 0.8815 0.3735
vn -0.0000 0.9150 0.4034
vn -0.0000 0.7286 0.6850
vn 0.3397 0.6990 0.6292
vn -0.0000 0.9150 0.4034
vn -0.2890 0.8815 0.3735
vn -0.3397 0.6990 0.6292
vn -0.0000 0.7286 0.6850
vn 0.3397 0.6990 0.6292
vn -0.0000 0.7286 0.6850
vn -0.0000 0.5854 0.8108
vn 0.3529 0.5554 0.7530
vn -0.0000 0.7286 0.6850
vn -0.3397 0.6990 0.6292
vn -0.3529 0.5555 0.7530
vn -0.0000 0.5854 0.8108
vn 0.4295 0.9030 -0.0103
vn 0.2245 0.9744 0.0115
vn 0.2890 0.8815 0.3735
vn 0.5793 0.7826 0.2280
vn 0.2245 0.9744 0.0115
vn -0.0000 0.9999 0.0158
vn -0.0000 0.9150 0.4034
vn 0.2890 0.8815 0.3735
vn -0.0000 0.9999 0.0158
vn -0.2245 0.9744 0.0115
vn -0.2890 0.8815 0.3735
vn -0.0000 0.9150 0.4034
vn -0.2245 0.9744 0.0115
vn -0.4295 0.9030 -0.0103
vn -0.5793 0.7826 0.2280
vn -0.2890 0.8815 0.3735
vn -0.2890 0.8815 0.3735
vn -0.5793 0.7826 0.2280
vn -0.6728 0.5956 0.4389
vn -0.3397 0.6990 0.6292
vn -0.3397 0.6990 0.6292
vn -0.6728 0.5956 0.4389
vn -0.7018 0.4477 0.5542
vn -0.3529 0.5555 0.7530
vn -0.3529 0.5555 0.7530
vn -0.7018 0.4477 0.5542
vn -0.7059 0.3914 0.5903
vn -0.3542 0.5009 0.7897
vn -0.0000 0.5854 0.8108
vn -0.3529 0.5555 0.7530
vn -0.3542 0.5009 0.7897
vn 0.0000 0.5318 0.8469
vn 0.3529 0.5554 0.7530
vn -0.0000 0.5854 0.8108
vn 0.0000 0.5318 0.8469
vn 0.3542 0.5009 0.7897
vn 0.7018 0.4477 0.5542
vn 0.3529 0.5554 0.7530
vn 0.3542 0.5009 0.7897
vn 0.7059 0.3914 0.5903
vn 0.6728 0.5956 0.4389
vn 0.3397 0.6990 0.6292
vn 0.3529 0.5554 0.7530
vn 0.7018 0.4477 0.5542
vn 0.5793 0.7826 0.2280
vn 0.2890 0.8815 0.3735
vn 0.3397 0.6990 0.6292
vn 0.6728 0.5956 0.4389
vn -0.7545 0.6554 -0.0335
vn -0.7969 0.5281 -0.2934
vn -0.9525 0.2662 -0.1478
vn -0.8895 0.4322 0.1486
vn -0.7969 0.5281 -0.2934
vn -0.7544 0.3749 -0.5388
vn -0.8894 0.1024 -0.4454
vn -0.9525 0.2662 -0.1478
vn -0.8895 0.4322 0.1486
vn -0.9525 0.2662 -0.1478
vn -0.9930 0.1034 -0.0573
vn -0.9279 0.2763 0.2503
vn -0.9525 0.2662 -0.1478
vn -0.8894 0.1024 -0.4454
vn -0.9279 -0.0663 -0.3668
vn -0.9930 0.1034 -0.0573
vn -0.4295 0.9030 -0.0103
vn -0.4832 0.8487 -0.2147
vn -0.7545 0.6554 -0.0335
vn -0.5793 0.7826 0.2280
vn -0.4832 0.8487 -0.2147
vn -0.4993 0.7574 -0.4208
vn -0.7969 0.5281 -0.2934
vn -0.7545 0.6554 -0.0335
vn -0.4993 0.7574 -0.4208
vn -0.4832 0.6307 -0.6072
vn -0.7544 0.3749 -0.5388
vn -0.7969 0.5281 -0.2934
vn -0.4832 0.6307 -0.6072
vn -0.4295 0.4859 -0.7612
vn -0.5792 0.2201 -0.7849
vn -0.7544 0.3749 -0.5388
vn -0.7544 0.3749 -0.5388
vn -0.5792 0.2201 -0.7849
vn -0.6728 -0.0576 -0.7376
vn -0.8894 0.1024 -0.4454
vn -0.8894 0.1024 -0.4454
vn -0.6728 -0.0576 -0.7376
vn -0.7018 -0.2337 -0.6729
vn -0.9279 -0.0663 -0.3668
vn -0.9279 -0.0663 -0.3668
vn -0.7018 -0.2337 -0.6729
vn -0.7060 -0.2940 -0.6443
vn -0.9335 -0.1239 -0.3364
vn -0.9930 0.1034 -0.0573
vn -0.9279 -0.0663 -0.3668
vn -0.9335 -0.1239 -0.3364
vn -0.9985 0.0475 -0.0263
vn -0.9279 0.2763 0.2503
vn -0.9930 0.1034 -0.0573
vn -0.9985 0.0475 -0.0263
vn -0.9335 0.2200 0.2832
vn -0.7018 0.4477 0.5542
vn -0.9279 0.2763 0.2503
vn -0.9335 0.2200 0.2832
vn -0.7059 0.3914 0.5903
vn -0.6728 0.5956 0.4389
vn -0.8895 0.4322 0.1486
vn -0.9279 0.2763 0.2503
vn -0.7018 0.4477 0.5542
vn -0.5793 0.7826 0.2280
vn -0.7545 0.6554 -0.0335
vn -0.8895 0.4322 0.1486
vn -0.6728 0.5956 0.4389
vn 0.3748 -0.8657 0.3318
vn 0.4397 -0.8981 0.0045
vn 0.3786 -0.9256 0.0041
vn 0.2893 -0.8996 0.3271
vn 0.4397 -0.8981 0.0045
vn 0.4370 -0.8385 -0.3255
vn 0.3996 -0.8570 -0.3255
vn 0.3786 -0.9256 0.0041
vn 0.2893 -0.8996 0.3271
vn 0.3786 -0.9256 0.0041
vn -0.0253 -0.9997 0.0043
vn -0.1430 -0.9445 0.2958
vn 0.3786 -0.9256 0.0041
vn 0.3996 -0.8570 -0.3255
vn 0.1439 -0.9312 -0.3348
vn -0.0253 -0.9997 0.0043
vn 0.2456 -0.6935 0.6773
vn 0.3910 -0.8576 0.3342
vn 0.3748 -0.8657 0.3318
vn 0.2210 -0.7048 0.6741
vn 0.3910 -0.8576 0.3342
vn 0.4491 -0.8935 0.0053
vn 0.4397 -0.8981 0.0045
vn 0.3748 -0.8657 0.3318
vn 0.4491 -0.8935 0.0053
vn 0.4404 -0.8367 -0.3256
vn 0.4370 -0.8385 -0.3255
vn 0.4397 -0.8981 0.0045
vn 0.4404 -0.8367 -0.3256
vn 0.3465 -0.6514 -0.6750
vn 0.3502 -0.6491 -0.6753
vn 0.4370 -0.8385 -0.3255
vn 0.4370 -0.8385 -0.3255
vn 0.3502 -0.6491 -0.6753
vn 0.3416 -0.6531 -0.6758
vn 0.3996 -0.8570 -0.3255
vn 0.3996 -0.8570 -0.3255
vn 0.3416 -0.6531 -0.6758
vn 0.3086 -0.6473 -0.6970
vn 0.1439 -0.9312 -0.3348
vn 0.1439 -0.9312 -0.3348
vn 0.3086 -0.6473 -0.6970
vn -0.7959 -0.4656 0.3870
vn -0.9513 -0.2910 0.1020
vn -0.0253 -0.9997 0.0043
vn 0.1439 -0.9312 -0.3348
vn -0.9513 -0.2910 0.1020
vn -0.9543 -0.2932 0.0573
vn -0.1430 -0.9445 0.2958
vn -0.0253 -0.9997 0.0043
vn -0.9543 -0.2932 0.0573
vn -0.9439 -0.3214 0.0760
vn -0.3021 -0.7633 0.5710
vn -0.1430 -0.9445 0.2958
vn -0.9439 -0.3214 0.0760
vn -0.9222 -0.3566 0.1499
vn 0.1087 -0.7419 0.6617
vn 0.2893 -0.8996 0.3271
vn -0.1430 -0.9445 0.2958
vn -0.3021 -0.7633 0.5710
vn 0.2210 -0.7048 0.6741
vn 0.3748 -0.8657 0.3318
vn 0.2893 -0.8996 0.3271
vn 0.1087 -0.7419 0.6617
vn 0.1817 -0.3419 -0.9220
vn -0.0120 -0.0190 -0.9997
vn 0.0138 -0.0099 -0.9999
vn 0.1978 -0.3357 -0.9210
vn -0.0120 -0.0190 -0.9997
vn -0.2167 0.2991 -0.9293
vn -0.1930 0.3077 -0.9317
vn 0.0138 -0.0099 -0.9999
vn 0.1978 -0.3357 -0.9210
vn 0.0138 -0.0099 -0.9999
vn 0.1001 0.0172 -0.9948
vn 0.2604 -0.2992 -0.9180
vn 0.0138 -0.0099 -0.9999
vn -0.1930 0.3077 -0.9317
vn -0.1209 0.3240 -0.9383
vn 0.1001 0.0172 -0.9948
vn 0.3465 -0.6514 -0.6750
vn 0.1720 -0.3479 -0.9216
vn 0.1817 -0.3419 -0.9220
vn 0.3502 -0.6491 -0.6753
vn 0.1720 -0.3479 -0.9216
vn -0.0240 -0.0273 -0.9993
vn -0.0120 -0.0190 -0.9997
vn 0.1817 -0.3419 -0.9220
vn -0.0240 -0.0273 -0.9993
vn -0.2283 0.2898 -0.9294
vn -0.2167 0.2991 -0.9293
vn -0.0120 -0.0190 -0.9997
vn -0.2283 0.2898 -0.9294
vn -0.4281 0.5829 -0.6906
vn -0.4181 0.5916 -0.6893
vn -0.2167 0.2991 -0.9293
vn -0.2167 0.2991 -0.9293
vn -0.4181 0.5916 -0.6893
vn -0.4027 0.5988 -0.6923
vn -0.1930 0.3077 -0.9317
vn -0.1930 0.3077 -0.9317
vn -0.4027 0.5988 -0.6923
vn -0.3602 0.6106 -0.7052
vn -0.1209 0.3240 -0.9383
vn -0.1209 0.3240 -0.9383
vn -0.3602 0.6106 -0.7052
vn -0.2290 0.6411 -0.7325
vn 0.1419 0.3887 -0.9104
vn 0.1001 0.0172 -0.9948
vn -0.1209 0.3240 -0.9383
vn 0.1419 0.3887 -0.9104
vn 0.4950 0.1325 -0.8587
vn 0.2604 -0.2992 -0.9180
vn 0.1001 0.0172 -0.9948
vn 0.4950 0.1325 -0.8587
vn 0.9535 -0.0519 -0.2970
vn 0.3086 -0.6473 -0.6970
vn 0.2604 -0.2992 -0.9180
vn 0.9535 -0.0519 -0.2970
vn -0.7959 -0.4656 0.3870
vn 0.3416 -0.6531 -0.6758
vn 0.1978 -0.3357 -0.9210
vn 0.2604 -0.2992 -0.9180
vn 0.3086 -0.6473 -0.6970
vn 0.3502 -0.6491 -0.6753
vn 0.1817 -0.3419 -0.9220
vn 0.1978 -0.3357 -0.9210
vn 0.3416 -0.6531 -0.6758
vn -0.5486 0.7616 -0.3449
vn -0.5992 0.8004 -0.0176
vn -0.5966 0.8023 -0.0190
vn -0.5412 0.7663 -0.3462
vn -0.5992 0.8004 -0.0176
vn -0.5968 0.7407 0.3084
vn -0.6006 0.7403 0.3019
vn -0.5966 0.8023 -0.0190
vn -0.5412 0.7663 -0.3462
vn -0.5966 0.8023 -0.0190
vn -0.5932 0.8047 -0.0242
vn -0.5244 0.7743 -0.3541
vn -0.5966 0.8023 -0.0190
vn -0.6006 0.7403 0.3019
vn -0.6121 0.7365 0.2879
vn -0.5932 0.8047 -0.0242
vn -0.4281 0.5829 -0.6906
vn -0.5572 0.7545 -0.3468
vn -0.5486 0.7616 -0.3449
vn -0.4181 0.5916 -0.6893
vn -0.5572 0.7545 -0.3468
vn -0.6069 0.7946 -0.0184
vn -0.5992 0.8004 -0.0176
vn -0.5486 0.7616 -0.3449
vn -0.6069 0.7946 -0.0184
vn -0.6024 0.7354 0.3103
vn -0.5968 0.7407 0.3084
vn -0.5992 0.8004 -0.0176
vn -0.6024 0.7354 0.3103
vn -0.5225 0.5437 0.6568
vn -0.5236 0.5488 0.6517
vn -0.5968 0.7407 0.3084
vn -0.5968 0.7407 0.3084
vn -0.5236 0.5488 0.6517
vn -0.5457 0.5465 0.6353
vn -0.6006 0.7403 0.3019
vn -0.6006 0.7403 0.3019
vn -0.5457 0.5465 0.6353
vn -0.5963 0.5366 0.5970
vn -0.6121 0.7365 0.2879
vn -0.6121 0.7365 0.2879
vn -0.5963 0.5366 0.5970
vn -0.6976 0.4994 0.5137
vn -0.6388 0.7234 0.2620
vn -0.5932 0.8047 -0.0242
vn -0.6121 0.7365 0.2879
vn -0.6388 0.7234 0.2620
vn -0.5881 0.8081 -0.0344
vn -0.5244 0.7743 -0.3541
vn -0.5932 0.8047 -0.0242
vn -0.5881 0.8081 -0.0344
vn -0.4832 0.7919 -0.3734
vn -0.3602 0.6106 -0.7052
vn -0.5244 0.7743 -0.3541
vn -0.4832 0.7919 -0.3734
vn -0.2290 0.6411 -0.7325
vn -0.4027 0.5988 -0.6923
vn -0.5412 0.7663 -0.3462
vn -0.5244 0.7743 -0.3541
vn -0.3602 0.6106 -0.7052
vn -0.4181 0.5916 -0.6893
vn -0.5486 0.7616 -0.3449
vn -0.5412 0.7663 -0.3462
vn -0.4027 0.5988 -0.6923
vn -0.3718 0.2392 0.8970
vn -0.1919 -0.0884 0.9774
vn -0.2832 -0.1052 0.9533
vn -0.4267 0.2328 0.8739
vn -0.1919 -0.0884 0.9774
vn 0.0073 -0.4122 0.9111
vn -0.1098 -0.4414 0.8906
vn -0.2832 -0.1052 0.9533
vn -0.4267 0.2328 0.8739
vn -0.2832 -0.1052 0.9533
vn -0.5050 -0.1349 0.8525
vn -0.5521 0.2144 0.8058
vn -0.2832 -0.1052 0.9533
vn -0.1098 -0.4414 0.8906
vn -0.4365 -0.4681 0.7683
vn -0.5050 -0.1349 0.8525
vn -0.5225 0.5437 0.6568
vn -0.3594 0.2364 0.9028
vn -0.3718 0.2392 0.8970
vn -0.5236 0.5488 0.6517
vn -0.3594 0.2364 0.9028
vn -0.1687 -0.0859 0.9819
vn -0.1919 -0.0884 0.9774
vn -0.3718 0.2392 0.8970
vn -0.1687 -0.0859 0.9819
vn 0.0359 -0.4035 0.9143
vn 0.0073 -0.4122 0.9111
vn -0.1919 -0.0884 0.9774
vn 0.0359 -0.4035 0.9143
vn 0.2456 -0.6935 0.6773
vn 0.2210 -0.7048 0.6741
vn 0.0073 -0.4122 0.9111
vn 0.0073 -0.4122 0.9111
vn 0.2210 -0.7048 0.6741
vn 0.1087 -0.7419 0.6617
vn -0.1098 -0.4414 0.8906
vn -0.1098 -0.4414 0.8906
vn 0.1087 -0.7419 0.6617
vn -0.3021 -0.7633 0.5710
vn -0.4365 -0.4681 0.7683
vn -0.4365 -0.4681 0.7683
vn -0.3021 -0.7633 0.5710
vn -0.9222 -0.3566 0.1499
vn -0.8860 -0.3419 0.3133
vn -0.5050 -0.1349 0.8525
vn -0.4365 -0.4681 0.7683
vn -0.8860 -0.3419 0.3133
vn -0.8451 -0.1685 0.5074
vn -0.5521 0.2144 0.8058
vn -0.5050 -0.1349 0.8525
vn -0.8451 -0.1685 0.5074
vn -0.7759 0.1524 0.6122
vn -0.5963 0.5366 0.5970
vn -0.5521 0.2144 0.8058
vn -0.7759 0.1524 0.6122
vn -0.6976 0.4994 0.5137
vn -0.5457 0.5465 0.6353
vn -0.4267 0.2328 0.8739
vn -0.5521 0.2144 0.8058
vn -0.5963 0.5366 0.5970
vn -0.5236 0.5488 0.6517
vn -0.3718 0.2392 0.8970
vn -0.4267 0.2328 0.8739
vn -0.5457 0.5465 0.6353
vn -0.0497 -0.9666 0.2515
vn -0.0177 -0.9994 -0.0312
vn 0.2646 -0.9643 -0.0098
vn 0.2080 -0.9281 0.3089
vn -0.0177 -0.9994 -0.0312
vn -0.0096 -0.9497 -0.3130
vn 0.2535 -0.9091 -0.3306
vn 0.2646 -0.9643 -0.0098
vn 0.2080 -0.9281 0.3089
vn 0.2646 -0.9643 -0.0098
vn 0.4054 -0.9141 0.0018
vn 0.3474 -0.8777 0.3300
vn 0.2646 -0.9643 -0.0098
vn 0.2535 -0.9091 -0.3306
vn 0.3947 -0.8581 -0.3285
vn 0.4054 -0.9141 0.0018
vn -0.4003 -0.8247 0.3997
vn -0.3989 -0.8987 0.1823
vn -0.0497 -0.9666 0.2515
vn -0.1601 -0.8241 0.5433
vn -0.3989 -0.8987 0.1823
vn -0.3886 -0.9197 -0.0555
vn -0.0177 -0.9994 -0.0312
vn -0.0497 -0.9666 0.2515
vn -0.3886 -0.9197 -0.0555
vn -0.3650 -0.8845 -0.2906
vn -0.0096 -0.9497 -0.3130
vn -0.0177 -0.9994 -0.0312
vn -0.3650 -0.8845 -0.2906
vn -0.3358 -0.7976 -0.5011
vn -0.0782 -0.7898 -0.6084
vn -0.0096 -0.9497 -0.3130
vn -0.0096 -0.9497 -0.3130
vn -0.0782 -0.7898 -0.6084
vn 0.1585 -0.7319 -0.6628
vn 0.2535 -0.9091 -0.3306
vn 0.2535 -0.9091 -0.3306
vn 0.1585 -0.7319 -0.6628
vn 0.2988 -0.6747 -0.6749
vn 0.3947 -0.8581 -0.3285
vn 0.3947 -0.8581 -0.3285
vn 0.2988 -0.6747 -0.6749
vn 0.3465 -0.6514 -0.6750
vn 0.4404 -0.8367 -0.3256
vn 0.4054 -0.9141 0.0018
vn 0.3947 -0.8581 -0.3285
vn 0.4404 -0.8367 -0.3256
vn 0.4491 -0.8935 0.0053
vn 0.3474 -0.8777 0.3300
vn 0.4054 -0.9141 0.0018
vn 0.4491 -0.8935 0.0053
vn 0.3910 -0.8576 0.3342
vn 0.2026 -0.7144 0.6697
vn 0.3474 -0.8777 0.3300
vn 0.3910 -0.8576 0.3342
vn 0.2456 -0.6935 0.6773
vn 0.0663 -0.7702 0.6344
vn 0.2080 -0.9281 0.3089
vn 0.3474 -0.8777 0.3300
vn 0.2026 -0.7144 0.6697
vn -0.1601 -0.8241 0.5433
vn -0.0497 -0.9666 0.2515
vn 0.2080 -0.9281 0.3089
vn 0.0663 -0.7702 0.6344
vn -0.2482 -0.5420 -0.8028
vn -0.4281 -0.2843 -0.8579
vn -0.1987 -0.1395 -0.9701
vn -0.0105 -0.4447 -0.8956
vn -0.4281 -0.2843 -0.8579
vn -0.5839 -0.0094 -0.8118
vn -0.3927 0.1641 -0.9049
vn -0.1987 -0.1395 -0.9701
vn -0.0105 -0.4447 -0.8956
vn -0.1987 -0.1395 -0.9701
vn -0.0685 -0.0566 -0.9960
vn 0.1255 -0.3743 -0.9188
vn -0.1987 -0.1395 -0.9701
vn -0.3927 0.1641 -0.9049
vn -0.2714 0.2574 -0.9274
vn -0.0685 -0.0566 -0.9960
vn -0.3358 -0.7976 -0.5011
vn -0.5089 -0.6390 -0.5768
vn -0.2482 -0.5420 -0.8028
vn -0.0782 -0.7898 -0.6084
vn -0.5089 -0.6390 -0.5768
vn -0.6678 -0.4332 -0.6053
vn -0.4281 -0.2843 -0.8579
vn -0.2482 -0.5420 -0.8028
vn -0.6678 -0.4332 -0.6053
vn -0.7865 -0.2011 -0.5840
vn -0.5839 -0.0094 -0.8118
vn -0.4281 -0.2843 -0.8579
vn -0.7865 -0.2011 -0.5840
vn -0.8573 0.0254 -0.5142
vn -0.7373 0.2559 -0.6253
vn -0.5839 -0.0094 -0.8118
vn -0.5839 -0.0094 -0.8118
vn -0.7373 0.2559 -0.6253
vn -0.5813 0.4461 -0.6805
vn -0.3927 0.1641 -0.9049
vn -0.3927 0.1641 -0.9049
vn -0.5813 0.4461 -0.6805
vn -0.4698 0.5483 -0.6919
vn -0.2714 0.2574 -0.9274
vn -0.2714 0.2574 -0.9274
vn -0.4698 0.5483 -0.6919
vn -0.4281 0.5829 -0.6906
vn -0.2283 0.2898 -0.9294
vn -0.0685 -0.0566 -0.9960
vn -0.2714 0.2574 -0.9274
vn -0.2283 0.2898 -0.9294
vn -0.0240 -0.0273 -0.9993
vn 0.1255 -0.3743 -0.9188
vn -0.0685 -0.0566 -0.9960
vn -0.0240 -0.0273 -0.9993
vn 0.1720 -0.3479 -0.9216
vn 0.2988 -0.6747 -0.6749
vn 0.1255 -0.3743 -0.9188
vn 0.1720 -0.3479 -0.9216
vn 0.3465 -0.6514 -0.6750
vn 0.1585 -0.7319 -0.6628
vn -0.0105 -0.4447 -0.8956
vn 0.1255 -0.3743 -0.9188
vn 0.2988 -0.6747 -0.6749
vn -0.0782 -0.7898 -0.6084
vn -0.2482 -0.5420 -0.8028
vn -0.0105 -0.4447 -0.8956
vn 0.1585 -0.7319 -0.6628
vn -0.8566 0.3934 -0.3338
vn -0.9089 0.4137 -0.0526
vn -0.7533 0.6568 -0.0339
vn -0.7043 0.6157 -0.3532
vn -0.9089 0.4137 -0.0526
vn -0.8968 0.3771 0.2316
vn -0.7491 0.5974 0.2863
vn -0.7533 0.6568 -0.0339
vn -0.7043 0.6157 -0.3532
vn -0.7533 0.6568 -0.0339
vn -0.6469 0.7622 -0.0227
vn -0.5975 0.7210 -0.3509
vn -0.7533 0.6568 -0.0339
vn -0.7491 0.5974 0.2863
vn -0.6429 0.7022 0.3060
vn -0.6469 0.7622 -0.0227
vn -0.8573 0.0254 -0.5142
vn -0.9515 0.0406 -0.3050
vn -0.8566 0.3934 -0.3338
vn -0.7373 0.2559 -0.6253
vn -0.9515 0.0406 -0.3050
vn -0.9967 0.0395 -0.0703
vn -0.9089 0.4137 -0.0526
vn -0.8566 0.3934 -0.3338
vn -0.9967 0.0395 -0.0703
vn -0.9854 0.0265 0.1681
vn -0.8968 0.3771 0.2316
vn -0.9089 0.4137 -0.0526
vn -0.9854 0.0265 0.1681
vn -0.9219 -0.0015 0.3875
vn -0.8193 0.2222 0.5286
vn -0.8968 0.3771 0.2316
vn -0.8968 0.3771 0.2316
vn -0.8193 0.2222 0.5286
vn -0.6724 0.4087 0.6171
vn -0.7491 0.5974 0.2863
vn -0.7491 0.5974 0.2863
vn -0.6724 0.4087 0.6171
vn -0.5632 0.5096 0.6505
vn -0.6429 0.7022 0.3060
vn -0.6429 0.7022 0.3060
vn -0.5632 0.5096 0.6505
vn -0.5225 0.5437 0.6568
vn -0.6024 0.7354 0.3103
vn -0.6469 0.7622 -0.0227
vn -0.6429 0.7022 0.3060
vn -0.6024 0.7354 0.3103
vn -0.6069 0.7946 -0.0184
vn -0.5975 0.7210 -0.3509
vn -0.6469 0.7622 -0.0227
vn -0.6069 0.7946 -0.0184
vn -0.5572 0.7545 -0.3468
vn -0.4698 0.5483 -0.6919
vn -0.5975 0.7210 -0.3509
vn -0.5572 0.7545 -0.3468
vn -0.4281 0.5829 -0.6906
vn -0.5813 0.4461 -0.6805
vn -0.7043 0.6157 -0.3532
vn -0.5975 0.7210 -0.3509
vn -0.4698 0.5483 -0.6919
vn -0.7373 0.2559 -0.6253
vn -0.8566 0.3934 -0.3338
vn -0.7043 0.6157 -0.3532
vn -0.5813 0.4461 -0.6805
vn -0.6927 -0.0545 0.7192
vn -0.5439 -0.3325 0.7705
vn -0.3324 -0.1948 0.9228
vn -0.5163 0.1132 0.8489
vn -0.5439 -0.3325 0.7705
vn -0.3570 -0.5874 0.7263
vn -0.1348 -0.4962 0.8577
vn -0.3324 -0.1948 0.9228
vn -0.5163 0.1132 0.8489
vn -0.3324 -0.1948 0.9228
vn -0.2076 -0.1136 0.9716
vn -0.3992 0.2049 0.8937
vn -0.3324 -0.1948 0.9228
vn -0.1348 -0.4962 0.8577
vn -0.0043 -0.4276 0.9039
vn -0.2076 -0.1136 0.9716
vn -0.9219 -0.0015 0.3875
vn -0.8608 -0.2321 0.4530
vn -0.6927 -0.0545 0.7192
vn -0.8193 0.2222 0.5286
vn -0.8608 -0.2321 0.4530
vn -0.7453 -0.4657 0.4771
vn -0.5439 -0.3325 0.7705
vn -0.6927 -0.0545 0.7192
vn -0.7453 -0.4657 0.4771
vn -0.5831 -0.6701 0.4594
vn -0.3570 -0.5874 0.7263
vn -0.5439 -0.3325 0.7705
vn -0.5831 -0.6701 0.4594
vn -0.4003 -0.8247 0.3997
vn -0.1601 -0.8241 0.5433
vn -0.3570 -0.5874 0.7263
vn -0.3570 -0.5874 0.7263
vn -0.1601 -0.8241 0.5433
vn 0.0663 -0.7702 0.6344
vn -0.1348 -0.4962 0.8577
vn -0.1348 -0.4962 0.8577
vn 0.0663 -0.7702 0.6344
vn 0.2026 -0.7144 0.6697
vn -0.0043 -0.4276 0.9039
vn -0.0043 -0.4276 0.9039
vn 0.2026 -0.7144 0.6697
vn 0.2456 -0.6935 0.6773
vn 0.0359 -0.4035 0.9143
vn -0.2076 -0.1136 0.9716
vn -0.0043 -0.4276 0.9039
vn 0.0359 -0.4035 0.9143
vn -0.1687 -0.0859 0.9819
vn -0.3992 0.2049 0.8937
vn -0.2076 -0.1136 0.9716
vn -0.1687 -0.0859 0.9819
vn -0.3594 0.2364 0.9028
vn -0.5632 0.5096 0.6505
vn -0.3992 0.2049 0.8937
vn -0.3594 0.2364 0.9028
vn -0.5225 0.5437 0.6568
vn -0.6724 0.4087 0.6171
vn -0.5163 0.1132 0.8489
vn -0.3992 0.2049 0.8937
vn -0.5632 0.5096 0.6505
vn -0.8193 0.2222 0.5286
vn -0.6927 -0.0545 0.7192
vn -0.5163 0.1132 0.8489
vn -0.6724 0.4087 0.6171
vn -0.4371 -0.8385 -0.3255
vn -0.4397 -0.8981 0.0045
vn -0.3786 -0.9256 0.0041
vn -0.3996 -0.8570 -0.3255
vn -0.4397 -0.8981 0.0045
vn -0.3748 -0.8657 0.3318
vn -0.2893 -0.8996 0.3271
vn -0.3786 -0.9256 0.0041
vn -0.3996 -0.8570 -0.3255
vn -0.3786 -0.9256 0.0041
vn 0.0253 -0.9997 0.0043
vn -0.1439 -0.9312 -0.3348
vn -0.3786 -0.9256 0.0041
vn -0.2893 -0.8996 0.3271
vn 0.1430 -0.9445 0.2958
vn 0.0253 -0.9997 0.0043
vn -0.3465 -0.6514 -0.6750
vn -0.4404 -0.8367 -0.3256
vn -0.4371 -0.8385 -0.3255
vn -0.3502 -0.6491 -0.6753
vn -0.4404 -0.8367 -0.3256
vn -0.4491 -0.8935 0.0053
vn -0.4397 -0.8981 0.0045
vn -0.4371 -0.8385 -0.3255
vn -0.4491 -0.8935 0.0053
vn -0.3910 -0.8576 0.3342
vn -0.3748 -0.8657 0.3318
vn -0.4397 -0.8981 0.0045
vn -0.3910 -0.8576 0.3342
vn -0.2456 -0.6935 0.6773
vn -0.2210 -0.7048 0.6741
vn -0.3748 -0.8657 0.3318
vn -0.3748 -0.8657 0.3318
vn -0.2210 -0.7048 0.6741
vn -0.1087 -0.7419 0.6617
vn -0.2893 -0.8996 0.3271
vn -0.2893 -0.8996 0.3271
vn -0.1087 -0.7419 0.6617
vn 0.3021 -0.7633 0.5710
vn 0.1430 -0.9445 0.2958
vn 0.1430 -0.9445 0.2958
vn 0.3021 -0.7633 0.5710
vn 0.9222 -0.3566 0.1499
vn 0.9439 -0.3214 0.0760
vn 0.0253 -0.9997 0.0043
vn 0.1430 -0.9445 0.2958
vn 0.9439 -0.3214 0.0760
vn 0.9543 -0.2932 0.0573
vn -0.1439 -0.9312 -0.3348
vn 0.0253 -0.9997 0.0043
vn 0.9543 -0.2932 0.0573
vn 0.9513 -0.2910 0.1020
vn -0.3086 -0.6473 -0.6970
vn -0.1439 -0.9312 -0.3348
vn 0.9513 -0.2910 0.1020
vn 0.7959 -0.4656 0.3869
vn -0.3416 -0.6531 -0.6758
vn -0.3996 -0.8570 -0.3255
vn -0.1439 -0.9312 -0.3348
vn -0.3086 -0.6473 -0.6970
vn -0.3502 -0.6491 -0.6753
vn -0.4371 -0.8385 -0.3255
vn -0.3996 -0.8570 -0.3255
vn -0.3416 -0.6531 -0.6758
vn -0.0073 -0.4122 0.9111
vn 0.1919 -0.0884 0.9774
vn 0.2832 -0.1052 0.9533
vn 0.1098 -0.4414 0.8906
vn 0.1919 -0.0884 0.9774
vn 0.3718 0.2392 0.8970
vn 0.4267 0.2328 0.8739
vn 0.2832 -0.1052 0.9533
vn 0.1098 -0.4414 0.8906
vn 0.2832 -0.1052 0.9533
vn 0.5050 -0.1349 0.8525
vn 0.4365 -0.4681 0.7683
vn 0.2832 -0.1052 0.9533
vn 0.4267 0.2328 0.8739
vn 0.5521 0.2144 0.8058
vn 0.5050 -0.1349 0.8525
vn -0.2456 -0.6935 0.6773
vn -0.0359 -0.4035 0.9143
vn -0.0073 -0.4122 0.9111
vn -0.2210 -0.7048 0.6741
vn -0.0359 -0.4035 0.9143
vn 0.1687 -0.0859 0.9819
vn 0.1919 -0.0884 0.9774
vn -0.0073 -0.4122 0.9111
vn 0.1687 -0.0859 0.9819
vn 0.3594 0.2364 0.9028
vn 0.3718 0.2392 0.8970
vn 0.1919 -0.0884 0.9774
vn 0.3594 0.2364 0.9028
vn 0.5225 0.5437 0.6568
vn 0.5236 0.5488 0.6517
vn 0.3718 0.2392 0.8970
vn 0.3718 0.2392 0.8970
vn 0.5236 0.5488 0.6517
vn 0.5457 0.5465 0.6353
vn 0.4267 0.2328 0.8739
vn 0.4267 0.2328 0.8739
vn 0.5457 0.5465 0.6353
vn 0.5963 0.5366 0.5970
vn 0.5521 0.2144 0.8058
vn 0.5521 0.2144 0.8058
vn 0.5963 0.5366 0.5970
vn 0.6976 0.4994 0.5137
vn 0.7759 0.1524 0.6122
vn 0.5050 -0.1349 0.8525
vn 0.5521 0.2144 0.8058
vn 0.7759 0.1524 0.6122
vn 0.8451 -0.1685 0.5074
vn 0.4365 -0.4681 0.7683
vn 0.5050 -0.1349 0.8525
vn 0.8451 -0.1685 0.5074
vn 0.8860 -0.3419 0.3133
vn 0.3021 -0.7633 0.5710
vn 0.4365 -0.4681 0.7683
vn 0.8860 -0.3419 0.3133
vn 0.9222 -0.3566 0.1499
vn -0.1087 -0.7419 0.6617
vn 0.1098 -0.4414 0.8906
vn 0.4365 -0.4681 0.7683
vn 0.3021 -0.7633 0.5710
vn -0.2210 -0.7048 0.6741
vn -0.0073 -0.4122 0.9111
vn 0.1098 -0.4414 0.8906
vn -0.1087 -0.7419 0.6617
vn 0.5968 0.7407 0.3084
vn 0.5992 0.8004 -0.0176
vn 0.5966 0.8023 -0.0190
vn 0.6006 0.7403 0.3019
vn 0.5992 0.8004 -0.0176
vn 0.5486 0.7616 -0.3449
vn 0.5412 0.7663 -0.3462
vn 0.5966 0.8023 -0.0190
vn 0.6006 0.7403 0.3019
vn 0.5966 0.8023 -0.0190
vn 0.5932 0.8047 -0.0242
vn 0.6121 0.7365 0.2879
vn 0.5966 0.8023 -0.0190
vn 0.5412 0.7663 -0.3462
vn 0.5244 0.7743 -0.3541
vn 0.5932 0.8047 -0.0242
vn 0.5225 0.5437 0.6568
vn 0.6024 0.7354 0.3103
vn 0.5968 0.7407 0.3084
vn 0.5236 0.5488 0.6517
vn 0.6024 0.7354 0.3103
vn 0.6069 0.7946 -0.0184
vn 0.5992 0.8004 -0.0176
vn 0.5968 0.7407 0.3084
vn 0.6069 0.7946 -0.0184
vn 0.5572 0.7545 -0.3468
vn 0.5486 0.7616 -0.3449
vn 0.5992 0.8004 -0.0176
vn 0.5572 0.7545 -0.3468
vn 0.4281 0.5829 -0.6906
vn 0.4181 0.5916 -0.6893
vn 0.5486 0.7616 -0.3449
vn 0.5486 0.7616 -0.3449
vn 0.4181 0.5916 -0.6893
vn 0.4027 0.5988 -0.6923
vn 0.5412 0.7663 -0.3462
vn 0.5412 0.7663 -0.3462
vn 0.4027 0.5988 -0.6923
vn 0.3602 0.6106 -0.7052
vn 0.5244 0.7743 -0.3541
vn 0.5244 0.7743 -0.3541
vn 0.3602 0.6106 -0.7052
vn 0.2290 0.6411 -0.7325
vn 0.4832 0.7919 -0.3734
vn 0.5932 0.8047 -0.0242
vn 0.5244 0.7743 -0.3541
vn 0.4832 0.7919 -0.3734
vn 0.5881 0.8081 -0.0344
vn 0.6121 0.7365 0.2879
vn 0.5932 0.8047 -0.0242
vn 0.5881 0.8081 -0.0344
vn 0.6388 0.7234 0.2620
vn 0.5963 0.5366 0.5970
vn 0.6121 0.7365 0.2879
vn 0.6388 0.7234 0.2620
vn 0.6976 0.4994 0.5137
vn 0.5457 0.5465 0.6353
vn 0.6006 0.7403 0.3019
vn 0.6121 0.7365 0.2879
vn 0.5963 0.5366 0.5970
vn 0.5236 0.5488 0.6517
vn 0.5968 0.7407 0.3084
vn 0.6006 0.7403 0.3019
vn 0.5457 0.5465 0.6353
vn 0.2167 0.2991 -0.9293
vn 0.0120 -0.0190 -0.9997
vn -0.0138 -0.0099 -0.9999
vn 0.1930 0.3077 -0.9317
vn 0.0120 -0.0190 -0.9997
vn -0.1817 -0.3419 -0.9220
vn -0.1978 -0.3357 -0.9210
vn -0.0138 -0.0099 -0.9999
vn 0.1930 0.3077 -0.9317
vn -0.0138 -0.0099 -0.9999
vn -0.1000 0.0172 -0.9948
vn 0.1209 0.3240 -0.9383
vn -0.0138 -0.0099 -0.9999
vn -0.1978 -0.3357 -0.9210
vn -0.2604 -0.2992 -0.9180
vn -0.1000 0.0172 -0.9948
vn 0.4281 0.5829 -0.6906
vn 0.2283 0.2898 -0.9294
vn 0.2167 0.2991 -0.9293
vn 0.4181 0.5916 -0.6893
vn 0.2283 0.2898 -0.9294
vn 0.0240 -0.0273 -0.9993
vn 0.0120 -0.0190 -0.9997
vn 0.2167 0.2991 -0.9293
vn 0.0240 -0.0273 -0.9993
vn -0.1720 -0.3479 -0.9216
vn -0.1817 -0.3419 -0.9220
vn 0.0120 -0.0190 -0.9997
vn -0.1720 -0.3479 -0.9216
vn -0.3465 -0.6514 -0.6750
vn -0.3502 -0.6491 -0.6753
vn -0.1817 -0.3419 -0.9220
vn -0.1817 -0.3419 -0.9220
vn -0.3502 -0.6491 -0.6753
vn -0.3416 -0.6531 -0.6758
vn -0.1978 -0.3357 -0.9210
vn -0.1978 -0.3357 -0.9210
vn -0.3416 -0.6531 -0.6758
vn -0.3086 -0.6473 -0.6970
vn -0.2604 -0.2992 -0.9180
vn -0.2604 -0.2992 -0.9180
vn -0.3086 -0.6473 -0.6970
vn 0.7959 -0.4656 0.3869
vn -0.9535 -0.0519 -0.2970
vn -0.1000 0.0172 -0.9948
vn -0.2604 -0.2992 -0.9180
vn -0.9535 -0.0519 -0.2970
vn -0.4950 0.1325 -0.8587
vn 0.1209 0.3240 -0.9383
vn -0.1000 0.0172 -0.9948
vn -0.4950 0.1325 -0.8587
vn -0.1419 0.3887 -0.9104
vn 0.3602 0.6106 -0.7052
vn 0.1209 0.3240 -0.9383
vn -0.1419 0.3887 -0.9104
vn 0.2290 0.6411 -0.7325
vn 0.4027 0.5988 -0.6923
vn 0.1930 0.3077 -0.9317
vn 0.1209 0.3240 -0.9383
vn 0.3602 0.6106 -0.7052
vn 0.4181 0.5916 -0.6893
vn 0.2167 0.2991 -0.9293
vn 0.1930 0.3077 -0.9317
vn 0.4027 0.5988 -0.6923
vn 0.0096 -0.9497 -0.3130
vn 0.0177 -0.9994 -0.0312
vn -0.2646 -0.9643 -0.0098
vn -0.2535 -0.9091 -0.3306
vn 0.0177 -0.9994 -0.0312
vn 0.0497 -0.9666 0.2515
vn -0.2080 -0.9281 0.3089
vn -0.2646 -0.9643 -0.0098
vn -0.2535 -0.9091 -0.3306
vn -0.2646 -0.9643 -0.0098
vn -0.4054 -0.9141 0.0018
vn -0.3947 -0.8581 -0.3285
vn -0.2646 -0.9643 -0.0098
vn -0.2080 -0.9281 0.3089
vn -0.3474 -0.8777 0.3300
vn -0.4054 -0.9141 0.0018
vn 0.3358 -0.7976 -0.5011
vn 0.3650 -0.8845 -0.2906
vn 0.0096 -0.9497 -0.3130
vn 0.0782 -0.7898 -0.6084
vn 0.3650 -0.8845 -0.2906
vn 0.3886 -0.9197 -0.0555
vn 0.0177 -0.9994 -0.0312
vn 0.0096 -0.9497 -0.3130
vn 0.3886 -0.9197 -0.0555
vn 0.3989 -0.8987 0.1823
vn 0.0497 -0.9666 0.2515
vn 0.0177 -0.9994 -0.0312
vn 0.3989 -0.8987 0.1823
vn 0.4003 -0.8247 0.3997
vn 0.1601 -0.8241 0.5433
vn 0.0497 -0.9666 0.2515
vn 0.0497 -0.9666 0.2515
vn 0.1601 -0.8241 0.5433
vn -0.0663 -0.7702 0.6344
vn -0.2080 -0.9281 0.3089
vn -0.2080 -0.9281 0.3089
vn -0.0663 -0.7702 0.6344
vn -0.2026 -0.7144 0.6697
vn -0.3474 -0.8777 0.3300
vn -0.3474 -0.8777 0.3300
vn -0.2026 -0.7144 0.6697
vn -0.2456 -0.6935 0.6773
vn -0.3910 -0.8576 0.3342
vn -0.4054 -0.9141 0.0018
vn -0.3474 -0.8777 0.3300
vn -0.3910 -0.8576 0.3342
vn -0.4491 -0.8935 0.0053
vn -0.3947 -0.8581 -0.3285
vn -0.4054 -0.9141 0.0018
vn -0.4491 -0.8935 0.0053
vn -0.4404 -0.8367 -0.3256
vn -0.2988 -0.6747 -0.6749
vn -0.3947 -0.8581 -0.3285
vn -0.4404 -0.8367 -0.3256
vn -0.3465 -0.6514 -0.6750
vn -0.1585 -0.7319 -0.6628
vn -0.2535 -0.9091 -0.3306
vn -0.3947 -0.8581 -0.3285
vn -0.2988 -0.6747 -0.6749
vn 0.0782 -0.7898 -0.6084
vn 0.0096 -0.9497 -0.3130
vn -0.2535 -0.9091 -0.3306
vn -0.1585 -0.7319 -0.6628
vn 0.3570 -0.5874 0.7263
vn 0.5439 -0.3325 0.7705
vn 0.3324 -0.1948 0.9228
vn 0.1348 -0.4962 0.8577
vn 0.5439 -0.3325 0.7705
vn 0.6927 -0.0545 0.7192
vn 0.5163 0.1132 0.8489
vn 0.3324 -0.1948 0.9228
vn 0.1348 -0.4962 0.8577
vn 0.3324 -0.1948 0.9228
vn 0.2076 -0.1136 0.9716
vn 0.0043 -0.4276 0.9039
vn 0.3324 -0.1948 0.9228
vn 0.5163 0.1132 0.8489
vn 0.3992 0.2049 0.8937
vn 0.2076 -0.1136 0.9716
vn 0.4003 -0.8247 0.3997
vn 0.5831 -0.6701 0.4594
vn 0.3570 -0.5874 0.7263
vn 0.1601 -0.8241 0.5433
vn 0.5831 -0.6701 0.4594
vn 0.7453 -0.4657 0.4771
vn 0.5439 -0.3325 0.7705
vn 0.3570 -0.5874 0.7263
vn 0.7453 -0.4657 0.4771
vn 0.8608 -0.2321 0.4530
vn 0.6927 -0.0545 0.7192
vn 0.5439 -0.3325 0.7705
vn 0.8608 -0.2321 0.4530
vn 0.9219 -0.0015 0.3875
vn 0.8193 0.2222 0.5286
vn 0.6927 -0.0545 0.7192
vn 0.6927 -0.0545 0.7192
vn 0.8193 0.2222 0.5286
vn 0.6724 0.4087 0.6171
vn 0.5163 0.1132 0.8489
vn 0.5163 0.1132 0.8489
vn 0.6724 0.4087 0.6171
vn 0.5632 0.5096 0.6505
vn 0.3992 0.2049 0.8937
vn 0.3992 0.2049 0.8937
vn 0.5632 0.5096 0.6505
vn 0.5225 0.5437 0.6568
vn 0.3594 0.2364 0.9028
vn 0.2076 -0.1136 0.9716
vn 0.3992 0.2049 0.8937
vn 0.3594 0.2364 0.9028
vn 0.1687 -0.0859 0.9819
vn 0.0043 -0.4276 0.9039
vn 0.2076 -0.1136 0.9716
vn 0.1687 -0.0859 0.9819
vn -0.0359 -0.4035 0.9143
vn -0.2026 -0.7144 0.6697
vn 0.0043 -0.4276 0.9039
vn -0.0359 -0.4035 0.9143
vn -0.2456 -0.6935 0.6773
vn -0.0663 -0.7702 0.6344
vn 0.1348 -0.4962 0.8577
vn 0.0043 -0.4276 0.9039
vn -0.2026 -0.7144 0.6697
vn 0.1601 -0.8241 0.5433
vn 0.3570 -0.5874 0.7263
vn 0.1348 -0.4962 0.8577
vn -0.0663 -0.7702 0.6344
vn 0.8968 0.3771 0.2316
vn 0.9089 0.4137 -0.0526
vn 0.7533 0.6568 -0.0339
vn 0.7491 0.5974 0.2863
vn 0.9089 0.4137 -0.0526
vn 0.8566 0.3934 -0.3338
vn 0.7043 0.6157 -0.3532
vn 0.7533 0.6568 -0.0339
vn 0.7491 0.5974 0.2863
vn 0.7533 0.6568 -0.0339
vn 0.6469 0.7622 -0.0227
vn 0.6429 0.7022 0.3060
vn 0.7533 0.6568 -0.0339
vn 0.7043 0.6157 -0.3532
vn 0.5975 0.7210 -0.3509
vn 0.6469 0.7622 -0.0227
vn 0.9219 -0.0015 0.3875
vn 0.9854 0.0265 0.1681
vn 0.8968 0.3771 0.2316
vn 0.8193 0.2222 0.5286
vn 0.9854 0.0265 0.1681
vn 0.9967 0.0395 -0.0703
vn 0.9089 0.4137 -0.0526
vn 0.8968 0.3771 0.2316
vn 0.9967 0.0395 -0.0703
vn 0.9515 0.0406 -0.3050
vn 0.8566 0.3934 -0.3338
vn 0.9089 0.4137 -0.0526
vn 0.9515 0.0406 -0.3050
vn 0.8573 0.0254 -0.5142
vn 0.7373 0.2559 -0.6253
vn 0.8566 0.3934 -0.3338
vn 0.8566 0.3934 -0.3338
vn 0.7373 0.2559 -0.6253
vn 0.5813 0.4461 -0.6805
vn 0.7043 0.6157 -0.3532
vn 0.7043 0.6157 -0.3532
vn 0.5813 0.4461 -0.6805
vn 0.4698 0.5483 -0.6919
vn 0.5975 0.7210 -0.3509
vn 0.5975 0.7210 -0.3509
vn 0.4698 0.5483 -0.6919
vn 0.4281 0.5829 -0.6906
vn 0.5572 0.7545 -0.3468
vn 0.6469 0.7622 -0.0227
vn 0.5975 0.7210 -0.3509
vn 0.5572 0.7545 -0.3468
vn 0.6069 0.7946 -0.0184
vn 0.6429 0.7022 0.3060
vn 0.6469 0.7622 -0.0227
vn 0.6069 0.7946 -0.0184
vn 0.6024 0.7354 0.3103
vn 0.5632 0.5096 0.6505
vn 0.6429 0.7022 0.3060
vn 0.6024 0.7354 0.3103
vn 0.5225 0.5437 0.6568
vn 0.6724 0.4087 0.6171
vn 0.7491 0.5974 0.2863
vn 0.6429 0.7022 0.3060
vn 0.5632 0.5096 0.6505
vn 0.8193 0.2222 0.5286
vn 0.8968 0.3771 0.2316
vn 0.7491 0.5974 0.2863
vn 0.6724 0.4087 0.6171
vn 0.5839 -0.0094 -0.8118
vn 0.4281 -0.2843 -0.8579
vn 0.1987 -0.1395 -0.9701
vn 0.3927 0.1641 -0.9049
vn 0.4281 -0.2843 -0.8579
vn 0.2482 -0.5420 -0.8028
vn 0.0105 -0.4447 -0.8956
vn 0.1987 -0.1395 -0.9701
vn 0.3927 0.1641 -0.9049
vn 0.1987 -0.1395 -0.9701
vn 0.0685 -0.0566 -0.9960
vn 0.2714 0.2574 -0.9274
vn 0.1987 -0.1395 -0.9701
vn 0.0105 -0.4447 -0.8956
vn -0.1255 -0.3743 -0.9188
vn 0.0685 -0.0566 -0.9960
vn 0.8573 0.0254 -0.5142
vn 0.7865 -0.2011 -0.5840
vn 0.5839 -0.0094 -0.8118
vn 0.7373 0.2559 -0.6253
vn 0.7865 -0.2011 -0.5840
vn 0.6678 -0.4333 -0.6053
vn 0.4281 -0.2843 -0.8579
vn 0.5839 -0.0094 -0.8118
vn 0.6678 -0.4333 -0.6053
vn 0.5089 -0.6390 -0.5768
vn 0.2482 -0.5420 -0.8028
vn 0.4281 -0.2843 -0.8579
vn 0.5089 -0.6390 -0.5768
vn 0.3358 -0.7976 -0.5011
vn 0.0782 -0.7898 -0.6084
vn 0.2482 -0.5420 -0.8028
vn 0.2482 -0.5420 -0.8028
vn 0.0782 -0.7898 -0.6084
vn -0.1585 -0.7319 -0.6628
vn 0.0105 -0.4447 -0.8956
vn 0.0105 -0.4447 -0.8956
vn -0.1585 -0.7319 -0.6628
vn -0.2988 -0.6747 -0.6749
vn -0.1255 -0.3743 -0.9188
vn -0.1255 -0.3743 -0.9188
vn -0.2988 -0.6747 -0.6749
vn -0.3465 -0.6514 -0.6750
vn -0.1720 -0.3479 -0.9216
vn 0.0685 -0.0566 -0.9960
vn -0.1255 -0.3743 -0.9188
vn -0.1720 -0.3479 -0.9216
vn 0.0240 -0.0273 -0.9993
vn 0.2714 0.2574 -0.9274
vn 0.0685 -0.0566 -0.9960
vn 0.0240 -0.0273 -0.9993
vn 0.2283 0.2898 -0.9294
vn 0.4698 0.5483 -0.6919
vn 0.2714 0.2574 -0.9274
vn 0.2283 0.2898 -0.9294
vn 0.4281 0.5829 -0.6906
vn 0.5813 0.4461 -0.6805
vn 0.3927 0.1641 -0.9049
vn 0.2714 0.2574 -0.9274
vn 0.4698 0.5483 -0.6919
vn 0.7373 0.2559 -0.6253
vn 0.5839 -0.0094 -0.8118
vn 0.3927 0.1641 -0.9049
vn 0.5813 0.4461 -0.6805
vn -0.0000 0.5482 0.8364
vn -0.0000 0.8859 0.4639
vn -0.2634 0.8999 0.3475
vn -0.5174 0.5807 0.6285
vn 0.0000 -0.8859 0.4639
vn 0.0000 -0.5482 0.8364
vn -0.5174 -0.5807 0.6285
vn -0.2634 -0.8999 0.3475
vn 0.0000 0.0000 1.0000
vn -0.0000 0.5482 0.8364
vn -0.5174 0.5807 0.6285
vn -0.6516 0.0000 0.7586
vn -0.0000 0.8859 0.4639
vn -0.0000 1.0000 0.0000
vn -0.2634 0.8999 0.3475
vn 0.0000 -1.0000 0.0000
vn 0.0000 -0.8859 0.4639
vn -0.2634 -0.8999 0.3475
vn 0.0000 -0.5482 0.8364
vn 0.0000 0.0000 1.0000
vn -0.6516 0.0000 0.7586
vn -0.5174 -0.5807 0.6285
vn -0.2634 -0.8999 0.3475
vn -0.5174 -0.5807 0.6285
vn -0.7897 -0.6134 -0.0000
vn -0.4006 -0.9163 -0.0000
vn -0.6516 0.0000 0.7586
vn -0.5174 0.5807 0.6285
vn -0.7897 0.6134 -0.0000
vn -1.0000 0.0000 -0.0000
vn -0.2634 0.8999 0.3475
vn -0.0000 1.0000 0.0000
vn -0.4006 0.9163 -0.0000
vn 0.0000 -1.0000 0.0000
vn -0.2634 -0.8999 0.3475
vn -0.4006 -0.9163 -0.0000
vn -0.5174 -0.5807 0.6285
vn -0.6516 0.0000 0.7586
vn -1.0000 0.0000 -0.0000
vn -0.7897 -0.6134 -0.0000
vn -0.5174 0.5807 0.6285
vn -0.2634 0.8999 0.3475
vn -0.4006 0.9163 -0.0000
vn -0.7897 0.6134 -0.0000
vn -0.4006 -0.9163 -0.0000
vn -0.7897 -0.6134 -0.0000
vn -0.5174 -0.5807 -0.6285
vn -0.2634 -0.8999 -0.3475
vn -1.0000 0.0000 -0.0000
vn -0.7897 0.6134 -0.0000
vn -0.5174 0.5807 -0.6285
vn -0.6516 0.0000 -0.7586
vn -0.4006 0.9163 -0.0000
vn -0.0000 1.0000 0.0000
vn -0.2634 0.8999 -0.3475
vn 0.0000 -1.0000 0.0000
vn -0.4006 -0.9163 -0.0000
vn -0.2634 -0.8999 -0.3475
vn -0.7897 -0.6134 -0.0000
vn -1.0000 0.0000 -0.0000
vn -0.6516 0.0000 -0.7586
vn -0.5174 -0.5807 -0.6285
vn -0.7897 0.6134 -0.0000
vn -0.4006 0.9163 -0.0000
vn -0.2634 0.8999 -0.3475
vn -0.5174 0.5807 -0.6285
vn -0.6516 0.0000 -0.7586
vn -0.5174 0.5807 -0.6285
vn 0.0000 0.5482 -0.8364
vn 0.0000 0.0000 -1.0000
vn -0.2634 0.8999 -0.3475
vn -0.0000 1.0000 0.0000
vn 0.0000 0.8859 -0.4639
vn 0.0000 -1.0000 0.0000
vn -0.2634 -0.8999 -0.3475
vn -0.0000 -0.8859 -0.4639
vn -0.5174 -0.5807 -0.6285
vn -0.6516 0.0000 -0.7586
vn 0.0000 0.0000 -1.0000
vn -0.0000 -0.5482 -0.8364
vn -0.5174 0.5807 -0.6285
vn -0.2634 0.8999 -0.3475
vn 0.0000 0.8859 -0.4639
vn 0.0000 0.5482 -0.8364
vn -0.2634 -0.8999 -0.3475
vn -0.5174 -0.5807 -0.6285
vn -0.0000 -0.5482 -0.8364
vn -0.0000 -0.8859 -0.4639
vn 0.0000 0.8859 -0.4639
vn -0.0000 1.0000 0.0000
vn 0.2634 0.8999 -0.3475
vn 0.0000 -1.0000 0.0000
vn -0.0000 -0.8859 -0.4639
vn 0.2634 -0.8999 -0.3475
vn -0.0000 -0.5482 -0.8364
vn 0.0000 0.0000 -1.0000
vn 0.6516 0.0000 -0.7586
vn 0.5174 -0.5807 -0.6285
vn 0.0000 0.5482 -0.8364
vn 0.0000 0.8859 -0.4639
vn 0.2634 0.8999 -0.3475
vn 0.5174 0.5807 -0.6285
vn -0.0000 -0.8859 -0.4639
vn -0.0000 -0.5482 -0.8364
vn 0.5174 -0.5807 -0.6285
vn 0.2634 -0.8999 -0.3475
vn 0.0000 0.0000 -1.0000
vn 0.0000 0.5482 -0.8364
vn 0.5174 0.5807 -0.6285
vn 0.6516 0.0000 -0.7586
vn 0.0000 -1.0000 0.0000
vn 0.2634 -0.8999 -0.3475
vn 0.4006 -0.9163 0.0000
vn 0.5174 -0.5807 -0.6285
vn 0.6516 0.0000 -0.7586
vn 1.0000 0.0000 -0.0000
vn 0.7897 -0.6134 -0.0000
vn 0.5174 0.5807 -0.6285
vn 0.2634 0.8999 -0.3475
vn 0.4006 0.9163 -0.0000
vn 0.7897 0.6134 -0.0000
vn 0.2634 -0.8999 -0.3475
vn 0.5174 -0.5807 -0.6285
vn 0.7897 -0.6134 -0.0000
vn 0.4006 -0.9163 0.0000
vn 0.6516 0.0000 -0.7586
vn 0.5174 0.5807 -0.6285
vn 0.7897 0.6134 -0.0000
vn 1.0000 0.0000 -0.0000
vn 0.2634 0.8999 -0.3475
vn -0.0000 1.0000 0.0000
vn 0.4006 0.9163 -0.0000
vn 0.0000 -1.0000 0.0000
vn 0.4006 -0.9163 0.0000
vn 0.2634 -0.8999 0.3475
vn 0.7897 -0.6134 -0.0000
vn 1.0000 0.0000 -0.0000
vn 0.6516 0.0000 0.7586
vn 0.5174 -0.5807 0.6285
vn 0.7897 0.6134 -0.0000
vn 0.4006 0.9163 -0.0000
vn 0.2634 0.8999 0.3475
vn 0.5174 0.5807 0.6285
vn 0.4006 -0.9163 0.0000
vn 0.7897 -0.6134 -0.0000
vn 0.5174 -0.5807 0.6285
vn 0.2634 -0.8999 0.3475
vn 1.0000 0.0000 -0.0000
vn 0.7897 0.6134 -0.0000
vn 0.5174 0.5807 0.6285
vn 0.6516 0.0000 0.7586
vn 0.4006 0.9163 -0.0000
vn -0.0000 1.0000 0.0000
vn 0.2634 0.8999 0.3475
vn 0.0000 -1.0000 0.0000
vn 0.2634 -0.8999 0.3475
vn 0.0000 -0.8859 0.4639
vn 0.5174 -0.5807 0.6285
vn 0.6516 0.0000 0.7586
vn 0.0000 0.0000 1.0000
vn 0.0000 -0.5482 0.8364
vn 0.5174 0.5807 0.6285
vn 0.2634 0.8999 0.3475
vn -0.0000 0.8859 0.4639
vn -0.0000 0.5482 0.8364
vn 0.2634 -0.8999 0.3475
vn 0.5174 -0.5807 0.6285
vn 0.0000 -0.5482 0.8364
vn 0.0000 -0.8859 0.4639
vn 0.6516 0.0000 0.7586
vn 0.5174 0.5807 0.6285
vn -0.0000 0.5482 0.8364
vn 0.0000 0.0000 1.0000
vn 0.2634 0.8999 0.3475
vn -0.0000 1.0000 0.0000
vn -0.0000 0.8859 0.4639
vn -0.0000 -0.5482 0.8364
vn -0.0000 -0.0000 1.0000
vn -0.6516 -0.0000 0.7586
vn -0.5174 -0.5807 0.6285
vn -0.0000 0.5482 0.8364
vn 0.0000 0.8859 0.4639
vn -0.2634 0.8999 0.3475
vn -0.5174 0.5807 0.6285
vn -0.0000 -0.8859 0.4639
vn -0.0000 -0.5482 0.8364
vn -0.5174 -0.5807 0.6285
vn -0.2634 -0.8999 0.3475
vn -0.0000 -0.0000 1.0000
vn -0.0000 0.5482 0.8364
vn -0.5174 0.5807 0.6285
vn -0.6516 -0.0000 0.7586
vn 0.0000 0.8859 0.4639
vn 0.0000 1.0000 -0.0000
vn -0.2634 0.8999 0.3475
vn 0.0000 -1.0000 -0.0000
vn -0.0000 -0.8859 0.4639
vn -0.2634 -0.8999 0.3475
vn -0.2634 -0.8999 0.3475
vn -0.5174 -0.5807 0.6285
vn -0.7897 -0.6134 0.0000
vn -0.4006 -0.9163 -0.0000
vn -0.6516 -0.0000 0.7586
vn -0.5174 0.5807 0.6285
vn -0.7897 0.6134 -0.0000
vn -1.0000 -0.0000 0.0000
vn -0.2634 0.8999 0.3475
vn 0.0000 1.0000 -0.0000
vn -0.4006 0.9163 -0.0000
vn 0.0000 -1.0000 -0.0000
vn -0.2634 -0.8999 0.3475
vn -0.4006 -0.9163 -0.0000
vn -0.5174 -0.5807 0.6285
vn -0.6516 -0.0000 0.7586
vn -1.0000 -0.0000 0.0000
vn -0.7897 -0.6134 0.0000
vn -0.5174 0.5807 0.6285
vn -0.2634 0.8999 0.3475
vn -0.4006 0.9163 -0.0000
vn -0.7897 0.6134 -0.0000
vn -0.4006 -0.9163 -0.0000
vn -0.7897 -0.6134 0.0000
vn -0.5174 -0.5807 -0.6285
vn -0.2634 -0.8999 -0.3475
vn -1.0000 -0.0000 0.0000
vn -0.7897 0.6134 -0.0000
vn -0.5174 0.5807 -0.6285
vn -0.6516 -0.0000 -0.7586
vn -0.4006 0.9163 -0.0000
vn 0.0000 1.0000 -0.0000
vn -0.2634 0.8999 -0.3475
vn 0.0000 -1.0000 -0.0000
vn -0.4006 -0.9163 -0.0000
vn -0.2634 -0.8999 -0.3475
vn -0.7897 -0.6134 0.0000
vn -1.0000 -0.0000 0.0000
vn -0.6516 -0.0000 -0.7586
vn -0.5174 -0.5807 -0.6285
vn -0.7897 0.6134 -0.0000
vn -0.4006 0.9163 -0.0000
vn -0.2634 0.8999 -0.3475
vn -0.5174 0.5807 -0.6285
vn -0.2634 -0.8999 -0.3475
vn -0.5174 -0.5807 -0.6285
vn 0.0000 -0.5482 -0.8364
vn 0.0000 -0.8859 -0.4639
vn -0.6516 -0.0000 -0.7586
vn -0.5174 0.5807 -0.6285
vn -0.0000 0.5482 -0.8364
vn 0.0000 -0.0000 -1.0000
vn -0.2634 0.8999 -0.3475
vn 0.0000 1.0000 -0.0000
vn -0.0000 0.8859 -0.4639
vn 0.0000 -1.0000 -0.0000
vn -0.2634 -0.8999 -0.3475
vn 0.0000 -0.8859 -0.4639
vn -0.5174 -0.5807 -0.6285
vn -0.6516 -0.0000 -0.7586
vn 0.0000 -0.0000 -1.0000
vn 0.0000 -0.5482 -0.8364
vn -0.5174 0.5807 -0.6285
vn -0.2634 0.8999 -0.3475
vn -0.0000 0.8859 -0.4639
vn -0.0000 0.5482 -0.8364
vn 0.0000 -0.0000 -1.0000
vn -0.0000 0.5482 -0.8364
vn 0.5174 0.5807 -0.6285
vn 0.6516 -0.0000 -0.7586
vn -0.0000 0.8859 -0.4639
vn 0.0000 1.0000 -0.0000
vn 0.2634 0.8999 -0.3475
vn 0.0000 -1.0000 -0.0000
vn 0.0000 -0.8859 -0.4639
vn 0.2634 -0.8999 -0.3475
vn 0.0000 -0.5482 -0.8364
vn 0.0000 -0.0000 -1.0000
vn 0.6516 -0.0000 -0.7586
vn 0.5174 -0.5807 -0.6285
vn -0.0000 0.5482 -0.8364
vn -0.0000 0.8859 -0.4639
vn 0.2634 0.8999 -0.3475
vn 0.5174 0.5807 -0.6285
vn 0.0000 -0.8859 -0.4639
vn 0.0000 -0.5482 -0.8364
vn 0.5174 -0.5807 -0.6285
vn 0.2634 -0.8999 -0.3475
vn 0.2634 0.8999 -0.3475
vn 0.0000 1.0000 -0.0000
vn 0.4006 0.9163 0.0000
vn 0.0000 -1.0000 -0.0000
vn 0.2634 -0.8999 -0.3475
vn 0.4006 -0.9163 0.0000
vn 0.5174 -0.5807 -0.6285
vn 0.6516 -0.0000 -0.7586
vn 1.0000 -0.0000 -0.0000
vn 0.7897 -0.6134 -0.0000
vn 0.5174 0.5807 -0.6285
vn 0.2634 0.8999 -0.3475
vn 0.4006 0.9163 0.0000
vn 0.7897 0.6134 0.0000
vn 0.2634 -0.8999 -0.3475
vn 0.5174 -0.5807 -0.6285
vn 0.7897 -0.6134 -0.0000
vn 0.4006 -0.9163 0.0000
vn 0.6516 -0.0000 -0.7586
vn 0.5174 0.5807 -0.6285
vn 0.7897 0.6134 0.0000
vn 1.0000 -0.0000 -0.0000
vn 0.0000 -1.0000 -0.0000
vn 0.4006 -0.9163 0.0000
vn 0.2634 -0.8999 0.3475
vn 0.7897 -0.6134 -0.0000
vn 1.0000 -0.0000 -0.0000
vn 0.6516 -0.0000 0.7586
vn 0.5174 -0.5807 0.6285
vn 0.7897 0.6134 0.0000
vn 0.4006 0.9163 0.0000
vn 0.2634 0.8999 0.3475
vn 0.5174 0.5807 0.6285
vn 0.4006 -0.9163 0.0000
vn 0.7897 -0.6134 -0.0000
vn 0.5174 -0.5807 0.6285
vn 0.2634 -0.8999 0.3475
vn 1.0000 -0.0000 -0.0000
vn 0.7897 0.6134 0.0000
vn 0.5174 0.5807 0.6285
vn 0.6516 -0.0000 0.7586
vn 0.4006 0.9163 0.0000
vn 0.0000 1.0000 -0.0000
vn 0.2634 0.8999 0.3475
vn 0.0000 -1.0000 -0.0000
vn 0.2634 -0.8999 0.3475
vn -0.0000 -0.8859 0.4639
vn 0.5174 -0.5807 0.6285
vn 0.6516 -0.0000 0.7586
vn -0.0000 -0.0000 1.0000
vn -0.0000 -0.5482 0.8364
vn 0.5174 0.5807 0.6285
vn 0.2634 0.8999 0.3475
vn 0.0000 0.8859 0.4639
vn -0.0000 0.5482 0.8364
vn 0.2634 -0.8999 0.3475
vn 0.5174 -0.5807 0.6285
vn -0.0000 -0.5482 0.8364
vn -0.0000 -0.8859 0.4639
vn 0.6516 -0.0000 0.7586
vn 0.5174 0.5807 0.6285
vn -0.0000 0.5482 0.8364
vn -0.0000 -0.0000 1.0000
vn 0.2634 0.8999 0.3475
vn 0.0000 1.0000 -0.0000
vn 0.0000 0.8859 0.4639
vn 0.0000 -1.0000 -0.0000
vn 0.0000 -0.8859 0.4639
vn -0.2634 -0.8999 0.3475
vn 0.0000 -0.5482 0.8364
vn 0.0000 0.0000 1.0000
vn -0.6516 0.0000 0.7586
vn -0.5174 -0.5807 0.6285
vn 0.0000 0.5482 0.8364
vn 0.0000 0.8859 0.4639
vn -0.2634 0.8999 0.3475
vn -0.5174 0.5807 0.6285
vn 0.0000 -0.8859 0.4639
vn 0.0000 -0.5482 0.8364
vn -0.5174 -0.5807 0.6285
vn -0.2634 -0.8999 0.3475
vn 0.0000 0.0000 1.0000
vn 0.0000 0.5482 0.8364
vn -0.5174 0.5807 0.6285
vn -0.6516 0.0000 0.7586
vn 0.0000 0.8859 0.4639
vn -0.0000 1.0000 -0.0000
vn -0.2634 0.8999 0.3475
vn -0.2634 -0.8999 0.3475
vn -0.5174 -0.5807 0.6285
vn -0.7897 -0.6134 -0.0000
vn -0.4006 -0.9163 -0.0000
vn -0.6516 0.0000 0.7586
vn -0.5174 0.5807 0.6285
vn -0.7897 0.6134 0.0000
vn -1.0000 0.0000 -0.0000
vn -0.2634 0.8999 0.3475
vn -0.0000 1.0000 -0.0000
vn -0.4006 0.9163 -0.0000
vn 0.0000 -1.0000 -0.0000
vn -0.2634 -0.8999 0.3475
vn -0.4006 -0.9163 -0.0000
vn -0.5174 -0.5807 0.6285
vn -0.6516 0.0000 0.7586
vn -1.0000 0.0000 -0.0000
vn -0.7897 -0.6134 -0.0000
vn -0.5174 0.5807 0.6285
vn -0.2634 0.8999 0.3475
vn -0.4006 0.9163 -0.0000
vn -0.7897 0.6134 0.0000
vn -0.4006 -0.9163 -0.0000
vn -0.7897 -0.6134 -0.0000
vn -0.5174 -0.5807 -0.6285
vn -0.2634 -0.8999 -0.3475
vn -1.0000 0.0000 -0.0000
vn -0.7897 0.6134 0.0000
vn -0.5174 0.5807 -0.6285
vn -0.6516 0.0000 -0.7586
vn -0.4006 0.9163 -0.0000
vn -0.0000 1.0000 -0.0000
vn -0.2634 0.8999 -0.3475
vn 0.0000 -1.0000 -0.0000
vn -0.4006 -0.9163 -0.0000
vn -0.2634 -0.8999 -0.3475
vn -0.7897 -0.6134 -0.0000
vn -1.0000 0.0000 -0.0000
vn -0.6516 0.0000 -0.7586
vn -0.5174 -0.5807 -0.6285
vn -0.7897 0.6134 0.0000
vn -0.4006 0.9163 -0.0000
vn -0.2634 0.8999 -0.3475
vn -0.5174 0.5807 -0.6285
vn -0.2634 -0.8999 -0.3475
vn -0.5174 -0.5807 -0.6285
vn -0.0000 -0.5482 -0.8364
vn -0.0000 -0.8859 -0.4639
vn -0.6516 0.0000 -0.7586
vn -0.5174 0.5807 -0.6285
vn 0.0000 0.5482 -0.8364
vn -0.0000 -0.0000 -1.0000
vn -0.2634 0.8999 -0.3475
vn -0.0000 1.0000 -0.0000
vn -0.0000 0.8859 -0.4639
vn 0.0000 -1.0000 -0.0000
vn -0.2634 -0.8999 -0.3475
vn -0.0000 -0.8859 -0.4639
vn -0.5174 -0.5807 -0.6285
vn -0.6516 0.0000 -0.7586
vn -0.0000 -0.0000 -1.0000
vn -0.0000 -0.5482 -0.8364
vn -0.5174 0.5807 -0.6285
vn -0.2634 0.8999 -0.3475
vn -0.0000 0.8859 -0.4639
vn 0.0000 0.5482 -0.8364
vn -0.0000 -0.8859 -0.4639
vn -0.0000 -0.5482 -0.8364
vn 0.5174 -0.5807 -0.6285
vn 0.2634 -0.8999 -0.3475
vn -0.0000 -0.0000 -1.0000
vn 0.0000 0.5482 -0.8364
vn 0.5174 0.5807 -0.6285
vn 0.6516 0.0000 -0.7586
vn -0.0000 0.8859 -0.4639
vn -0.0000 1.0000 -0.0000
vn 0.2634 0.8999 -0.3475
vn 0.0000 -1.0000 -0.0000
vn -0.0000 -0.8859 -0.4639
vn 0.2634 -0.8999 -0.3475
vn -0.0000 -0.5482 -0.8364
vn -0.0000 -0.0000 -1.0000
vn 0.6516 0.0000 -0.7586
vn 0.5174 -0.5807 -0.6285
vn 0.0000 0.5482 -0.8364
vn -0.0000 0.8859 -0.4639
vn 0.2634 0.8999 -0.3475
vn 0.5174 0.5807 -0.6285
vn 0.6516 0.0000 -0.7586
vn 0.5174 0.5807 -0.6285
vn 0.7897 0.6134 -0.0000
vn 1.0000 0.0000 -0.0000
vn 0.2634 0.8999 -0.3475
vn -0.0000 1.0000 -0.0000
vn 0.4006 0.9163 0.0000
vn 0.0000 -1.0000 -0.0000
vn 0.2634 -0.8999 -0.3475
vn 0.4006 -0.9163 0.0000
vn 0.5174 -0.5807 -0.6285
vn 0.6516 0.0000 -0.7586
vn 1.0000 0.0000 -0.0000
vn 0.7897 -0.6134 0.0000
vn 0.5174 0.5807 -0.6285
vn 0.2634 0.8999 -0.3475
vn 0.4006 0.9163 0.0000
vn 0.7897 0.6134 -0.0000
vn 0.2634 -0.8999 -0.3475
vn 0.5174 -0.5807 -0.6285
vn 0.7897 -0.6134 0.0000
vn 0.4006 -0.9163 0.0000
vn 0.4006 0.9163 0.0000
vn -0.0000 1.0000 -0.0000
vn 0.2634 0.8999 0.3475
vn 0.0000 -1.0000 -0.0000
vn 0.4006 -0.9163 0.0000
vn 0.2634 -0.8999 0.3475
vn 0.7897 -0.6134 0.0000
vn 1.0000 0.0000 -0.0000
vn 0.6516 0.0000 0.7586
vn 0.5174 -0.5807 0.6285
vn 0.7897 0.6134 -0.0000
vn 0.4006 0.9163 0.0000
vn 0.2634 0.8999 0.3475
vn 0.5174 0.5807 0.6285
vn 0.4006 -0.9163 0.0000
vn 0.7897 -0.6134 0.0000
vn 0.5174 -0.5807 0.6285
vn 0.2634 -0.8999 0.3475
vn 1.0000 0.0000 -0.0000
vn 0.7897 0.6134 -0.0000
vn 0.5174 0.5807 0.6285
vn 0.6516 0.0000 0.7586
vn 0.0000 -1.0000 -0.0000
vn 0.2634 -0.8999 0.3475
vn 0.0000 -0.8859 0.4639
vn 0.5174 -0.5807 0.6285
vn 0.6516 0.0000 0.7586
vn 0.0000 0.0000 1.0000
vn 0.0000 -0.5482 0.8364
vn 0.5174 0.5807 0.6285
vn 0.2634 0.8999 0.3475
vn 0.0000 0.8859 0.4639
vn 0.0000 0.5482 0.8364
vn 0.2634 -0.8999 0.3475
vn 0.5174 -0.5807 0.6285
vn 0.0000 -0.5482 0.8364
vn 0.0000 -0.8859 0.4639
vn 0.6516 0.0000 0.7586
vn 0.5174 0.5807 0.6285
vn 0.0000 0.5482 0.8364
vn 0.0000 0.0000 1.0000
vn 0.2634 0.8999 0.3475
vn -0.0000 1.0000 -0.0000
vn 0.0000 0.8859 0.4639
vn 0.0000 -1.0000 -0.0000
vn -0.0000 -0.8859 0.4639
vn -0.2634 -0.8999 0.3475
vn -0.0000 -0.5482 0.8364
vn -0.0000 0.0000 1.0000
vn -0.6516 0.0000 0.7586
vn -0.5174 -0.5807 0.6285
vn -0.0000 0.5482 0.8364
vn -0.0000 0.8859 0.4639
vn -0.2634 0.8999 0.3475
vn -0.5174 0.5807 0.6285
vn -0.0000 -0.8859 0.4639
vn -0.0000 -0.5482 0.8364
vn -0.5174 -0.5807 0.6285
vn -0.2634 -0.8999 0.3475
vn -0.0000 0.0000 1.0000
vn -0.0000 0.5482 0.8364
vn -0.5174 0.5807 0.6285
vn -0.6516 0.0000 0.7586
vn -0.0000 0.8859 0.4639
vn 0.0000 1.0000 -0.0000
vn -0.2634 0.8999 0.3475
vn -0.5174 0.5807 0.6285
vn -0.2634 0.8999 0.3475
vn -0.4006 0.9163 -0.0000
vn -0.7897 0.6134 0.0000
vn -0.2634 -0.8999 0.3475
vn -0.5174 -0.5807 0.6285
vn -0.7897 -0.6134 0.0000
vn -0.4006 -0.9163 -0.0000
vn -0.6516 0.0000 0.7586
vn -0.5174 0.5807 0.6285
vn -0.7897 0.6134 0.0000
vn -1.0000 -0.0000 0.0000
vn -0.2634 0.8999 0.3475
vn 0.0000 1.0000 -0.0000
vn -0.4006 0.9163 -0.0000
vn 0.0000 -1.0000 -0.0000
vn -0.2634 -0.8999 0.3475
vn -0.4006 -0.9163 -0.0000
vn -0.5174 -0.5807 0.6285
vn -0.6516 0.0000 0.7586
vn -1.0000 -0.0000 0.0000
vn -0.7897 -0.6134 0.0000
vn -0.4006 -0.9163 -0.0000
vn -0.7897 -0.6134 0.0000
vn -0.5174 -0.5807 -0.6285
vn -0.2634 -0.8999 -0.3475
vn -1.0000 -0.0000 0.0000
vn -0.7897 0.6134 0.0000
vn -0.5174 0.5807 -0.6285
vn -0.6516 0.0000 -0.7586
vn -0.4006 0.9163 -0.0000
vn 0.0000 1.0000 -0.0000
vn -0.2634 0.8999 -0.3475
vn 0.0000 -1.0000 -0.0000
vn -0.4006 -0.9163 -0.0000
vn -0.2634 -0.8999 -0.3475
vn -0.7897 -0.6134 0.0000
vn -1.0000 -0.0000 0.0000
vn -0.6516 0.0000 -0.7586
vn -0.5174 -0.5807 -0.6285
vn -0.7897 0.6134 0.0000
vn -0.4006 0.9163 -0.0000
vn -0.2634 0.8999 -0.3475
vn -0.5174 0.5807 -0.6285
vn -0.2634 -0.8999 -0.3475
vn -0.5174 -0.5807 -0.6285
vn 0.0000 -0.5482 -0.8364
vn 0.0000 -0.8859 -0.4639
vn -0.6516 0.0000 -0.7586
vn -0.5174 0.5807 -0.6285
vn -0.0000 0.5482 -0.8364
vn 0.0000 0.0000 -1.0000
vn -0.2634 0.8999 -0.3475
vn 0.0000 1.0000 -0.0000
vn 0.0000 0.8859 -0.4639
vn 0.0000 -1.0000 -0.0000
vn -0.2634 -0.8999 -0.3475
vn 0.0000 -0.8859 -0.4639
vn -0.5174 -0.5807 -0.6285
vn -0.6516 0.0000 -0.7586
vn 0.0000 0.0000 -1.0000
vn 0.0000 -0.5482 -0.8364
vn -0.5174 0.5807 -0.6285
vn -0.2634 0.8999 -0.3475
vn 0.0000 0.8859 -0.4639
vn -0.0000 0.5482 -0.8364
vn 0.0000 -0.8859 -0.4639
vn 0.0000 -0.5482 -0.8364
vn 0.5174 -0.5807 -0.6285
vn 0.2634 -0.8999 -0.3475
vn 0.0000 0.0000 -1.0000
vn -0.0000 0.5482 -0.8364
vn 0.5174 0.5807 -0.6285
vn 0.6516 0.0000 -0.7586
vn 0.0000 0.8859 -0.4639
vn 0.0000 1.0000 -0.0000
vn 0.2634 0.8999 -0.3475
vn 0.0000 -1.0000 -0.0000
vn 0.0000 -0.8859 -0.4639
vn 0.2634 -0.8999 -0.3475
vn 0.0000 -0.5482 -0.8364
vn 0.0000 0.0000 -1.0000
vn 0.6516 0.0000 -0.7586
vn 0.5174 -0.5807 -0.6285
vn -0.0000 0.5482 -0.8364
vn 0.0000 0.8859 -0.4639
vn 0.2634 0.8999 -0.3475
vn 0.5174 0.5807 -0.6285
vn 0.2634 -0.8999 -0.3475
vn 0.5174 -0.5807 -0.6285
vn 0.7897 -0.6134 -0.0000
vn 0.4006 -0.9163 0.0000
vn 0.6516 0.0000 -0.7586
vn 0.5174 0.5807 -0.6285
vn 0.7897 0.6134 -0.0000
vn 1.0000 0.0000 -0.0000
vn 0.2634 0.8999 -0.3475
vn 0.0000 1.0000 -0.0000
vn 0.4006 0.9163 0.0000
vn 0.0000 -1.0000 -0.0000
vn 0.2634 -0.8999 -0.3475
vn 0.4006 -0.9163 0.0000
vn 0.5174 -0.5807 -0.6285
vn 0.6516 0.0000 -0.7586
vn 1.0000 0.0000 -0.0000
vn 0.7897 -0.6134 -0.0000
vn 0.5174 0.5807 -0.6285
vn 0.2634 0.8999 -0.3475
vn 0.4006 0.9163 0.0000
vn 0.7897 0.6134 -0.0000
vn 1.0000 0.0000 -0.0000
vn 0.7897 0.6134 -0.0000
vn 0.5174 0.5807 0.6285
vn 0.6516 0.0000 0.7586
vn 0.4006 0.9163 0.0000
vn 0.0000 1.0000 -0.0000
vn 0.2634 0.8999 0.3475
vn 0.0000 -1.0000 -0.0000
vn 0.4006 -0.9163 0.0000
vn 0.2634 -0.8999 0.3475
vn 0.7897 -0.6134 -0.0000
vn 1.0000 0.0000 -0.0000
vn 0.6516 0.0000 0.7586
vn 0.5174 -0.5807 0.6285
vn 0.7897 0.6134 -0.0000
vn 0.4006 0.9163 0.0000
vn 0.2634 0.8999 0.3475
vn 0.5174 0.5807 0.6285
vn 0.4006 -0.9163 0.0000
vn 0.7897 -0.6134 -0.0000
vn 0.5174 -0.5807 0.6285
vn 0.2634 -0.8999 0.3475
vn 0.2634 0.8999 0.3475
vn 0.0000 1.0000 -0.0000
vn -0.0000 0.8859 0.4639
vn 0.0000 -1.0000 -0.0000
vn 0.2634 -0.8999 0.3475
vn -0.0000 -0.8859 0.4639
vn 0.5174 -0.5807 0.6285
vn 0.6516 0.0000 0.7586
vn -0.0000 0.0000 1.0000
vn -0.0000 -0.5482 0.8364
vn 0.5174 0.5807 0.6285
vn 0.2634 0.8999 0.3475
vn -0.0000 0.8859 0.4639
vn -0.0000 0.5482 0.8364
vn 0.2634 -0.8999 0.3475
vn 0.5174 -0.5807 0.6285
vn -0.0000 -0.5482 0.8364
vn -0.0000 -0.8859 0.4639
vn 0.6516 0.0000 0.7586
vn 0.5174 0.5807 0.6285
vn -0.0000 0.5482 0.8364
vn -0.0000 0.0000 1.0000
vn -0.0000 -1.0000 -0.0000
vn -0.0000 -0.8859 0.4639
vn -0.2634 -0.8999 0.3475
vn 0.0000 -0.5482 0.8364
vn 0.0000 -0.0000 1.0000
vn -0.6516 0.0000 0.7586
vn -0.5174 -0.5807 0.6285
vn 0.0000 0.5482 0.8364
vn 0.0000 0.8859 0.4639
vn -0.2634 0.8999 0.3475
vn -0.5174 0.5807 0.6285
vn -0.0000 -0.8859 0.4639
vn 0.0000 -0.5482 0.8364
vn -0.5174 -0.5807 0.6285
vn -0.2634 -0.8999 0.3475
vn 0.0000 -0.0000 1.0000
vn 0.0000 0.5482 0.8364
vn -0.5174 0.5807 0.6285
vn -0.6516 0.0000 0.7586
vn 0.0000 0.8859 0.4639
vn 0.0000 1.0000 -0.0000
vn -0.2634 0.8999 0.3475
vn -0.5174 -0.5807 0.6285
vn -0.6516 0.0000 0.7586
vn -1.0000 -0.0000 -0.0000
vn -0.7897 -0.6134 -0.0000
vn -0.5174 0.5807 0.6285
vn -0.2634 0.8999 0.3475
vn -0.4006 0.9163 -0.0000
vn -0.7897 0.6134 -0.0000
vn -0.2634 -0.8999 0.3475
vn -0.5174 -0.5807 0.6285
vn -0.7897 -0.6134 -0.0000
vn -0.4006 -0.9163 0.0000
vn -0.6516 0.0000 0.7586
vn -0.5174 0.5807 0.6285
vn -0.7897 0.6134 -0.0000
vn -1.0000 -0.0000 -0.0000
vn -0.2634 0.8999 0.3475
vn 0.0000 1.0000 -0.0000
vn -0.4006 0.9163 -0.0000
vn -0.0000 -1.0000 -0.0000
vn -0.2634 -0.8999 0.3475
vn -0.4006 -0.9163 0.0000
vn -0.7897 0.6134 -0.0000
vn -0.4006 0.9163 -0.0000
vn -0.2634 0.8999 -0.3475
vn -0.5174 0.5807 -0.6285
vn -0.4006 -0.9163 0.0000
vn -0.7897 -0.6134 -0.0000
vn -0.5174 -0.5807 -0.6285
vn -0.2634 -0.8999 -0.3475
vn -1.0000 -0.0000 -0.0000
vn -0.7897 0.6134 -0.0000
vn -0.5174 0.5807 -0.6285
vn -0.6516 -0.0000 -0.7586
vn -0.4006 0.9163 -0.0000
vn 0.0000 1.0000 -0.0000
vn -0.2634 0.8999 -0.3475
vn -0.0000 -1.0000 -0.0000
vn -0.4006 -0.9163 0.0000
vn -0.2634 -0.8999 -0.3475
vn -0.7897 -0.6134 -0.0000
vn -1.0000 -0.0000 -0.0000
vn -0.6516 -0.0000 -0.7586
vn -0.5174 -0.5807 -0.6285
vn -0.2634 -0.8999 -0.3475
vn -0.5174 -0.5807 -0.6285
vn 0.0000 -0.5482 -0.8364
vn 0.0000 -0.8859 -0.4639
vn -0.6516 -0.0000 -0.7586
vn -0.5174 0.5807 -0.6285
vn 0.0000 0.5482 -0.8364
vn 0.0000 0.0000 -1.0000
vn -0.2634 0.8999 -0.3475
vn 0.0000 1.0000 -0.0000
vn 0.0000 0.8859 -0.4639
vn -0.0000 -1.0000 -0.0000
vn -0.2634 -0.8999 -0.3475
vn 0.0000 -0.8859 -0.4639
vn -0.5174 -0.5807 -0.6285
vn -0.6516 -0.0000 -0.7586
vn 0.0000 0.0000 -1.0000
vn 0.0000 -0.5482 -0.8364
vn -0.5174 0.5807 -0.6285
vn -0.2634 0.8999 -0.3475
vn 0.0000 0.8859 -0.4639
vn 0.0000 0.5482 -0.8364
vn 0.0000 -0.8859 -0.4639
vn 0.0000 -0.5482 -0.8364
vn 0.5174 -0.5807 -0.6285
vn 0.2634 -0.8999 -0.3475
vn 0.0000 0.0000 -1.0000
vn 0.0000 0.5482 -0.8364
vn 0.5174 0.5807 -0.6285
vn 0.6516 -0.0000 -0.7586
vn 0.0000 0.8859 -0.4639
vn 0.0000 1.0000 -0.0000
vn 0.2634 0.8999 -0.3475
vn -0.0000 -1.0000 -0.0000
vn 0.0000 -0.8859 -0.4639
vn 0.2634 -0.8999 -0.3475
vn 0.0000 -0.5482 -0.8364
vn 0.0000 0.0000 -1.0000
vn 0.6516 -0.0000 -0.7586
vn 0.5174 -0.5807 -0.6285
vn 0.0000 0.5482 -0.8364
vn 0.0000 0.8859 -0.4639
vn 0.2634 0.8999 -0.3475
vn 0.5174 0.5807 -0.6285
vn 0.2634 -0.8999 -0.3475
vn 0.5174 -0.5807 -0.6285
vn 0.7897 -0.6134 -0.0000
vn 0.4006 -0.9163 0.0000
vn 0.6516 -0.0000 -0.7586
vn 0.5174 0.5807 -0.6285
vn 0.7897 0.6134 0.0000
vn 1.0000 -0.0000 -0.0000
vn 0.2634 0.8999 -0.3475
vn 0.0000 1.0000 -0.0000
vn 0.4006 0.9163 0.0000
vn -0.0000 -1.0000 -0.0000
vn 0.2634 -0.8999 -0.3475
vn 0.4006 -0.9163 0.0000
vn 0.5174 -0.5807 -0.6285
vn 0.6516 -0.0000 -0.7586
vn 1.0000 -0.0000 -0.0000
vn 0.7897 -0.6134 -0.0000
vn 0.5174 0.5807 -0.6285
vn 0.2634 0.8999 -0.3475
vn 0.4006 0.9163 0.0000
vn 0.7897 0.6134 0.0000
vn 0.4006 -0.9163 0.0000
vn 0.7897 -0.6134 -0.0000
vn 0.5174 -0.5807 0.6285
vn 0.2634 -0.8999 0.3475
vn 1.0000 -0.0000 -0.0000
vn 0.7897 0.6134 0.0000
vn 0.5174 0.5807 0.6285
vn 0.6516 0.0000 0.7586
vn 0.4006 0.9163 0.0000
vn 0.0000 1.0000 -0.0000
vn 0.2634 0.8999 0.3475
vn -0.0000 -1.0000 -0.0000
vn 0.4006 -0.9163 0.0000
vn 0.2634 -0.8999 0.3475
vn 0.7897 -0.6134 -0.0000
vn 1.0000 -0.0000 -0.0000
vn 0.6516 0.0000 0.7586
vn 0.5174 -0.5807 0.6285
vn 0.7897 0.6134 0.0000
vn 0.4006 0.9163 0.0000
vn 0.2634 0.8999 0.3475
vn 0.5174 0.5807 0.6285
vn 0.6516 0.0000 0.7586
vn 0.5174 0.5807 0.6285
vn 0.0000 0.5482 0.8364
vn 0.0000 -0.0000 1.0000
vn 0.2634 0.8999 0.3475
vn 0.0000 1.0000 -0.0000
vn 0.0000 0.8859 0.4639
vn -0.0000 -1.0000 -0.0000
vn 0.2634 -0.8999 0.3475
vn -0.0000 -0.8859 0.4639
vn 0.5174 -0.5807 0.6285
vn 0.6516 0.0000 0.7586
vn 0.0000 -0.0000 1.0000
vn 0.0000 -0.5482 0.8364
vn 0.5174 0.5807 0.6285
vn 0.2634 0.8999 0.3475
vn 0.0000 0.8859 0.4639
vn 0.0000 0.5482 0.8364
vn 0.2634 -0.8999 0.3475
vn 0.5174 -0.5807 0.6285
vn 0.0000 -0.5482 0.8364
vn -0.0000 -0.8859 0.4639
vn 0.0000 0.8859 0.4639
vn -0.0000 1.0000 -0.0000
vn -0.2634 0.8999 0.3475
vn 0.0000 -1.0000 0.0000
vn -0.0000 -0.8859 0.4639
vn -0.2634 -0.8999 0.3475
vn -0.0000 -0.5482 0.8364
vn 0.0000 -0.0000 1.0000
vn -0.6516 0.0000 0.7586
vn -0.5174 -0.5807 0.6285
vn 0.0000 0.5482 0.8364
vn 0.0000 0.8859 0.4639
vn -0.2634 0.8999 0.3475
vn -0.5174 0.5807 0.6285
vn -0.0000 -0.8859 0.4639
vn -0.0000 -0.5482 0.8364
vn -0.5174 -0.5807 0.6285
vn -0.2634 -0.8999 0.3475
vn 0.0000 -0.0000 1.0000
vn 0.0000 0.5482 0.8364
vn -0.5174 0.5807 0.6285
vn -0.6516 0.0000 0.7586
vn 0.0000 -1.0000 0.0000
vn -0.2634 -0.8999 0.3475
vn -0.4006 -0.9163 -0.0000
vn -0.5174 -0.5807 0.6285
vn -0.6516 0.0000 0.7586
vn -1.0000 -0.0000 0.0000
vn -0.7897 -0.6134 0.0000
vn -0.5174 0.5807 0.6285
vn -0.2634 0.8999 0.3475
vn -0.4006 0.9163 -0.0000
vn -0.7897 0.6134 0.0000
vn -0.2634 -0.8999 0.3475
vn -0.5174 -0.5807 0.6285
vn -0.7897 -0.6134 0.0000
vn -0.4006 -0.9163 -0.0000
vn -0.6516 0.0000 0.7586
vn -0.5174 0.5807 0.6285
vn -0.7897 0.6134 0.0000
vn -1.0000 -0.0000 0.0000
vn -0.2634 0.8999 0.3475
vn -0.0000 1.0000 -0.0000
vn -0.4006 0.9163 -0.0000
vn -0.7897 -0.6134 0.0000
vn -1.0000 -0.0000 0.0000
vn -0.6516 -0.0000 -0.7586
vn -0.5174 -0.5807 -0.6285
vn -0.7897 0.6134 0.0000
vn -0.4006 0.9163 -0.0000
vn -0.2634 0.8999 -0.3475
vn -0.5174 0.5807 -0.6285
vn -0.4006 -0.9163 -0.0000
vn -0.7897 -0.6134 0.0000
vn -0.5174 -0.5807 -0.6285
vn -0.2634 -0.8999 -0.3475
vn -1.0000 -0.0000 0.0000
vn -0.7897 0.6134 0.0000
vn -0.5174 0.5807 -0.6285
vn -0.6516 -0.0000 -0.7586
vn -0.4006 0.9163 -0.0000
vn -0.0000 1.0000 -0.0000
vn -0.2634 0.8999 -0.3475
vn 0.0000 -1.0000 0.0000
vn -0.4006 -0.9163 -0.0000
vn -0.2634 -0.8999 -0.3475
vn -0.5174 0.5807 -0.6285
vn -0.2634 0.8999 -0.3475
vn -0.0000 0.8859 -0.4639
vn -0.0000 0.5482 -0.8364
vn -0.2634 -0.8999 -0.3475
vn -0.5174 -0.5807 -0.6285
vn 0.0000 -0.5482 -0.8364
vn 0.0000 -0.8859 -0.4639
vn -0.6516 -0.0000 -0.7586
vn -0.5174 0.5807 -0.6285
vn -0.0000 0.5482 -0.8364
vn 0.0000 0.0000 -1.0000
vn -0.2634 0.8999 -0.3475
vn -0.0000 1.0000 -0.0000
vn -0.0000 0.8859 -0.4639
vn 0.0000 -1.0000 0.0000
vn -0.2634 -0.8999 -0.3475
vn 0.0000 -0.8859 -0.4639
vn -0.5174 -0.5807 -0.6285
vn -0.6516 -0.0000 -0.7586
vn 0.0000 0.0000 -1.0000
vn 0.0000 -0.5482 -0.8364
vn 0.0000 -0.8859 -0.4639
vn 0.0000 -0.5482 -0.8364
vn 0.5174 -0.5807 -0.6285
vn 0.2634 -0.8999 -0.3475
vn 0.0000 0.0000 -1.0000
vn -0.0000 0.5482 -0.8364
vn 0.5174 0.5807 -0.6285
vn 0.6516 0.0000 -0.7586
vn -0.0000 0.8859 -0.4639
vn -0.0000 1.0000 -0.0000
vn 0.2634 0.8999 -0.3475
vn 0.0000 -1.0000 0.0000
vn 0.0000 -0.8859 -0.4639
vn 0.2634 -0.8999 -0.3475
vn 0.0000 -0.5482 -0.8364
vn 0.0000 0.0000 -1.0000
vn 0.6516 0.0000 -0.7586
vn 0.5174 -0.5807 -0.6285
vn -0.0000 0.5482 -0.8364
vn -0.0000 0.8859 -0.4639
vn 0.2634 0.8999 -0.3475
vn 0.5174 0.5807 -0.6285
vn 0.2634 -0.8999 -0.3475
vn 0.5174 -0.5807 -0.6285
vn 0.7897 -0.6134 -0.0000
vn 0.4006 -0.9163 -0.0000
vn 0.6516 0.0000 -0.7586
vn 0.5174 0.5807 -0.6285
vn 0.7897 0.6134 -0.0000
vn 1.0000 0.0000 -0.0000
vn 0.2634 0.8999 -0.3475
vn -0.0000 1.0000 -0.0000
vn 0.4006 0.9163 -0.0000
vn 0.0000 -1.0000 0.0000
vn 0.2634 -0.8999 -0.3475
vn 0.4006 -0.9163 -0.0000
vn 0.5174 -0.5807 -0.6285
vn 0.6516 0.0000 -0.7586
vn 1.0000 0.0000 -0.0000
vn 0.7897 -0.6134 -0.0000
vn 0.5174 0.5807 -0.6285
vn 0.2634 0.8999 -0.3475
vn 0.4006 0.9163 -0.0000
vn 0.7897 0.6134 -0.0000
vn 0.4006 -0.9163 -0.0000
vn 0.7897 -0.6134 -0.0000
vn 0.5174 -0.5807 0.6285
vn 0.2634 -0.8999 0.3475
vn 1.0000 0.0000 -0.0000
vn 0.7897 0.6134 -0.0000
vn 0.5174 0.5807 0.6285
vn 0.6516 -0.0000 0.7586
vn 0.4006 0.9163 -0.0000
vn -0.0000 1.0000 -0.0000
vn 0.2634 0.8999 0.3475
vn 0.0000 -1.0000 0.0000
vn 0.4006 -0.9163 -0.0000
vn 0.2634 -0.8999 0.3475
vn 0.7897 -0.6134 -0.0000
vn 1.0000 0.0000 -0.0000
vn 0.6516 -0.0000 0.7586
vn 0.5174 -0.5807 0.6285
vn 0.7897 0.6134 -0.0000
vn 0.4006 0.9163 -0.0000
vn 0.2634 0.8999 0.3475
vn 0.5174 0.5807 0.6285
vn 0.2634 -0.8999 0.3475
vn 0.5174 -0.5807 0.6285
vn -0.0000 -0.5482 0.8364
vn -0.0000 -0.8859 0.4639
vn 0.6516 -0.0000 0.7586
vn 0.5174 0.5807 0.6285
vn 0.0000 0.5482 0.8364
vn 0.0000 -0.0000 1.0000
vn 0.2634 0.8999 0.3475
vn -0.0000 1.0000 -0.0000
vn 0.0000 0.8859 0.4639
vn 0.0000 -1.0000 0.0000
vn 0.2634 -0.8999 0.3475
vn -0.0000 -0.8859 0.4639
vn 0.5174 -0.5807 0.6285
vn 0.6516 -0.0000 0.7586
vn 0.0000 -0.0000 1.0000
vn -0.0000 -0.5482 0.8364
vn 0.5174 0.5807 0.6285
vn 0.2634 0.8999 0.3475
vn 0.0000 0.8859 0.4639
vn 0.0000 0.5482 0.8364
vn -0.0000 0.0000 1.0000
vn -0.0000 0.5482 0.8364
vn -0.5174 0.5807 0.6285
vn -0.6516 0.0000 0.7586
vn 0.0000 0.8859 0.4639
vn -0.0000 1.0000 0.0000
vn -0.2634 0.8999 0.3475
vn -0.0000 -1.0000 0.0000
vn 0.0000 -0.8859 0.4639
vn -0.2634 -0.8999 0.3475
vn -0.0000 -0.5482 0.8364
vn -0.0000 0.0000 1.0000
vn -0.6516 0.0000 0.7586
vn -0.5174 -0.5807 0.6285
vn -0.0000 0.5482 0.8364
vn 0.0000 0.8859 0.4639
vn -0.2634 0.8999 0.3475
vn -0.5174 0.5807 0.6285
vn 0.0000 -0.8859 0.4639
vn -0.0000 -0.5482 0.8364
vn -0.5174 -0.5807 0.6285
vn -0.2634 -0.8999 0.3475
vn -0.0000 -1.0000 0.0000
vn -0.2634 -0.8999 0.3475
vn -0.4006 -0.9163 -0.0000
vn -0.5174 -0.5807 0.6285
vn -0.6516 0.0000 0.7586
vn -1.0000 0.0000 0.0000
vn -0.7897 -0.6134 -0.0000
vn -0.5174 0.5807 0.6285
vn -0.2634 0.8999 0.3475
vn -0.4006 0.9163 -0.0000
vn -0.7897 0.6134 0.0000
vn -0.2634 -0.8999 0.3475
vn -0.5174 -0.5807 0.6285
vn -0.7897 -0.6134 -0.0000
vn -0.4006 -0.9163 -0.0000
vn -0.6516 0.0000 0.7586
vn -0.5174 0.5807 0.6285
vn -0.7897 0.6134 0.0000
vn -1.0000 0.0000 0.0000
vn -0.2634 0.8999 0.3475
vn -0.0000 1.0000 0.0000
vn -0.4006 0.9163 -0.0000
vn -0.0000 -1.0000 0.0000
vn -0.4006 -0.9163 -0.0000
vn -0.2634 -0.8999 -0.3475
vn -0.7897 -0.6134 -0.0000
vn -1.0000 0.0000 0.0000
vn -0.6516 0.0000 -0.7586
vn -0.5174 -0.5807 -0.6285
vn -0.7897 0.6134 0.0000
vn -0.4006 0.9163 -0.0000
vn -0.2634 0.8999 -0.3475
vn -0.5174 0.5807 -0.6285
vn -0.4006 -0.9163 -0.0000
vn -0.7897 -0.6134 -0.0000
vn -0.5174 -0.5807 -0.6285
vn -0.2634 -0.8999 -0.3475
vn -1.0000 0.0000 0.0000
vn -0.7897 0.6134 0.0000
vn -0.5174 0.5807 -0.6285
vn -0.6516 0.0000 -0.7586
vn -0.4006 0.9163 -0.0000
vn -0.0000 1.0000 0.0000
vn -0.2634 0.8999 -0.3475
vn -0.5174 -0.5807 -0.6285
vn -0.6516 0.0000 -0.7586
vn 0.0000 0.0000 -1.0000
vn -0.0000 -0.5482 -0.8364
vn -0.5174 0.5807 -0.6285
vn -0.2634 0.8999 -0.3475
vn -0.0000 0.8859 -0.4639
vn 0.0000 0.5482 -0.8364
vn -0.2634 -0.8999 -0.3475
vn -0.5174 -0.5807 -0.6285
vn -0.0000 -0.5482 -0.8364
vn -0.0000 -0.8859 -0.4639
vn -0.6516 0.0000 -0.7586
vn -0.5174 0.5807 -0.6285
vn 0.0000 0.5482 -0.8364
vn 0.0000 0.0000 -1.0000
vn -0.2634 0.8999 -0.3475
vn -0.0000 1.0000 0.0000
vn -0.0000 0.8859 -0.4639
vn -0.0000 -1.0000 0.0000
vn -0.2634 -0.8999 -0.3475
vn -0.0000 -0.8859 -0.4639
vn 0.0000 0.5482 -0.8364
vn -0.0000 0.8859 -0.4639
vn 0.2634 0.8999 -0.3475
vn 0.5174 0.5807 -0.6285
vn -0.0000 -0.8859 -0.4639
vn -0.0000 -0.5482 -0.8364
vn 0.5174 -0.5807 -0.6285
vn 0.2634 -0.8999 -0.3475
vn 0.0000 0.0000 -1.0000
vn 0.0000 0.5482 -0.8364
vn 0.5174 0.5807 -0.6285
vn 0.6516 0.0000 -0.7586
vn -0.0000 0.8859 -0.4639
vn -0.0000 1.0000 0.0000
vn 0.2634 0.8999 -0.3475
vn -0.0000 -1.0000 0.0000
vn -0.0000 -0.8859 -0.4639
vn 0.2634 -0.8999 -0.3475
vn -0.0000 -0.5482 -0.8364
vn 0.0000 0.0000 -1.0000
vn 0.6516 0.0000 -0.7586
vn 0.5174 -0.5807 -0.6285
vn 0.2634 -0.8999 -0.3475
vn 0.5174 -0.5807 -0.6285
vn 0.7897 -0.6134 0.0000
vn 0.4006 -0.9163 -0.0000
vn 0.6516 0.0000 -0.7586
vn 0.5174 0.5807 -0.6285
vn 0.7897 0.6134 -0.0000
vn 1.0000 0.0000 0.0000
vn 0.2634 0.8999 -0.3475
vn -0.0000 1.0000 0.0000
vn 0.4006 0.9163 -0.0000
vn -0.0000 -1.0000 0.0000
vn 0.2634 -0.8999 -0.3475
vn 0.4006 -0.9163 -0.0000
vn 0.5174 -0.5807 -0.6285
vn 0.6516 0.0000 -0.7586
vn 1.0000 0.0000 0.0000
vn 0.7897 -0.6134 0.0000
vn 0.5174 0.5807 -0.6285
vn 0.2634 0.8999 -0.3475
vn 0.4006 0.9163 -0.0000
vn 0.7897 0.6134 -0.0000
vn 0.4006 -0.9163 -0.0000
vn 0.7897 -0.6134 0.0000
vn 0.5174 -0.5807 0.6285
vn 0.2634 -0.8999 0.3475
vn 1.0000 0.0000 0.0000
vn 0.7897 0.6134 -0.0000
vn 0.5174 0.5807 0.6285
vn 0.6516 0.0000 0.7586
vn 0.4006 0.9163 -0.0000
vn -0.0000 1.0000 0.0000
vn 0.2634 0.8999 0.3475
vn -0.0000 -1.0000 0.0000
vn 0.4006 -0.9163 -0.0000
vn 0.2634 -0.8999 0.3475
vn 0.7897 -0.6134 0.0000
vn 1.0000 0.0000 0.0000
vn 0.6516 0.0000 0.7586
vn 0.5174 -0.5807 0.6285
vn 0.7897 0.6134 -0.0000
vn 0.4006 0.9163 -0.0000
vn 0.2634 0.8999 0.3475
vn 0.5174 0.5807 0.6285
vn 0.2634 -0.8999 0.3475
vn 0.5174 -0.5807 0.6285
vn -0.0000 -0.5482 0.8364
vn 0.0000 -0.8859 0.4639
vn 0.6516 0.0000 0.7586
vn 0.5174 0.5807 0.6285
vn -0.0000 0.5482 0.8364
vn -0.0000 0.0000 1.0000
vn 0.2634 0.8999 0.3475
vn -0.0000 1.0000 0.0000
vn 0.0000 0.8859 0.4639
vn -0.0000 -1.0000 0.0000
vn 0.2634 -0.8999 0.3475
vn 0.0000 -0.8859 0.4639
vn 0.5174 -0.5807 0.6285
vn 0.6516 0.0000 0.7586
vn -0.0000 0.0000 1.0000
vn -0.0000 -0.5482 0.8364
vn 0.5174 0.5807 0.6285
vn 0.2634 0.8999 0.3475
vn 0.0000 0.8859 0.4639
vn -0.0000 0.5482 0.8364
vn 0.0000 -0.8859 0.4639
vn -0.0000 -0.5482 0.8364
vn -0.5174 -0.5807 0.6285
vn -0.2634 -0.8999 0.3475
vn 0.0000 -0.0000 1.0000
vn 0.0000 0.5482 0.8364
vn -0.5174 0.5807 0.6285
vn -0.6516 0.0000 0.7586
vn 0.0000 0.8859 0.4639
vn 0.0000 1.0000 -0.0000
vn -0.2634 0.8999 0.3475
vn 0.0000 -1.0000 -0.0000
vn 0.0000 -0.8859 0.4639
vn -0.2634 -0.8999 0.3475
vn -0.0000 -0.5482 0.8364
vn 0.0000 -0.0000 1.0000
vn -0.6516 0.0000 0.7586
vn -0.5174 -0.5807 0.6285
vn 0.0000 0.5482 0.8364
vn 0.0000 0.8859 0.4639
vn -0.2634 0.8999 0.3475
vn -0.5174 0.5807 0.6285
vn 0.0000 -1.0000 -0.0000
vn -0.2634 -0.8999 0.3475
vn -0.4006 -0.9163 0.0000
vn -0.5174 -0.5807 0.6285
vn -0.6516 0.0000 0.7586
vn -1.0000 0.0000 -0.0000
vn -0.7897 -0.6134 -0.0000
vn -0.5174 0.5807 0.6285
vn -0.2634 0.8999 0.3475
vn -0.4006 0.9163 -0.0000
vn -0.7897 0.6134 -0.0000
vn -0.2634 -0.8999 0.3475
vn -0.5174 -0.5807 0.6285
vn -0.7897 -0.6134 -0.0000
vn -0.4006 -0.9163 0.0000
vn -0.6516 0.0000 0.7586
vn -0.5174 0.5807 0.6285
vn -0.7897 0.6134 -0.0000
vn -1.0000 0.0000 -0.0000
vn -0.2634 0.8999 0.3475
vn 0.0000 1.0000 -0.0000
vn -0.4006 0.9163 -0.0000
vn 0.0000 -1.0000 -0.0000
vn -0.4006 -0.9163 0.0000
vn -0.2634 -0.8999 -0.3475
vn -0.7897 -0.6134 -0.0000
vn -1.0000 0.0000 -0.0000
vn -0.6516 0.0000 -0.7586
vn -0.5174 -0.5807 -0.6285
vn -0.7897 0.6134 -0.0000
vn -0.4006 0.9163 -0.0000
vn -0.2634 0.8999 -0.3475
vn -0.5174 0.5807 -0.6285
vn -0.4006 -0.9163 0.0000
vn -0.7897 -0.6134 -0.0000
vn -0.5174 -0.5807 -0.6285
vn -0.2634 -0.8999 -0.3475
vn -1.0000 0.0000 -0.0000
vn -0.7897 0.6134 -0.0000
vn -0.5174 0.5807 -0.6285
vn -0.6516 0.0000 -0.7586
vn -0.4006 0.9163 -0.0000
vn 0.0000 1.0000 -0.0000
vn -0.2634 0.8999 -0.3475
vn 0.0000 -1.0000 -0.0000
vn -0.2634 -0.8999 -0.3475
vn -0.0000 -0.8859 -0.4639
vn -0.5174 -0.5807 -0.6285
vn -0.6516 0.0000 -0.7586
vn -0.0000 -0.0000 -1.0000
vn -0.0000 -0.5482 -0.8364
vn -0.5174 0.5807 -0.6285
vn -0.2634 0.8999 -0.3475
vn -0.0000 0.8859 -0.4639
vn -0.0000 0.5482 -0.8364
vn -0.2634 -0.8999 -0.3475
vn -0.5174 -0.5807 -0.6285
vn -0.0000 -0.5482 -0.8364
vn -0.0000 -0.8859 -0.4639
vn -0.6516 0.0000 -0.7586
vn -0.5174 0.5807 -0.6285
vn -0.0000 0.5482 -0.8364
vn -0.0000 -0.0000 -1.0000
vn -0.2634 0.8999 -0.3475
vn 0.0000 1.0000 -0.0000
vn -0.0000 0.8859 -0.4639
vn -0.0000 -0.5482 -0.8364
vn -0.0000 -0.0000 -1.0000
vn 0.6516 0.0000 -0.7586
vn 0.5174 -0.5807 -0.6285
vn -0.0000 0.5482 -0.8364
vn -0.0000 0.8859 -0.4639
vn 0.2634 0.8999 -0.3475
vn 0.5174 0.5807 -0.6285
vn -0.0000 -0.8859 -0.4639
vn -0.0000 -0.5482 -0.8364
vn 0.5174 -0.5807 -0.6285
vn 0.2634 -0.8999 -0.3475
vn -0.0000 -0.0000 -1.0000
vn -0.0000 0.5482 -0.8364
vn 0.5174 0.5807 -0.6285
vn 0.6516 0.0000 -0.7586
vn -0.0000 0.8859 -0.4639
vn 0.0000 1.0000 -0.0000
vn 0.2634 0.8999 -0.3475
vn 0.0000 -1.0000 -0.0000
vn -0.0000 -0.8859 -0.4639
vn 0.2634 -0.8999 -0.3475
vn 0.5174 0.5807 -0.6285
vn 0.2634 0.8999 -0.3475
vn 0.4006 0.9163 0.0000
vn 0.7897 0.6134 -0.0000
vn 0.2634 -0.8999 -0.3475
vn 0.5174 -0.5807 -0.6285
vn 0.7897 -0.6134 0.0000
vn 0.4006 -0.9163 -0.0000
vn 0.6516 0.0000 -0.7586
vn 0.5174 0.5807 -0.6285
vn 0.7897 0.6134 -0.0000
vn 1.0000 0.0000 0.0000
vn 0.2634 0.8999 -0.3475
vn 0.0000 1.0000 -0.0000
vn 0.4006 0.9163 0.0000
vn 0.0000 -1.0000 -0.0000
vn 0.2634 -0.8999 -0.3475
vn 0.4006 -0.9163 -0.0000
vn 0.5174 -0.5807 -0.6285
vn 0.6516 0.0000 -0.7586
vn 1.0000 0.0000 0.0000
vn 0.7897 -0.6134 0.0000
vn 0.4006 -0.9163 -0.0000
vn 0.7897 -0.6134 0.0000
vn 0.5174 -0.5807 0.6285
vn 0.2634 -0.8999 0.3475
vn 1.0000 0.0000 0.0000
vn 0.7897 0.6134 -0.0000
vn 0.5174 0.5807 0.6285
vn 0.6516 0.0000 0.7586
vn 0.4006 0.9163 0.0000
vn 0.0000 1.0000 -0.0000
vn 0.2634 0.8999 0.3475
vn 0.0000 -1.0000 -0.0000
vn 0.4006 -0.9163 -0.0000
vn 0.2634 -0.8999 0.3475
vn 0.7897 -0.6134 0.0000
vn 1.0000 0.0000 0.0000
vn 0.6516 0.0000 0.7586
vn 0.5174 -0.5807 0.6285
vn 0.7897 0.6134 -0.0000
vn 0.4006 0.9163 0.0000
vn 0.2634 0.8999 0.3475
vn 0.5174 0.5807 0.6285
vn 0.2634 -0.8999 0.3475
vn 0.5174 -0.5807 0.6285
vn -0.0000 -0.5482 0.8364
vn 0.0000 -0.8859 0.4639
vn 0.6516 0.0000 0.7586
vn 0.5174 0.5807 0.6285
vn 0.0000 0.5482 0.8364
vn 0.0000 -0.0000 1.0000
vn 0.2634 0.8999 0.3475
vn 0.0000 1.0000 -0.0000
vn 0.0000 0.8859 0.4639
vn 0.0000 -1.0000 -0.0000
vn 0.2634 -0.8999 0.3475
vn 0.0000 -0.8859 0.4639
vn 0.5174 -0.5807 0.6285
vn 0.6516 0.0000 0.7586
vn 0.0000 -0.0000 1.0000
vn -0.0000 -0.5482 0.8364
vn 0.5174 0.5807 0.6285
vn 0.2634 0.8999 0.3475
vn 0.0000 0.8859 0.4639
vn 0.0000 0.5482 0.8364
vn 0.0000 -0.8859 0.4639
vn 0.0000 -0.5482 0.8364
vn -0.5174 -0.5807 0.6285
vn -0.2634 -0.8999 0.3475
vn -0.0000 -0.0000 1.0000
vn 0.0000 0.5482 0.8364
vn -0.5174 0.5807 0.6285
vn -0.6516 -0.0000 0.7586
vn 0.0000 0.8859 0.4639
vn -0.0000 1.0000 -0.0000
vn -0.2634 0.8999 0.3475
vn 0.0000 -1.0000 -0.0000
vn 0.0000 -0.8859 0.4639
vn -0.2634 -0.8999 0.3475
vn 0.0000 -0.5482 0.8364
vn -0.0000 -0.0000 1.0000
vn -0.6516 -0.0000 0.7586
vn -0.5174 -0.5807 0.6285
vn 0.0000 0.5482 0.8364
vn 0.0000 0.8859 0.4639
vn -0.2634 0.8999 0.3475
vn -0.5174 0.5807 0.6285
vn -0.2634 0.8999 0.3475
vn -0.0000 1.0000 -0.0000
vn -0.4006 0.9163 -0.0000
vn 0.0000 -1.0000 -0.0000
vn -0.2634 -0.8999 0.3475
vn -0.4006 -0.9163 0.0000
vn -0.5174 -0.5807 0.6285
vn -0.6516 -0.0000 0.7586
vn -1.0000 -0.0000 -0.0000
vn -0.7897 -0.6134 0.0000
vn -0.5174 0.5807 0.6285
vn -0.2634 0.8999 0.3475
vn -0.4006 0.9163 -0.0000
vn -0.7897 0.6134 -0.0000
vn -0.2634 -0.8999 0.3475
vn -0.5174 -0.5807 0.6285
vn -0.7897 -0.6134 0.0000
vn -0.4006 -0.9163 0.0000
vn -0.6516 -0.0000 0.7586
vn -0.5174 0.5807 0.6285
vn -0.7897 0.6134 -0.0000
vn -1.0000 -0.0000 -0.0000
vn 0.0000 -1.0000 -0.0000
vn -0.4006 -0.9163 0.0000
vn -0.2634 -0.8999 -0.3475
vn -0.7897 -0.6134 0.0000
vn -1.0000 -0.0000 -0.0000
vn -0.6516 -0.0000 -0.7586
vn -0.5174 -0.5807 -0.6285
vn -0.7897 0.6134 -0.0000
vn -0.4006 0.9163 -0.0000
vn -0.2634 0.8999 -0.3475
vn -0.5174 0.5807 -0.6285
vn -0.4006 -0.9163 0.0000
vn -0.7897 -0.6134 0.0000
vn -0.5174 -0.5807 -0.6285
vn -0.2634 -0.8999 -0.3475
vn -1.0000 -0.0000 -0.0000
vn -0.7897 0.6134 -0.0000
vn -0.5174 0.5807 -0.6285
vn -0.6516 -0.0000 -0.7586
vn -0.4006 0.9163 -0.0000
vn -0.0000 1.0000 -0.0000
vn -0.2634 0.8999 -0.3475
vn 0.0000 -1.0000 -0.0000
vn -0.2634 -0.8999 -0.3475
vn -0.0000 -0.8859 -0.4639
vn -0.5174 -0.5807 -0.6285
vn -0.6516 -0.0000 -0.7586
vn 0.0000 -0.0000 -1.0000
vn -0.0000 -0.5482 -0.8364
vn -0.5174 0.5807 -0.6285
vn -0.2634 0.8999 -0.3475
vn -0.0000 0.8859 -0.4639
vn -0.0000 0.5482 -0.8364
vn -0.2634 -0.8999 -0.3475
vn -0.5174 -0.5807 -0.6285
vn -0.0000 -0.5482 -0.8364
vn -0.0000 -0.8859 -0.4639
vn -0.6516 -0.0000 -0.7586
vn -0.5174 0.5807 -0.6285
vn -0.0000 0.5482 -0.8364
vn 0.0000 -0.0000 -1.0000
vn -0.2634 0.8999 -0.3475
vn -0.0000 1.0000 -0.0000
vn -0.0000 0.8859 -0.4639
vn 0.0000 -1.0000 -0.0000
vn -0.0000 -0.8859 -0.4639
vn 0.2634 -0.8999 -0.3475
vn -0.0000 -0.5482 -0.8364
vn 0.0000 -0.0000 -1.0000
vn 0.6516 -0.0000 -0.7586
vn 0.5174 -0.5807 -0.6285
vn -0.0000 0.5482 -0.8364
vn -0.0000 0.8859 -0.4639
vn 0.2634 0.8999 -0.3475
vn 0.5174 0.5807 -0.6285
vn -0.0000 -0.8859 -0.4639
vn -0.0000 -0.5482 -0.8364
vn 0.5174 -0.5807 -0.6285
vn 0.2634 -0.8999 -0.3475
vn 0.0000 -0.0000 -1.0000
vn -0.0000 0.5482 -0.8364
vn 0.5174 0.5807 -0.6285
vn 0.6516 -0.0000 -0.7586
vn -0.0000 0.8859 -0.4639
vn -0.0000 1.0000 -0.0000
vn 0.2634 0.8999 -0.3475
vn 0.5174 -0.5807 -0.6285
vn 0.6516 -0.0000 -0.7586
vn 1.0000 -0.0000 0.0000
vn 0.7897 -0.6134 -0.0000
vn 0.5174 0.5807 -0.6285
vn 0.2634 0.8999 -0.3475
vn 0.4006 0.9163 -0.0000
vn 0.7897 0.6134 0.0000
vn 0.2634 -0.8999 -0.3475
vn 0.5174 -0.5807 -0.6285
vn 0.7897 -0.6134 -0.0000
vn 0.4006 -0.9163 -0.0000
vn 0.6516 -0.0000 -0.7586
vn 0.5174 0.5807 -0.6285
vn 0.7897 0.6134 0.0000
vn 1.0000 -0.0000 0.0000
vn 0.2634 0.8999 -0.3475
vn -0.0000 1.0000 -0.0000
vn 0.4006 0.9163 -0.0000
vn 0.0000 -1.0000 -0.0000
vn 0.2634 -0.8999 -0.3475
vn 0.4006 -0.9163 -0.0000
vn 0.7897 0.6134 0.0000
vn 0.4006 0.9163 -0.0000
vn 0.2634 0.8999 0.3475
vn 0.5174 0.5807 0.6285
vn 0.4006 -0.9163 -0.0000
vn 0.7897 -0.6134 -0.0000
vn 0.5174 -0.5807 0.6285
vn 0.2634 -0.8999 0.3475
vn 1.0000 -0.0000 0.0000
vn 0.7897 0.6134 0.0000
vn 0.5174 0.5807 0.6285
vn 0.6516 -0.0000 0.7586
vn 0.4006 0.9163 -0.0000
vn -0.0000 1.0000 -0.0000
vn 0.2634 0.8999 0.3475
vn 0.0000 -1.0000 -0.0000
vn 0.4006 -0.9163 -0.0000
vn 0.2634 -0.8999 0.3475
vn 0.7897 -0.6134 -0.0000
vn 1.0000 -0.0000 0.0000
vn 0.6516 -0.0000 0.7586
vn 0.5174 -0.5807 0.6285
vn 0.2634 -0.8999 0.3475
vn 0.5174 -0.5807 0.6285
vn 0.0000 -0.5482 0.8364
vn 0.0000 -0.8859 0.4639
vn 0.6516 -0.0000 0.7586
vn 0.5174 0.5807 0.6285
vn 0.0000 0.5482 0.8364
vn -0.0000 -0.0000 1.0000
vn 0.2634 0.8999 0.3475
vn -0.0000 1.0000 -0.0000
vn 0.0000 0.8859 0.4639
vn 0.0000 -1.0000 -0.0000
vn 0.2634 -0.8999 0.3475
vn 0.0000 -0.8859 0.4639
vn 0.5174 -0.5807 0.6285
vn 0.6516 -0.0000 0.7586
vn -0.0000 -0.0000 1.0000
vn 0.0000 -0.5482 0.8364
vn 0.5174 0.5807 0.6285
vn 0.2634 0.8999 0.3475
vn 0.0000 0.8859 0.4639
vn 0.0000 0.5482 0.8364
f 474/1/1 475/2/2 473/3/3 479/4/4
f 476/5/5 477/6/6 473/7/7 475/8/8
f 478/9/9 479/10/10 473/11/11 477/12/12
f 50/13/13 71/14/14 474/15/15 79/16/16
f 71/17/17 72/18/18 475/19/19 474/20/20
f 79/21/21 474/22/22 479/23/23 78/24/24
f 40/25/25 74/26/26 476/27/27 73/28/28
f 74/29/29 75/30/30 477/31/31 476/32/32
f 73/33/33 476/34/34 475/35/35 72/36/36
f 18/37/37 77/38/38 478/39/39 76/40/40
f 77/41/41 78/42/42 479/43/43 478/44/44
f 76/45/45 478/46/46 477/47/47 75/48/48
f 480/49/49 481/50/50 484/51/51 483/52/52
f 481/53/53 482/54/54 485/55/55 484/56/56
f 483/57/57 484/58/58 487/59/59 486/60/60
f 484/61/61 485/62/62 488/63/63 487/64/64
f 6/65/65 242/66/66 480/67/67 239/68/68
f 242/69/69 243/70/70 481/71/71 480/72/72
f 243/73/73 244/74/74 482/75/75 481/76/76
f 244/77/77 7/78/78 245/79/79 482/80/80
f 482/81/81 245/82/82 246/83/83 485/84/84
f 485/85/85 246/86/86 247/87/87 488/88/88
f 488/89/89 247/90/90 3/91/91 139/92/92
f 487/93/93 488/94/94 139/95/95 138/96/96
f 486/97/97 487/98/98 138/99/99 137/100/100
f 241/101/101 486/102/102 137/103/103 2/104/104
f 240/105/105 483/106/106 486/107/107 241/108/108
f 239/109/109 480/110/110 483/111/111 240/112/112
f 489/113/113 490/114/114 493/115/115 492/116/116
f 490/117/117 491/118/118 494/119/119 493/120/120
f 492/121/121 493/122/122 496/123/123 495/124/124
f 493/125/125 494/126/126 497/127/127 496/128/128
f 19/129/129 194/130/130 489/131/131 124/132/132
f 194/133/133 195/134/134 490/135/135 489/136/136
f 195/137/137 196/138/138 491/139/139 490/140/140
f 196/141/141 70/142/142 206/143/143 491/144/144
f 491/145/145 206/146/146 207/147/147 494/148/148
f 494/149/149 207/150/150 208/151/151 497/152/152
f 497/153/153 208/154/154 69/155/155 191/156/156
f 496/157/157 497/158/158 191/159/159 192/160/160
f 495/161/161 496/162/162 192/163/163 193/164/164
f 122/165/165 495/166/166 193/167/167 39/168/168
f 123/169/169 492/170/170 495/171/171 122/172/172
f 124/173/173 489/174/174 492/175/175 123/176/176
f 498/177/177 499/178/178 502/179/179 501/180/180
f 499/181/181 500/182/182 503/183/183 502/184/184
f 501/185/185 502/186/186 505/187/187 504/188/188
f 502/189/189 503/190/190 506/191/191 505/192/192
f 28/193/193 104/194/194 498/195/195 109/196/196
f 104/197/197 105/198/198 499/199/199 498/200/200
f 105/201/201 106/202/202 500/203/203 499/204/204
f 106/205/205 27/206/206 92/207/207 500/208/208
f 500/209/209 92/210/210 93/211/211 503/212/212
f 503/213/213 93/214/214 94/215/215 506/216/216
f 506/217/217 94/218/218 26/219/219 80/220/220
f 505/221/221 506/222/222 80/223/223 81/224/224
f 504/225/225 505/226/226 81/227/227 82/228/228
f 107/229/229 504/230/230 82/231/231 25/232/232
f 108/233/233 501/234/234 504/235/235 107/236/236
f 109/237/237 498/238/238 501/239/239 108/240/240
f 507/241/241 508/242/242 511/243/243 510/244/244
f 508/245/245 509/246/246 512/247/247 511/248/248
f 510/249/249 511/250/250 514/251/251 513/252/252
f 511/253/253 512/254/254 515/255/255 514/256/256
f 5/257/257 236/258/258 507/259/259 235/260/260
f 236/261/261 237/262/262 508/263/263 507/264/264
f 237/265/265 238/266/266 509/267/267 508/268/268
f 238/269/269 6/270/270 239/271/271 509/272/272
f 509/273/273 239/274/274 240/275/275 512/276/276
f 512/277/277 240/278/278 241/279/279 515/280/280
f 515/281/281 241/282/282 2/283/283 142/284/284
f 514/285/285 515/286/286 142/287/287 141/288/288
f 513/289/289 514/290/290 141/291/291 140/292/292
f 233/293/293 513/294/294 140/295/295 1/296/296
f 234/297/297 510/298/298 513/299/299 233/300/300
f 235/301/301 507/302/302 510/303/303 234/304/304
f 516/305/305 517/306/306 520/307/307 519/308/308
f 517/309/309 518/310/310 521/311/311 520/312/312
f 519/313/313 520/314/314 523/315/315 522/316/316
f 520/317/317 521/318/318 524/319/319 523/320/320
f 44/321/321 224/322/322 516/323/323 223/324/324
f 224/325/325 225/326/326 517/327/327 516/328/328
f 225/329/329 226/330/330 518/331/331 517/332/332
f 226/333/333 43/334/334 227/335/335 518/336/336
f 518/337/337 227/338/338 228/339/339 521/340/340
f 521/341/341 228/342/342 229/343/343 524/344/344
f 524/345/345 229/346/346 42/347/347 230/348/348
f 523/349/349 524/350/350 230/351/351 231/352/352
f 522/353/353 523/354/354 231/355/355 232/356/356
f 221/357/357 522/358/358 232/359/359 41/360/360
f 222/361/361 519/362/362 522/363/363 221/364/364
f 223/365/365 516/366/366 519/367/367 222/368/368
f 525/369/369 526/370/370 529/371/371 528/372/372
f 526/373/373 527/374/374 530/375/375 529/376/376
f 528/377/377 529/378/378 532/379/379 531/380/380
f 529/381/381 530/382/382 533/383/383 532/384/384
f 36/385/385 212/386/386 525/387/387 211/388/388
f 212/389/389 213/390/390 526/391/391 525/392/392
f 213/393/393 214/394/394 527/395/395 526/396/396
f 214/397/397 35/398/398 215/399/399 527/400/400
f 527/401/401 215/402/402 216/403/403 530/404/404
f 530/405/405 216/406/406 217/407/407 533/408/408
f 533/409/409 217/410/410 34/411/411 218/412/412
f 532/413/413 533/414/414 218/415/415 219/416/416
f 531/417/417 532/418/418 219/419/419 220/420/420
f 209/421/421 531/422/422 220/423/423 33/424/424
f 210/425/425 528/426/426 531/427/427 209/428/428
f 211/429/429 525/430/430 528/431/431 210/432/432
f 534/433/433 535/434/434 538/435/435 537/436/436
f 535/437/437 536/438/438 539/439/439 538/440/440
f 537/441/441 538/442/442 541/443/443 540/444/444
f 538/445/445 539/446/446 542/447/447 541/448/448
f 17/449/449 98/450/450 534/451/451 95/452/452
f 98/453/453 99/454/454 535/455/455 534/456/456
f 99/457/457 100/458/458 536/459/459 535/460/460
f 100/461/461 49/462/462 101/463/463 536/464/464
f 536/465/465 101/466/466 102/467/467 539/468/468
f 539/469/469 102/470/470 103/471/471 542/472/472
f 542/473/473 103/474/474 50/475/475 79/476/476
f 541/477/477 542/478/478 79/479/479 78/480/480
f 540/481/481 541/482/482 78/483/483 77/484/484
f 97/485/485 540/486/486 77/487/487 18/488/488
f 96/489/489 537/490/490 540/491/491 97/492/492
f 95/493/493 534/494/494 537/495/495 96/496/496
f 543/497/497 544/498/498 547/499/499 546/500/500
f 544/501/501 545/502/502 548/503/503 547/504/504
f 546/505/505 547/506/506 550/507/507 549/508/508
f 547/509/509 548/510/510 551/511/511 550/512/512
f 51/513/513 118/514/514 543/515/515 131/516/516
f 118/517/517 117/518/518 544/519/519 543/520/520
f 117/521/521 116/522/522 545/523/523 544/524/524
f 116/525/525 52/526/526 134/527/527 545/528/528
f 545/529/529 134/530/530 135/531/531 548/532/532
f 548/533/533 135/534/534 136/535/535 551/536/536
f 551/537/537 136/538/538 20/539/539 88/540/540
f 550/541/541 551/542/542 88/543/543 87/544/544
f 549/545/545 550/546/546 87/547/547 86/548/548
f 133/549/549 549/550/550 86/551/551 19/552/552
f 132/553/553 546/554/554 549/555/555 133/556/556
f 131/557/557 543/558/558 546/559/559 132/560/560
f 552/561/561 553/562/562 556/563/563 555/564/564
f 553/565/565 554/566/566 557/567/567 556/568/568
f 555/569/569 556/570/570 559/571/571 558/572/572
f 556/573/573 557/574/574 560/575/575 559/576/576
f 39/577/577 193/578/578 552/579/579 127/580/580
f 193/581/581 192/582/582 553/583/583 552/584/584
f 192/585/585 191/586/586 554/587/587 553/588/588
f 191/589/589 69/590/590 197/591/591 554/592/592
f 554/593/593 197/594/594 198/595/595 557/596/596
f 557/597/597 198/598/598 199/599/599 560/600/600
f 560/601/601 199/602/602 68/603/603 187/604/604
f 559/605/605 560/606/606 187/607/607 186/608/608
f 558/609/609 559/610/610 186/611/611 185/612/612
f 125/613/613 558/614/614 185/615/615 40/616/616
f 126/617/617 555/618/618 558/619/619 125/620/620
f 127/621/621 552/622/622 555/623/623 126/624/624
f 561/625/625 562/626/626 565/627/627 564/628/628
f 562/629/629 563/630/630 566/631/631 565/632/632
f 564/633/633 565/634/634 568/635/635 567/636/636
f 565/637/637 566/638/638 569/639/639 568/640/640
f 40/641/641 185/642/642 561/643/643 74/644/644
f 185/645/645 186/646/646 562/647/647 561/648/648
f 186/649/649 187/650/650 563/651/651 562/652/652
f 187/653/653 68/654/654 200/655/655 563/656/656
f 563/657/657 200/658/658 201/659/659 566/660/660
f 566/661/661 201/662/662 202/663/663 569/664/664
f 569/665/665 202/666/666 37/667/667 190/668/668
f 568/669/669 569/670/670 190/671/671 189/672/672
f 567/673/673 568/674/674 189/675/675 188/676/676
f 76/677/677 567/678/678 188/679/679 18/680/680
f 75/681/681 564/682/682 567/683/683 76/684/684
f 74/685/685 561/686/686 564/687/687 75/688/688
f 571/689/689 572/690/690 570/691/691 576/692/692
f 573/693/693 574/694/694 570/695/695 572/696/696
f 575/697/697 576/698/698 570/699/699 574/700/700
f 39/701/701 130/702/702 571/703/703 122/704/704
f 130/705/705 129/706/706 572/707/707 571/708/708
f 122/709/709 571/710/710 576/711/711 123/712/712
f 51/713/713 131/714/714 573/715/715 128/716/716
f 131/717/717 132/718/718 574/719/719 573/720/720
f 128/721/721 573/722/722 572/723/723 129/724/724
f 19/725/725 124/726/726 575/727/727 133/728/728
f 124/729/729 123/730/730 576/731/731 575/732/732
f 133/733/733 575/734/734 574/735/735 132/736/736
f 577/737/737 578/738/738 581/739/739 580/740/740
f 578/741/741 579/742/742 582/743/743 581/744/744
f 580/745/745 581/746/746 584/747/747 583/748/748
f 581/749/749 582/750/750 585/751/751 584/752/752
f 18/753/753 188/754/754 577/755/755 85/756/756
f 188/757/757 189/758/758 578/759/759 577/760/760
f 189/761/761 190/762/762 579/763/763 578/764/764
f 190/765/765 37/766/766 203/767/767 579/768/768
f 579/769/769 203/770/770 204/771/771 582/772/772
f 582/773/773 204/774/774 205/775/775 585/776/776
f 585/777/777 205/778/778 70/779/779 196/780/780
f 584/781/781 585/782/782 196/783/783 195/784/784
f 583/785/785 584/786/786 195/787/787 194/788/788
f 83/789/789 583/790/790 194/791/791 19/792/792
f 84/793/793 580/794/794 583/795/795 83/796/796
f 85/797/797 577/798/798 580/799/799 84/800/800
f 586/801/801 587/802/802 590/803/803 589/804/804
f 587/805/805 588/806/806 591/807/807 590/808/808
f 589/809/809 590/810/810 593/811/811 592/812/812
f 590/813/813 591/814/814 594/815/815 593/816/816
f 32/817/817 163/818/818 586/819/819 155/820/820
f 163/821/821 162/822/822 587/823/823 586/824/824
f 162/825/825 161/826/826 588/827/827 587/828/828
f 161/829/829 67/830/830 170/831/831 588/832/832
f 588/833/833 170/834/834 171/835/835 591/836/836
f 591/837/837 171/838/838 172/839/839 594/840/840
f 594/841/841 172/842/842 29/843/843 166/844/844
f 593/845/845 594/846/846 166/847/847 165/848/848
f 592/849/849 593/850/850 165/851/851 164/852/852
f 157/853/853 592/854/854 164/855/855 20/856/856
f 156/857/857 589/858/858 592/859/859 157/860/860
f 155/861/861 586/862/862 589/863/863 156/864/864
f 595/865/865 596/866/866 599/867/867 598/868/868
f 596/869/869 597/870/870 600/871/871 599/872/872
f 598/873/873 599/874/874 602/875/875 601/876/876
f 599/877/877 600/878/878 603/879/879 602/880/880
f 20/881/881 164/882/882 595/883/883 89/884/884
f 164/885/885 165/886/886 596/887/887 595/888/888
f 165/889/889 166/890/890 597/891/891 596/892/892
f 166/893/893 29/894/894 176/895/895 597/896/896
f 597/897/897 176/898/898 177/899/899 600/900/900
f 600/901/901 177/902/902 178/903/903 603/904/904
f 603/905/905 178/906/906 65/907/907 175/908/908
f 602/909/909 603/910/910 175/911/911 174/912/912
f 601/913/913 602/914/914 174/915/915 173/916/916
f 91/917/917 601/918/918 173/919/919 17/920/920
f 90/921/921 598/922/922 601/923/923 91/924/924
f 89/925/925 595/926/926 598/927/927 90/928/928
f 605/929/929 606/930/930 604/931/931 610/932/932
f 607/933/933 608/934/934 604/935/935 606/936/936
f 609/937/937 610/938/938 604/939/939 608/940/940
f 31/941/941 146/942/942 605/943/943 143/944/944
f 146/945/945 147/946/946 606/947/947 605/948/948
f 143/949/949 605/950/950 610/951/951 144/952/952
f 49/953/953 100/954/954 607/955/955 148/956/956
f 100/957/957 99/958/958 608/959/959 607/960/960
f 148/961/961 607/962/962 606/963/963 147/964/964
f 17/965/965 145/966/966 609/967/967 98/968/968
f 145/969/969 144/970/970 610/971/971 609/972/972
f 98/973/973 609/974/974 608/975/975 99/976/976
f 611/977/977 612/978/978 615/979/979 614/980/980
f 612/981/981 613/982/982 616/983/983 615/984/984
f 614/985/985 615/986/986 618/987/987 617/988/988
f 615/989/989 616/990/990 619/991/991 618/992/992
f 17/993/993 173/994/994 611/995/995 145/996/996
f 173/997/997 174/998/998 612/999/999 611/1000/1000
f 174/1001/1001 175/1002/1002 613/1003/1003 612/1004/1004
f 175/1005/1005 65/1006/1006 179/1007/1007 613/1008/1008
f 613/1009/1009 179/1010/1010 180/1011/1011 616/1012/1012
f 616/1013/1013 180/1014/1014 181/1015/1015 619/1016/1016
f 619/1017/1017 181/1018/1018 66/1019/1019 169/1020/1020
f 618/1021/1021 619/1022/1022 169/1023/1023 168/1024/1024
f 617/1025/1025 618/1026/1026 168/1027/1027 167/1028/1028
f 143/1029/1029 617/1030/1030 167/1031/1031 31/1032/1032
f 144/1033/1033 614/1034/1034 617/1035/1035 143/1036/1036
f 145/1037/1037 611/1038/1038 614/1039/1039 144/1040/1040
f 621/1041/1041 622/1042/1042 620/1043/1043 626/1044/1044
f 623/1045/1045 624/1046/1046 620/1047/1047 622/1048/1048
f 625/1049/1049 626/1050/1050 620/1051/1051 624/1052/1052
f 52/1053/1053 152/1054/1054 621/1055/1055 134/1056/1056
f 152/1057/1057 153/1058/1058 622/1059/1059 621/1060/1060
f 134/1061/1061 621/1062/1062 626/1063/1063 135/1064/1064
f 32/1065/1065 155/1066/1066 623/1067/1067 154/1068/1068
f 155/1069/1069 156/1070/1070 624/1071/1071 623/1072/1072
f 154/1073/1073 623/1074/1074 622/1075/1075 153/1076/1076
f 20/1077/1077 136/1078/1078 625/1079/1079 157/1080/1080
f 136/1081/1081 135/1082/1082 626/1083/1083 625/1084/1084
f 157/1085/1085 625/1086/1086 624/1087/1087 156/1088/1088
f 627/1089/1089 628/1090/1090 631/1091/1091 630/1092/1092
f 628/1093/1093 629/1094/1094 632/1095/1095 631/1096/1096
f 630/1097/1097 631/1098/1098 634/1099/1099 633/1100/1100
f 631/1101/1101 632/1102/1102 635/1103/1103 634/1104/1104
f 31/1105/1105 167/1106/1106 627/1107/1107 160/1108/1108
f 167/1109/1109 168/1110/1110 628/1111/1111 627/1112/1112
f 168/1113/1113 169/1114/1114 629/1115/1115 628/1116/1116
f 169/1117/1117 66/1118/1118 182/1119/1119 629/1120/1120
f 629/1121/1121 182/1122/1122 183/1123/1123 632/1124/1124
f 632/1125/1125 183/1126/1126 184/1127/1127 635/1128/1128
f 635/1129/1129 184/1130/1130 67/1131/1131 161/1132/1132
f 634/1133/1133 635/1134/1134 161/1135/1135 162/1136/1136
f 633/1137/1137 634/1138/1138 162/1139/1139 163/1140/1140
f 158/1141/1141 633/1142/1142 163/1143/1143 32/1144/1144
f 159/1145/1145 630/1146/1146 633/1147/1147 158/1148/1148
f 160/1149/1149 627/1150/1150 630/1151/1151 159/1152/1152
f 636/1153/1153 637/1154/1154 640/1155/1155 639/1156/1156
f 637/1157/1157 638/1158/1158 641/1159/1159 640/1160/1160
f 639/1161/1161 640/1162/1162 643/1163/1163 642/1164/1164
f 640/1165/1165 641/1166/1166 644/1167/1167 643/1168/1168
f 1/1169/1169 140/1170/1170 636/1171/1171 151/1172/1172
f 140/1173/1173 141/1174/1174 637/1175/1175 636/1176/1176
f 141/1177/1177 142/1178/1178 638/1179/1179 637/1180/1180
f 142/1181/1181 2/1182/1182 137/1183/1183 638/1184/1184
f 638/1185/1185 137/1186/1186 138/1187/1187 641/1188/1188
f 641/1189/1189 138/1190/1190 139/1191/1191 644/1192/1192
f 644/1193/1193 139/1194/1194 3/1195/1195 119/1196/1196
f 643/1197/1197 644/1198/1198 119/1199/1199 120/1200/1200
f 642/1201/1201 643/1202/1202 120/1203/1203 121/1204/1204
f 149/1205/1205 642/1206/1206 121/1207/1207 4/1208/1208
f 150/1209/1209 639/1210/1210 642/1211/1211 149/1212/1212
f 151/1213/1213 636/1214/1214 639/1215/1215 150/1216/1216
f 645/1217/1217 646/1218/1218 649/1219/1219 648/1220/1220
f 646/1221/1221 647/1222/1222 650/1223/1223 649/1224/1224
f 648/1225/1225 649/1226/1226 652/1227/1227 651/1228/1228
f 649/1229/1229 650/1230/1230 653/1231/1231 652/1232/1232
f 32/1233/1233 154/1234/1234 645/1235/1235 158/1236/1236
f 154/1237/1237 153/1238/1238 646/1239/1239 645/1240/1240
f 153/1241/1241 152/1242/1242 647/1243/1243 646/1244/1244
f 152/1245/1245 52/1246/1246 115/1247/1247 647/1248/1248
f 647/1249/1249 115/1250/1250 114/1251/1251 650/1252/1252
f 650/1253/1253 114/1254/1254 113/1255/1255 653/1256/1256
f 653/1257/1257 113/1258/1258 49/1259/1259 148/1260/1260
f 652/1261/1261 653/1262/1262 148/1263/1263 147/1264/1264
f 651/1265/1265 652/1266/1266 147/1267/1267 146/1268/1268
f 160/1269/1269 651/1270/1270 146/1271/1271 31/1272/1272
f 159/1273/1273 648/1274/1274 651/1275/1275 160/1276/1276
f 158/1277/1277 645/1278/1278 648/1279/1279 159/1280/1280
f 654/1281/1281 655/1282/1282 658/1283/1283 657/1284/1284
f 655/1285/1285 656/1286/1286 659/1287/1287 658/1288/1288
f 657/1289/1289 658/1290/1290 661/1291/1291 660/1292/1292
f 658/1293/1293 659/1294/1294 662/1295/1295 661/1296/1296
f 51/1297/1297 128/1298/1298 654/1299/1299 112/1300/1300
f 128/1301/1301 129/1302/1302 655/1303/1303 654/1304/1304
f 129/1305/1305 130/1306/1306 656/1307/1307 655/1308/1308
f 130/1309/1309 39/1310/1310 127/1311/1311 656/1312/1312
f 656/1313/1313 127/1314/1314 126/1315/1315 659/1316/1316
f 659/1317/1317 126/1318/1318 125/1319/1319 662/1320/1320
f 662/1321/1321 125/1322/1322 40/1323/1323 73/1324/1324
f 661/1325/1325 662/1326/1326 73/1327/1327 72/1328/1328
f 660/1329/1329 661/1330/1330 72/1331/1331 71/1332/1332
f 110/1333/1333 660/1334/1334 71/1335/1335 50/1336/1336
f 111/1337/1337 657/1338/1338 660/1339/1339 110/1340/1340
f 112/1341/1341 654/1342/1342 657/1343/1343 111/1344/1344
f 663/1345/1345 664/1346/1346 667/1347/1347 666/1348/1348
f 664/1349/1349 665/1350/1350 668/1351/1351 667/1352/1352
f 666/1353/1353 667/1354/1354 670/1355/1355 669/1356/1356
f 667/1357/1357 668/1358/1358 671/1359/1359 670/1360/1360
f 7/1361/1361 248/1362/1362 663/1363/1363 245/1364/1364
f 248/1365/1365 249/1366/1366 664/1367/1367 663/1368/1368
f 249/1369/1369 250/1370/1370 665/1371/1371 664/1372/1372
f 250/1373/1373 8/1374/1374 251/1375/1375 665/1376/1376
f 665/1377/1377 251/1378/1378 252/1379/1379 668/1380/1380
f 668/1381/1381 252/1382/1382 253/1383/1383 671/1384/1384
f 671/1385/1385 253/1386/1386 4/1387/1387 121/1388/1388
f 670/1389/1389 671/1390/1390 121/1391/1391 120/1392/1392
f 669/1393/1393 670/1394/1394 120/1395/1395 119/1396/1396
f 247/1397/1397 669/1398/1398 119/1399/1399 3/1400/1400
f 246/1401/1401 666/1402/1402 669/1403/1403 247/1404/1404
f 245/1405/1405 663/1406/1406 666/1407/1407 246/1408/1408
f 672/1409/1409 673/1410/1410 676/1411/1411 675/1412/1412
f 673/1413/1413 674/1414/1414 677/1415/1415 676/1416/1416
f 675/1417/1417 676/1418/1418 679/1419/1419 678/1420/1420
f 676/1421/1421 677/1422/1422 680/1423/1423 679/1424/1424
f 8/1425/1425 254/1426/1426 672/1427/1427 251/1428/1428
f 254/1429/1429 255/1430/1430 673/1431/1431 672/1432/1432
f 255/1433/1433 256/1434/1434 674/1435/1435 673/1436/1436
f 256/1437/1437 5/1438/1438 235/1439/1439 674/1440/1440
f 674/1441/1441 235/1442/1442 234/1443/1443 677/1444/1444
f 677/1445/1445 234/1446/1446 233/1447/1447 680/1448/1448
f 680/1449/1449 233/1450/1450 1/1451/1451 151/1452/1452
f 679/1453/1453 680/1454/1454 151/1455/1455 150/1456/1456
f 678/1457/1457 679/1458/1458 150/1459/1459 149/1460/1460
f 253/1461/1461 678/1462/1462 149/1463/1463 4/1464/1464
f 252/1465/1465 675/1466/1466 678/1467/1467 253/1468/1468
f 251/1469/1469 672/1470/1470 675/1471/1471 252/1472/1472
f 681/1473/1473 682/1474/1474 685/1475/1475 684/1476/1476
f 682/1477/1477 683/1478/1478 686/1479/1479 685/1480/1480
f 684/1481/1481 685/1482/1482 688/1483/1483 687/1484/1484
f 685/1485/1485 686/1486/1486 689/1487/1487 688/1488/1488
f 9/1489/1489 260/1490/1490 681/1491/1491 259/1492/1492
f 260/1493/1493 261/1494/1494 682/1495/1495 681/1496/1496
f 261/1497/1497 262/1498/1498 683/1499/1499 682/1500/1500
f 262/1501/1501 10/1502/1502 263/1503/1503 683/1504/1504
f 683/1505/1505 263/1506/1506 264/1507/1507 686/1508/1508
f 686/1509/1509 264/1510/1510 265/1511/1511 689/1512/1512
f 689/1513/1513 265/1514/1514 6/1515/1515 238/1516/1516
f 688/1517/1517 689/1518/1518 238/1519/1519 237/1520/1520
f 687/1521/1521 688/1522/1522 237/1523/1523 236/1524/1524
f 257/1525/1525 687/1526/1526 236/1527/1527 5/1528/1528
f 258/1529/1529 684/1530/1530 687/1531/1531 257/1532/1532
f 259/1533/1533 681/1534/1534 684/1535/1535 258/1536/1536
f 690/1537/1537 691/1538/1538 694/1539/1539 693/1540/1540
f 691/1541/1541 692/1542/1542 695/1543/1543 694/1544/1544
f 693/1545/1545 694/1546/1546 697/1547/1547 696/1548/1548
f 694/1549/1549 695/1550/1550 698/1551/1551 697/1552/1552
f 10/1553/1553 266/1554/1554 690/1555/1555 263/1556/1556
f 266/1557/1557 267/1558/1558 691/1559/1559 690/1560/1560
f 267/1561/1561 268/1562/1562 692/1563/1563 691/1564/1564
f 268/1565/1565 11/1566/1566 269/1567/1567 692/1568/1568
f 692/1569/1569 269/1570/1570 270/1571/1571 695/1572/1572
f 695/1573/1573 270/1574/1574 271/1575/1575 698/1576/1576
f 698/1577/1577 271/1578/1578 7/1579/1579 244/1580/1580
f 697/1581/1581 698/1582/1582 244/1583/1583 243/1584/1584
f 696/1585/1585 697/1586/1586 243/1587/1587 242/1588/1588
f 265/1589/1589 696/1590/1590 242/1591/1591 6/1592/1592
f 264/1593/1593 693/1594/1594 696/1595/1595 265/1596/1596
f 263/1597/1597 690/1598/1598 693/1599/1599 264/1600/1600
f 699/1601/1601 700/1602/1602 703/1603/1603 702/1604/1604
f 700/1605/1605 701/1606/1606 704/1607/1607 703/1608/1608
f 702/1609/1609 703/1610/1610 706/1611/1611 705/1612/1612
f 703/1613/1613 704/1614/1614 707/1615/1615 706/1616/1616
f 11/1617/1617 272/1618/1618 699/1619/1619 269/1620/1620
f 272/1621/1621 273/1622/1622 700/1623/1623 699/1624/1624
f 273/1625/1625 274/1626/1626 701/1627/1627 700/1628/1628
f 274/1629/1629 12/1630/1630 275/1631/1631 701/1632/1632
f 701/1633/1633 275/1634/1634 276/1635/1635 704/1636/1636
f 704/1637/1637 276/1638/1638 277/1639/1639 707/1640/1640
f 707/1641/1641 277/1642/1642 8/1643/1643 250/1644/1644
f 706/1645/1645 707/1646/1646 250/1647/1647 249/1648/1648
f 705/1649/1649 706/1650/1650 249/1651/1651 248/1652/1652
f 271/1653/1653 705/1654/1654 248/1655/1655 7/1656/1656
f 270/1657/1657 702/1658/1658 705/1659/1659 271/1660/1660
f 269/1661/1661 699/1662/1662 702/1663/1663 270/1664/1664
f 708/1665/1665 709/1666/1666 712/1667/1667 711/1668/1668
f 709/1669/1669 710/1670/1670 713/1671/1671 712/1672/1672
f 711/1673/1673 712/1674/1674 715/1675/1675 714/1676/1676
f 712/1677/1677 713/1678/1678 716/1679/1679 715/1680/1680
f 12/1681/1681 278/1682/1682 708/1683/1683 275/1684/1684
f 278/1685/1685 279/1686/1686 709/1687/1687 708/1688/1688
f 279/1689/1689 280/1690/1690 710/1691/1691 709/1692/1692
f 280/1693/1693 9/1694/1694 259/1695/1695 710/1696/1696
f 710/1697/1697 259/1698/1698 258/1699/1699 713/1700/1700
f 713/1701/1701 258/1702/1702 257/1703/1703 716/1704/1704
f 716/1705/1705 257/1706/1706 5/1707/1707 256/1708/1708
f 715/1709/1709 716/1710/1710 256/1711/1711 255/1712/1712
f 714/1713/1713 715/1714/1714 255/1715/1715 254/1716/1716
f 277/1717/1717 714/1718/1718 254/1719/1719 8/1720/1720
f 276/1721/1721 711/1722/1722 714/1723/1723 277/1724/1724
f 275/1725/1725 708/1726/1726 711/1727/1727 276/1728/1728
f 717/1729/1729 718/1730/1730 721/1731/1731 720/1732/1732
f 718/1733/1733 719/1734/1734 722/1735/1735 721/1736/1736
f 720/1737/1737 721/1738/1738 724/1739/1739 723/1740/1740
f 721/1741/1741 722/1742/1742 725/1743/1743 724/1744/1744
f 45/1745/1745 284/1746/1746 717/1747/1747 283/1748/1748
f 284/1749/1749 285/1750/1750 718/1751/1751 717/1752/1752
f 285/1753/1753 286/1754/1754 719/1755/1755 718/1756/1756
f 286/1757/1757 46/1758/1758 287/1759/1759 719/1760/1760
f 719/1761/1761 287/1762/1762 288/1763/1763 722/1764/1764
f 722/1765/1765 288/1766/1766 289/1767/1767 725/1768/1768
f 725/1769/1769 289/1770/1770 10/1771/1771 262/1772/1772
f 724/1773/1773 725/1774/1774 262/1775/1775 261/1776/1776
f 723/1777/1777 724/1778/1778 261/1779/1779 260/1780/1780
f 281/1781/1781 723/1782/1782 260/1783/1783 9/1784/1784
f 282/1785/1785 720/1786/1786 723/1787/1787 281/1788/1788
f 283/1789/1789 717/1790/1790 720/1791/1791 282/1792/1792
f 726/1793/1793 727/1794/1794 730/1795/1795 729/1796/1796
f 727/1797/1797 728/1798/1798 731/1799/1799 730/1800/1800
f 729/1801/1801 730/1802/1802 733/1803/1803 732/1804/1804
f 730/1805/1805 731/1806/1806 734/1807/1807 733/1808/1808
f 46/1809/1809 290/1810/1810 726/1811/1811 287/1812/1812
f 290/1813/1813 291/1814/1814 727/1815/1815 726/1816/1816
f 291/1817/1817 292/1818/1818 728/1819/1819 727/1820/1820
f 292/1821/1821 47/1822/1822 293/1823/1823 728/1824/1824
f 728/1825/1825 293/1826/1826 294/1827/1827 731/1828/1828
f 731/1829/1829 294/1830/1830 295/1831/1831 734/1832/1832
f 734/1833/1833 295/1834/1834 11/1835/1835 268/1836/1836
f 733/1837/1837 734/1838/1838 268/1839/1839 267/1840/1840
f 732/1841/1841 733/1842/1842 267/1843/1843 266/1844/1844
f 289/1845/1845 732/1846/1846 266/1847/1847 10/1848/1848
f 288/1849/1849 729/1850/1850 732/1851/1851 289/1852/1852
f 287/1853/1853 726/1854/1854 729/1855/1855 288/1856/1856
f 735/1857/1857 736/1858/1858 739/1859/1859 738/1860/1860
f 736/1861/1861 737/1862/1862 740/1863/1863 739/1864/1864
f 738/1865/1865 739/1866/1866 742/1867/1867 741/1868/1868
f 739/1869/1869 740/1870/1870 743/1871/1871 742/1872/1872
f 47/1873/1873 296/1874/1874 735/1875/1875 293/1876/1876
f 296/1877/1877 297/1878/1878 736/1879/1879 735/1880/1880
f 297/1881/1881 298/1882/1882 737/1883/1883 736/1884/1884
f 298/1885/1885 48/1886/1886 299/1887/1887 737/1888/1888
f 737/1889/1889 299/1890/1890 300/1891/1891 740/1892/1892
f 740/1893/1893 300/1894/1894 301/1895/1895 743/1896/1896
f 743/1897/1897 301/1898/1898 12/1899/1899 274/1900/1900
f 742/1901/1901 743/1902/1902 274/1903/1903 273/1904/1904
f 741/1905/1905 742/1906/1906 273/1907/1907 272/1908/1908
f 295/1909/1909 741/1910/1910 272/1911/1911 11/1912/1912
f 294/1913/1913 738/1914/1914 741/1915/1915 295/1916/1916
f 293/1917/1917 735/1918/1918 738/1919/1919 294/1920/1920
f 744/1921/1921 745/1922/1922 748/1923/1923 747/1924/1924
f 745/1925/1925 746/1926/1926 749/1927/1927 748/1928/1928
f 747/1929/1929 748/1930/1930 751/1931/1931 750/1932/1932
f 748/1933/1933 749/1934/1934 752/1935/1935 751/1936/1936
f 48/1937/1937 302/1938/1938 744/1939/1939 299/1940/1940
f 302/1941/1941 303/1942/1942 745/1943/1943 744/1944/1944
f 303/1945/1945 304/1946/1946 746/1947/1947 745/1948/1948
f 304/1949/1949 45/1950/1950 283/1951/1951 746/1952/1952
f 746/1953/1953 283/1954/1954 282/1955/1955 749/1956/1956
f 749/1957/1957 282/1958/1958 281/1959/1959 752/1960/1960
f 752/1961/1961 281/1962/1962 9/1963/1963 280/1964/1964
f 751/1965/1965 752/1966/1966 280/1967/1967 279/1968/1968
f 750/1969/1969 751/1970/1970 279/1971/1971 278/1972/1972
f 301/1973/1973 750/1974/1974 278/1975/1975 12/1976/1976
f 300/1977/1977 747/1978/1978 750/1979/1979 301/1980/1980
f 299/1981/1981 744/1982/1982 747/1983/1983 300/1984/1984
f 753/1985/1985 754/1986/1986 757/1987/1987 756/1988/1988
f 754/1989/1989 755/1990/1990 758/1991/1991 757/1992/1992
f 756/1993/1993 757/1994/1994 760/1995/1995 759/1996/1996
f 757/1997/1997 758/1998/1998 761/1999/1999 760/2000/2000
f 13/2001/2001 308/2002/2002 753/2003/2003 307/2004/2004
f 308/2005/2005 309/2006/2006 754/2007/2007 753/2008/2008
f 309/2009/2009 310/2010/2010 755/2011/2011 754/2012/2012
f 310/2013/2013 14/2014/2014 311/2015/2015 755/2016/2016
f 755/2017/2017 311/2018/2018 312/2019/2019 758/2020/2020
f 758/2021/2021 312/2022/2022 313/2023/2023 761/2024/2024
f 761/2025/2025 313/2026/2026 46/2027/2027 286/2028/2028
f 760/2029/2029 761/2030/2030 286/2031/2031 285/2032/2032
f 759/2033/2033 760/2034/2034 285/2035/2035 284/2036/2036
f 305/2037/2037 759/2038/2038 284/2039/2039 45/2040/2040
f 306/2041/2041 756/2042/2042 759/2043/2043 305/2044/2044
f 307/2045/2045 753/2046/2046 756/2047/2047 306/2048/2048
f 762/2049/2049 763/2050/2050 766/2051/2051 765/2052/2052
f 763/2053/2053 764/2054/2054 767/2055/2055 766/2056/2056
f 765/2057/2057 766/2058/2058 769/2059/2059 768/2060/2060
f 766/2061/2061 767/2062/2062 770/2063/2063 769/2064/2064
f 14/2065/2065 314/2066/2066 762/2067/2067 311/2068/2068
f 314/2069/2069 315/2070/2070 763/2071/2071 762/2072/2072
f 315/2073/2073 316/2074/2074 764/2075/2075 763/2076/2076
f 316/2077/2077 15/2078/2078 317/2079/2079 764/2080/2080
f 764/2081/2081 317/2082/2082 318/2083/2083 767/2084/2084
f 767/2085/2085 318/2086/2086 319/2087/2087 770/2088/2088
f 770/2089/2089 319/2090/2090 47/2091/2091 292/2092/2092
f 769/2093/2093 770/2094/2094 292/2095/2095 291/2096/2096
f 768/2097/2097 769/2098/2098 291/2099/2099 290/2100/2100
f 313/2101/2101 768/2102/2102 290/2103/2103 46/2104/2104
f 312/2105/2105 765/2106/2106 768/2107/2107 313/2108/2108
f 311/2109/2109 762/2110/2110 765/2111/2111 312/2112/2112
f 771/2113/2113 772/2114/2114 775/2115/2115 774/2116/2116
f 772/2117/2117 773/2118/2118 776/2119/2119 775/2120/2120
f 774/2121/2121 775/2122/2122 778/2123/2123 777/2124/2124
f 775/2125/2125 776/2126/2126 779/2127/2127 778/2128/2128
f 15/2129/2129 320/2130/2130 771/2131/2131 317/2132/2132
f 320/2133/2133 321/2134/2134 772/2135/2135 771/2136/2136
f 321/2137/2137 322/2138/2138 773/2139/2139 772/2140/2140
f 322/2141/2141 16/2142/2142 323/2143/2143 773/2144/2144
f 773/2145/2145 323/2146/2146 324/2147/2147 776/2148/2148
f 776/2149/2149 324/2150/2150 325/2151/2151 779/2152/2152
f 779/2153/2153 325/2154/2154 48/2155/2155 298/2156/2156
f 778/2157/2157 779/2158/2158 298/2159/2159 297/2160/2160
f 777/2161/2161 778/2162/2162 297/2163/2163 296/2164/2164
f 319/2165/2165 777/2166/2166 296/2167/2167 47/2168/2168
f 318/2169/2169 774/2170/2170 777/2171/2171 319/2172/2172
f 317/2173/2173 771/2174/2174 774/2175/2175 318/2176/2176
f 780/2177/2177 781/2178/2178 784/2179/2179 783/2180/2180
f 781/2181/2181 782/2182/2182 785/2183/2183 784/2184/2184
f 783/2185/2185 784/2186/2186 787/2187/2187 786/2188/2188
f 784/2189/2189 785/2190/2190 788/2191/2191 787/2192/2192
f 16/2193/2193 326/2194/2194 780/2195/2195 323/2196/2196
f 326/2197/2197 327/2198/2198 781/2199/2199 780/2200/2200
f 327/2201/2201 328/2202/2202 782/2203/2203 781/2204/2204
f 328/2205/2205 13/2206/2206 307/2207/2207 782/2208/2208
f 782/2209/2209 307/2210/2210 306/2211/2211 785/2212/2212
f 785/2213/2213 306/2214/2214 305/2215/2215 788/2216/2216
f 788/2217/2217 305/2218/2218 45/2219/2219 304/2220/2220
f 787/2221/2221 788/2222/2222 304/2223/2223 303/2224/2224
f 786/2225/2225 787/2226/2226 303/2227/2227 302/2228/2228
f 325/2229/2229 786/2230/2230 302/2231/2231 48/2232/2232
f 324/2233/2233 783/2234/2234 786/2235/2235 325/2236/2236
f 323/2237/2237 780/2238/2238 783/2239/2239 324/2240/2240
f 789/2241/2241 790/2242/2242 793/2243/2243 792/2244/2244
f 790/2245/2245 791/2246/2246 794/2247/2247 793/2248/2248
f 792/2249/2249 793/2250/2250 796/2251/2251 795/2252/2252
f 793/2253/2253 794/2254/2254 797/2255/2255 796/2256/2256
f 17/2257/2257 95/2258/2258 789/2259/2259 331/2260/2260
f 95/2261/2261 96/2262/2262 790/2263/2263 789/2264/2264
f 96/2265/2265 97/2266/2266 791/2267/2267 790/2268/2268
f 97/2269/2269 18/2270/2270 332/2271/2271 791/2272/2272
f 791/2273/2273 332/2274/2274 333/2275/2275 794/2276/2276
f 794/2277/2277 333/2278/2278 334/2279/2279 797/2280/2280
f 797/2281/2281 334/2282/2282 14/2283/2283 310/2284/2284
f 796/2285/2285 797/2286/2286 310/2287/2287 309/2288/2288
f 795/2289/2289 796/2290/2290 309/2291/2291 308/2292/2292
f 329/2293/2293 795/2294/2294 308/2295/2295 13/2296/2296
f 330/2297/2297 792/2298/2298 795/2299/2299 329/2300/2300
f 331/2301/2301 789/2302/2302 792/2303/2303 330/2304/2304
f 798/2305/2305 799/2306/2306 802/2307/2307 801/2308/2308
f 799/2309/2309 800/2310/2310 803/2311/2311 802/2312/2312
f 801/2313/2313 802/2314/2314 805/2315/2315 804/2316/2316
f 802/2317/2317 803/2318/2318 806/2319/2319 805/2320/2320
f 18/2321/2321 85/2322/2322 798/2323/2323 332/2324/2324
f 85/2325/2325 84/2326/2326 799/2327/2327 798/2328/2328
f 84/2329/2329 83/2330/2330 800/2331/2331 799/2332/2332
f 83/2333/2333 19/2334/2334 335/2335/2335 800/2336/2336
f 800/2337/2337 335/2338/2338 336/2339/2339 803/2340/2340
f 803/2341/2341 336/2342/2342 337/2343/2343 806/2344/2344
f 806/2345/2345 337/2346/2346 15/2347/2347 316/2348/2348
f 805/2349/2349 806/2350/2350 316/2351/2351 315/2352/2352
f 804/2353/2353 805/2354/2354 315/2355/2355 314/2356/2356
f 334/2357/2357 804/2358/2358 314/2359/2359 14/2360/2360
f 333/2361/2361 801/2362/2362 804/2363/2363 334/2364/2364
f 332/2365/2365 798/2366/2366 801/2367/2367 333/2368/2368
f 807/2369/2369 808/2370/2370 811/2371/2371 810/2372/2372
f 808/2373/2373 809/2374/2374 812/2375/2375 811/2376/2376
f 810/2377/2377 811/2378/2378 814/2379/2379 813/2380/2380
f 811/2381/2381 812/2382/2382 815/2383/2383 814/2384/2384
f 19/2385/2385 86/2386/2386 807/2387/2387 335/2388/2388
f 86/2389/2389 87/2390/2390 808/2391/2391 807/2392/2392
f 87/2393/2393 88/2394/2394 809/2395/2395 808/2396/2396
f 88/2397/2397 20/2398/2398 338/2399/2399 809/2400/2400
f 809/2401/2401 338/2402/2402 339/2403/2403 812/2404/2404
f 812/2405/2405 339/2406/2406 340/2407/2407 815/2408/2408
f 815/2409/2409 340/2410/2410 16/2411/2411 322/2412/2412
f 814/2413/2413 815/2414/2414 322/2415/2415 321/2416/2416
f 813/2417/2417 814/2418/2418 321/2419/2419 320/2420/2420
f 337/2421/2421 813/2422/2422 320/2423/2423 15/2424/2424
f 336/2425/2425 810/2426/2426 813/2427/2427 337/2428/2428
f 335/2429/2429 807/2430/2430 810/2431/2431 336/2432/2432
f 816/2433/2433 817/2434/2434 820/2435/2435 819/2436/2436
f 817/2437/2437 818/2438/2438 821/2439/2439 820/2440/2440
f 819/2441/2441 820/2442/2442 823/2443/2443 822/2444/2444
f 820/2445/2445 821/2446/2446 824/2447/2447 823/2448/2448
f 20/2449/2449 89/2450/2450 816/2451/2451 338/2452/2452
f 89/2453/2453 90/2454/2454 817/2455/2455 816/2456/2456
f 90/2457/2457 91/2458/2458 818/2459/2459 817/2460/2460
f 91/2461/2461 17/2462/2462 331/2463/2463 818/2464/2464
f 818/2465/2465 331/2466/2466 330/2467/2467 821/2468/2468
f 821/2469/2469 330/2470/2470 329/2471/2471 824/2472/2472
f 824/2473/2473 329/2474/2474 13/2475/2475 328/2476/2476
f 823/2477/2477 824/2478/2478 328/2479/2479 327/2480/2480
f 822/2481/2481 823/2482/2482 327/2483/2483 326/2484/2484
f 340/2485/2485 822/2486/2486 326/2487/2487 16/2488/2488
f 339/2489/2489 819/2490/2490 822/2491/2491 340/2492/2492
f 338/2493/2493 816/2494/2494 819/2495/2495 339/2496/2496
f 825/2497/2497 826/2498/2498 829/2499/2499 828/2500/2500
f 826/2501/2501 827/2502/2502 830/2503/2503 829/2504/2504
f 828/2505/2505 829/2506/2506 832/2507/2507 831/2508/2508
f 829/2509/2509 830/2510/2510 833/2511/2511 832/2512/2512
f 21/2513/2513 344/2514/2514 825/2515/2515 343/2516/2516
f 344/2517/2517 345/2518/2518 826/2519/2519 825/2520/2520
f 345/2521/2521 346/2522/2522 827/2523/2523 826/2524/2524
f 346/2525/2525 22/2526/2526 347/2527/2527 827/2528/2528
f 827/2529/2529 347/2530/2530 348/2531/2531 830/2532/2532
f 830/2533/2533 348/2534/2534 349/2535/2535 833/2536/2536
f 833/2537/2537 349/2538/2538 50/2539/2539 103/2540/2540
f 832/2541/2541 833/2542/2542 103/2543/2543 102/2544/2544
f 831/2545/2545 832/2546/2546 102/2547/2547 101/2548/2548
f 341/2549/2549 831/2550/2550 101/2551/2551 49/2552/2552
f 342/2553/2553 828/2554/2554 831/2555/2555 341/2556/2556
f 343/2557/2557 825/2558/2558 828/2559/2559 342/2560/2560
f 834/2561/2561 835/2562/2562 838/2563/2563 837/2564/2564
f 835/2565/2565 836/2566/2566 839/2567/2567 838/2568/2568
f 837/2569/2569 838/2570/2570 841/2571/2571 840/2572/2572
f 838/2573/2573 839/2574/2574 842/2575/2575 841/2576/2576
f 22/2577/2577 350/2578/2578 834/2579/2579 347/2580/2580
f 350/2581/2581 351/2582/2582 835/2583/2583 834/2584/2584
f 351/2585/2585 352/2586/2586 836/2587/2587 835/2588/2588
f 352/2589/2589 23/2590/2590 353/2591/2591 836/2592/2592
f 836/2593/2593 353/2594/2594 354/2595/2595 839/2596/2596
f 839/2597/2597 354/2598/2598 355/2599/2599 842/2600/2600
f 842/2601/2601 355/2602/2602 51/2603/2603 112/2604/2604
f 841/2605/2605 842/2606/2606 112/2607/2607 111/2608/2608
f 840/2609/2609 841/2610/2610 111/2611/2611 110/2612/2612
f 349/2613/2613 840/2614/2614 110/2615/2615 50/2616/2616
f 348/2617/2617 837/2618/2618 840/2619/2619 349/2620/2620
f 347/2621/2621 834/2622/2622 837/2623/2623 348/2624/2624
f 843/2625/2625 844/2626/2626 847/2627/2627 846/2628/2628
f 844/2629/2629 845/2630/2630 848/2631/2631 847/2632/2632
f 846/2633/2633 847/2634/2634 850/2635/2635 849/2636/2636
f 847/2637/2637 848/2638/2638 851/2639/2639 850/2640/2640
f 23/2641/2641 356/2642/2642 843/2643/2643 353/2644/2644
f 356/2645/2645 357/2646/2646 844/2647/2647 843/2648/2648
f 357/2649/2649 358/2650/2650 845/2651/2651 844/2652/2652
f 358/2653/2653 24/2654/2654 359/2655/2655 845/2656/2656
f 845/2657/2657 359/2658/2658 360/2659/2659 848/2660/2660
f 848/2661/2661 360/2662/2662 361/2663/2663 851/2664/2664
f 851/2665/2665 361/2666/2666 52/2667/2667 116/2668/2668
f 850/2669/2669 851/2670/2670 116/2671/2671 117/2672/2672
f 849/2673/2673 850/2674/2674 117/2675/2675 118/2676/2676
f 355/2677/2677 849/2678/2678 118/2679/2679 51/2680/2680
f 354/2681/2681 846/2682/2682 849/2683/2683 355/2684/2684
f 353/2685/2685 843/2686/2686 846/2687/2687 354/2688/2688
f 852/2689/2689 853/2690/2690 856/2691/2691 855/2692/2692
f 853/2693/2693 854/2694/2694 857/2695/2695 856/2696/2696
f 855/2697/2697 856/2698/2698 859/2699/2699 858/2700/2700
f 856/2701/2701 857/2702/2702 860/2703/2703 859/2704/2704
f 24/2705/2705 362/2706/2706 852/2707/2707 359/2708/2708
f 362/2709/2709 363/2710/2710 853/2711/2711 852/2712/2712
f 363/2713/2713 364/2714/2714 854/2715/2715 853/2716/2716
f 364/2717/2717 21/2718/2718 343/2719/2719 854/2720/2720
f 854/2721/2721 343/2722/2722 342/2723/2723 857/2724/2724
f 857/2725/2725 342/2726/2726 341/2727/2727 860/2728/2728
f 860/2729/2729 341/2730/2730 49/2731/2731 113/2732/2732
f 859/2733/2733 860/2734/2734 113/2735/2735 114/2736/2736
f 858/2737/2737 859/2738/2738 114/2739/2739 115/2740/2740
f 361/2741/2741 858/2742/2742 115/2743/2743 52/2744/2744
f 360/2745/2745 855/2746/2746 858/2747/2747 361/2748/2748
f 359/2749/2749 852/2750/2750 855/2751/2751 360/2752/2752
f 861/2753/2753 862/2754/2754 865/2755/2755 864/2756/2756
f 862/2757/2757 863/2758/2758 866/2759/2759 865/2760/2760
f 864/2761/2761 865/2762/2762 868/2763/2763 867/2764/2764
f 865/2765/2765 866/2766/2766 869/2767/2767 868/2768/2768
f 53/2769/2769 368/2770/2770 861/2771/2771 367/2772/2772
f 368/2773/2773 369/2774/2774 862/2775/2775 861/2776/2776
f 369/2777/2777 370/2778/2778 863/2779/2779 862/2780/2780
f 370/2781/2781 54/2782/2782 371/2783/2783 863/2784/2784
f 863/2785/2785 371/2786/2786 372/2787/2787 866/2788/2788
f 866/2789/2789 372/2790/2790 373/2791/2791 869/2792/2792
f 869/2793/2793 373/2794/2794 22/2795/2795 346/2796/2796
f 868/2797/2797 869/2798/2798 346/2799/2799 345/2800/2800
f 867/2801/2801 868/2802/2802 345/2803/2803 344/2804/2804
f 365/2805/2805 867/2806/2806 344/2807/2807 21/2808/2808
f 366/2809/2809 864/2810/2810 867/2811/2811 365/2812/2812
f 367/2813/2813 861/2814/2814 864/2815/2815 366/2816/2816
f 870/2817/2817 871/2818/2818 874/2819/2819 873/2820/2820
f 871/2821/2821 872/2822/2822 875/2823/2823 874/2824/2824
f 873/2825/2825 874/2826/2826 877/2827/2827 876/2828/2828
f 874/2829/2829 875/2830/2830 878/2831/2831 877/2832/2832
f 54/2833/2833 374/2834/2834 870/2835/2835 371/2836/2836
f 374/2837/2837 375/2838/2838 871/2839/2839 870/2840/2840
f 375/2841/2841 376/2842/2842 872/2843/2843 871/2844/2844
f 376/2845/2845 55/2846/2846 377/2847/2847 872/2848/2848
f 872/2849/2849 377/2850/2850 378/2851/2851 875/2852/2852
f 875/2853/2853 378/2854/2854 379/2855/2855 878/2856/2856
f 878/2857/2857 379/2858/2858 23/2859/2859 352/2860/2860
f 877/2861/2861 878/2862/2862 352/2863/2863 351/2864/2864
f 876/2865/2865 877/2866/2866 351/2867/2867 350/2868/2868
f 373/2869/2869 876/2870/2870 350/2871/2871 22/2872/2872
f 372/2873/2873 873/2874/2874 876/2875/2875 373/2876/2876
f 371/2877/2877 870/2878/2878 873/2879/2879 372/2880/2880
f 879/2881/2881 880/2882/2882 883/2883/2883 882/2884/2884
f 880/2885/2885 881/2886/2886 884/2887/2887 883/2888/2888
f 882/2889/2889 883/2890/2890 886/2891/2891 885/2892/2892
f 883/2893/2893 884/2894/2894 887/2895/2895 886/2896/2896
f 55/2897/2897 380/2898/2898 879/2899/2899 377/2900/2900
f 380/2901/2901 381/2902/2902 880/2903/2903 879/2904/2904
f 381/2905/2905 382/2906/2906 881/2907/2907 880/2908/2908
f 382/2909/2909 56/2910/2910 383/2911/2911 881/2912/2912
f 881/2913/2913 383/2914/2914 384/2915/2915 884/2916/2916
f 884/2917/2917 384/2918/2918 385/2919/2919 887/2920/2920
f 887/2921/2921 385/2922/2922 24/2923/2923 358/2924/2924
f 886/2925/2925 887/2926/2926 358/2927/2927 357/2928/2928
f 885/2929/2929 886/2930/2930 357/2931/2931 356/2932/2932
f 379/2933/2933 885/2934/2934 356/2935/2935 23/2936/2936
f 378/2937/2937 882/2938/2938 885/2939/2939 379/2940/2940
f 377/2941/2941 879/2942/2942 882/2943/2943 378/2944/2944
f 888/2945/2945 889/2946/2946 892/2947/2947 891/2948/2948
f 889/2949/2949 890/2950/2950 893/2951/2951 892/2952/2952
f 891/2953/2953 892/2954/2954 895/2955/2955 894/2956/2956
f 892/2957/2957 893/2958/2958 896/2959/2959 895/2960/2960
f 56/2961/2961 386/2962/2962 888/2963/2963 383/2964/2964
f 386/2965/2965 387/2966/2966 889/2967/2967 888/2968/2968
f 387/2969/2969 388/2970/2970 890/2971/2971 889/2972/2972
f 388/2973/2973 53/2974/2974 367/2975/2975 890/2976/2976
f 890/2977/2977 367/2978/2978 366/2979/2979 893/2980/2980
f 893/2981/2981 366/2982/2982 365/2983/2983 896/2984/2984
f 896/2985/2985 365/2986/2986 21/2987/2987 364/2988/2988
f 895/2989/2989 896/2990/2990 364/2991/2991 363/2992/2992
f 894/2993/2993 895/2994/2994 363/2995/2995 362/2996/2996
f 385/2997/2997 894/2998/2998 362/2999/2999 24/3000/3000
f 384/3001/3001 891/3002/3002 894/3003/3003 385/3004/3004
f 383/3005/3005 888/3006/3006 891/3007/3007 384/3008/3008
f 897/3009/3009 898/3010/3010 901/3011/3011 900/3012/3012
f 898/3013/3013 899/3014/3014 902/3015/3015 901/3016/3016
f 900/3017/3017 901/3018/3018 904/3019/3019 903/3020/3020
f 901/3021/3021 902/3022/3022 905/3023/3023 904/3024/3024
f 25/3025/3025 82/3026/3026 897/3027/3027 391/3028/3028
f 82/3029/3029 81/3030/3030 898/3031/3031 897/3032/3032
f 81/3033/3033 80/3034/3034 899/3035/3035 898/3036/3036
f 80/3037/3037 26/3038/3038 392/3039/3039 899/3040/3040
f 899/3041/3041 392/3042/3042 393/3043/3043 902/3044/3044
f 902/3045/3045 393/3046/3046 394/3047/3047 905/3048/3048
f 905/3049/3049 394/3050/3050 54/3051/3051 370/3052/3052
f 904/3053/3053 905/3054/3054 370/3055/3055 369/3056/3056
f 903/3057/3057 904/3058/3058 369/3059/3059 368/3060/3060
f 389/3061/3061 903/3062/3062 368/3063/3063 53/3064/3064
f 390/3065/3065 900/3066/3066 903/3067/3067 389/3068/3068
f 391/3069/3069 897/3070/3070 900/3071/3071 390/3072/3072
f 906/3073/3073 907/3074/3074 910/3075/3075 909/3076/3076
f 907/3077/3077 908/3078/3078 911/3079/3079 910/3080/3080
f 909/3081/3081 910/3082/3082 913/3083/3083 912/3084/3084
f 910/3085/3085 911/3086/3086 914/3087/3087 913/3088/3088
f 26/3089/3089 94/3090/3090 906/3091/3091 392/3092/3092
f 94/3093/3093 93/3094/3094 907/3095/3095 906/3096/3096
f 93/3097/3097 92/3098/3098 908/3099/3099 907/3100/3100
f 92/3101/3101 27/3102/3102 395/3103/3103 908/3104/3104
f 908/3105/3105 395/3106/3106 396/3107/3107 911/3108/3108
f 911/3109/3109 396/3110/3110 397/3111/3111 914/3112/3112
f 914/3113/3113 397/3114/3114 55/3115/3115 376/3116/3116
f 913/3117/3117 914/3118/3118 376/3119/3119 375/3120/3120
f 912/3121/3121 913/3122/3122 375/3123/3123 374/3124/3124
f 394/3125/3125 912/3126/3126 374/3127/3127 54/3128/3128
f 393/3129/3129 909/3130/3130 912/3131/3131 394/3132/3132
f 392/3133/3133 906/3134/3134 909/3135/3135 393/3136/3136
f 915/3137/3137 916/3138/3138 919/3139/3139 918/3140/3140
f 916/3141/3141 917/3142/3142 920/3143/3143 919/3144/3144
f 918/3145/3145 919/3146/3146 922/3147/3147 921/3148/3148
f 919/3149/3149 920/3150/3150 923/3151/3151 922/3152/3152
f 27/3153/3153 106/3154/3154 915/3155/3155 395/3156/3156
f 106/3157/3157 105/3158/3158 916/3159/3159 915/3160/3160
f 105/3161/3161 104/3162/3162 917/3163/3163 916/3164/3164
f 104/3165/3165 28/3166/3166 398/3167/3167 917/3168/3168
f 917/3169/3169 398/3170/3170 399/3171/3171 920/3172/3172
f 920/3173/3173 399/3174/3174 400/3175/3175 923/3176/3176
f 923/3177/3177 400/3178/3178 56/3179/3179 382/3180/3180
f 922/3181/3181 923/3182/3182 382/3183/3183 381/3184/3184
f 921/3185/3185 922/3186/3186 381/3187/3187 380/3188/3188
f 397/3189/3189 921/3190/3190 380/3191/3191 55/3192/3192
f 396/3193/3193 918/3194/3194 921/3195/3195 397/3196/3196
f 395/3197/3197 915/3198/3198 918/3199/3199 396/3200/3200
f 924/3201/3201 925/3202/3202 928/3203/3203 927/3204/3204
f 925/3205/3205 926/3206/3206 929/3207/3207 928/3208/3208
f 927/3209/3209 928/3210/3210 931/3211/3211 930/3212/3212
f 928/3213/3213 929/3214/3214 932/3215/3215 931/3216/3216
f 28/3217/3217 109/3218/3218 924/3219/3219 398/3220/3220
f 109/3221/3221 108/3222/3222 925/3223/3223 924/3224/3224
f 108/3225/3225 107/3226/3226 926/3227/3227 925/3228/3228
f 107/3229/3229 25/3230/3230 391/3231/3231 926/3232/3232
f 926/3233/3233 391/3234/3234 390/3235/3235 929/3236/3236
f 929/3237/3237 390/3238/3238 389/3239/3239 932/3240/3240
f 932/3241/3241 389/3242/3242 53/3243/3243 388/3244/3244
f 931/3245/3245 932/3246/3246 388/3247/3247 387/3248/3248
f 930/3249/3249 931/3250/3250 387/3251/3251 386/3252/3252
f 400/3253/3253 930/3254/3254 386/3255/3255 56/3256/3256
f 399/3257/3257 927/3258/3258 930/3259/3259 400/3260/3260
f 398/3261/3261 924/3262/3262 927/3263/3263 399/3264/3264
f 933/3265/3265 934/3266/3266 937/3267/3267 936/3268/3268
f 934/3269/3269 935/3270/3270 938/3271/3271 937/3272/3272
f 936/3273/3273 937/3274/3274 940/3275/3275 939/3276/3276
f 937/3277/3277 938/3278/3278 941/3279/3279 940/3280/3280
f 57/3281/3281 404/3282/3282 933/3283/3283 403/3284/3284
f 404/3285/3285 405/3286/3286 934/3287/3287 933/3288/3288
f 405/3289/3289 406/3290/3290 935/3291/3291 934/3292/3292
f 406/3293/3293 58/3294/3294 407/3295/3295 935/3296/3296
f 935/3297/3297 407/3298/3298 408/3299/3299 938/3300/3300
f 938/3301/3301 408/3302/3302 409/3303/3303 941/3304/3304
f 941/3305/3305 409/3306/3306 65/3307/3307 178/3308/3308
f 940/3309/3309 941/3310/3310 178/3311/3311 177/3312/3312
f 939/3313/3313 940/3314/3314 177/3315/3315 176/3316/3316
f 401/3317/3317 939/3318/3318 176/3319/3319 29/3320/3320
f 402/3321/3321 936/3322/3322 939/3323/3323 401/3324/3324
f 403/3325/3325 933/3326/3326 936/3327/3327 402/3328/3328
f 942/3329/3329 943/3330/3330 946/3331/3331 945/3332/3332
f 943/3333/3333 944/3334/3334 947/3335/3335 946/3336/3336
f 945/3337/3337 946/3338/3338 949/3339/3339 948/3340/3340
f 946/3341/3341 947/3342/3342 950/3343/3343 949/3344/3344
f 58/3345/3345 410/3346/3346 942/3347/3347 407/3348/3348
f 410/3349/3349 411/3350/3350 943/3351/3351 942/3352/3352
f 411/3353/3353 412/3354/3354 944/3355/3355 943/3356/3356
f 412/3357/3357 59/3358/3358 413/3359/3359 944/3360/3360
f 944/3361/3361 413/3362/3362 414/3363/3363 947/3364/3364
f 947/3365/3365 414/3366/3366 415/3367/3367 950/3368/3368
f 950/3369/3369 415/3370/3370 66/3371/3371 181/3372/3372
f 949/3373/3373 950/3374/3374 181/3375/3375 180/3376/3376
f 948/3377/3377 949/3378/3378 180/3379/3379 179/3380/3380
f 409/3381/3381 948/3382/3382 179/3383/3383 65/3384/3384
f 408/3385/3385 945/3386/3386 948/3387/3387 409/3388/3388
f 407/3389/3389 942/3390/3390 945/3391/3391 408/3392/3392
f 951/3393/3393 952/3394/3394 955/3395/3395 954/3396/3396
f 952/3397/3397 953/3398/3398 956/3399/3399 955/3400/3400
f 954/3401/3401 955/3402/3402 958/3403/3403 957/3404/3404
f 955/3405/3405 956/3406/3406 959/3407/3407 958/3408/3408
f 59/3409/3409 416/3410/3410 951/3411/3411 413/3412/3412
f 416/3413/3413 417/3414/3414 952/3415/3415 951/3416/3416
f 417/3417/3417 418/3418/3418 953/3419/3419 952/3420/3420
f 418/3421/3421 60/3422/3422 419/3423/3423 953/3424/3424
f 953/3425/3425 419/3426/3426 420/3427/3427 956/3428/3428
f 956/3429/3429 420/3430/3430 421/3431/3431 959/3432/3432
f 959/3433/3433 421/3434/3434 67/3435/3435 184/3436/3436
f 958/3437/3437 959/3438/3438 184/3439/3439 183/3440/3440
f 957/3441/3441 958/3442/3442 183/3443/3443 182/3444/3444
f 415/3445/3445 957/3446/3446 182/3447/3447 66/3448/3448
f 414/3449/3449 954/3450/3450 957/3451/3451 415/3452/3452
f 413/3453/3453 951/3454/3454 954/3455/3455 414/3456/3456
f 960/3457/3457 961/3458/3458 964/3459/3459 963/3460/3460
f 961/3461/3461 962/3462/3462 965/3463/3463 964/3464/3464
f 963/3465/3465 964/3466/3466 967/3467/3467 966/3468/3468
f 964/3469/3469 965/3470/3470 968/3471/3471 967/3472/3472
f 60/3473/3473 422/3474/3474 960/3475/3475 419/3476/3476
f 422/3477/3477 423/3478/3478 961/3479/3479 960/3480/3480
f 423/3481/3481 424/3482/3482 962/3483/3483 961/3484/3484
f 424/3485/3485 57/3486/3486 403/3487/3487 962/3488/3488
f 962/3489/3489 403/3490/3490 402/3491/3491 965/3492/3492
f 965/3493/3493 402/3494/3494 401/3495/3495 968/3496/3496
f 968/3497/3497 401/3498/3498 29/3499/3499 172/3500/3500
f 967/3501/3501 968/3502/3502 172/3503/3503 171/3504/3504
f 966/3505/3505 967/3506/3506 171/3507/3507 170/3508/3508
f 421/3509/3509 966/3510/3510 170/3511/3511 67/3512/3512
f 420/3513/3513 963/3514/3514 966/3515/3515 421/3516/3516
f 419/3517/3517 960/3518/3518 963/3519/3519 420/3520/3520
f 969/3521/3521 970/3522/3522 973/3523/3523 972/3524/3524
f 970/3525/3525 971/3526/3526 974/3527/3527 973/3528/3528
f 972/3529/3529 973/3530/3530 976/3531/3531 975/3532/3532
f 973/3533/3533 974/3534/3534 977/3535/3535 976/3536/3536
f 33/3537/3537 220/3538/3538 969/3539/3539 427/3540/3540
f 220/3541/3541 219/3542/3542 970/3543/3543 969/3544/3544
f 219/3545/3545 218/3546/3546 971/3547/3547 970/3548/3548
f 218/3549/3549 34/3550/3550 428/3551/3551 971/3552/3552
f 971/3553/3553 428/3554/3554 429/3555/3555 974/3556/3556
f 974/3557/3557 429/3558/3558 430/3559/3559 977/3560/3560
f 977/3561/3561 430/3562/3562 58/3563/3563 406/3564/3564
f 976/3565/3565 977/3566/3566 406/3567/3567 405/3568/3568
f 975/3569/3569 976/3570/3570 405/3571/3571 404/3572/3572
f 425/3573/3573 975/3574/3574 404/3575/3575 57/3576/3576
f 426/3577/3577 972/3578/3578 975/3579/3579 425/3580/3580
f 427/3581/3581 969/3582/3582 972/3583/3583 426/3584/3584
f 978/3585/3585 979/3586/3586 982/3587/3587 981/3588/3588
f 979/3589/3589 980/3590/3590 983/3591/3591 982/3592/3592
f 981/3593/3593 982/3594/3594 985/3595/3595 984/3596/3596
f 982/3597/3597 983/3598/3598 986/3599/3599 985/3600/3600
f 34/3601/3601 217/3602/3602 978/3603/3603 428/3604/3604
f 217/3605/3605 216/3606/3606 979/3607/3607 978/3608/3608
f 216/3609/3609 215/3610/3610 980/3611/3611 979/3612/3612
f 215/3613/3613 35/3614/3614 431/3615/3615 980/3616/3616
f 980/3617/3617 431/3618/3618 432/3619/3619 983/3620/3620
f 983/3621/3621 432/3622/3622 433/3623/3623 986/3624/3624
f 986/3625/3625 433/3626/3626 59/3627/3627 412/3628/3628
f 985/3629/3629 986/3630/3630 412/3631/3631 411/3632/3632
f 984/3633/3633 985/3634/3634 411/3635/3635 410/3636/3636
f 430/3637/3637 984/3638/3638 410/3639/3639 58/3640/3640
f 429/3641/3641 981/3642/3642 984/3643/3643 430/3644/3644
f 428/3645/3645 978/3646/3646 981/3647/3647 429/3648/3648
f 987/3649/3649 988/3650/3650 991/3651/3651 990/3652/3652
f 988/3653/3653 989/3654/3654 992/3655/3655 991/3656/3656
f 990/3657/3657 991/3658/3658 994/3659/3659 993/3660/3660
f 991/3661/3661 992/3662/3662 995/3663/3663 994/3664/3664
f 35/3665/3665 214/3666/3666 987/3667/3667 431/3668/3668
f 214/3669/3669 213/3670/3670 988/3671/3671 987/3672/3672
f 213/3673/3673 212/3674/3674 989/3675/3675 988/3676/3676
f 212/3677/3677 36/3678/3678 434/3679/3679 989/3680/3680
f 989/3681/3681 434/3682/3682 435/3683/3683 992/3684/3684
f 992/3685/3685 435/3686/3686 436/3687/3687 995/3688/3688
f 995/3689/3689 436/3690/3690 60/3691/3691 418/3692/3692
f 994/3693/3693 995/3694/3694 418/3695/3695 417/3696/3696
f 993/3697/3697 994/3698/3698 417/3699/3699 416/3700/3700
f 433/3701/3701 993/3702/3702 416/3703/3703 59/3704/3704
f 432/3705/3705 990/3706/3706 993/3707/3707 433/3708/3708
f 431/3709/3709 987/3710/3710 990/3711/3711 432/3712/3712
f 996/3713/3713 997/3714/3714 1000/3715/3715 999/3716/3716
f 997/3717/3717 998/3718/3718 1001/3719/3719 1000/3720/3720
f 999/3721/3721 1000/3722/3722 1003/3723/3723 1002/3724/3724
f 1000/3725/3725 1001/3726/3726 1004/3727/3727 1003/3728/3728
f 36/3729/3729 211/3730/3730 996/3731/3731 434/3732/3732
f 211/3733/3733 210/3734/3734 997/3735/3735 996/3736/3736
f 210/3737/3737 209/3738/3738 998/3739/3739 997/3740/3740
f 209/3741/3741 33/3742/3742 427/3743/3743 998/3744/3744
f 998/3745/3745 427/3746/3746 426/3747/3747 1001/3748/3748
f 1001/3749/3749 426/3750/3750 425/3751/3751 1004/3752/3752
f 1004/3753/3753 425/3754/3754 57/3755/3755 424/3756/3756
f 1003/3757/3757 1004/3758/3758 424/3759/3759 423/3760/3760
f 1002/3761/3761 1003/3762/3762 423/3763/3763 422/3764/3764
f 436/3765/3765 1002/3766/3766 422/3767/3767 60/3768/3768
f 435/3769/3769 999/3770/3770 1002/3771/3771 436/3772/3772
f 434/3773/3773 996/3774/3774 999/3775/3775 435/3776/3776
f 1005/3777/3777 1006/3778/3778 1009/3779/3779 1008/3780/3780
f 1006/3781/3781 1007/3782/3782 1010/3783/3783 1009/3784/3784
f 1008/3785/3785 1009/3786/3786 1012/3787/3787 1011/3788/3788
f 1009/3789/3789 1010/3790/3790 1013/3791/3791 1012/3792/3792
f 61/3793/3793 440/3794/3794 1005/3795/3795 439/3796/3796
f 440/3797/3797 441/3798/3798 1006/3799/3799 1005/3800/3800
f 441/3801/3801 442/3802/3802 1007/3803/3803 1006/3804/3804
f 442/3805/3805 62/3806/3806 443/3807/3807 1007/3808/3808
f 1007/3809/3809 443/3810/3810 444/3811/3811 1010/3812/3812
f 1010/3813/3813 444/3814/3814 445/3815/3815 1013/3816/3816
f 1013/3817/3817 445/3818/3818 70/3819/3819 205/3820/3820
f 1012/3821/3821 1013/3822/3822 205/3823/3823 204/3824/3824
f 1011/3825/3825 1012/3826/3826 204/3827/3827 203/3828/3828
f 437/3829/3829 1011/3830/3830 203/3831/3831 37/3832/3832
f 438/3833/3833 1008/3834/3834 1011/3835/3835 437/3836/3836
f 439/3837/3837 1005/3838/3838 1008/3839/3839 438/3840/3840
f 1014/3841/3841 1015/3842/3842 1018/3843/3843 1017/3844/3844
f 1015/3845/3845 1016/3846/3846 1019/3847/3847 1018/3848/3848
f 1017/3849/3849 1018/3850/3850 1021/3851/3851 1020/3852/3852
f 1018/3853/3853 1019/3854/3854 1022/3855/3855 1021/3856/3856
f 62/3857/3857 446/3858/3858 1014/3859/3859 443/3860/3860
f 446/3861/3861 447/3862/3862 1015/3863/3863 1014/3864/3864
f 447/3865/3865 448/3866/3866 1016/3867/3867 1015/3868/3868
f 448/3869/3869 63/3870/3870 449/3871/3871 1016/3872/3872
f 1016/3873/3873 449/3874/3874 450/3875/3875 1019/3876/3876
f 1019/3877/3877 450/3878/3878 451/3879/3879 1022/3880/3880
f 1022/3881/3881 451/3882/3882 69/3883/3883 208/3884/3884
f 1021/3885/3885 1022/3886/3886 208/3887/3887 207/3888/3888
f 1020/3889/3889 1021/3890/3890 207/3891/3891 206/3892/3892
f 445/3893/3893 1020/3894/3894 206/3895/3895 70/3896/3896
f 444/3897/3897 1017/3898/3898 1020/3899/3899 445/3900/3900
f 443/3901/3901 1014/3902/3902 1017/3903/3903 444/3904/3904
f 1023/3905/3905 1024/3906/3906 1027/3907/3907 1026/3908/3908
f 1024/3909/3909 1025/3910/3910 1028/3911/3911 1027/3912/3912
f 1026/3913/3913 1027/3914/3914 1030/3915/3915 1029/3916/3916
f 1027/3917/3917 1028/3918/3918 1031/3919/3919 1030/3920/3920
f 63/3921/3921 452/3922/3922 1023/3923/3923 449/3924/3924
f 452/3925/3925 453/3926/3926 1024/3927/3927 1023/3928/3928
f 453/3929/3929 454/3930/3930 1025/3931/3931 1024/3932/3932
f 454/3933/3933 64/3934/3934 455/3935/3935 1025/3936/3936
f 1025/3937/3937 455/3938/3938 456/3939/3939 1028/3940/3940
f 1028/3941/3941 456/3942/3942 457/3943/3943 1031/3944/3944
f 1031/3945/3945 457/3946/3946 68/3947/3947 199/3948/3948
f 1030/3949/3949 1031/3950/3950 199/3951/3951 198/3952/3952
f 1029/3953/3953 1030/3954/3954 198/3955/3955 197/3956/3956
f 451/3957/3957 1029/3958/3958 197/3959/3959 69/3960/3960
f 450/3961/3961 1026/3962/3962 1029/3963/3963 451/3964/3964
f 449/3965/3965 1023/3966/3966 1026/3967/3967 450/3968/3968
f 1032/3969/3969 1033/3970/3970 1036/3971/3971 1035/3972/3972
f 1033/3973/3973 1034/3974/3974 1037/3975/3975 1036/3976/3976
f 1035/3977/3977 1036/3978/3978 1039/3979/3979 1038/3980/3980
f 1036/3981/3981 1037/3982/3982 1040/3983/3983 1039/3984/3984
f 64/3985/3985 458/3986/3986 1032/3987/3987 455/3988/3988
f 458/3989/3989 459/3990/3990 1033/3991/3991 1032/3992/3992
f 459/3993/3993 460/3994/3994 1034/3995/3995 1033/3996/3996
f 460/3997/3997 61/3998/3998 439/3999/3999 1034/4000/4000
f 1034/4001/4001 439/4002/4002 438/4003/4003 1037/4004/4004
f 1037/4005/4005 438/4006/4006 437/4007/4007 1040/4008/4008
f 1040/4009/4009 437/4010/4010 37/4011/4011 202/4012/4012
f 1039/4013/4013 1040/4014/4014 202/4015/4015 201/4016/4016
f 1038/4017/4017 1039/4018/4018 201/4019/4019 200/4020/4020
f 457/4021/4021 1038/4022/4022 200/4023/4023 68/4024/4024
f 456/4025/4025 1035/4026/4026 1038/4027/4027 457/4028/4028
f 455/4029/4029 1032/4030/4030 1035/4031/4031 456/4032/4032
f 1041/4033/4033 1042/4034/4034 1045/4035/4035 1044/4036/4036
f 1042/4037/4037 1043/4038/4038 1046/4039/4039 1045/4040/4040
f 1044/4041/4041 1045/4042/4042 1048/4043/4043 1047/4044/4044
f 1045/4045/4045 1046/4046/4046 1049/4047/4047 1048/4048/4048
f 41/4049/4049 232/4050/4050 1041/4051/4051 463/4052/4052
f 232/4053/4053 231/4054/4054 1042/4055/4055 1041/4056/4056
f 231/4057/4057 230/4058/4058 1043/4059/4059 1042/4060/4060
f 230/4061/4061 42/4062/4062 464/4063/4063 1043/4064/4064
f 1043/4065/4065 464/4066/4066 465/4067/4067 1046/4068/4068
f 1046/4069/4069 465/4070/4070 466/4071/4071 1049/4072/4072
f 1049/4073/4073 466/4074/4074 62/4075/4075 442/4076/4076
f 1048/4077/4077 1049/4078/4078 442/4079/4079 441/4080/4080
f 1047/4081/4081 1048/4082/4082 441/4083/4083 440/4084/4084
f 461/4085/4085 1047/4086/4086 440/4087/4087 61/4088/4088
f 462/4089/4089 1044/4090/4090 1047/4091/4091 461/4092/4092
f 463/4093/4093 1041/4094/4094 1044/4095/4095 462/4096/4096
f 1050/4097/4097 1051/4098/4098 1054/4099/4099 1053/4100/4100
f 1051/4101/4101 1052/4102/4102 1055/4103/4103 1054/4104/4104
f 1053/4105/4105 1054/4106/4106 1057/4107/4107 1056/4108/4108
f 1054/4109/4109 1055/4110/4110 1058/4111/4111 1057/4112/4112
f 42/4113/4113 229/4114/4114 1050/4115/4115 464/4116/4116
f 229/4117/4117 228/4118/4118 1051/4119/4119 1050/4120/4120
f 228/4121/4121 227/4122/4122 1052/4123/4123 1051/4124/4124
f 227/4125/4125 43/4126/4126 467/4127/4127 1052/4128/4128
f 1052/4129/4129 467/4130/4130 468/4131/4131 1055/4132/4132
f 1055/4133/4133 468/4134/4134 469/4135/4135 1058/4136/4136
f 1058/4137/4137 469/4138/4138 63/4139/4139 448/4140/4140
f 1057/4141/4141 1058/4142/4142 448/4143/4143 447/4144/4144
f 1056/4145/4145 1057/4146/4146 447/4147/4147 446/4148/4148
f 466/4149/4149 1056/4150/4150 446/4151/4151 62/4152/4152
f 465/4153/4153 1053/4154/4154 1056/4155/4155 466/4156/4156
f 464/4157/4157 1050/4158/4158 1053/4159/4159 465/4160/4160
f 1059/4161/4161 1060/4162/4162 1063/4163/4163 1062/4164/4164
f 1060/4165/4165 1061/4166/4166 1064/4167/4167 1063/4168/4168
f 1062/4169/4169 1063/4170/4170 1066/4171/4171 1065/4172/4172
f 1063/4173/4173 1064/4174/4174 1067/4175/4175 1066/4176/4176
f 43/4177/4177 226/4178/4178 1059/4179/4179 467/4180/4180
f 226/4181/4181 225/4182/4182 1060/4183/4183 1059/4184/4184
f 225/4185/4185 224/4186/4186 1061/4187/4187 1060/4188/4188
f 224/4189/4189 44/4190/4190 470/4191/4191 1061/4192/4192
f 1061/4193/4193 470/4194/4194 471/4195/4195 1064/4196/4196
f 1064/4197/4197 471/4198/4198 472/4199/4199 1067/4200/4200
f 1067/4201/4201 472/4202/4202 64/4203/4203 454/4204/4204
f 1066/4205/4205 1067/4206/4206 454/4207/4207 453/4208/4208
f 1065/4209/4209 1066/4210/4210 453/4211/4211 452/4212/4212
f 469/4213/4213 1065/4214/4214 452/4215/4215 63/4216/4216
f 468/4217/4217 1062/4218/4218 1065/4219/4219 469/4220/4220
f 467/4221/4221 1059/4222/4222 1062/4223/4223 468/4224/4224
f 1068/4225/4225 1069/4226/4226 1072/4227/4227 1071/4228/4228
f 1069/4229/4229 1070/4230/4230 1073/4231/4231 1072/4232/4232
f 1071/4233/4233 1072/4234/4234 1075/4235/4235 1074/4236/4236
f 1072/4237/4237 1073/4238/4238 1076/4239/4239 1075/4240/4240
f 44/4241/4241 223/4242/4242 1068/4243/4243 470/4244/4244
f 223/4245/4245 222/4246/4246 1069/4247/4247 1068/4248/4248
f 222/4249/4249 221/4250/4250 1070/4251/4251 1069/4252/4252
f 221/4253/4253 41/4254/4254 463/4255/4255 1070/4256/4256
f 1070/4257/4257 463/4258/4258 462/4259/4259 1073/4260/4260
f 1073/4261/4261 462/4262/4262 461/4263/4263 1076/4264/4264
f 1076/4265/4265 461/4266/4266 61/4267/4267 460/4268/4268
f 1075/4269/4269 1076/4270/4270 460/4271/4271 459/4272/4272
f 1074/4273/4273 1075/4274/4274 459/4275/4275 458/4276/4276
f 472/4277/4277 1074/4278/4278 458/4279/4279 64/4280/4280
f 471/4281/4281 1071/4282/4282 1074/4283/4283 472/4284/4284
f 470/4285/4285 1068/4286/4286 1071/4287/4287 471/4288/4288
f 1117/4289/4289 1078/4290/4290 1082/4291/4291 1083/4292/4292
f 1080/4293/4293 1118/4294/4294 1085/4295/4295 1086/4296/4296
f 1079/4297/4297 1117/4298/4298 1083/4299/4299 1084/4300/4300
f 1078/4301/4301 1077/4302/4302 1082/4303/4303
f 1081/4304/4304 1080/4305/4305 1086/4306/4306
f 1118/4307/4307 1079/4308/4308 1084/4309/4309 1085/4310/4310
f 1086/4311/4311 1085/4312/4312 1090/4313/4313 1091/4314/4314
f 1084/4315/4315 1083/4316/4316 1088/4317/4317 1089/4318/4318
f 1082/4319/4319 1077/4320/4320 1087/4321/4321
f 1081/4322/4322 1086/4323/4323 1091/4324/4324
f 1085/4325/4325 1084/4326/4326 1089/4327/4327 1090/4328/4328
f 1083/4329/4329 1082/4330/4330 1087/4331/4331 1088/4332/4332
f 1091/4333/4333 1090/4334/4334 1095/4335/4335 1096/4336/4336
f 1089/4337/4337 1088/4338/4338 1093/4339/4339 1094/4340/4340
f 1087/4341/4341 1077/4342/4342 1092/4343/4343
f 1081/4344/4344 1091/4345/4345 1096/4346/4346
f 1090/4347/4347 1089/4348/4348 1094/4349/4349 1095/4350/4350
f 1088/4351/4351 1087/4352/4352 1092/4353/4353 1093/4354/4354
f 1094/4355/4355 1093/4356/4356 1098/4357/4357 1099/4358/4358
f 1092/4359/4359 1077/4360/4360 1097/4361/4361
f 1081/4362/4362 1096/4363/4363 1101/4364/4364
f 1095/4365/4365 1094/4366/4366 1099/4367/4367 1100/4368/4368
f 1093/4369/4369 1092/4370/4370 1097/4371/4371 1098/4372/4372
f 1096/4373/4373 1095/4374/4374 1100/4375/4375 1101/4376/4376
f 1097/4377/4377 1077/4378/4378 1102/4379/4379
f 1081/4380/4380 1101/4381/4381 1106/4382/4382
f 1100/4383/4383 1099/4384/4384 1104/4385/4385 1105/4386/4386
f 1098/4387/4387 1097/4388/4388 1102/4389/4389 1103/4390/4390
f 1101/4391/4391 1100/4392/4392 1105/4393/4393 1106/4394/4394
f 1099/4395/4395 1098/4396/4396 1103/4397/4397 1104/4398/4398
f 1081/4399/4399 1106/4400/4400 1111/4401/4401
f 1105/4402/4402 1104/4403/4403 1109/4404/4404 1110/4405/4405
f 1103/4406/4406 1102/4407/4407 1107/4408/4408 1108/4409/4409
f 1106/4410/4410 1105/4411/4411 1110/4412/4412 1111/4413/4413
f 1104/4414/4414 1103/4415/4415 1108/4416/4416 1109/4417/4417
f 1102/4418/4418 1077/4419/4419 1107/4420/4420
f 1081/4421/4421 1111/4422/4422 1116/4423/4423
f 1110/4424/4424 1109/4425/4425 1114/4426/4426 1115/4427/4427
f 1108/4428/4428 1107/4429/4429 1112/4430/4430 1113/4431/4431
f 1111/4432/4432 1110/4433/4433 1115/4434/4434 1116/4435/4435
f 1109/4436/4436 1108/4437/4437 1113/4438/4438 1114/4439/4439
f 1107/4440/4440 1077/4441/4441 1112/4442/4442
f 1081/4443/4443 1116/4444/4444 1080/4445/4445
f 1115/4446/4446 1114/4447/4447 1079/4448/4448 1118/4449/4449
f 1113/4450/4450 1112/4451/4451 1078/4452/4452 1117/4453/4453
f 1116/4454/4454 1115/4455/4455 1118/4456/4456 1080/4457/4457
f 1114/4458/4458 1113/4459/4459 1117/4460/4460 1079/4461/4461
f 1112/4462/4462 1077/4463/4463 1078/4464/4464
f 1160/4465/4465 1121/4466/4466 1126/4467/4467 1127/4468/4468
f 1159/4469/4469 1120/4470/4470 1124/4471/4471 1125/4472/4472
f 1122/4473/4473 1160/4474/4474 1127/4475/4475 1128/4476/4476
f 1121/4477/4477 1159/4478/4478 1125/4479/4479 1126/4480/4480
f 1120/4481/4481 1119/4482/4482 1124/4483/4483
f 1123/4484/4484 1122/4485/4485 1128/4486/4486
f 1128/4487/4487 1127/4488/4488 1132/4489/4489 1133/4490/4490
f 1126/4491/4491 1125/4492/4492 1130/4493/4493 1131/4494/4494
f 1124/4495/4495 1119/4496/4496 1129/4497/4497
f 1123/4498/4498 1128/4499/4499 1133/4500/4500
f 1127/4501/4501 1126/4502/4502 1131/4503/4503 1132/4504/4504
f 1125/4505/4505 1124/4506/4506 1129/4507/4507 1130/4508/4508
f 1133/4509/4509 1132/4510/4510 1137/4511/4511 1138/4512/4512
f 1131/4513/4513 1130/4514/4514 1135/4515/4515 1136/4516/4516
f 1129/4517/4517 1119/4518/4518 1134/4519/4519
f 1123/4520/4520 1133/4521/4521 1138/4522/4522
f 1132/4523/4523 1131/4524/4524 1136/4525/4525 1137/4526/4526
f 1130/4527/4527 1129/4528/4528 1134/4529/4529 1135/4530/4530
f 1138/4531/4531 1137/4532/4532 1142/4533/4533 1143/4534/4534
f 1136/4535/4535 1135/4536/4536 1140/4537/4537 1141/4538/4538
f 1134/4539/4539 1119/4540/4540 1139/4541/4541
f 1123/4542/4542 1138/4543/4543 1143/4544/4544
f 1137/4545/4545 1136/4546/4546 1141/4547/4547 1142/4548/4548
f 1135/4549/4549 1134/4550/4550 1139/4551/4551 1140/4552/4552
f 1141/4553/4553 1140/4554/4554 1145/4555/4555 1146/4556/4556
f 1139/4557/4557 1119/4558/4558 1144/4559/4559
f 1123/4560/4560 1143/4561/4561 1148/4562/4562
f 1142/4563/4563 1141/4564/4564 1146/4565/4565 1147/4566/4566
f 1140/4567/4567 1139/4568/4568 1144/4569/4569 1145/4570/4570
f 1143/4571/4571 1142/4572/4572 1147/4573/4573 1148/4574/4574
f 1144/4575/4575 1119/4576/4576 1149/4577/4577
f 1123/4578/4578 1148/4579/4579 1153/4580/4580
f 1147/4581/4581 1146/4582/4582 1151/4583/4583 1152/4584/4584
f 1145/4585/4585 1144/4586/4586 1149/4587/4587 1150/4588/4588
f 1148/4589/4589 1147/4590/4590 1152/4591/4591 1153/4592/4592
f 1146/4593/4593 1145/4594/4594 1150/4595/4595 1151/4596/4596
f 1123/4597/4597 1153/4598/4598 1158/4599/4599
f 1152/4600/4600 1151/4601/4601 1156/4602/4602 1157/4603/4603
f 1150/4604/4604 1149/4605/4605 1154/4606/4606 1155/4607/4607
f 1153/4608/4608 1152/4609/4609 1157/4610/4610 1158/4611/4611
f 1151/4612/4612 1150/4613/4613 1155/4614/4614 1156/4615/4615
f 1149/4616/4616 1119/4617/4617 1154/4618/4618
f 1123/4619/4619 1158/4620/4620 1122/4621/4621
f 1157/4622/4622 1156/4623/4623 1121/4624/4624 1160/4625/4625
f 1155/4626/4626 1154/4627/4627 1120/4628/4628 1159/4629/4629
f 1158/4630/4630 1157/4631/4631 1160/4632/4632 1122/4633/4633
f 1156/4634/4634 1155/4635/4635 1159/4636/4636 1121/4637/4637
f 1154/4638/4638 1119/4639/4639 1120/4640/4640
f 1165/4641/4641 1164/4642/4642 1170/4643/4643
f 1202/4644/4644 1163/4645/4645 1168/4646/4646 1169/4647/4647
f 1201/4648/4648 1162/4649/4649 1166/4650/4650 1167/4651/4651
f 1164/4652/4652 1202/4653/4653 1169/4654/4654 1170/4655/4655
f 1163/4656/4656 1201/4657/4657 1167/4658/4658 1168/4659/4659
f 1162/4660/4660 1161/4661/4661 1166/4662/4662
f 1170/4663/4663 1169/4664/4664 1174/4665/4665 1175/4666/4666
f 1168/4667/4667 1167/4668/4668 1172/4669/4669 1173/4670/4670
f 1166/4671/4671 1161/4672/4672 1171/4673/4673
f 1165/4674/4674 1170/4675/4675 1175/4676/4676
f 1169/4677/4677 1168/4678/4678 1173/4679/4679 1174/4680/4680
f 1167/4681/4681 1166/4682/4682 1171/4683/4683 1172/4684/4684
f 1175/4685/4685 1174/4686/4686 1179/4687/4687 1180/4688/4688
f 1173/4689/4689 1172/4690/4690 1177/4691/4691 1178/4692/4692
f 1171/4693/4693 1161/4694/4694 1176/4695/4695
f 1165/4696/4696 1175/4697/4697 1180/4698/4698
f 1174/4699/4699 1173/4700/4700 1178/4701/4701 1179/4702/4702
f 1172/4703/4703 1171/4704/4704 1176/4705/4705 1177/4706/4706
f 1180/4707/4707 1179/4708/4708 1184/4709/4709 1185/4710/4710
f 1178/4711/4711 1177/4712/4712 1182/4713/4713 1183/4714/4714
f 1176/4715/4715 1161/4716/4716 1181/4717/4717
f 1165/4718/4718 1180/4719/4719 1185/4720/4720
f 1179/4721/4721 1178/4722/4722 1183/4723/4723 1184/4724/4724
f 1177/4725/4725 1176/4726/4726 1181/4727/4727 1182/4728/4728
f 1185/4729/4729 1184/4730/4730 1189/4731/4731 1190/4732/4732
f 1183/4733/4733 1182/4734/4734 1187/4735/4735 1188/4736/4736
f 1181/4737/4737 1161/4738/4738 1186/4739/4739
f 1165/4740/4740 1185/4741/4741 1190/4742/4742
f 1184/4743/4743 1183/4744/4744 1188/4745/4745 1189/4746/4746
f 1182/4747/4747 1181/4748/4748 1186/4749/4749 1187/4750/4750
f 1188/4751/4751 1187/4752/4752 1192/4753/4753 1193/4754/4754
f 1186/4755/4755 1161/4756/4756 1191/4757/4757
f 1165/4758/4758 1190/4759/4759 1195/4760/4760
f 1189/4761/4761 1188/4762/4762 1193/4763/4763 1194/4764/4764
f 1187/4765/4765 1186/4766/4766 1191/4767/4767 1192/4768/4768
f 1190/4769/4769 1189/4770/4770 1194/4771/4771 1195/4772/4772
f 1191/4773/4773 1161/4774/4774 1196/4775/4775
f 1165/4776/4776 1195/4777/4777 1200/4778/4778
f 1194/4779/4779 1193/4780/4780 1198/4781/4781 1199/4782/4782
f 1192/4783/4783 1191/4784/4784 1196/4785/4785 1197/4786/4786
f 1195/4787/4787 1194/4788/4788 1199/4789/4789 1200/4790/4790
f 1193/4791/4791 1192/4792/4792 1197/4793/4793 1198/4794/4794
f 1165/4795/4795 1200/4796/4796 1164/4797/4797
f 1199/4798/4798 1198/4799/4799 1163/4800/4800 1202/4801/4801
f 1197/4802/4802 1196/4803/4803 1162/4804/4804 1201/4805/4805
f 1200/4806/4806 1199/4807/4807 1202/4808/4808 1164/4809/4809
f 1198/4810/4810 1197/4811/4811 1201/4812/4812 1163/4813/4813
f 1196/4814/4814 1161/4815/4815 1162/4816/4816
f 1207/4817/4817 1206/4818/4818 1212/4819/4819
f 1244/4820/4820 1205/4821/4821 1210/4822/4822 1211/4823/4823
f 1243/4824/4824 1204/4825/4825 1208/4826/4826 1209/4827/4827
f 1206/4828/4828 1244/4829/4829 1211/4830/4830 1212/4831/4831
f 1205/4832/4832 1243/4833/4833 1209/4834/4834 1210/4835/4835
f 1204/4836/4836 1203/4837/4837 1208/4838/4838
f 1209/4839/4839 1208/4840/4840 1213/4841/4841 1214/4842/4842
f 1212/4843/4843 1211/4844/4844 1216/4845/4845 1217/4846/4846
f 1210/4847/4847 1209/4848/4848 1214/4849/4849 1215/4850/4850
f 1208/4851/4851 1203/4852/4852 1213/4853/4853
f 1207/4854/4854 1212/4855/4855 1217/4856/4856
f 1211/4857/4857 1210/4858/4858 1215/4859/4859 1216/4860/4860
f 1217/4861/4861 1216/4862/4862 1221/4863/4863 1222/4864/4864
f 1215/4865/4865 1214/4866/4866 1219/4867/4867 1220/4868/4868
f 1213/4869/4869 1203/4870/4870 1218/4871/4871
f 1207/4872/4872 1217/4873/4873 1222/4874/4874
f 1216/4875/4875 1215/4876/4876 1220/4877/4877 1221/4878/4878
f 1214/4879/4879 1213/4880/4880 1218/4881/4881 1219/4882/4882
f 1222/4883/4883 1221/4884/4884 1226/4885/4885 1227/4886/4886
f 1220/4887/4887 1219/4888/4888 1224/4889/4889 1225/4890/4890
f 1218/4891/4891 1203/4892/4892 1223/4893/4893
f 1207/4894/4894 1222/4895/4895 1227/4896/4896
f 1221/4897/4897 1220/4898/4898 1225/4899/4899 1226/4900/4900
f 1219/4901/4901 1218/4902/4902 1223/4903/4903 1224/4904/4904
f 1227/4905/4905 1226/4906/4906 1231/4907/4907 1232/4908/4908
f 1225/4909/4909 1224/4910/4910 1229/4911/4911 1230/4912/4912
f 1223/4913/4913 1203/4914/4914 1228/4915/4915
f 1207/4916/4916 1227/4917/4917 1232/4918/4918
f 1226/4919/4919 1225/4920/4920 1230/4921/4921 1231/4922/4922
f 1224/4923/4923 1223/4924/4924 1228/4925/4925 1229/4926/4926
f 1232/4927/4927 1231/4928/4928 1236/4929/4929 1237/4930/4930
f 1230/4931/4931 1229/4932/4932 1234/4933/4933 1235/4934/4934
f 1228/4935/4935 1203/4936/4936 1233/4937/4937
f 1207/4938/4938 1232/4939/4939 1237/4940/4940
f 1231/4941/4941 1230/4942/4942 1235/4943/4943 1236/4944/4944
f 1229/4945/4945 1228/4946/4946 1233/4947/4947 1234/4948/4948
f 1235/4949/4949 1234/4950/4950 1239/4951/4951 1240/4952/4952
f 1233/4953/4953 1203/4954/4954 1238/4955/4955
f 1207/4956/4956 1237/4957/4957 1242/4958/4958
f 1236/4959/4959 1235/4960/4960 1240/4961/4961 1241/4962/4962
f 1234/4963/4963 1233/4964/4964 1238/4965/4965 1239/4966/4966
f 1237/4967/4967 1236/4968/4968 1241/4969/4969 1242/4970/4970
f 1238/4971/4971 1203/4972/4972 1204/4973/4973
f 1207/4974/4974 1242/4975/4975 1206/4976/4976
f 1241/4977/4977 1240/4978/4978 1205/4979/4979 1244/4980/4980
f 1239/4981/4981 1238/4982/4982 1204/4983/4983 1243/4984/4984
f 1242/4985/4985 1241/4986/4986 1244/4987/4987 1206/4988/4988
f 1240/4989/4989 1239/4990/4990 1243/4991/4991 1205/4992/4992
f 1249/4993/4993 1248/4994/4994 1254/4995/4995
f 1286/4996/4996 1247/4997/4997 1252/4998/4998 1253/4999/4999
f 1285/5000/5000 1246/5001/5001 1250/5002/5002 1251/5003/5003
f 1248/5004/5004 1286/5005/5005 1253/5006/5006 1254/5007/5007
f 1247/5008/5008 1285/5009/5009 1251/5010/5010 1252/5011/5011
f 1246/5012/5012 1245/5013/5013 1250/5014/5014
f 1253/5015/5015 1252/5016/5016 1257/5017/5017 1258/5018/5018
f 1251/5019/5019 1250/5020/5020 1255/5021/5021 1256/5022/5022
f 1254/5023/5023 1253/5024/5024 1258/5025/5025 1259/5026/5026
f 1252/5027/5027 1251/5028/5028 1256/5029/5029 1257/5030/5030
f 1250/5031/5031 1245/5032/5032 1255/5033/5033
f 1249/5034/5034 1254/5035/5035 1259/5036/5036
f 1256/5037/5037 1255/5038/5038 1260/5039/5039 1261/5040/5040
f 1259/5041/5041 1258/5042/5042 1263/5043/5043 1264/5044/5044
f 1257/5045/5045 1256/5046/5046 1261/5047/5047 1262/5048/5048
f 1255/5049/5049 1245/5050/5050 1260/5051/5051
f 1249/5052/5052 1259/5053/5053 1264/5054/5054
f 1258/5055/5055 1257/5056/5056 1262/5057/5057 1263/5058/5058
f 1264/5059/5059 1263/5060/5060 1268/5061/5061 1269/5062/5062
f 1262/5063/5063 1261/5064/5064 1266/5065/5065 1267/5066/5066
f 1260/5067/5067 1245/5068/5068 1265/5069/5069
f 1249/5070/5070 1264/5071/5071 1269/5072/5072
f 1263/5073/5073 1262/5074/5074 1267/5075/5075 1268/5076/5076
f 1261/5077/5077 1260/5078/5078 1265/5079/5079 1266/5080/5080
f 1269/5081/5081 1268/5082/5082 1273/5083/5083 1274/5084/5084
f 1267/5085/5085 1266/5086/5086 1271/5087/5087 1272/5088/5088
f 1265/5089/5089 1245/5090/5090 1270/5091/5091
f 1249/5092/5092 1269/5093/5093 1274/5094/5094
f 1268/5095/5095 1267/5096/5096 1272/5097/5097 1273/5098/5098
f 1266/5099/5099 1265/5100/5100 1270/5101/5101 1271/5102/5102
f 1274/5103/5103 1273/5104/5104 1278/5105/5105 1279/5106/5106
f 1272/5107/5107 1271/5108/5108 1276/5109/5109 1277/5110/5110
f 1270/5111/5111 1245/5112/5112 1275/5113/5113
f 1249/5114/5114 1274/5115/5115 1279/5116/5116
f 1273/5117/5117 1272/5118/5118 1277/5119/5119 1278/5120/5120
f 1271/5121/5121 1270/5122/5122 1275/5123/5123 1276/5124/5124
f 1279/5125/5125 1278/5126/5126 1283/5127/5127 1284/5128/5128
f 1277/5129/5129 1276/5130/5130 1281/5131/5131 1282/5132/5132
f 1275/5133/5133 1245/5134/5134 1280/5135/5135
f 1249/5136/5136 1279/5137/5137 1284/5138/5138
f 1278/5139/5139 1277/5140/5140 1282/5141/5141 1283/5142/5142
f 1276/5143/5143 1275/5144/5144 1280/5145/5145 1281/5146/5146
f 1282/5147/5147 1281/5148/5148 1285/5149/5149 1247/5150/5150
f 1280/5151/5151 1245/5152/5152 1246/5153/5153
f 1249/5154/5154 1284/5155/5155 1248/5156/5156
f 1283/5157/5157 1282/5158/5158 1247/5159/5159 1286/5160/5160
f 1281/5161/5161 1280/5162/5162 1246/5163/5163 1285/5164/5164
f 1284/5165/5165 1283/5166/5166 1286/5167/5167 1248/5168/5168
f 1288/5169/5169 1287/5170/5170 1292/5171/5171
f 1291/5172/5172 1290/5173/5173 1296/5174/5174
f 1328/5175/5175 1289/5176/5176 1294/5177/5177 1295/5178/5178
f 1327/5179/5179 1288/5180/5180 1292/5181/5181 1293/5182/5182
f 1290/5183/5183 1328/5184/5184 1295/5185/5185 1296/5186/5186
f 1289/5187/5187 1327/5188/5188 1293/5189/5189 1294/5190/5190
f 1291/5191/5191 1296/5192/5192 1301/5193/5193
f 1295/5194/5194 1294/5195/5195 1299/5196/5196 1300/5197/5197
f 1293/5198/5198 1292/5199/5199 1297/5200/5200 1298/5201/5201
f 1296/5202/5202 1295/5203/5203 1300/5204/5204 1301/5205/5205
f 1294/5206/5206 1293/5207/5207 1298/5208/5208 1299/5209/5209
f 1292/5210/5210 1287/5211/5211 1297/5212/5212
f 1300/5213/5213 1299/5214/5214 1304/5215/5215 1305/5216/5216
f 1298/5217/5217 1297/5218/5218 1302/5219/5219 1303/5220/5220
f 1301/5221/5221 1300/5222/5222 1305/5223/5223 1306/5224/5224
f 1299/5225/5225 1298/5226/5226 1303/5227/5227 1304/5228/5228
f 1297/5229/5229 1287/5230/5230 1302/5231/5231
f 1291/5232/5232 1301/5233/5233 1306/5234/5234
f 1303/5235/5235 1302/5236/5236 1307/5237/5237 1308/5238/5238
f 1306/5239/5239 1305/5240/5240 1310/5241/5241 1311/5242/5242
f 1304/5243/5243 1303/5244/5244 1308/5245/5245 1309/5246/5246
f 1302/5247/5247 1287/5248/5248 1307/5249/5249
f 1291/5250/5250 1306/5251/5251 1311/5252/5252
f 1305/5253/5253 1304/5254/5254 1309/5255/5255 1310/5256/5256
f 1311/5257/5257 1310/5258/5258 1315/5259/5259 1316/5260/5260
f 1309/5261/5261 1308/5262/5262 1313/5263/5263 1314/5264/5264
f 1307/5265/5265 1287/5266/5266 1312/5267/5267
f 1291/5268/5268 1311/5269/5269 1316/5270/5270
f 1310/5271/5271 1309/5272/5272 1314/5273/5273 1315/5274/5274
f 1308/5275/5275 1307/5276/5276 1312/5277/5277 1313/5278/5278
f 1316/5279/5279 1315/5280/5280 1320/5281/5281 1321/5282/5282
f 1314/5283/5283 1313/5284/5284 1318/5285/5285 1319/5286/5286
f 1312/5287/5287 1287/5288/5288 1317/5289/5289
f 1291/5290/5290 1316/5291/5291 1321/5292/5292
f 1315/5293/5293 1314/5294/5294 1319/5295/5295 1320/5296/5296
f 1313/5297/5297 1312/5298/5298 1317/5299/5299 1318/5300/5300
f 1321/5301/5301 1320/5302/5302 1325/5303/5303 1326/5304/5304
f 1319/5305/5305 1318/5306/5306 1323/5307/5307 1324/5308/5308
f 1317/5309/5309 1287/5310/5310 1322/5311/5311
f 1291/5312/5312 1321/5313/5313 1326/5314/5314
f 1320/5315/5315 1319/5316/5316 1324/5317/5317 1325/5318/5318
f 1318/5319/5319 1317/5320/5320 1322/5321/5321 1323/5322/5322
f 1326/5323/5323 1325/5324/5324 1328/5325/5325 1290/5326/5326
f 1324/5327/5327 1323/5328/5328 1327/5329/5329 1289/5330/5330
f 1322/5331/5331 1287/5332/5332 1288/5333/5333
f 1291/5334/5334 1326/5335/5335 1290/5336/5336
f 1325/5337/5337 1324/5338/5338 1289/5339/5339 1328/5340/5340
f 1323/5341/5341 1322/5342/5342 1288/5343/5343 1327/5344/5344
f 1331/5345/5345 1369/5346/5346 1335/5347/5347 1336/5348/5348
f 1330/5349/5349 1329/5350/5350 1334/5351/5351
f 1333/5352/5352 1332/5353/5353 1338/5354/5354
f 1370/5355/5355 1331/5356/5356 1336/5357/5357 1337/5358/5358
f 1369/5359/5359 1330/5360/5360 1334/5361/5361 1335/5362/5362
f 1332/5363/5363 1370/5364/5364 1337/5365/5365 1338/5366/5366
f 1333/5367/5367 1338/5368/5368 1343/5369/5369
f 1337/5370/5370 1336/5371/5371 1341/5372/5372 1342/5373/5373
f 1335/5374/5374 1334/5375/5375 1339/5376/5376 1340/5377/5377
f 1338/5378/5378 1337/5379/5379 1342/5380/5380 1343/5381/5381
f 1336/5382/5382 1335/5383/5383 1340/5384/5384 1341/5385/5385
f 1334/5386/5386 1329/5387/5387 1339/5388/5388
f 1333/5389/5389 1343/5390/5390 1348/5391/5391
f 1342/5392/5392 1341/5393/5393 1346/5394/5394 1347/5395/5395
f 1340/5396/5396 1339/5397/5397 1344/5398/5398 1345/5399/5399
f 1343/5400/5400 1342/5401/5401 1347/5402/5402 1348/5403/5403
f 1341/5404/5404 1340/5405/5405 1345/5406/5406 1346/5407/5407
f 1339/5408/5408 1329/5409/5409 1344/5410/5410
f 1347/5411/5411 1346/5412/5412 1351/5413/5413 1352/5414/5414
f 1345/5415/5415 1344/5416/5416 1349/5417/5417 1350/5418/5418
f 1348/5419/5419 1347/5420/5420 1352/5421/5421 1353/5422/5422
f 1346/5423/5423 1345/5424/5424 1350/5425/5425 1351/5426/5426
f 1344/5427/5427 1329/5428/5428 1349/5429/5429
f 1333/5430/5430 1348/5431/5431 1353/5432/5432
f 1350/5433/5433 1349/5434/5434 1354/5435/5435 1355/5436/5436
f 1353/5437/5437 1352/5438/5438 1357/5439/5439 1358/5440/5440
f 1351/5441/5441 1350/5442/5442 1355/5443/5443 1356/5444/5444
f 1349/5445/5445 1329/5446/5446 1354/5447/5447
f 1333/5448/5448 1353/5449/5449 1358/5450/5450
f 1352/5451/5451 1351/5452/5452 1356/5453/5453 1357/5454/5454
f 1358/5455/5455 1357/5456/5456 1362/5457/5457 1363/5458/5458
f 1356/5459/5459 1355/5460/5460 1360/5461/5461 1361/5462/5462
f 1354/5463/5463 1329/5464/5464 1359/5465/5465
f 1333/5466/5466 1358/5467/5467 1363/5468/5468
f 1357/5469/5469 1356/5470/5470 1361/5471/5471 1362/5472/5472
f 1355/5473/5473 1354/5474/5474 1359/5475/5475 1360/5476/5476
f 1363/5477/5477 1362/5478/5478 1367/5479/5479 1368/5480/5480
f 1361/5481/5481 1360/5482/5482 1365/5483/5483 1366/5484/5484
f 1359/5485/5485 1329/5486/5486 1364/5487/5487
f 1333/5488/5488 1363/5489/5489 1368/5490/5490
f 1362/5491/5491 1361/5492/5492 1366/5493/5493 1367/5494/5494
f 1360/5495/5495 1359/5496/5496 1364/5497/5497 1365/5498/5498
f 1368/5499/5499 1367/5500/5500 1370/5501/5501 1332/5502/5502
f 1366/5503/5503 1365/5504/5504 1369/5505/5505 1331/5506/5506
f 1364/5507/5507 1329/5508/5508 1330/5509/5509
f 1333/5510/5510 1368/5511/5511 1332/5512/5512
f 1367/5513/5513 1366/5514/5514 1331/5515/5515 1370/5516/5516
f 1365/5517/5517 1364/5518/5518 1330/5519/5519 1369/5520/5520
f 1374/5521/5521 1412/5522/5522 1379/5523/5523 1380/5524/5524
f 1373/5525/5525 1411/5526/5526 1377/5527/5527 1378/5528/5528
f 1372/5529/5529 1371/5530/5530 1376/5531/5531
f 1375/5532/5532 1374/5533/5533 1380/5534/5534
f 1412/5535/5535 1373/5536/5536 1378/5537/5537 1379/5538/5538
f 1411/5539/5539 1372/5540/5540 1376/5541/5541 1377/5542/5542
f 1375/5543/5543 1380/5544/5544 1385/5545/5545
f 1379/5546/5546 1378/5547/5547 1383/5548/5548 1384/5549/5549
f 1377/5550/5550 1376/5551/5551 1381/5552/5552 1382/5553/5553
f 1380/5554/5554 1379/5555/5555 1384/5556/5556 1385/5557/5557
f 1378/5558/5558 1377/5559/5559 1382/5560/5560 1383/5561/5561
f 1376/5562/5562 1371/5563/5563 1381/5564/5564
f 1375/5565/5565 1385/5566/5566 1390/5567/5567
f 1384/5568/5568 1383/5569/5569 1388/5570/5570 1389/5571/5571
f 1382/5572/5572 1381/5573/5573 1386/5574/5574 1387/5575/5575
f 1385/5576/5576 1384/5577/5577 1389/5578/5578 1390/5579/5579
f 1383/5580/5580 1382/5581/5581 1387/5582/5582 1388/5583/5583
f 1381/5584/5584 1371/5585/5585 1386/5586/5586
f 1375/5587/5587 1390/5588/5588 1395/5589/5589
f 1389/5590/5590 1388/5591/5591 1393/5592/5592 1394/5593/5593
f 1387/5594/5594 1386/5595/5595 1391/5596/5596 1392/5597/5597
f 1390/5598/5598 1389/5599/5599 1394/5600/5600 1395/5601/5601
f 1388/5602/5602 1387/5603/5603 1392/5604/5604 1393/5605/5605
f 1386/5606/5606 1371/5607/5607 1391/5608/5608
f 1394/5609/5609 1393/5610/5610 1398/5611/5611 1399/5612/5612
f 1392/5613/5613 1391/5614/5614 1396/5615/5615 1397/5616/5616
f 1395/5617/5617 1394/5618/5618 1399/5619/5619 1400/5620/5620
f 1393/5621/5621 1392/5622/5622 1397/5623/5623 1398/5624/5624
f 1391/5625/5625 1371/5626/5626 1396/5627/5627
f 1375/5628/5628 1395/5629/5629 1400/5630/5630
f 1397/5631/5631 1396/5632/5632 1401/5633/5633 1402/5634/5634
f 1400/5635/5635 1399/5636/5636 1404/5637/5637 1405/5638/5638
f 1398/5639/5639 1397/5640/5640 1402/5641/5641 1403/5642/5642
f 1396/5643/5643 1371/5644/5644 1401/5645/5645
f 1375/5646/5646 1400/5647/5647 1405/5648/5648
f 1399/5649/5649 1398/5650/5650 1403/5651/5651 1404/5652/5652
f 1405/5653/5653 1404/5654/5654 1409/5655/5655 1410/5656/5656
f 1403/5657/5657 1402/5658/5658 1407/5659/5659 1408/5660/5660
f 1401/5661/5661 1371/5662/5662 1406/5663/5663
f 1375/5664/5664 1405/5665/5665 1410/5666/5666
f 1404/5667/5667 1403/5668/5668 1408/5669/5669 1409/5670/5670
f 1402/5671/5671 1401/5672/5672 1406/5673/5673 1407/5674/5674
f 1410/5675/5675 1409/5676/5676 1412/5677/5677 1374/5678/5678
f 1408/5679/5679 1407/5680/5680 1411/5681/5681 1373/5682/5682
f 1406/5683/5683 1371/5684/5684 1372/5685/5685
f 1375/5686/5686 1410/5687/5687 1374/5688/5688
f 1409/5689/5689 1408/5690/5690 1373/5691/5691 1412/5692/5692
f 1407/5693/5693 1406/5694/5694 1372/5695/5695 1411/5696/5696
f 1416/5697/5697 1454/5698/5698 1421/5699/5699 1422/5700/5700
f 1415/5701/5701 1453/5702/5702 1419/5703/5703 1420/5704/5704
f 1414/5705/5705 1413/5706/5706 1418/5707/5707
f 1417/5708/5708 1416/5709/5709 1422/5710/5710
f 1454/5711/5711 1415/5712/5712 1420/5713/5713 1421/5714/5714
f 1453/5715/5715 1414/5716/5716 1418/5717/5717 1419/5718/5718
f 1418/5719/5719 1413/5720/5720 1423/5721/5721
f 1417/5722/5722 1422/5723/5723 1427/5724/5724
f 1421/5725/5725 1420/5726/5726 1425/5727/5727 1426/5728/5728
f 1419/5729/5729 1418/5730/5730 1423/5731/5731 1424/5732/5732
f 1422/5733/5733 1421/5734/5734 1426/5735/5735 1427/5736/5736
f 1420/5737/5737 1419/5738/5738 1424/5739/5739 1425/5740/5740
f 1417/5741/5741 1427/5742/5742 1432/5743/5743
f 1426/5744/5744 1425/5745/5745 1430/5746/5746 1431/5747/5747
f 1424/5748/5748 1423/5749/5749 1428/5750/5750 1429/5751/5751
f 1427/5752/5752 1426/5753/5753 1431/5754/5754 1432/5755/5755
f 1425/5756/5756 1424/5757/5757 1429/5758/5758 1430/5759/5759
f 1423/5760/5760 1413/5761/5761 1428/5762/5762
f 1417/5763/5763 1432/5764/5764 1437/5765/5765
f 1431/5766/5766 1430/5767/5767 1435/5768/5768 1436/5769/5769
f 1429/5770/5770 1428/5771/5771 1433/5772/5772 1434/5773/5773
f 1432/5774/5774 1431/5775/5775 1436/5776/5776 1437/5777/5777
f 1430/5778/5778 1429/5779/5779 1434/5780/5780 1435/5781/5781
f 1428/5782/5782 1413/5783/5783 1433/5784/5784
f 1417/5785/5785 1437/5786/5786 1442/5787/5787
f 1436/5788/5788 1435/5789/5789 1440/5790/5790 1441/5791/5791
f 1434/5792/5792 1433/5793/5793 1438/5794/5794 1439/5795/5795
f 1437/5796/5796 1436/5797/5797 1441/5798/5798 1442/5799/5799
f 1435/5800/5800 1434/5801/5801 1439/5802/5802 1440/5803/5803
f 1433/5804/5804 1413/5805/5805 1438/5806/5806
f 1441/5807/5807 1440/5808/5808 1445/5809/5809 1446/5810/5810
f 1439/5811/5811 1438/5812/5812 1443/5813/5813 1444/5814/5814
f 1442/5815/5815 1441/5816/5816 1446/5817/5817 1447/5818/5818
f 1440/5819/5819 1439/5820/5820 1444/5821/5821 1445/5822/5822
f 1438/5823/5823 1413/5824/5824 1443/5825/5825
f 1417/5826/5826 1442/5827/5827 1447/5828/5828
f 1444/5829/5829 1443/5830/5830 1448/5831/5831 1449/5832/5832
f 1447/5833/5833 1446/5834/5834 1451/5835/5835 1452/5836/5836
f 1445/5837/5837 1444/5838/5838 1449/5839/5839 1450/5840/5840
f 1443/5841/5841 1413/5842/5842 1448/5843/5843
f 1417/5844/5844 1447/5845/5845 1452/5846/5846
f 1446/5847/5847 1445/5848/5848 1450/5849/5849 1451/5850/5850
f 1452/5851/5851 1451/5852/5852 1454/5853/5853 1416/5854/5854
f 1450/5855/5855 1449/5856/5856 1453/5857/5857 1415/5858/5858
f 1448/5859/5859 1413/5860/5860 1414/5861/5861
f 1417/5862/5862 1452/5863/5863 1416/5864/5864
f 1451/5865/5865 1450/5866/5866 1415/5867/5867 1454/5868/5868
f 1449/5869/5869 1448/5870/5870 1414/5871/5871 1453/5872/5872
